timestamp,temperature_c,pressure_hpa,humidity_pct,station_id,station_name,cluster_id,role,is_anomaly,fault_type
2025-01-01 00:00:00,10.4,943.1,93.0,AWS-RAN-067,Ranchi,RAN,center,False,
2025-01-01 01:00:00,10.2,942.6,94.0,AWS-RAN-067,Ranchi,RAN,center,False,
2025-01-01 02:00:00,9.9,942.0,95.0,AWS-RAN-067,Ranchi,RAN,center,False,
2025-01-01 03:00:00,9.6,941.5,97.0,AWS-RAN-067,Ranchi,RAN,center,False,
2025-01-01 04:00:00,9.4,941.8,98.0,AWS-RAN-067,Ranchi,RAN,center,False,
2025-01-01 05:00:00,9.3,942.2,99.0,AWS-RAN-067,Ranchi,RAN,center,False,
2025-01-01 06:00:00,9.4,943.4,99.0,AWS-RAN-067,Ranchi,RAN,center,False,
2025-01-01 07:00:00,9.5,943.8,98.0,AWS-RAN-067,Ranchi,RAN,center,False,
2025-01-01 08:00:00,10.9,944.8,87.0,AWS-RAN-067,Ranchi,RAN,center,False,
2025-01-01 09:00:00,13.2,945.3,71.0,AWS-RAN-067,Ranchi,RAN,center,False,
2025-01-01 10:00:00,15.7,945.1,59.0,AWS-RAN-067,Ranchi,RAN,center,False,
2025-01-01 11:00:00,17.9,944.6,48.0,AWS-RAN-067,Ranchi,RAN,center,False,
2025-01-01 12:00:00,19.3,943.8,42.0,AWS-RAN-067,Ranchi,RAN,center,False,
2025-01-01 13:00:00,20.0,942.7,39.0,AWS-RAN-067,Ranchi,RAN,center,False,
2025-01-01 14:00:00,20.0,942.0,38.0,AWS-RAN-067,Ranchi,RAN,center,False,
2025-01-01 15:00:00,19.4,941.6,41.0,AWS-RAN-067,Ranchi,RAN,center,False,
2025-01-01 16:00:00,17.7,941.6,48.0,AWS-RAN-067,Ranchi,RAN,center,False,
2025-01-01 17:00:00,14.8,941.3,59.0,AWS-RAN-067,Ranchi,RAN,center,False,
2025-01-01 18:00:00,13.2,942.3,72.0,AWS-RAN-067,Ranchi,RAN,center,False,
2025-01-01 19:00:00,12.1,942.6,76.0,AWS-RAN-067,Ranchi,RAN,center,False,
2025-01-01 20:00:00,11.2,942.7,77.0,AWS-RAN-067,Ranchi,RAN,center,False,
2025-01-01 21:00:00,10.7,942.7,74.0,AWS-RAN-067,Ranchi,RAN,center,False,
2025-01-01 22:00:00,10.4,942.8,75.0,AWS-RAN-067,Ranchi,RAN,center,False,
2025-01-01 23:00:00,10.1,942.8,78.0,AWS-RAN-067,Ranchi,RAN,center,False,
2025-01-02 00:00:00,9.7,942.4,81.0,AWS-RAN-067,Ranchi,RAN,center,False,
2025-01-02 01:00:00,9.2,941.7,85.0,AWS-RAN-067,Ranchi,RAN,center,False,
2025-01-02 02:00:00,8.7,940.8,87.0,AWS-RAN-067,Ranchi,RAN,center,False,
2025-01-02 03:00:00,8.3,940.3,88.0,AWS-RAN-067,Ranchi,RAN,center,False,
2025-01-02 04:00:00,8.2,940.4,88.0,AWS-RAN-067,Ranchi,RAN,center,True,drift
2025-01-02 05:00:00,8.1,941.3589313836123,-0.026315016872644332,AWS-RAN-067,Ranchi,RAN,center,True,sensor_fail_low
2025-01-02 06:00:00,8.2,943.6356470819973,0.085477613505217,AWS-RAN-067,Ranchi,RAN,center,True,sensor_fail_low
2025-01-02 07:00:00,9.4,945.5056021197922,-0.0574192773532368,AWS-RAN-067,Ranchi,RAN,center,True,sensor_fail_low
2025-01-02 08:00:00,11.7,947.4271179896714,-0.010954063170632185,AWS-RAN-067,Ranchi,RAN,center,True,sensor_fail_low
2025-01-02 09:00:00,14.2,949.2767561943233,64.0,AWS-RAN-067,Ranchi,RAN,center,True,drift
2025-01-02 10:00:00,16.5,950.8390010858558,50.0,AWS-RAN-067,Ranchi,RAN,center,True,drift
2025-01-02 11:00:00,17.8,951.9026298359486,45.0,AWS-RAN-067,Ranchi,RAN,center,True,drift
2025-01-02 12:00:00,18.8,952.4590521283719,43.0,AWS-RAN-067,Ranchi,RAN,center,True,drift
2025-01-02 13:00:00,19.3,953.4014278220202,42.0,AWS-RAN-067,Ranchi,RAN,center,True,drift
2025-01-02 14:00:00,19.3,954.924148982159,42.0,AWS-RAN-067,Ranchi,RAN,center,True,drift
2025-01-02 15:00:00,18.6,956.2225132657251,44.0,AWS-RAN-067,Ranchi,RAN,center,True,drift
2025-01-02 16:00:00,17.2,958.0925065101928,50.0,AWS-RAN-067,Ranchi,RAN,center,True,drift
2025-01-02 17:00:00,14.2,959.8306517269533,61.0,AWS-RAN-067,Ranchi,RAN,center,True,drift
2025-01-02 18:00:00,13.1,962.4339005528103,69.0,AWS-RAN-067,Ranchi,RAN,center,True,drift
2025-01-02 19:00:00,12.5,965.0995529787227,73.0,AWS-RAN-067,Ranchi,RAN,center,True,drift
2025-01-02 20:00:00,12.2,967.4251965594445,74.0,AWS-RAN-067,Ranchi,RAN,center,True,drift
2025-01-02 21:00:00,12.0,969.7086594327449,76.0,AWS-RAN-067,Ranchi,RAN,center,True,drift
2025-01-02 22:00:00,11.8,971.9479733700293,78.0,AWS-RAN-067,Ranchi,RAN,center,True,drift
2025-01-02 23:00:00,11.4,973.9413442696284,82.0,AWS-RAN-067,Ranchi,RAN,center,True,drift
2025-01-03 00:00:00,10.7,975.8871282751614,87.0,AWS-RAN-067,Ranchi,RAN,center,True,drift
2025-01-03 01:00:00,10.0,977.7838122152077,92.0,AWS-RAN-067,Ranchi,RAN,center,True,drift
2025-01-03 02:00:00,9.8,979.7299974111993,92.0,AWS-RAN-067,Ranchi,RAN,center,True,drift
2025-01-03 03:00:00,9.6,981.724386144965,92.0,AWS-RAN-067,Ranchi,RAN,center,True,drift
2025-01-03 04:00:00,9.3,984.3657702510967,93.0,AWS-RAN-067,Ranchi,RAN,center,True,drift
2025-01-03 05:00:00,9.1,987.5530214249142,94.0,AWS-RAN-067,Ranchi,RAN,center,True,drift
2025-01-03 06:00:00,8.8,991.3850829290027,96.0,AWS-RAN-067,Ranchi,RAN,center,True,drift
2025-01-03 07:00:00,9.6,994.4609624499495,94.0,AWS-RAN-067,Ranchi,RAN,center,True,drift
2025-01-03 08:00:00,11.7,998.4797259086642,86.0,AWS-RAN-067,Ranchi,RAN,center,True,drift
2025-01-03 09:00:00,14.5,1001.7404920671667,71.0,AWS-RAN-067,Ranchi,RAN,center,True,drift
2025-01-03 10:00:00,17.1,1004.342427805185,58.0,AWS-RAN-067,Ranchi,RAN,center,True,drift
2025-01-03 11:00:00,18.9,1006.6847439636367,50.0,AWS-RAN-067,Ranchi,RAN,center,True,drift
2025-01-03 12:00:00,19.9,1008.5666916707178,47.0,AWS-RAN-067,Ranchi,RAN,center,True,drift
2025-01-03 13:00:00,20.5,1010.6875590811164,46.0,AWS-RAN-067,Ranchi,RAN,center,True,drift
2025-01-03 14:00:00,20.7,1013.0466684706911,47.0,AWS-RAN-067,Ranchi,RAN,center,True,drift
2025-01-03 15:00:00,20.3,1015.8433736384726,49.0,AWS-RAN-067,Ranchi,RAN,center,True,drift
2025-01-03 16:00:00,19.0,1018.8770575755674,56.0,AWS-RAN-067,Ranchi,RAN,center,True,drift
2025-01-03 17:00:00,15.1,1021.3471303668393,72.0,AWS-RAN-067,Ranchi,RAN,center,True,drift
2025-01-03 18:00:00,14.4,1025.2530272964211,75.0,AWS-RAN-067,Ranchi,RAN,center,True,drift
2025-01-03 19:00:00,13.4,1028.8942071323766,79.0,AWS-RAN-067,Ranchi,RAN,center,True,drift
2025-01-03 20:00:00,12.7,1032.3701505693882,82.0,AWS-RAN-067,Ranchi,RAN,center,True,drift
2025-01-03 21:00:00,12.1,1035.380358811297,86.0,AWS-RAN-067,Ranchi,RAN,center,True,drift
2025-01-03 22:00:00,11.5,1038.2243522778122,89.0,AWS-RAN-067,Ranchi,RAN,center,True,drift
2025-01-03 23:00:00,11.0,1040.901669421802,90.0,AWS-RAN-067,Ranchi,RAN,center,True,drift
2025-01-04 00:00:00,10.8,1043.6118656453384,91.0,AWS-RAN-067,Ranchi,RAN,center,True,drift
2025-01-04 01:00:00,10.5,1046.4545123041864,91.0,AWS-RAN-067,Ranchi,RAN,center,True,drift
2025-01-04 02:00:00,10.3,1049.3291957917024,93.0,AWS-RAN-067,Ranchi,RAN,center,True,drift
2025-01-04 03:00:00,10.1,1052.535516694211,93.0,AWS-RAN-067,Ranchi,RAN,center,True,drift
2025-01-04 04:00:00,10.0,1056.0730890108737,94.0,AWS-RAN-067,Ranchi,RAN,center,True,drift
2025-01-04 05:00:00,10.0,940.4,94.0,AWS-RAN-067,Ranchi,RAN,center,False,
2025-01-04 06:00:00,9.6,941.4,95.0,AWS-RAN-067,Ranchi,RAN,center,False,
2025-01-04 07:00:00,10.6,942.3,94.0,AWS-RAN-067,Ranchi,RAN,center,False,
2025-01-04 08:00:00,12.9,943.9,88.0,AWS-RAN-067,Ranchi,RAN,center,False,
2025-01-04 09:00:00,15.6,944.8,74.0,AWS-RAN-067,Ranchi,RAN,center,False,
2025-01-04 10:00:00,17.6,944.7,61.0,AWS-RAN-067,Ranchi,RAN,center,False,
2025-01-04 11:00:00,19.1,944.1,51.0,AWS-RAN-067,Ranchi,RAN,center,False,
2025-01-04 12:00:00,77.1365619061257,943.2,46.0,AWS-RAN-067,Ranchi,RAN,center,True,spike
2025-01-04 13:00:00,20.8,942.0,43.0,AWS-RAN-067,Ranchi,RAN,center,False,
2025-01-04 14:00:00,21.0,941.3,42.0,AWS-RAN-067,Ranchi,RAN,center,False,
2025-01-04 15:00:00,20.7,940.9,44.0,AWS-RAN-067,Ranchi,RAN,center,False,
2025-01-04 16:00:00,19.3,940.8,52.0,AWS-RAN-067,Ranchi,RAN,center,False,
2025-01-04 17:00:00,15.7,940.4,64.0,AWS-RAN-067,Ranchi,RAN,center,False,
2025-01-04 18:00:00,15.4,941.2,66.0,AWS-RAN-067,Ranchi,RAN,center,False,
2025-01-04 19:00:00,14.6,942.0,73.0,AWS-RAN-067,Ranchi,RAN,center,False,
2025-01-04 20:00:00,13.9,942.5,83.0,AWS-RAN-067,Ranchi,RAN,center,False,
2025-01-04 21:00:00,12.9,942.7,90.0,AWS-RAN-067,Ranchi,RAN,center,False,
2025-01-04 22:00:00,12.1,942.5,93.0,AWS-RAN-067,Ranchi,RAN,center,False,
2025-01-04 23:00:00,11.4,942.0,94.0,AWS-RAN-067,Ranchi,RAN,center,False,
2025-01-05 00:00:00,10.8,941.4,94.0,AWS-RAN-067,Ranchi,RAN,center,False,
2025-01-05 01:00:00,10.4,940.7,94.0,AWS-RAN-067,Ranchi,RAN,center,False,
2025-01-05 02:00:00,10.3,940.3,94.0,AWS-RAN-067,Ranchi,RAN,center,False,
2025-01-05 03:00:00,10.4,940.2,93.0,AWS-RAN-067,Ranchi,RAN,center,False,
2025-01-05 04:00:00,10.3,940.2,93.0,AWS-RAN-067,Ranchi,RAN,center,False,
2025-01-05 05:00:00,10.3,940.6,92.0,AWS-RAN-067,Ranchi,RAN,center,False,
2025-01-05 06:00:00,9.9,941.4,94.0,AWS-RAN-067,Ranchi,RAN,center,False,
2025-01-05 07:00:00,12.1,942.6,91.0,AWS-RAN-067,Ranchi,RAN,center,False,
2025-01-05 08:00:00,15.2,944.4,81.0,AWS-RAN-067,Ranchi,RAN,center,False,
2025-01-05 09:00:00,18.0,945.5,67.0,AWS-RAN-067,Ranchi,RAN,center,False,
2025-01-05 10:00:00,19.8,945.4,57.0,AWS-RAN-067,Ranchi,RAN,center,False,
2025-01-05 11:00:00,21.0,944.8,51.0,AWS-RAN-067,Ranchi,RAN,center,False,
2025-01-05 12:00:00,21.7,943.6,50.0,AWS-RAN-067,Ranchi,RAN,center,False,
2025-01-05 13:00:00,22.2,942.8,49.0,AWS-RAN-067,Ranchi,RAN,center,False,
2025-01-05 14:00:00,22.3,942.1,50.0,AWS-RAN-067,Ranchi,RAN,center,False,
2025-01-05 15:00:00,21.9,941.7,53.0,AWS-RAN-067,Ranchi,RAN,center,False,
2025-01-05 16:00:00,20.6,941.5,59.0,AWS-RAN-067,Ranchi,RAN,center,False,
2025-01-05 17:00:00,17.3,941.5,74.0,AWS-RAN-067,Ranchi,RAN,center,False,
2025-01-05 18:00:00,16.3,942.2,73.0,AWS-RAN-067,Ranchi,RAN,center,False,
2025-01-05 19:00:00,15.3,942.4,78.0,AWS-RAN-067,Ranchi,RAN,center,False,
2025-01-05 20:00:00,46.11182505856203,942.7,82.0,AWS-RAN-067,Ranchi,RAN,center,True,spike
2025-01-05 21:00:00,19.038786752747413,942.9,86.0,AWS-RAN-067,Ranchi,RAN,center,True,spike
2025-01-05 22:00:00,14.608274332749806,942.5,87.0,AWS-RAN-067,Ranchi,RAN,center,True,spike
2025-01-05 23:00:00,13.729655694721735,942.1,86.0,AWS-RAN-067,Ranchi,RAN,center,True,spike
2025-01-06 00:00:00,13.120798135599067,941.6,86.0,AWS-RAN-067,Ranchi,RAN,center,True,spike
2025-01-06 01:00:00,12.8,941.2,88.0,AWS-RAN-067,Ranchi,RAN,center,False,
2025-01-06 02:00:00,12.7,940.6,91.0,AWS-RAN-067,Ranchi,RAN,center,False,
2025-01-06 03:00:00,12.2,940.2,93.0,AWS-RAN-067,Ranchi,RAN,center,False,
2025-01-06 04:00:00,11.5,939.9,95.0,AWS-RAN-067,Ranchi,RAN,center,False,
2025-01-06 05:00:00,11.5,940.2,96.0,AWS-RAN-067,Ranchi,RAN,center,False,
2025-01-06 06:00:00,11.0,940.6,98.0,AWS-RAN-067,Ranchi,RAN,center,False,
2025-01-06 07:00:00,12.4,942.1,97.0,AWS-RAN-067,Ranchi,RAN,center,False,
2025-01-06 08:00:00,15.5,943.8,88.0,AWS-RAN-067,Ranchi,RAN,center,False,
2025-01-06 09:00:00,17.9,944.8,73.0,AWS-RAN-067,Ranchi,RAN,center,False,
2025-01-06 10:00:00,19.6,944.6,61.0,AWS-RAN-067,Ranchi,RAN,center,False,
2025-01-06 11:00:00,20.9,943.9,53.0,AWS-RAN-067,Ranchi,RAN,center,False,
2025-01-06 12:00:00,21.9,942.9,47.0,AWS-RAN-067,Ranchi,RAN,center,False,
2025-01-06 13:00:00,22.5,941.7,42.0,AWS-RAN-067,Ranchi,RAN,center,False,
2025-01-06 14:00:00,23.0,941.0,39.0,AWS-RAN-067,Ranchi,RAN,center,False,
2025-01-06 15:00:00,22.8,940.7,39.0,AWS-RAN-067,Ranchi,RAN,center,False,
2025-01-06 16:00:00,21.2,940.5,49.0,AWS-RAN-067,Ranchi,RAN,center,False,
2025-01-06 17:00:00,18.8,940.4,54.0,AWS-RAN-067,Ranchi,RAN,center,False,
2025-01-06 18:00:00,16.3,940.0,65.0,AWS-RAN-067,Ranchi,RAN,center,False,
2025-01-06 19:00:00,15.6,940.5,69.0,AWS-RAN-067,Ranchi,RAN,center,False,
2025-01-06 20:00:00,15.0,941.0,71.0,AWS-RAN-067,Ranchi,RAN,center,False,
2025-01-06 21:00:00,14.8,941.3,71.0,AWS-RAN-067,Ranchi,RAN,center,False,
2025-01-06 22:00:00,14.4,941.2,72.0,AWS-RAN-067,Ranchi,RAN,center,False,
2025-01-06 23:00:00,14.1,940.6,72.0,AWS-RAN-067,Ranchi,RAN,center,False,
2025-01-07 00:00:00,14.3,940.4,71.0,AWS-RAN-067,Ranchi,RAN,center,False,
2025-01-07 01:00:00,14.7,940.2,69.0,AWS-RAN-067,Ranchi,RAN,center,False,
2025-01-07 02:00:00,14.7,940.0,69.0,AWS-RAN-067,Ranchi,RAN,center,False,
2025-01-07 03:00:00,14.0,939.8,73.0,AWS-RAN-067,Ranchi,RAN,center,False,
2025-01-07 04:00:00,12.8,939.7,80.0,AWS-RAN-067,Ranchi,RAN,center,False,
2025-01-07 05:00:00,12.5,940.1,86.0,AWS-RAN-067,Ranchi,RAN,center,False,
2025-01-07 06:00:00,12.1,941.2,90.0,AWS-RAN-067,Ranchi,RAN,center,False,
2025-01-07 07:00:00,13.4,942.3,90.0,AWS-RAN-067,Ranchi,RAN,center,False,
2025-01-07 08:00:00,16.1,943.6,79.0,AWS-RAN-067,Ranchi,RAN,center,False,
2025-01-07 09:00:00,18.5,944.1,68.0,AWS-RAN-067,Ranchi,RAN,center,False,
2025-01-07 10:00:00,20.4,943.7,58.0,AWS-RAN-067,Ranchi,RAN,center,False,
2025-01-07 11:00:00,21.2,943.0,51.0,AWS-RAN-067,Ranchi,RAN,center,False,
2025-01-07 12:00:00,21.3,941.9,50.0,AWS-RAN-067,Ranchi,RAN,center,False,
2025-01-07 13:00:00,21.4,941.0,47.0,AWS-RAN-067,Ranchi,RAN,center,False,
2025-01-07 14:00:00,21.1,940.4,48.0,AWS-RAN-067,Ranchi,RAN,center,False,
2025-01-07 15:00:00,20.4,939.9,49.0,AWS-RAN-067,Ranchi,RAN,center,False,
2025-01-07 16:00:00,18.8,939.9,55.0,AWS-RAN-067,Ranchi,RAN,center,False,
2025-01-07 17:00:00,16.4,939.7,67.0,AWS-RAN-067,Ranchi,RAN,center,False,
2025-01-07 18:00:00,14.7,940.1,79.0,AWS-RAN-067,Ranchi,RAN,center,False,
2025-01-07 19:00:00,-17.53491548437527,940.8,83.0,AWS-RAN-067,Ranchi,RAN,center,True,spike
2025-01-07 20:00:00,8.090106267608078,941.2,90.0,AWS-RAN-067,Ranchi,RAN,center,True,spike
2025-01-07 21:00:00,11.49431657032923,941.6,90.0,AWS-RAN-067,Ranchi,RAN,center,True,spike
2025-01-07 22:00:00,11.8,941.6,90.0,AWS-RAN-067,Ranchi,RAN,center,False,
2025-01-07 23:00:00,11.0,941.1,95.0,AWS-RAN-067,Ranchi,RAN,center,False,
2025-01-08 00:00:00,10.4,940.6,98.0,AWS-RAN-067,Ranchi,RAN,center,False,
2025-01-08 01:00:00,10.3,940.2,99.0,AWS-RAN-067,Ranchi,RAN,center,False,
2025-01-08 02:00:00,10.1,939.6,98.0,AWS-RAN-067,Ranchi,RAN,center,False,
2025-01-08 03:00:00,9.8,939.3,95.0,AWS-RAN-067,Ranchi,RAN,center,False,
2025-01-08 04:00:00,9.0,939.3,95.0,AWS-RAN-067,Ranchi,RAN,center,False,
2025-01-08 05:00:00,8.7,939.8,94.0,AWS-RAN-067,Ranchi,RAN,center,False,
2025-01-08 06:00:00,9.3,941.2,95.0,AWS-RAN-067,Ranchi,RAN,center,False,
2025-01-08 07:00:00,9.8,942.3,87.0,AWS-RAN-067,Ranchi,RAN,center,False,
2025-01-08 08:00:00,11.3,943.3,76.0,AWS-RAN-067,Ranchi,RAN,center,False,
2025-01-08 09:00:00,13.6,943.9,63.0,AWS-RAN-067,Ranchi,RAN,center,False,
2025-01-08 10:00:00,15.9,943.9,51.0,AWS-RAN-067,Ranchi,RAN,center,False,
2025-01-08 11:00:00,17.9,943.5,44.0,AWS-RAN-067,Ranchi,RAN,center,False,
2025-01-08 12:00:00,19.3,942.8,38.0,AWS-RAN-067,Ranchi,RAN,center,False,
2025-01-08 13:00:00,20.0,942.0,35.0,AWS-RAN-067,Ranchi,RAN,center,False,
2025-01-08 14:00:00,20.2,941.5,33.0,AWS-RAN-067,Ranchi,RAN,center,False,
2025-01-08 15:00:00,19.6,941.2,34.0,AWS-RAN-067,Ranchi,RAN,center,False,
2025-01-08 16:00:00,18.2,941.1,38.0,AWS-RAN-067,Ranchi,RAN,center,False,
2025-01-08 17:00:00,14.9,940.8,49.0,AWS-RAN-067,Ranchi,RAN,center,False,
2025-01-08 18:00:00,13.9,,62.0,AWS-RAN-067,Ranchi,RAN,center,True,dropout
2025-01-08 19:00:00,13.0,942.4,65.0,AWS-RAN-067,Ranchi,RAN,center,False,
2025-01-08 20:00:00,12.2,942.8,66.0,AWS-RAN-067,Ranchi,RAN,center,False,
2025-01-08 21:00:00,11.3,943.0,68.0,AWS-RAN-067,Ranchi,RAN,center,False,
2025-01-08 22:00:00,10.0,943.0,75.0,AWS-RAN-067,Ranchi,RAN,center,False,
2025-01-08 23:00:00,10.1,942.7,74.0,AWS-RAN-067,Ranchi,RAN,center,False,
2025-01-09 00:00:00,9.6,942.2,77.0,AWS-RAN-067,Ranchi,RAN,center,True,frozen_value
2025-01-09 01:00:00,9.631357291838553,941.7,79.0,AWS-RAN-067,Ranchi,RAN,center,True,frozen_value
2025-01-09 02:00:00,9.70083916756586,941.4,81.0,AWS-RAN-067,Ranchi,RAN,center,True,frozen_value
2025-01-09 03:00:00,9.659252621529514,941.1,84.0,AWS-RAN-067,Ranchi,RAN,center,True,frozen_value
2025-01-09 04:00:00,9.71158170429549,941.2,87.0,AWS-RAN-067,Ranchi,RAN,center,True,frozen_value
2025-01-09 05:00:00,9.72102563579095,941.6,88.0,AWS-RAN-067,Ranchi,RAN,center,True,frozen_value
2025-01-09 06:00:00,9.717335013498305,942.6,93.0,AWS-RAN-067,Ranchi,RAN,center,True,frozen_value
2025-01-09 07:00:00,9.67158640985181,944.2,88.0,AWS-RAN-067,Ranchi,RAN,center,True,frozen_value
2025-01-09 08:00:00,12.0,945.8,76.0,AWS-RAN-067,Ranchi,RAN,center,False,
2025-01-09 09:00:00,14.6,946.5,63.0,AWS-RAN-067,Ranchi,RAN,center,False,
2025-01-09 10:00:00,16.6,946.3,57.0,AWS-RAN-067,Ranchi,RAN,center,False,
2025-01-09 11:00:00,18.1,945.5,50.0,AWS-RAN-067,Ranchi,RAN,center,False,
2025-01-09 12:00:00,19.5,944.5,43.0,AWS-RAN-067,Ranchi,RAN,center,False,
2025-01-09 13:00:00,20.6,943.7,38.0,AWS-RAN-067,Ranchi,RAN,center,False,
2025-01-09 14:00:00,21.1,943.2,35.0,AWS-RAN-067,Ranchi,RAN,center,False,
2025-01-09 15:00:00,20.8,942.8,35.0,AWS-RAN-067,Ranchi,RAN,center,False,
2025-01-09 16:00:00,19.2,942.8,41.0,AWS-RAN-067,Ranchi,RAN,center,False,
2025-01-09 17:00:00,15.7,942.5,52.0,AWS-RAN-067,Ranchi,RAN,center,False,
2025-01-09 18:00:00,14.9,942.9,56.0,AWS-RAN-067,Ranchi,RAN,center,False,
2025-01-09 19:00:00,-12.731150024044442,943.7,60.0,AWS-RAN-067,Ranchi,RAN,center,True,spike
2025-01-09 20:00:00,0.22283086942722719,944.6,67.0,AWS-RAN-067,Ranchi,RAN,center,True,spike
2025-01-09 21:00:00,5.597301414294467,945.2,75.0,AWS-RAN-067,Ranchi,RAN,center,True,drift
2025-01-09 22:00:00,8.05111809460829,945.2,94.61303853481083,AWS-RAN-067,Ranchi,RAN,center,True,drift
2025-01-09 23:00:00,10.4,944.9,100.0,AWS-RAN-067,Ranchi,RAN,center,True,drift
2025-01-10 00:00:00,10.2,944.5,100.0,AWS-RAN-067,Ranchi,RAN,center,True,drift
2025-01-10 01:00:00,9.8,944.0,100.0,AWS-RAN-067,Ranchi,RAN,center,True,drift
2025-01-10 02:00:00,9.3,943.8,100.0,AWS-RAN-067,Ranchi,RAN,center,True,drift
2025-01-10 03:00:00,-39.999220595521514,943.5,100.0,AWS-RAN-067,Ranchi,RAN,center,True,sensor_fail_low
2025-01-10 04:00:00,-40.02389000358421,943.6,100.0,AWS-RAN-067,Ranchi,RAN,center,True,sensor_fail_low
2025-01-10 05:00:00,-39.99629037494743,943.9,100.0,AWS-RAN-067,Ranchi,RAN,center,True,sensor_fail_low
2025-01-10 06:00:00,-39.96752780702226,944.5,100.0,AWS-RAN-067,Ranchi,RAN,center,True,sensor_fail_low
2025-01-10 07:00:00,10.0,945.6,100.0,AWS-RAN-067,Ranchi,RAN,center,True,drift
2025-01-10 08:00:00,13.0,947.1,100.0,AWS-RAN-067,Ranchi,RAN,center,True,drift
2025-01-10 09:00:00,15.5,948.1,100.0,AWS-RAN-067,Ranchi,RAN,center,True,drift
2025-01-10 10:00:00,17.6,948.1,100.0,AWS-RAN-067,Ranchi,RAN,center,True,drift
2025-01-10 11:00:00,19.3,947.4,100.0,AWS-RAN-067,Ranchi,RAN,center,True,drift
2025-01-10 12:00:00,20.6,946.3,100.0,AWS-RAN-067,Ranchi,RAN,center,True,drift
2025-01-10 13:00:00,21.4,945.6,100.0,AWS-RAN-067,Ranchi,RAN,center,True,drift
2025-01-10 14:00:00,21.7,945.2,100.0,AWS-RAN-067,Ranchi,RAN,center,True,drift
2025-01-10 15:00:00,21.2,944.9,100.0,AWS-RAN-067,Ranchi,RAN,center,True,drift
2025-01-10 16:00:00,19.6,944.7,100.0,AWS-RAN-067,Ranchi,RAN,center,True,drift
2025-01-10 17:00:00,15.3,943.9,100.0,AWS-RAN-067,Ranchi,RAN,center,True,drift
2025-01-10 18:00:00,14.8,943.9,100.0,AWS-RAN-067,Ranchi,RAN,center,True,drift
2025-01-10 19:00:00,14.0,944.3,100.0,AWS-RAN-067,Ranchi,RAN,center,True,drift
2025-01-10 20:00:00,12.7,944.7,100.0,AWS-RAN-067,Ranchi,RAN,center,True,drift
2025-01-10 21:00:00,11.9,945.0,100.0,AWS-RAN-067,Ranchi,RAN,center,True,drift
2025-01-10 22:00:00,11.2,945.0,100.0,AWS-RAN-067,Ranchi,RAN,center,True,drift
2025-01-10 23:00:00,10.8,944.5,100.0,AWS-RAN-067,Ranchi,RAN,center,True,drift
2025-01-11 00:00:00,10.4,943.8,100.0,AWS-RAN-067,Ranchi,RAN,center,True,drift
2025-01-11 01:00:00,9.9,943.5,100.0,AWS-RAN-067,Ranchi,RAN,center,True,drift
2025-01-11 02:00:00,9.3,943.1,100.0,AWS-RAN-067,Ranchi,RAN,center,True,drift
2025-01-11 03:00:00,9.0,942.8,100.0,AWS-RAN-067,Ranchi,RAN,center,True,drift
2025-01-11 04:00:00,8.8,942.7,85.0,AWS-RAN-067,Ranchi,RAN,center,False,
2025-01-11 05:00:00,8.9,943.5,84.0,AWS-RAN-067,Ranchi,RAN,center,False,
2025-01-11 06:00:00,9.2,944.5,83.0,AWS-RAN-067,Ranchi,RAN,center,False,
2025-01-11 07:00:00,10.9,945.8,81.0,AWS-RAN-067,Ranchi,RAN,center,False,
2025-01-11 08:00:00,14.5,947.5,66.0,AWS-RAN-067,Ranchi,RAN,center,False,
2025-01-11 09:00:00,17.2,948.7,57.0,AWS-RAN-067,Ranchi,RAN,center,False,
2025-01-11 10:00:00,19.1,948.4,50.0,AWS-RAN-067,Ranchi,RAN,center,False,
2025-01-11 11:00:00,20.6,947.5,45.0,AWS-RAN-067,Ranchi,RAN,center,False,
2025-01-11 12:00:00,21.7,946.4,39.0,AWS-RAN-067,Ranchi,RAN,center,False,
2025-01-11 13:00:00,22.4,945.4,35.0,AWS-RAN-067,Ranchi,RAN,center,False,
2025-01-11 14:00:00,22.8,944.7,32.0,AWS-RAN-067,Ranchi,RAN,center,False,
2025-01-11 15:00:00,22.7,944.2,32.0,AWS-RAN-067,Ranchi,RAN,center,False,
2025-01-11 16:00:00,21.5,943.9,40.0,AWS-RAN-067,Ranchi,RAN,center,False,
2025-01-11 17:00:00,17.1,943.1,54.0,AWS-RAN-067,Ranchi,RAN,center,False,
2025-01-11 18:00:00,15.6,943.2,61.0,AWS-RAN-067,Ranchi,RAN,center,False,
2025-01-11 19:00:00,14.4,943.5,63.0,AWS-RAN-067,Ranchi,RAN,center,False,
2025-01-11 20:00:00,14.4,944.2,59.0,AWS-RAN-067,Ranchi,RAN,center,False,
2025-01-11 21:00:00,14.3,944.6,58.0,AWS-RAN-067,Ranchi,RAN,center,False,
2025-01-11 22:00:00,13.5,-0.04798927098551189,61.0,AWS-RAN-067,Ranchi,RAN,center,True,sensor_fail_low
2025-01-11 23:00:00,12.7,-0.029143149796411832,64.0,AWS-RAN-067,Ranchi,RAN,center,True,sensor_fail_low
2025-01-12 00:00:00,12.2,-0.021518418678376543,64.0,AWS-RAN-067,Ranchi,RAN,center,True,sensor_fail_low
2025-01-12 01:00:00,12.1,-0.004550369879350781,-0.040990150137875485,AWS-RAN-067,Ranchi,RAN,center,True,sensor_fail_low
2025-01-12 02:00:00,12.0,943.4,-0.0736339798778493,AWS-RAN-067,Ranchi,RAN,center,True,sensor_fail_low
2025-01-12 03:00:00,11.6,942.9,-0.053449699863394755,AWS-RAN-067,Ranchi,RAN,center,True,sensor_fail_low
2025-01-12 04:00:00,11.3,942.8,0.019318204006072964,AWS-RAN-067,Ranchi,RAN,center,True,sensor_fail_low
2025-01-12 05:00:00,10.8,943.1,0.03376477302625462,AWS-RAN-067,Ranchi,RAN,center,True,sensor_fail_low
2025-01-12 06:00:00,10.2,943.6,0.031160901983502354,AWS-RAN-067,Ranchi,RAN,center,True,sensor_fail_low
2025-01-12 07:00:00,12.4,945.0,-0.040410511371401975,AWS-RAN-067,Ranchi,RAN,center,True,sensor_fail_low
2025-01-12 08:00:00,15.9,946.6,-0.031275100522178044,AWS-RAN-067,Ranchi,RAN,center,True,sensor_fail_low
2025-01-12 09:00:00,18.6,947.5,48.0,AWS-RAN-067,Ranchi,RAN,center,False,
2025-01-12 10:00:00,20.4,947.1,45.0,AWS-RAN-067,Ranchi,RAN,center,False,
2025-01-12 11:00:00,21.7,946.3,42.0,AWS-RAN-067,Ranchi,RAN,center,False,
2025-01-12 12:00:00,22.7,945.0,38.0,AWS-RAN-067,Ranchi,RAN,center,False,
2025-01-12 13:00:00,23.3,944.0,35.0,AWS-RAN-067,Ranchi,RAN,center,False,
2025-01-12 14:00:00,23.6,943.1,34.0,AWS-RAN-067,Ranchi,RAN,center,False,
2025-01-12 15:00:00,23.5,942.7,34.0,AWS-RAN-067,Ranchi,RAN,center,False,
2025-01-12 16:00:00,22.6,942.5,50.0,AWS-RAN-067,Ranchi,RAN,center,False,
2025-01-12 17:00:00,19.5,942.3,49.0,AWS-RAN-067,Ranchi,RAN,center,False,
2025-01-12 18:00:00,17.7,943.0,55.0,AWS-RAN-067,Ranchi,RAN,center,False,
2025-01-12 19:00:00,16.3,943.2,61.0,AWS-RAN-067,Ranchi,RAN,center,False,
2025-01-12 20:00:00,15.8,943.6,61.0,AWS-RAN-067,Ranchi,RAN,center,False,
2025-01-12 21:00:00,16.1,943.9,58.0,AWS-RAN-067,Ranchi,RAN,center,False,
2025-01-12 22:00:00,14.6,943.5,64.0,AWS-RAN-067,Ranchi,RAN,center,False,
2025-01-12 23:00:00,13.9,943.1,67.0,AWS-RAN-067,Ranchi,RAN,center,False,
2025-01-13 00:00:00,13.7,942.9,74.0,AWS-RAN-067,Ranchi,RAN,center,False,
2025-01-13 01:00:00,-29.352318980544585,942.6,78.0,AWS-RAN-067,Ranchi,RAN,center,True,spike
2025-01-13 02:00:00,13.4,942.0,81.0,AWS-RAN-067,Ranchi,RAN,center,False,
2025-01-13 03:00:00,13.0,941.7,85.0,AWS-RAN-067,Ranchi,RAN,center,False,
2025-01-13 04:00:00,12.5,941.6,89.0,AWS-RAN-067,Ranchi,RAN,center,False,
2025-01-13 05:00:00,12.6,942.1,90.0,AWS-RAN-067,Ranchi,RAN,center,False,
2025-01-13 06:00:00,13.1,954.9156420519842,89.0,AWS-RAN-067,Ranchi,RAN,center,True,spike
2025-01-13 07:00:00,14.2,946.4146997958219,86.0,AWS-RAN-067,Ranchi,RAN,center,True,spike
2025-01-13 08:00:00,17.2,945.6689795845027,74.0,AWS-RAN-067,Ranchi,RAN,center,True,spike
2025-01-13 09:00:00,19.5,945.9238145075385,57.0,AWS-RAN-067,Ranchi,RAN,center,True,spike
2025-01-13 10:00:00,20.7,945.5,53.0,AWS-RAN-067,Ranchi,RAN,center,False,
2025-01-13 11:00:00,21.8,944.7,49.0,AWS-RAN-067,Ranchi,RAN,center,False,
2025-01-13 12:00:00,22.6,943.7,47.0,AWS-RAN-067,Ranchi,RAN,center,False,
2025-01-13 13:00:00,23.3,942.5,44.0,AWS-RAN-067,Ranchi,RAN,center,False,
2025-01-13 14:00:00,23.7,941.7,41.0,AWS-RAN-067,Ranchi,RAN,center,False,
2025-01-13 15:00:00,23.4,941.4,41.0,AWS-RAN-067,Ranchi,RAN,center,False,
2025-01-13 16:00:00,21.8,941.5,48.0,AWS-RAN-067,Ranchi,RAN,center,False,
2025-01-13 17:00:00,19.3,941.9,60.0,AWS-RAN-067,Ranchi,RAN,center,False,
2025-01-13 18:00:00,17.6,942.2,67.0,AWS-RAN-067,Ranchi,RAN,center,False,
2025-01-13 19:00:00,16.3,942.9,73.0,AWS-RAN-067,Ranchi,RAN,center,False,
2025-01-13 20:00:00,15.5,943.4,78.0,AWS-RAN-067,Ranchi,RAN,center,False,
2025-01-13 21:00:00,14.7,943.6,84.0,AWS-RAN-067,Ranchi,RAN,center,False,
2025-01-13 22:00:00,13.8,943.7,90.0,AWS-RAN-067,Ranchi,RAN,center,False,
2025-01-13 23:00:00,13.3,943.5,92.0,AWS-RAN-067,Ranchi,RAN,center,False,
2025-01-14 00:00:00,13.3,943.3,93.0,AWS-RAN-067,Ranchi,RAN,center,False,
2025-01-14 01:00:00,13.3,943.1,94.0,AWS-RAN-067,Ranchi,RAN,center,False,
2025-01-14 02:00:00,13.0,942.8,94.0,AWS-RAN-067,Ranchi,RAN,center,False,
2025-01-14 03:00:00,12.7,942.7,95.0,AWS-RAN-067,Ranchi,RAN,center,False,
2025-01-14 04:00:00,12.4,942.8,96.0,AWS-RAN-067,Ranchi,RAN,center,False,
2025-01-14 05:00:00,12.2,943.3,97.0,AWS-RAN-067,Ranchi,RAN,center,False,
2025-01-14 06:00:00,11.7,944.1,99.0,AWS-RAN-067,Ranchi,RAN,center,False,
2025-01-14 07:00:00,12.3,945.2,98.0,AWS-RAN-067,Ranchi,RAN,center,False,
2025-01-14 08:00:00,13.5,946.5,94.0,AWS-RAN-067,Ranchi,RAN,center,False,
2025-01-14 09:00:00,16.8,947.9,76.0,AWS-RAN-067,Ranchi,RAN,center,False,
2025-01-14 10:00:00,19.2,948.1,64.0,AWS-RAN-067,Ranchi,RAN,center,False,
2025-01-14 11:00:00,20.8,947.3,57.0,AWS-RAN-067,Ranchi,RAN,center,False,
2025-01-14 12:00:00,22.0,946.1,49.0,AWS-RAN-067,Ranchi,RAN,center,False,
2025-01-14 13:00:00,250.407325917717,943.7740240353219,100.0,AWS-RAN-067,Ranchi,RAN,center,True,multivariate_inconsistency
2025-01-14 14:00:00,250.507325917717,945.819809429875,100.0,AWS-RAN-067,Ranchi,RAN,center,True,multivariate_inconsistency
2025-01-14 15:00:00,250.007325917717,949.3295164403448,100.0,AWS-RAN-067,Ranchi,RAN,center,True,multivariate_inconsistency
2025-01-14 16:00:00,20.8,944.3,46.0,AWS-RAN-067,Ranchi,RAN,center,False,
2025-01-14 17:00:00,18.2,944.4,54.0,AWS-RAN-067,Ranchi,RAN,center,False,
2025-01-14 18:00:00,16.7,944.9,61.0,AWS-RAN-067,Ranchi,RAN,center,False,
2025-01-14 19:00:00,15.0,945.4,67.0,AWS-RAN-067,Ranchi,RAN,center,False,
2025-01-14 20:00:00,14.4,945.9,69.0,AWS-RAN-067,Ranchi,RAN,center,False,
2025-01-14 21:00:00,13.9,946.4,73.0,AWS-RAN-067,Ranchi,RAN,center,False,
2025-01-14 22:00:00,13.0,945.9,80.0,AWS-RAN-067,Ranchi,RAN,center,False,
2025-01-14 23:00:00,12.0,945.7,87.0,AWS-RAN-067,Ranchi,RAN,center,False,
2025-01-15 00:00:00,11.7,945.4,88.0,AWS-RAN-067,Ranchi,RAN,center,False,
2025-01-15 01:00:00,11.5,944.8,88.0,AWS-RAN-067,Ranchi,RAN,center,False,
2025-01-15 02:00:00,11.6,944.2,87.0,AWS-RAN-067,Ranchi,RAN,center,False,
2025-01-15 03:00:00,11.7,944.0,86.0,AWS-RAN-067,Ranchi,RAN,center,False,
2025-01-15 04:00:00,11.5,944.2,86.0,AWS-RAN-067,Ranchi,RAN,center,False,
2025-01-15 05:00:00,11.2,944.9,87.0,AWS-RAN-067,Ranchi,RAN,center,False,
2025-01-15 06:00:00,10.5,945.7,91.0,AWS-RAN-067,Ranchi,RAN,center,False,
2025-01-15 07:00:00,12.5,946.7,86.0,AWS-RAN-067,Ranchi,RAN,center,False,
2025-01-15 08:00:00,15.8,948.2,72.0,AWS-RAN-067,Ranchi,RAN,center,False,
2025-01-15 09:00:00,18.0,949.0,63.0,AWS-RAN-067,Ranchi,RAN,center,False,
2025-01-15 10:00:00,19.7,948.9,55.0,AWS-RAN-067,Ranchi,RAN,center,False,
2025-01-15 11:00:00,20.8,947.8,48.0,AWS-RAN-067,Ranchi,RAN,center,False,
2025-01-15 12:00:00,21.5,946.4,45.0,AWS-RAN-067,Ranchi,RAN,center,False,
2025-01-15 13:00:00,22.0,945.3,43.0,AWS-RAN-067,Ranchi,RAN,center,False,
2025-01-15 14:00:00,22.1,944.7,40.0,AWS-RAN-067,Ranchi,RAN,center,False,
2025-01-15 15:00:00,21.7,944.4,39.0,AWS-RAN-067,Ranchi,RAN,center,False,
2025-01-15 16:00:00,20.5,944.3,42.0,AWS-RAN-067,Ranchi,RAN,center,False,
2025-01-15 17:00:00,17.6,943.9,52.0,AWS-RAN-067,Ranchi,RAN,center,False,
2025-01-15 18:00:00,16.7,945.0,57.0,AWS-RAN-067,Ranchi,RAN,center,False,
2025-01-15 19:00:00,15.7,945.2,60.0,AWS-RAN-067,Ranchi,RAN,center,False,
2025-01-15 20:00:00,14.4,945.5,67.0,AWS-RAN-067,Ranchi,RAN,center,False,
2025-01-15 21:00:00,13.1,945.2,75.0,AWS-RAN-067,Ranchi,RAN,center,False,
2025-01-15 22:00:00,11.7,945.0,83.0,AWS-RAN-067,Ranchi,RAN,center,False,
2025-01-15 23:00:00,10.9,964.647050513386,86.0,AWS-RAN-067,Ranchi,RAN,center,True,spike
2025-01-16 00:00:00,10.7,944.0,86.0,AWS-RAN-067,Ranchi,RAN,center,False,
2025-01-16 01:00:00,10.5,943.5,85.0,AWS-RAN-067,Ranchi,RAN,center,False,
2025-01-16 02:00:00,10.3,942.8,85.0,AWS-RAN-067,Ranchi,RAN,center,False,
2025-01-16 03:00:00,10.4,942.3,83.0,AWS-RAN-067,Ranchi,RAN,center,False,
2025-01-16 04:00:00,10.4,942.3,83.0,AWS-RAN-067,Ranchi,RAN,center,False,
2025-01-16 05:00:00,9.9,942.6,85.0,AWS-RAN-067,Ranchi,RAN,center,False,
2025-01-16 06:00:00,9.9,944.0,90.0,AWS-RAN-067,Ranchi,RAN,center,False,
2025-01-16 07:00:00,11.6,945.1,83.0,AWS-RAN-067,Ranchi,RAN,center,False,
2025-01-16 08:00:00,14.7,946.5,70.0,AWS-RAN-067,Ranchi,RAN,center,False,
2025-01-16 09:00:00,17.0,947.7,57.0,AWS-RAN-067,Ranchi,RAN,center,False,
2025-01-16 10:00:00,18.5,947.5,52.0,AWS-RAN-067,Ranchi,RAN,center,False,
2025-01-16 11:00:00,19.7,946.7,48.0,AWS-RAN-067,Ranchi,RAN,center,False,
2025-01-16 12:00:00,20.7,945.6,44.0,AWS-RAN-067,Ranchi,RAN,center,False,
2025-01-16 13:00:00,21.4,944.7,38.0,AWS-RAN-067,Ranchi,RAN,center,False,
2025-01-16 14:00:00,21.8,944.2,34.0,AWS-RAN-067,Ranchi,RAN,center,False,
2025-01-16 15:00:00,21.5,943.9,33.0,AWS-RAN-067,Ranchi,RAN,center,False,
2025-01-16 16:00:00,20.2,944.1,36.0,AWS-RAN-067,Ranchi,RAN,center,False,
2025-01-16 17:00:00,-97.66859742560028,1100.0,99.37668011982441,AWS-RAN-067,Ranchi,RAN,center,True,unstructured_anomaly
2025-01-16 18:00:00,113.69316267062338,800.0,100.0,AWS-RAN-067,Ranchi,RAN,center,True,unstructured_anomaly
2025-01-16 19:00:00,-106.23655556658963,1100.0,100.0,AWS-RAN-067,Ranchi,RAN,center,True,unstructured_anomaly
2025-01-16 20:00:00,-79.82285568460229,1100.0,100.0,AWS-RAN-067,Ranchi,RAN,center,True,unstructured_anomaly
2025-01-16 21:00:00,12.8,945.2,71.0,AWS-RAN-067,Ranchi,RAN,center,False,
2025-01-16 22:00:00,11.2,944.8,79.0,AWS-RAN-067,Ranchi,RAN,center,False,
2025-01-16 23:00:00,11.3,944.8,79.0,AWS-RAN-067,Ranchi,RAN,center,False,
2025-01-17 00:00:00,11.3,944.5,77.0,AWS-RAN-067,Ranchi,RAN,center,False,
2025-01-17 01:00:00,10.9,944.1,76.0,AWS-RAN-067,Ranchi,RAN,center,False,
2025-01-17 02:00:00,10.8,943.7,73.0,AWS-RAN-067,Ranchi,RAN,center,False,
2025-01-17 03:00:00,10.1,942.9,73.0,AWS-RAN-067,Ranchi,RAN,center,False,
2025-01-17 04:00:00,9.8,942.6,70.0,AWS-RAN-067,Ranchi,RAN,center,False,
2025-01-17 05:00:00,10.3,943.2,64.0,AWS-RAN-067,Ranchi,RAN,center,False,
2025-01-17 06:00:00,9.5,943.7,79.0,AWS-RAN-067,Ranchi,RAN,center,False,
2025-01-17 07:00:00,11.4,944.5,69.0,AWS-RAN-067,Ranchi,RAN,center,False,
2025-01-17 08:00:00,14.2,945.5,59.0,AWS-RAN-067,Ranchi,RAN,center,False,
2025-01-17 09:00:00,16.5,946.3,46.0,AWS-RAN-067,Ranchi,RAN,center,False,
2025-01-17 10:00:00,18.0,946.3,38.0,AWS-RAN-067,Ranchi,RAN,center,False,
2025-01-17 11:00:00,19.1,945.7,33.0,AWS-RAN-067,Ranchi,RAN,center,False,
2025-01-17 12:00:00,18.9,944.8,34.0,AWS-RAN-067,Ranchi,RAN,center,False,
2025-01-17 13:00:00,19.9,943.8,34.0,AWS-RAN-067,Ranchi,RAN,center,False,
2025-01-17 14:00:00,20.4,943.1,35.0,AWS-RAN-067,Ranchi,RAN,center,False,
2025-01-17 15:00:00,20.2,943.0,36.0,AWS-RAN-067,Ranchi,RAN,center,False,
2025-01-17 16:00:00,19.1,943.1,40.0,AWS-RAN-067,Ranchi,RAN,center,False,
2025-01-17 17:00:00,16.0,942.6,52.0,AWS-RAN-067,Ranchi,RAN,center,False,
2025-01-17 18:00:00,15.2,942.8,59.0,AWS-RAN-067,Ranchi,RAN,center,False,
2025-01-17 19:00:00,14.4,943.6,63.0,AWS-RAN-067,Ranchi,RAN,center,False,
2025-01-17 20:00:00,13.8,944.0,73.0,AWS-RAN-067,Ranchi,RAN,center,False,
2025-01-17 21:00:00,13.2,944.0,80.0,AWS-RAN-067,Ranchi,RAN,center,False,
2025-01-17 22:00:00,12.7,943.9,82.0,AWS-RAN-067,Ranchi,RAN,center,False,
2025-01-17 23:00:00,12.6,943.3,79.0,AWS-RAN-067,Ranchi,RAN,center,False,
2025-01-18 00:00:00,12.8,943.1,73.0,AWS-RAN-067,Ranchi,RAN,center,False,
2025-01-18 01:00:00,12.9,942.8,70.0,AWS-RAN-067,Ranchi,RAN,center,False,
2025-01-18 02:00:00,12.7,942.6,70.0,AWS-RAN-067,Ranchi,RAN,center,False,
2025-01-18 03:00:00,12.3,942.3,74.0,AWS-RAN-067,Ranchi,RAN,center,False,
2025-01-18 04:00:00,11.9,942.0,77.0,AWS-RAN-067,Ranchi,RAN,center,False,
2025-01-18 05:00:00,11.7,942.3,78.0,AWS-RAN-067,Ranchi,RAN,center,False,
2025-01-18 06:00:00,11.7,943.5,80.0,AWS-RAN-067,Ranchi,RAN,center,True,frozen_value
2025-01-18 07:00:00,12.3,944.4,79.89704808533587,AWS-RAN-067,Ranchi,RAN,center,True,frozen_value
2025-01-18 08:00:00,14.9,945.7,79.95869050224232,AWS-RAN-067,Ranchi,RAN,center,True,frozen_value
2025-01-18 09:00:00,17.6,946.6,79.99667033740668,AWS-RAN-067,Ranchi,RAN,center,True,frozen_value
2025-01-18 10:00:00,19.7,946.8,79.94527212034457,AWS-RAN-067,Ranchi,RAN,center,True,frozen_value
2025-01-18 11:00:00,21.4,946.2,79.92599612252458,AWS-RAN-067,Ranchi,RAN,center,True,frozen_value
2025-01-18 12:00:00,22.5,945.1,79.9474246887622,AWS-RAN-067,Ranchi,RAN,center,True,frozen_value
2025-01-18 13:00:00,23.1,944.1,38.0,AWS-RAN-067,Ranchi,RAN,center,False,
2025-01-18 14:00:00,23.2,943.1,39.0,AWS-RAN-067,Ranchi,RAN,center,False,
2025-01-18 15:00:00,22.8,942.8,40.0,AWS-RAN-067,Ranchi,RAN,center,False,
2025-01-18 16:00:00,21.7,942.7,43.0,AWS-RAN-067,Ranchi,RAN,center,False,
2025-01-18 17:00:00,18.2,942.2,57.0,AWS-RAN-067,Ranchi,RAN,center,False,
2025-01-18 18:00:00,17.0,942.6,58.0,AWS-RAN-067,Ranchi,RAN,center,False,
2025-01-18 19:00:00,15.9,943.2,62.0,AWS-RAN-067,Ranchi,RAN,center,False,
2025-01-18 20:00:00,14.8,943.3,67.0,AWS-RAN-067,Ranchi,RAN,center,False,
2025-01-18 21:00:00,14.2,943.3,70.0,AWS-RAN-067,Ranchi,RAN,center,False,
2025-01-18 22:00:00,13.9,943.4,70.0,AWS-RAN-067,Ranchi,RAN,center,False,
2025-01-18 23:00:00,13.3,942.9,71.0,AWS-RAN-067,Ranchi,RAN,center,False,
2025-01-19 00:00:00,12.9,942.2,71.0,AWS-RAN-067,Ranchi,RAN,center,False,
2025-01-19 01:00:00,12.4,941.6,73.0,AWS-RAN-067,Ranchi,RAN,center,False,
2025-01-19 02:00:00,12.3,941.1,73.0,AWS-RAN-067,Ranchi,RAN,center,False,
2025-01-19 03:00:00,12.2,940.9,72.0,AWS-RAN-067,Ranchi,RAN,center,False,
2025-01-19 04:00:00,11.8,941.0,73.0,AWS-RAN-067,Ranchi,RAN,center,False,
2025-01-19 05:00:00,11.6,941.5,74.0,AWS-RAN-067,Ranchi,RAN,center,False,
2025-01-19 06:00:00,11.1,942.7,80.0,AWS-RAN-067,Ranchi,RAN,center,False,
2025-01-19 07:00:00,12.3,943.7,77.0,AWS-RAN-067,Ranchi,RAN,center,False,
2025-01-19 08:00:00,15.2,945.3,66.0,AWS-RAN-067,Ranchi,RAN,center,False,
2025-01-19 09:00:00,17.9,946.0,54.0,AWS-RAN-067,Ranchi,RAN,center,False,
2025-01-19 10:00:00,20.0,945.9,41.0,AWS-RAN-067,Ranchi,RAN,center,False,
2025-01-19 11:00:00,21.8,945.2,31.0,AWS-RAN-067,Ranchi,RAN,center,False,
2025-01-19 12:00:00,23.1,944.0,26.0,AWS-RAN-067,Ranchi,RAN,center,True,frozen_value
2025-01-19 13:00:00,23.8,943.9591062052092,23.0,AWS-RAN-067,Ranchi,RAN,center,True,frozen_value
2025-01-19 14:00:00,23.9,943.9686480452689,21.0,AWS-RAN-067,Ranchi,RAN,center,True,frozen_value
2025-01-19 15:00:00,23.2,943.957755026577,24.0,AWS-RAN-067,Ranchi,RAN,center,True,frozen_value
2025-01-19 16:00:00,21.7,943.9360836923184,29.0,AWS-RAN-067,Ranchi,RAN,center,True,frozen_value
2025-01-19 17:00:00,18.4,943.925854784244,39.0,AWS-RAN-067,Ranchi,RAN,center,True,frozen_value
2025-01-19 18:00:00,17.2,943.9516629757527,46.0,AWS-RAN-067,Ranchi,RAN,center,True,frozen_value
2025-01-19 19:00:00,16.3,943.9425312826918,52.0,AWS-RAN-067,Ranchi,RAN,center,True,frozen_value
2025-01-19 20:00:00,15.6,943.9821588066669,55.0,AWS-RAN-067,Ranchi,RAN,center,True,frozen_value
2025-01-19 21:00:00,15.2,941.6,55.0,AWS-RAN-067,Ranchi,RAN,center,False,
2025-01-19 22:00:00,15.0,941.5,51.0,AWS-RAN-067,Ranchi,RAN,center,False,
2025-01-19 23:00:00,14.6,941.1,51.0,AWS-RAN-067,Ranchi,RAN,center,False,
2025-01-20 00:00:00,14.1,940.5,54.0,AWS-RAN-067,Ranchi,RAN,center,False,
2025-01-20 01:00:00,13.9,940.0,54.0,AWS-RAN-067,Ranchi,RAN,center,False,
2025-01-20 02:00:00,13.7,939.8,52.0,AWS-RAN-067,Ranchi,RAN,center,False,
2025-01-20 03:00:00,69.46127294876969,939.5,51.0,AWS-RAN-067,Ranchi,RAN,center,True,spike
2025-01-20 04:00:00,12.8,939.3,53.0,AWS-RAN-067,Ranchi,RAN,center,False,
2025-01-20 05:00:00,12.4,939.6,56.0,AWS-RAN-067,Ranchi,RAN,center,False,
2025-01-20 06:00:00,11.7,940.3,66.0,AWS-RAN-067,Ranchi,RAN,center,False,
2025-01-20 07:00:00,13.0,941.5,64.0,AWS-RAN-067,Ranchi,RAN,center,False,
2025-01-20 08:00:00,15.9,942.7,57.0,AWS-RAN-067,Ranchi,RAN,center,False,
2025-01-20 09:00:00,18.8,943.6,48.0,AWS-RAN-067,Ranchi,RAN,center,False,
2025-01-20 10:00:00,21.1,943.7,41.0,AWS-RAN-067,Ranchi,RAN,center,False,
2025-01-20 11:00:00,22.7,943.2,37.0,AWS-RAN-067,Ranchi,RAN,center,False,
2025-01-20 12:00:00,23.7,942.5,36.0,AWS-RAN-067,Ranchi,RAN,center,False,
2025-01-20 13:00:00,24.3,941.8,34.0,AWS-RAN-067,Ranchi,RAN,center,False,
2025-01-20 14:00:00,24.5,940.9,33.0,AWS-RAN-067,Ranchi,RAN,center,False,
2025-01-20 15:00:00,24.0,940.4,33.0,AWS-RAN-067,Ranchi,RAN,center,False,
2025-01-20 16:00:00,22.7,940.3,39.0,AWS-RAN-067,Ranchi,RAN,center,False,
2025-01-20 17:00:00,20.1,940.0,48.0,AWS-RAN-067,Ranchi,RAN,center,False,
2025-01-20 18:00:00,19.0,940.2,54.0,AWS-RAN-067,Ranchi,RAN,center,False,
2025-01-20 19:00:00,18.0,940.7,61.0,AWS-RAN-067,Ranchi,RAN,center,False,
2025-01-20 20:00:00,17.5,940.9,65.0,AWS-RAN-067,Ranchi,RAN,center,False,
2025-01-20 21:00:00,17.3,940.9,66.0,AWS-RAN-067,Ranchi,RAN,center,False,
2025-01-20 22:00:00,16.9,940.9,67.0,AWS-RAN-067,Ranchi,RAN,center,False,
2025-01-20 23:00:00,16.4,940.6,68.0,AWS-RAN-067,Ranchi,RAN,center,False,
2025-01-21 00:00:00,16.0,940.0,69.0,AWS-RAN-067,Ranchi,RAN,center,False,
2025-01-21 01:00:00,15.7,939.4,70.0,AWS-RAN-067,Ranchi,RAN,center,False,
2025-01-21 02:00:00,15.5,938.7,69.0,AWS-RAN-067,Ranchi,RAN,center,False,
2025-01-21 03:00:00,15.2,938.5,68.0,AWS-RAN-067,Ranchi,RAN,center,False,
2025-01-21 04:00:00,15.0,938.5,70.0,AWS-RAN-067,Ranchi,RAN,center,False,
2025-01-21 05:00:00,14.7,938.8,75.0,AWS-RAN-067,Ranchi,RAN,center,False,
2025-01-21 06:00:00,13.7,939.2,83.0,AWS-RAN-067,Ranchi,RAN,center,False,
2025-01-21 07:00:00,14.7,940.2,80.0,AWS-RAN-067,Ranchi,RAN,center,False,
2025-01-21 08:00:00,17.2,941.7,71.0,AWS-RAN-067,Ranchi,RAN,center,False,
2025-01-21 09:00:00,19.7,942.8,59.0,AWS-RAN-067,Ranchi,RAN,center,False,
2025-01-21 10:00:00,22.0,943.2,45.0,AWS-RAN-067,Ranchi,RAN,center,False,
2025-01-21 11:00:00,23.8,942.7,37.0,AWS-RAN-067,Ranchi,RAN,center,False,
2025-01-21 12:00:00,25.1,941.9,31.0,AWS-RAN-067,Ranchi,RAN,center,False,
2025-01-21 13:00:00,25.8,941.1,28.0,AWS-RAN-067,Ranchi,RAN,center,False,
2025-01-21 14:00:00,26.0,940.2,26.0,AWS-RAN-067,Ranchi,RAN,center,False,
2025-01-21 15:00:00,25.5,940.1,26.0,AWS-RAN-067,Ranchi,RAN,center,False,
2025-01-21 16:00:00,24.0,940.0,30.0,AWS-RAN-067,Ranchi,RAN,center,False,
2025-01-21 17:00:00,21.2,939.7,38.0,AWS-RAN-067,Ranchi,RAN,center,False,
2025-01-21 18:00:00,19.6,940.2,49.0,AWS-RAN-067,Ranchi,RAN,center,False,
2025-01-21 19:00:00,18.5,940.5,53.0,AWS-RAN-067,Ranchi,RAN,center,False,
2025-01-21 20:00:00,17.8,940.8,53.0,AWS-RAN-067,Ranchi,RAN,center,False,
2025-01-21 21:00:00,17.4,940.8,54.0,AWS-RAN-067,Ranchi,RAN,center,False,
2025-01-21 22:00:00,17.1,940.6,55.0,AWS-RAN-067,Ranchi,RAN,center,False,
2025-01-21 23:00:00,16.9,940.6,57.0,AWS-RAN-067,Ranchi,RAN,center,False,
2025-01-22 00:00:00,16.6,940.2,58.0,AWS-RAN-067,Ranchi,RAN,center,False,
2025-01-22 01:00:00,16.1,939.8,57.0,AWS-RAN-067,Ranchi,RAN,center,False,
2025-01-22 02:00:00,15.6,939.3,55.0,AWS-RAN-067,Ranchi,RAN,center,False,
2025-01-22 03:00:00,15.1,938.9,54.0,AWS-RAN-067,Ranchi,RAN,center,False,
2025-01-22 04:00:00,14.6,938.9,54.0,AWS-RAN-067,Ranchi,RAN,center,False,
2025-01-22 05:00:00,14.3,939.5,56.0,AWS-RAN-067,Ranchi,RAN,center,False,
2025-01-22 06:00:00,13.4,940.2,64.0,AWS-RAN-067,Ranchi,RAN,center,False,
2025-01-22 07:00:00,15.0,941.1,60.0,AWS-RAN-067,Ranchi,RAN,center,False,
2025-01-22 08:00:00,18.4,943.0,51.0,AWS-RAN-067,Ranchi,RAN,center,False,
2025-01-22 09:00:00,21.2,944.1,43.0,AWS-RAN-067,Ranchi,RAN,center,False,
2025-01-22 10:00:00,23.8,944.0,33.0,AWS-RAN-067,Ranchi,RAN,center,False,
2025-01-22 11:00:00,25.7,943.5,27.0,AWS-RAN-067,Ranchi,RAN,center,False,
2025-01-22 12:00:00,26.9,942.5,25.0,AWS-RAN-067,Ranchi,RAN,center,False,
2025-01-22 13:00:00,27.5,941.5,25.0,AWS-RAN-067,Ranchi,RAN,center,False,
2025-01-22 14:00:00,27.3,940.8,27.0,AWS-RAN-067,Ranchi,RAN,center,True,drift
2025-01-22 15:00:00,26.3,940.4712560596829,28.0,AWS-RAN-067,Ranchi,RAN,center,True,drift
2025-01-22 16:00:00,24.9,940.5796629969747,31.0,AWS-RAN-067,Ranchi,RAN,center,True,drift
2025-01-22 17:00:00,22.0,940.6225969624752,39.0,AWS-RAN-067,Ranchi,RAN,center,True,drift
2025-01-22 18:00:00,20.5,941.4986853914921,45.0,AWS-RAN-067,Ranchi,RAN,center,True,drift
2025-01-22 19:00:00,19.1,942.7069784876331,50.0,AWS-RAN-067,Ranchi,RAN,center,True,drift
2025-01-22 20:00:00,18.2,943.8467486361499,53.0,AWS-RAN-067,Ranchi,RAN,center,True,drift
2025-01-22 21:00:00,17.3,945.0174060551988,56.0,AWS-RAN-067,Ranchi,RAN,center,True,drift
2025-01-22 22:00:00,16.6,945.818454984479,60.0,AWS-RAN-067,Ranchi,RAN,center,True,drift
2025-01-22 23:00:00,16.1,946.7494679380136,64.0,AWS-RAN-067,Ranchi,RAN,center,True,drift
2025-01-23 00:00:00,15.6,947.4100692681815,67.0,AWS-RAN-067,Ranchi,RAN,center,True,drift
2025-01-23 01:00:00,15.2,948.3999240275303,70.0,AWS-RAN-067,Ranchi,RAN,center,True,drift
2025-01-23 02:00:00,14.9,949.1187300702612,69.94086097171838,AWS-RAN-067,Ranchi,RAN,center,True,drift
2025-01-23 03:00:00,14.7,950.5662122473464,69.90236554429609,AWS-RAN-067,Ranchi,RAN,center,True,drift
2025-01-23 04:00:00,14.7,952.4421180152573,69.91454678175027,AWS-RAN-067,Ranchi,RAN,center,True,drift
2025-01-23 05:00:00,14.8,954.946214033785,69.92536335483388,AWS-RAN-067,Ranchi,RAN,center,True,drift
2025-01-23 06:00:00,14.9,957.8782834767313,69.93216493816222,AWS-RAN-067,Ranchi,RAN,center,True,drift
2025-01-23 07:00:00,16.3,961.0381238693948,69.96698068410353,AWS-RAN-067,Ranchi,RAN,center,True,drift
2025-01-23 08:00:00,19.5,965.0255453237785,70.04168243170807,AWS-RAN-067,Ranchi,RAN,center,True,drift
2025-01-23 09:00:00,22.0,968.4403690796893,70.01464584950314,AWS-RAN-067,Ranchi,RAN,center,True,drift
2025-01-23 10:00:00,24.1,970.8824262849558,40.0,AWS-RAN-067,Ranchi,RAN,center,True,drift
2025-01-23 11:00:00,25.8,972.9515569652615,35.0,AWS-RAN-067,Ranchi,RAN,center,True,drift
2025-01-23 12:00:00,27.3,974.4476091462664,30.0,AWS-RAN-067,Ranchi,RAN,center,True,drift
2025-01-23 13:00:00,28.2,976.3704380994442,26.0,AWS-RAN-067,Ranchi,RAN,center,True,drift
2025-01-23 14:00:00,28.4,978.619905689455,24.0,AWS-RAN-067,Ranchi,RAN,center,True,drift
2025-01-23 15:00:00,28.0,981.395879805633,25.0,AWS-RAN-067,Ranchi,RAN,center,True,drift
2025-01-23 16:00:00,26.9,984.3982338637458,28.0,AWS-RAN-067,Ranchi,RAN,center,True,drift
2025-01-23 17:00:00,23.5,988.0268463669181,41.0,AWS-RAN-067,Ranchi,RAN,center,True,drift
2025-01-23 18:00:00,21.2,991.8816005167217,48.0,AWS-RAN-067,Ranchi,RAN,center,True,drift
2025-01-23 19:00:00,19.9,996.3623838670779,53.0,AWS-RAN-067,Ranchi,RAN,center,True,drift
2025-01-23 20:00:00,19.0,1000.2690880149227,58.0,AWS-RAN-067,Ranchi,RAN,center,True,drift
2025-01-23 21:00:00,18.2,941.5,61.0,AWS-RAN-067,Ranchi,RAN,center,False,
2025-01-23 22:00:00,17.4,941.5,64.0,AWS-RAN-067,Ranchi,RAN,center,False,
2025-01-23 23:00:00,16.7,941.2,66.0,AWS-RAN-067,Ranchi,RAN,center,False,
2025-01-24 00:00:00,16.2,940.6,68.0,AWS-RAN-067,Ranchi,RAN,center,False,
2025-01-24 01:00:00,16.3,940.0,68.0,AWS-RAN-067,Ranchi,RAN,center,False,
2025-01-24 02:00:00,16.0,939.3,69.0,AWS-RAN-067,Ranchi,RAN,center,False,
2025-01-24 03:00:00,15.4,939.1,72.0,AWS-RAN-067,Ranchi,RAN,center,False,
2025-01-24 04:00:00,15.1,939.2,73.0,AWS-RAN-067,Ranchi,RAN,center,False,
2025-01-24 05:00:00,14.6,939.5,75.0,AWS-RAN-067,Ranchi,RAN,center,False,
2025-01-24 06:00:00,13.6,939.8,81.0,AWS-RAN-067,Ranchi,RAN,center,False,
2025-01-24 07:00:00,15.4,940.9,74.0,AWS-RAN-067,Ranchi,RAN,center,False,
2025-01-24 08:00:00,18.9,942.5,61.0,AWS-RAN-067,Ranchi,RAN,center,False,
2025-01-24 09:00:00,21.7,943.4,52.0,AWS-RAN-067,Ranchi,RAN,center,False,
2025-01-24 10:00:00,23.7,943.3,44.0,AWS-RAN-067,Ranchi,RAN,center,False,
2025-01-24 11:00:00,25.3,942.7,39.0,AWS-RAN-067,Ranchi,RAN,center,False,
2025-01-24 12:00:00,26.7,941.6,35.0,AWS-RAN-067,Ranchi,RAN,center,False,
2025-01-24 13:00:00,27.9,940.7,30.0,AWS-RAN-067,Ranchi,RAN,center,False,
2025-01-24 14:00:00,27.9,939.9,28.0,AWS-RAN-067,Ranchi,RAN,center,False,
2025-01-24 15:00:00,27.1,939.4,31.0,AWS-RAN-067,Ranchi,RAN,center,False,
2025-01-24 16:00:00,24.5,939.7,41.0,AWS-RAN-067,Ranchi,RAN,center,False,
2025-01-24 17:00:00,23.0,939.9,46.0,AWS-RAN-067,Ranchi,RAN,center,False,
2025-01-24 18:00:00,21.0,940.6,53.0,AWS-RAN-067,Ranchi,RAN,center,False,
2025-01-24 19:00:00,19.2,941.3,61.0,AWS-RAN-067,Ranchi,RAN,center,False,
2025-01-24 20:00:00,18.3,942.0,65.0,AWS-RAN-067,Ranchi,RAN,center,False,
2025-01-24 21:00:00,17.4,941.9,69.0,AWS-RAN-067,Ranchi,RAN,center,False,
2025-01-24 22:00:00,16.8,941.9,71.0,AWS-RAN-067,Ranchi,RAN,center,False,
2025-01-24 23:00:00,16.3,941.3,73.0,AWS-RAN-067,Ranchi,RAN,center,False,
2025-01-25 00:00:00,15.6,941.1,75.0,AWS-RAN-067,Ranchi,RAN,center,False,
2025-01-25 01:00:00,14.9,940.6,79.0,AWS-RAN-067,Ranchi,RAN,center,False,
2025-01-25 02:00:00,14.3,940.1,83.0,AWS-RAN-067,Ranchi,RAN,center,False,
2025-01-25 03:00:00,13.8,939.9,87.0,AWS-RAN-067,Ranchi,RAN,center,False,
2025-01-25 04:00:00,13.2,940.0,91.0,AWS-RAN-067,Ranchi,RAN,center,False,
2025-01-25 05:00:00,13.0,940.5,92.0,AWS-RAN-067,Ranchi,RAN,center,False,
2025-01-25 06:00:00,12.6,941.5,93.0,AWS-RAN-067,Ranchi,RAN,center,False,
2025-01-25 07:00:00,14.0,942.5,88.0,AWS-RAN-067,Ranchi,RAN,center,False,
2025-01-25 08:00:00,16.6,943.7,75.0,AWS-RAN-067,Ranchi,RAN,center,False,
2025-01-25 09:00:00,19.0,944.4,63.0,AWS-RAN-067,Ranchi,RAN,center,True,frozen_value
2025-01-25 10:00:00,21.2,944.4025097328529,53.0,AWS-RAN-067,Ranchi,RAN,center,True,frozen_value
2025-01-25 11:00:00,23.2,944.403629845451,44.0,AWS-RAN-067,Ranchi,RAN,center,True,frozen_value
2025-01-25 12:00:00,23.8,944.486117576938,40.0,AWS-RAN-067,Ranchi,RAN,center,True,frozen_value
2025-01-25 13:00:00,24.1,944.487873599225,38.0,AWS-RAN-067,Ranchi,RAN,center,True,frozen_value
2025-01-25 14:00:00,24.2,944.5359798744445,36.0,AWS-RAN-067,Ranchi,RAN,center,True,frozen_value
2025-01-25 15:00:00,23.6,944.4900316761866,36.0,AWS-RAN-067,Ranchi,RAN,center,True,frozen_value
2025-01-25 16:00:00,22.2,944.5218504396089,39.0,AWS-RAN-067,Ranchi,RAN,center,True,frozen_value
2025-01-25 17:00:00,19.6,940.9,45.0,AWS-RAN-067,Ranchi,RAN,center,False,
2025-01-25 18:00:00,18.2,941.0,53.0,AWS-RAN-067,Ranchi,RAN,center,False,
2025-01-25 19:00:00,17.1,941.3,56.0,AWS-RAN-067,Ranchi,RAN,center,False,
2025-01-25 20:00:00,16.6,941.5,53.0,AWS-RAN-067,Ranchi,RAN,center,False,
2025-01-25 21:00:00,16.4,941.7,49.0,AWS-RAN-067,Ranchi,RAN,center,False,
2025-01-25 22:00:00,16.3,942.0,45.0,AWS-RAN-067,Ranchi,RAN,center,False,
2025-01-25 23:00:00,16.0,941.7,44.0,AWS-RAN-067,Ranchi,RAN,center,False,
2025-01-26 00:00:00,15.0,941.2,48.0,AWS-RAN-067,Ranchi,RAN,center,False,
2025-01-26 01:00:00,13.7,962.8823201947351,54.0,AWS-RAN-067,Ranchi,RAN,center,True,drift
2025-01-26 02:00:00,1.3057182414710926,940.3,58.0,AWS-RAN-067,Ranchi,RAN,center,True,drift
2025-01-26 03:00:00,-10.988563517057816,940.0,60.0,AWS-RAN-067,Ranchi,RAN,center,True,drift
2025-01-26 04:00:00,-23.282845275586727,939.8,62.0,AWS-RAN-067,Ranchi,RAN,center,True,drift
2025-01-26 05:00:00,-35.577127034115634,940.2,63.0,AWS-RAN-067,Ranchi,RAN,center,True,drift
2025-01-26 06:00:00,-47.77140879264455,941.0,70.0,AWS-RAN-067,Ranchi,RAN,center,True,drift
2025-01-26 07:00:00,-57.065690551173454,942.3,59.0,AWS-RAN-067,Ranchi,RAN,center,True,drift
2025-01-26 08:00:00,-64.95997230970235,943.9,45.0,AWS-RAN-067,Ranchi,RAN,center,True,drift
2025-01-26 09:00:00,-74.35425406823126,944.8,35.0,AWS-RAN-067,Ranchi,RAN,center,True,drift
2025-01-26 10:00:00,-84.34853582676018,944.7,30.0,AWS-RAN-067,Ranchi,RAN,center,True,drift
2025-01-26 11:00:00,-94.6428175852891,944.1,27.0,AWS-RAN-067,Ranchi,RAN,center,True,drift
2025-01-26 12:00:00,-105.13709934381801,942.8,24.0,AWS-RAN-067,Ranchi,RAN,center,True,drift
2025-01-26 13:00:00,-115.83138110234691,941.8,22.0,AWS-RAN-067,Ranchi,RAN,center,True,drift
2025-01-26 14:00:00,-126.92566286087583,941.0,21.0,AWS-RAN-067,Ranchi,RAN,center,True,drift
2025-01-26 15:00:00,-138.6199446194047,940.4,22.0,AWS-RAN-067,Ranchi,RAN,center,True,drift
2025-01-26 16:00:00,-151.11422637793362,940.1,25.0,AWS-RAN-067,Ranchi,RAN,center,True,drift
2025-01-26 17:00:00,-165.30850813646254,939.5,32.0,AWS-RAN-067,Ranchi,RAN,center,True,drift
2025-01-26 18:00:00,-178.10278989499142,939.5,40.0,AWS-RAN-067,Ranchi,RAN,center,True,drift
2025-01-26 19:00:00,-190.29707165352036,940.2,42.0,AWS-RAN-067,Ranchi,RAN,center,True,drift
2025-01-26 20:00:00,-202.89135341204926,940.4,47.0,AWS-RAN-067,Ranchi,RAN,center,True,drift
2025-01-26 21:00:00,-215.48563517057818,940.5,51.0,AWS-RAN-067,Ranchi,RAN,center,True,drift
2025-01-26 22:00:00,-227.57991692910707,940.3,52.0,AWS-RAN-067,Ranchi,RAN,center,True,drift
2025-01-26 23:00:00,-239.474198687636,939.9,52.0,AWS-RAN-067,Ranchi,RAN,center,True,drift
2025-01-27 00:00:00,-251.36848044616488,939.2,52.0,AWS-RAN-067,Ranchi,RAN,center,True,drift
2025-01-27 01:00:00,215.36205821742791,942.1245440303029,100.0,AWS-RAN-067,Ranchi,RAN,center,True,multivariate_inconsistency
2025-01-27 02:00:00,214.86205821742791,934.3774630761478,100.0,AWS-RAN-067,Ranchi,RAN,center,True,multivariate_inconsistency
2025-01-27 03:00:00,214.06205821742793,937.3593797672925,100.0,AWS-RAN-067,Ranchi,RAN,center,True,multivariate_inconsistency
2025-01-27 04:00:00,213.46205821742794,932.6117916669658,100.0,AWS-RAN-067,Ranchi,RAN,center,True,multivariate_inconsistency
2025-01-27 05:00:00,213.16205821742793,938.091569414712,100.0,AWS-RAN-067,Ranchi,RAN,center,True,multivariate_inconsistency
2025-01-27 06:00:00,9.8,938.6,69.0,AWS-RAN-067,Ranchi,RAN,center,False,
2025-01-27 07:00:00,11.5,939.8,61.0,AWS-RAN-067,Ranchi,RAN,center,False,
2025-01-27 08:00:00,15.0,941.3,49.0,AWS-RAN-067,Ranchi,RAN,center,False,
2025-01-27 09:00:00,17.6,942.1,37.0,AWS-RAN-067,Ranchi,RAN,center,False,
2025-01-27 10:00:00,19.5,942.4,28.0,AWS-RAN-067,Ranchi,RAN,center,False,
2025-01-27 11:00:00,21.0,941.7,22.0,AWS-RAN-067,Ranchi,RAN,center,False,
2025-01-27 12:00:00,22.1,940.8,21.0,AWS-RAN-067,Ranchi,RAN,center,False,
2025-01-27 13:00:00,22.7,939.9,20.0,AWS-RAN-067,Ranchi,RAN,center,False,
2025-01-27 14:00:00,22.7,939.1,20.0,AWS-RAN-067,Ranchi,RAN,center,False,
2025-01-27 15:00:00,22.2,938.8,20.0,AWS-RAN-067,Ranchi,RAN,center,False,
2025-01-27 16:00:00,21.0,938.6,22.0,AWS-RAN-067,Ranchi,RAN,center,False,
2025-01-27 17:00:00,17.9,938.4,27.0,AWS-RAN-067,Ranchi,RAN,center,False,
2025-01-27 18:00:00,16.8,937.9,32.0,AWS-RAN-067,Ranchi,RAN,center,False,
2025-01-27 19:00:00,15.8,938.4,36.0,AWS-RAN-067,Ranchi,RAN,center,False,
2025-01-27 20:00:00,14.6,938.6,39.0,AWS-RAN-067,Ranchi,RAN,center,False,
2025-01-27 21:00:00,13.7,-0.007298463317057375,42.0,AWS-RAN-067,Ranchi,RAN,center,True,sensor_fail_low
2025-01-27 22:00:00,13.5,-0.05928380099187791,43.0,AWS-RAN-067,Ranchi,RAN,center,True,sensor_fail_low
2025-01-27 23:00:00,13.4,0.026792124811075808,45.0,AWS-RAN-067,Ranchi,RAN,center,True,sensor_fail_low
2025-01-28 00:00:00,13.4,-0.10012643761049352,45.0,AWS-RAN-067,Ranchi,RAN,center,True,sensor_fail_low
2025-01-28 01:00:00,13.3,938.0,46.0,AWS-RAN-067,Ranchi,RAN,center,False,
2025-01-28 02:00:00,12.7,937.6,49.0,AWS-RAN-067,Ranchi,RAN,center,False,
2025-01-28 03:00:00,12.0,964.3646589686506,53.0,AWS-RAN-067,Ranchi,RAN,center,True,spike
2025-01-28 04:00:00,11.5,936.8,56.0,AWS-RAN-067,Ranchi,RAN,center,False,
2025-01-28 05:00:00,11.2,937.3,59.0,AWS-RAN-067,Ranchi,RAN,center,False,
2025-01-28 06:00:00,10.0,938.2,71.0,AWS-RAN-067,Ranchi,RAN,center,False,
2025-01-28 07:00:00,11.9,939.8,64.0,AWS-RAN-067,Ranchi,RAN,center,False,
2025-01-28 08:00:00,15.8,941.8,50.0,AWS-RAN-067,Ranchi,RAN,center,False,
2025-01-28 09:00:00,18.5,943.1,39.0,AWS-RAN-067,Ranchi,RAN,center,False,
2025-01-28 10:00:00,20.4,943.4,31.0,AWS-RAN-067,Ranchi,RAN,center,False,
2025-01-28 11:00:00,21.9,942.7,26.0,AWS-RAN-067,Ranchi,RAN,center,False,
2025-01-28 12:00:00,23.0,941.8,23.0,AWS-RAN-067,Ranchi,RAN,center,False,
2025-01-28 13:00:00,23.6,941.1,22.0,AWS-RAN-067,Ranchi,RAN,center,False,
2025-01-28 14:00:00,23.7,940.4,21.0,AWS-RAN-067,Ranchi,RAN,center,False,
2025-01-28 15:00:00,23.3,940.2,21.0,AWS-RAN-067,Ranchi,RAN,center,False,
2025-01-28 16:00:00,22.3,940.2,22.0,AWS-RAN-067,Ranchi,RAN,center,False,
2025-01-28 17:00:00,19.1,939.9,30.0,AWS-RAN-067,Ranchi,RAN,center,False,
2025-01-28 18:00:00,18.1,940.3,37.0,AWS-RAN-067,Ranchi,RAN,center,False,
2025-01-28 19:00:00,16.1,940.7,43.0,AWS-RAN-067,Ranchi,RAN,center,False,
2025-01-28 20:00:00,15.9,941.3,43.0,AWS-RAN-067,Ranchi,RAN,center,False,
2025-01-28 21:00:00,15.2,941.6,44.0,AWS-RAN-067,Ranchi,RAN,center,False,
2025-01-28 22:00:00,14.5,941.9,44.0,AWS-RAN-067,Ranchi,RAN,center,False,
2025-01-28 23:00:00,14.8,941.8,41.0,AWS-RAN-067,Ranchi,RAN,center,False,
2025-01-29 00:00:00,14.1,941.6,42.0,AWS-RAN-067,Ranchi,RAN,center,False,
2025-01-29 01:00:00,13.5,941.3,44.0,AWS-RAN-067,Ranchi,RAN,center,False,
2025-01-29 02:00:00,13.1,940.9,47.0,AWS-RAN-067,Ranchi,RAN,center,False,
2025-01-29 03:00:00,12.8,940.6,50.0,AWS-RAN-067,Ranchi,RAN,center,False,
2025-01-29 04:00:00,12.4,940.4,56.0,AWS-RAN-067,Ranchi,RAN,center,False,
2025-01-29 05:00:00,11.7,940.7,64.0,AWS-RAN-067,Ranchi,RAN,center,False,
2025-01-29 06:00:00,10.7,941.4,74.0,AWS-RAN-067,Ranchi,RAN,center,False,
2025-01-29 07:00:00,13.0,954.4289056243961,68.0,AWS-RAN-067,Ranchi,RAN,center,True,spike
2025-01-29 08:00:00,16.3,947.789994075046,58.0,AWS-RAN-067,Ranchi,RAN,center,True,spike
2025-01-29 09:00:00,19.3,946.5968040509005,50.0,AWS-RAN-067,Ranchi,RAN,center,True,spike
2025-01-29 10:00:00,21.7,945.8,41.0,AWS-RAN-067,Ranchi,RAN,center,False,
2025-01-29 11:00:00,23.5,945.2,34.0,AWS-RAN-067,Ranchi,RAN,center,False,
2025-01-29 12:00:00,24.9,944.0,29.0,AWS-RAN-067,Ranchi,RAN,center,False,
2025-01-29 13:00:00,25.8,942.8,25.0,AWS-RAN-067,Ranchi,RAN,center,False,
2025-01-29 14:00:00,26.3,941.7,23.0,AWS-RAN-067,Ranchi,RAN,center,False,
2025-01-29 15:00:00,26.1,941.4,22.0,AWS-RAN-067,Ranchi,RAN,center,False,
2025-01-29 16:00:00,24.9,941.0,24.0,AWS-RAN-067,Ranchi,RAN,center,False,
2025-01-29 17:00:00,-39.93461121907242,940.8,32.0,AWS-RAN-067,Ranchi,RAN,center,True,sensor_fail_low
2025-01-29 18:00:00,-39.970959145737375,940.8,46.0,AWS-RAN-067,Ranchi,RAN,center,True,sensor_fail_low
2025-01-29 19:00:00,-40.01988739251657,941.2,58.0,AWS-RAN-067,Ranchi,RAN,center,True,sensor_fail_low
2025-01-29 20:00:00,-39.982239040764455,941.6,63.0,AWS-RAN-067,Ranchi,RAN,center,True,sensor_fail_low
2025-01-29 21:00:00,18.6,941.5,62.0,AWS-RAN-067,Ranchi,RAN,center,False,
2025-01-29 22:00:00,18.4,941.4,60.0,AWS-RAN-067,Ranchi,RAN,center,False,
2025-01-29 23:00:00,17.3,940.8,59.0,AWS-RAN-067,Ranchi,RAN,center,False,
2025-01-30 00:00:00,17.5,940.2,59.0,AWS-RAN-067,Ranchi,RAN,center,False,
2025-01-30 01:00:00,17.0,939.6,64.0,AWS-RAN-067,Ranchi,RAN,center,False,
2025-01-30 02:00:00,16.4,938.6,68.0,AWS-RAN-067,Ranchi,RAN,center,False,
2025-01-30 03:00:00,15.9,938.0,71.0,AWS-RAN-067,Ranchi,RAN,center,False,
2025-01-30 04:00:00,16.0,937.7,71.0,AWS-RAN-067,Ranchi,RAN,center,False,
2025-01-30 05:00:00,16.0,937.8,72.0,AWS-RAN-067,Ranchi,RAN,center,False,
2025-01-30 06:00:00,15.2,938.5,76.0,AWS-RAN-067,Ranchi,RAN,center,False,
2025-01-30 07:00:00,17.2,939.8,66.0,AWS-RAN-067,Ranchi,RAN,center,False,
2025-01-30 08:00:00,20.8,941.3,53.0,AWS-RAN-067,Ranchi,RAN,center,False,
2025-01-30 09:00:00,23.6,942.1,46.0,AWS-RAN-067,Ranchi,RAN,center,False,
2025-01-30 10:00:00,25.8,942.1,40.0,AWS-RAN-067,Ranchi,RAN,center,False,
2025-01-30 11:00:00,27.5,941.7,34.0,AWS-RAN-067,Ranchi,RAN,center,False,
2025-01-30 12:00:00,28.0,940.6,34.0,AWS-RAN-067,Ranchi,RAN,center,False,
2025-01-30 13:00:00,28.4,939.3,32.0,AWS-RAN-067,Ranchi,RAN,center,False,
2025-01-30 14:00:00,28.2,938.5,32.0,AWS-RAN-067,Ranchi,RAN,center,False,
2025-01-30 15:00:00,27.2,938.0,33.0,AWS-RAN-067,Ranchi,RAN,center,False,
2025-01-30 16:00:00,25.7,938.0,36.0,AWS-RAN-067,Ranchi,RAN,center,False,
2025-01-30 17:00:00,23.4,937.9,40.0,AWS-RAN-067,Ranchi,RAN,center,False,
2025-01-30 18:00:00,21.5,938.0,47.0,AWS-RAN-067,Ranchi,RAN,center,False,
2025-01-30 19:00:00,19.7,938.5,52.0,AWS-RAN-067,Ranchi,RAN,center,True,drift
2025-01-30 20:00:00,23.071550533853078,938.7,53.0,AWS-RAN-067,Ranchi,RAN,center,True,drift
2025-01-30 21:00:00,27.04310106770615,938.9,51.0,AWS-RAN-067,Ranchi,RAN,center,True,drift
2025-01-30 22:00:00,30.41465160155922,938.6,52.0,AWS-RAN-067,Ranchi,RAN,center,True,drift
2025-01-30 23:00:00,33.3862021354123,938.0,55.0,AWS-RAN-067,Ranchi,RAN,center,True,drift
2025-01-31 00:00:00,36.55775266926537,937.4,59.0,AWS-RAN-067,Ranchi,RAN,center,True,drift
2025-01-31 01:00:00,40.529303203118445,937.1,59.0,AWS-RAN-067,Ranchi,RAN,center,True,drift
2025-01-31 02:00:00,44.30085373697152,936.7,61.0,AWS-RAN-067,Ranchi,RAN,center,True,drift
2025-01-31 03:00:00,47.9724042708246,936.5,64.0,AWS-RAN-067,Ranchi,RAN,center,True,drift
2025-01-31 04:00:00,51.443954804677674,936.4,67.0,AWS-RAN-067,Ranchi,RAN,center,True,drift
2025-01-31 05:00:00,54.91550533853075,937.0,70.0,AWS-RAN-067,Ranchi,RAN,center,True,drift
2025-01-31 06:00:00,58.187055872383816,937.9,78.0,AWS-RAN-067,Ranchi,RAN,center,True,drift
2025-01-31 07:00:00,64.35860640623689,939.4,68.0,AWS-RAN-067,Ranchi,RAN,center,True,drift
2025-01-31 08:00:00,72.83015694008996,941.5,50.0,AWS-RAN-067,Ranchi,RAN,center,True,drift
2025-01-31 09:00:00,79.10170747394304,942.7,46.0,AWS-RAN-067,Ranchi,RAN,center,True,drift
2025-01-31 10:00:00,84.77325800779612,942.8,,AWS-RAN-067,Ranchi,RAN,center,True,dropout
2025-01-31 11:00:00,90.24480854164919,942.0,37.0,AWS-RAN-067,Ranchi,RAN,center,True,drift
2025-01-31 12:00:00,95.71635907550227,941.2,28.0,AWS-RAN-067,Ranchi,RAN,center,True,drift
2025-01-31 13:00:00,100.48790960935534,940.3,22.0,AWS-RAN-067,Ranchi,RAN,center,True,drift
2025-01-31 14:00:00,104.2594601432084,939.6,25.0,AWS-RAN-067,Ranchi,RAN,center,True,drift
2025-01-31 15:00:00,107.6310106770615,939.3,26.0,AWS-RAN-067,Ranchi,RAN,center,True,drift
2025-01-31 16:00:00,110.40256121091456,939.3,27.0,AWS-RAN-067,Ranchi,RAN,center,True,drift
2025-01-31 17:00:00,111.57411174476763,939.5,33.0,AWS-RAN-067,Ranchi,RAN,center,True,drift
2025-01-31 18:00:00,113.7456622786207,939.5,39.0,AWS-RAN-067,Ranchi,RAN,center,True,drift
2025-01-31 19:00:00,116.31721281247378,939.9,40.0,AWS-RAN-067,Ranchi,RAN,center,True,drift
2025-01-31 20:00:00,118.78876334632686,940.6,44.0,AWS-RAN-067,Ranchi,RAN,center,True,drift
2025-01-31 21:00:00,122.46031388017992,966.4462721457498,44.0,AWS-RAN-067,Ranchi,RAN,center,True,drift
2025-01-31 22:00:00,125.43186441403302,940.3,46.0,AWS-RAN-067,Ranchi,RAN,center,True,drift
2025-01-31 23:00:00,128.70341494788607,939.8,48.0,AWS-RAN-067,Ranchi,RAN,center,True,drift
2025-02-01 00:00:00,131.97496548173916,939.3,51.0,AWS-RAN-067,Ranchi,RAN,center,True,drift
2025-02-01 01:00:00,135.84651601559221,939.1,51.0,AWS-RAN-067,Ranchi,RAN,center,True,drift
2025-02-01 02:00:00,139.6180665494453,938.4,52.0,AWS-RAN-067,Ranchi,RAN,center,True,drift
2025-02-01 03:00:00,143.28961708329837,938.1,53.0,AWS-RAN-067,Ranchi,RAN,center,True,drift
2025-02-01 04:00:00,146.66116761715145,938.0,58.0,AWS-RAN-067,Ranchi,RAN,center,True,drift
2025-02-01 05:00:00,150.13271815100452,938.6,,AWS-RAN-067,Ranchi,RAN,center,True,dropout
2025-02-01 06:00:00,153.7042686848576,939.1,77.0,AWS-RAN-067,Ranchi,RAN,center,True,drift
2025-02-01 07:00:00,17.1,940.7,70.0,AWS-RAN-067,Ranchi,RAN,center,False,
2025-02-01 08:00:00,20.6,942.5,57.0,AWS-RAN-067,Ranchi,RAN,center,False,
2025-02-01 09:00:00,23.2,943.9,48.0,AWS-RAN-067,Ranchi,RAN,center,False,
2025-02-01 10:00:00,25.1,943.9,41.0,AWS-RAN-067,Ranchi,RAN,center,False,
2025-02-01 11:00:00,26.6,943.3,37.0,AWS-RAN-067,Ranchi,RAN,center,False,
2025-02-01 12:00:00,27.9,942.2,35.0,AWS-RAN-067,Ranchi,RAN,center,False,
2025-02-01 13:00:00,29.0,941.2,30.0,AWS-RAN-067,Ranchi,RAN,center,False,
2025-02-01 14:00:00,29.5,940.4,27.0,AWS-RAN-067,Ranchi,RAN,center,False,
2025-02-01 15:00:00,29.4,940.1,26.0,AWS-RAN-067,Ranchi,RAN,center,False,
2025-02-01 16:00:00,27.6,940.4,31.0,AWS-RAN-067,Ranchi,RAN,center,False,
2025-02-01 17:00:00,24.7,940.7,40.0,AWS-RAN-067,Ranchi,RAN,center,False,
2025-02-01 18:00:00,22.7,940.6,50.0,AWS-RAN-067,Ranchi,RAN,center,False,
2025-02-01 19:00:00,21.6,941.2,55.0,AWS-RAN-067,Ranchi,RAN,center,False,
2025-02-01 20:00:00,20.9,941.5,56.0,AWS-RAN-067,Ranchi,RAN,center,False,
2025-02-01 21:00:00,20.2,941.7,56.0,AWS-RAN-067,Ranchi,RAN,center,False,
2025-02-01 22:00:00,19.3,941.3,60.0,AWS-RAN-067,Ranchi,RAN,center,False,
2025-02-01 23:00:00,18.8,940.9,63.0,AWS-RAN-067,Ranchi,RAN,center,False,
2025-02-02 00:00:00,18.8,940.6,64.0,AWS-RAN-067,Ranchi,RAN,center,False,
2025-02-02 01:00:00,18.8,940.1,65.0,AWS-RAN-067,Ranchi,RAN,center,False,
2025-02-02 02:00:00,18.5,939.4,66.0,AWS-RAN-067,Ranchi,RAN,center,False,
2025-02-02 03:00:00,18.6,939.1,66.0,AWS-RAN-067,Ranchi,RAN,center,False,
2025-02-02 04:00:00,18.4,938.8,67.0,AWS-RAN-067,Ranchi,RAN,center,False,
2025-02-02 05:00:00,18.1,939.4,68.0,AWS-RAN-067,Ranchi,RAN,center,False,
2025-02-02 06:00:00,16.6,940.1,79.0,AWS-RAN-067,Ranchi,RAN,center,False,
2025-02-02 07:00:00,17.9,941.6,74.0,AWS-RAN-067,Ranchi,RAN,center,False,
2025-02-02 08:00:00,21.2,943.3,65.0,AWS-RAN-067,Ranchi,RAN,center,False,
2025-02-02 09:00:00,23.5,944.2,59.0,AWS-RAN-067,Ranchi,RAN,center,False,
2025-02-02 10:00:00,25.4,944.3,50.0,AWS-RAN-067,Ranchi,RAN,center,False,
2025-02-02 11:00:00,26.7,943.4,44.0,AWS-RAN-067,Ranchi,RAN,center,False,
2025-02-02 12:00:00,27.7,942.4,40.0,AWS-RAN-067,Ranchi,RAN,center,False,
2025-02-02 13:00:00,28.3,941.5,36.0,AWS-RAN-067,Ranchi,RAN,center,False,
2025-02-02 14:00:00,28.2,940.9,35.0,AWS-RAN-067,Ranchi,RAN,center,False,
2025-02-02 15:00:00,27.6,940.6,36.0,AWS-RAN-067,Ranchi,RAN,center,False,
2025-02-02 16:00:00,26.7,940.6,37.0,AWS-RAN-067,Ranchi,RAN,center,False,
2025-02-02 17:00:00,24.3,940.5,44.0,AWS-RAN-067,Ranchi,RAN,center,False,
2025-02-02 18:00:00,22.3,940.5,52.0,AWS-RAN-067,Ranchi,RAN,center,False,
2025-02-02 19:00:00,21.3,940.9,54.0,AWS-RAN-067,Ranchi,RAN,center,False,
2025-02-02 20:00:00,20.8,941.3,55.0,AWS-RAN-067,Ranchi,RAN,center,False,
2025-02-02 21:00:00,19.9,941.4,58.0,AWS-RAN-067,Ranchi,RAN,center,False,
2025-02-02 22:00:00,19.4,941.4,60.0,AWS-RAN-067,Ranchi,RAN,center,False,
2025-02-02 23:00:00,19.0,940.8,62.0,AWS-RAN-067,Ranchi,RAN,center,False,
2025-02-03 00:00:00,18.7,940.4,64.0,AWS-RAN-067,Ranchi,RAN,center,False,
2025-02-03 01:00:00,18.0,940.0,67.0,AWS-RAN-067,Ranchi,RAN,center,False,
2025-02-03 02:00:00,17.1,939.5,71.0,AWS-RAN-067,Ranchi,RAN,center,False,
2025-02-03 03:00:00,16.2,939.3,74.0,AWS-RAN-067,Ranchi,RAN,center,False,
2025-02-03 04:00:00,15.3,939.2,78.0,AWS-RAN-067,Ranchi,RAN,center,False,
2025-02-03 05:00:00,15.0,939.6,79.0,AWS-RAN-067,Ranchi,RAN,center,False,
2025-02-03 06:00:00,14.2,940.5,86.0,AWS-RAN-067,Ranchi,RAN,center,False,
2025-02-03 07:00:00,16.8,941.9,73.0,AWS-RAN-067,Ranchi,RAN,center,False,
2025-02-03 08:00:00,20.2,965.6589986122447,58.0,AWS-RAN-067,Ranchi,RAN,center,True,spike
2025-02-03 09:00:00,22.2,944.5,50.0,AWS-RAN-067,Ranchi,RAN,center,False,
2025-02-03 10:00:00,23.8,944.8,44.0,AWS-RAN-067,Ranchi,RAN,center,False,
2025-02-03 11:00:00,25.2,943.9,39.0,AWS-RAN-067,Ranchi,RAN,center,False,
2025-02-03 12:00:00,26.4,942.9,36.0,AWS-RAN-067,Ranchi,RAN,center,False,
2025-02-03 13:00:00,26.8,942.0,35.0,AWS-RAN-067,Ranchi,RAN,center,False,
2025-02-03 14:00:00,26.9,941.3,34.0,AWS-RAN-067,Ranchi,RAN,center,False,
2025-02-03 15:00:00,26.5,941.3,35.0,AWS-RAN-067,Ranchi,RAN,center,False,
2025-02-03 16:00:00,25.5,941.3,37.0,AWS-RAN-067,Ranchi,RAN,center,False,
2025-02-03 17:00:00,23.2,941.4,42.0,AWS-RAN-067,Ranchi,RAN,center,False,
2025-02-03 18:00:00,21.3,941.9,47.0,AWS-RAN-067,Ranchi,RAN,center,False,
2025-02-03 19:00:00,20.4,942.5,49.0,AWS-RAN-067,Ranchi,RAN,center,False,
2025-02-03 20:00:00,-96.11688768075967,1100.0,2.180007430285059,AWS-RAN-067,Ranchi,RAN,center,True,unstructured_anomaly
2025-02-03 21:00:00,-85.03910501621534,1100.0,9.498763617436381,AWS-RAN-067,Ranchi,RAN,center,True,unstructured_anomaly
2025-02-03 22:00:00,125.55735465726794,800.0,7.79677731102754,AWS-RAN-067,Ranchi,RAN,center,True,unstructured_anomaly
2025-02-03 23:00:00,115.24992042082476,800.0,17.43129627859834,AWS-RAN-067,Ranchi,RAN,center,True,unstructured_anomaly
2025-02-04 00:00:00,110.74963840044296,800.0,100.0,AWS-RAN-067,Ranchi,RAN,center,True,unstructured_anomaly
2025-02-04 01:00:00,-80.70468355166336,1098.2418442618002,24.333210878313487,AWS-RAN-067,Ranchi,RAN,center,True,unstructured_anomaly
2025-02-04 02:00:00,126.06731747330488,800.0,100.0,AWS-RAN-067,Ranchi,RAN,center,True,unstructured_anomaly
2025-02-04 03:00:00,-93.60925588413936,1100.0,100.0,AWS-RAN-067,Ranchi,RAN,center,True,unstructured_anomaly
2025-02-04 04:00:00,14.2,940.0,77.0,AWS-RAN-067,Ranchi,RAN,center,False,
2025-02-04 05:00:00,14.2,940.4,76.0,AWS-RAN-067,Ranchi,RAN,center,False,
2025-02-04 06:00:00,13.9,941.1,78.0,AWS-RAN-067,Ranchi,RAN,center,False,
2025-02-04 07:00:00,16.3,942.5,67.0,AWS-RAN-067,Ranchi,RAN,center,False,
2025-02-04 08:00:00,20.0,944.0,54.0,AWS-RAN-067,Ranchi,RAN,center,False,
2025-02-04 09:00:00,23.2,944.9,44.0,AWS-RAN-067,Ranchi,RAN,center,False,
2025-02-04 10:00:00,25.7,945.1,37.0,AWS-RAN-067,Ranchi,RAN,center,False,
2025-02-04 11:00:00,27.4,944.2,33.0,AWS-RAN-067,Ranchi,RAN,center,False,
2025-02-04 12:00:00,27.9,943.2,33.0,AWS-RAN-067,Ranchi,RAN,center,False,
2025-02-04 13:00:00,28.0,942.3,32.0,AWS-RAN-067,Ranchi,RAN,center,False,
2025-02-04 14:00:00,27.5,941.6,33.0,AWS-RAN-067,Ranchi,RAN,center,False,
2025-02-04 15:00:00,27.0,941.3,33.0,AWS-RAN-067,Ranchi,RAN,center,False,
2025-02-04 16:00:00,25.8,941.1,36.0,AWS-RAN-067,Ranchi,RAN,center,False,
2025-02-04 17:00:00,23.6,941.0,42.0,AWS-RAN-067,Ranchi,RAN,center,False,
2025-02-04 18:00:00,21.7,940.6,49.0,AWS-RAN-067,Ranchi,RAN,center,False,
2025-02-04 19:00:00,20.6,941.0,52.0,AWS-RAN-067,Ranchi,RAN,center,False,
2025-02-04 20:00:00,19.9,941.3,55.0,AWS-RAN-067,Ranchi,RAN,center,False,
2025-02-04 21:00:00,19.3,941.1,57.0,AWS-RAN-067,Ranchi,RAN,center,False,
2025-02-04 22:00:00,19.5,940.8,55.0,AWS-RAN-067,Ranchi,RAN,center,False,
2025-02-04 23:00:00,19.7,940.3,54.0,AWS-RAN-067,Ranchi,RAN,center,False,
2025-02-05 00:00:00,19.7,939.9,53.0,AWS-RAN-067,Ranchi,RAN,center,False,
2025-02-05 01:00:00,19.8,939.4,52.0,AWS-RAN-067,Ranchi,RAN,center,False,
2025-02-05 02:00:00,19.1,939.1,55.0,AWS-RAN-067,Ranchi,RAN,center,False,
2025-02-05 03:00:00,18.0,938.9,60.0,AWS-RAN-067,Ranchi,RAN,center,False,
2025-02-05 04:00:00,17.4,938.8,62.0,AWS-RAN-067,Ranchi,RAN,center,False,
2025-02-05 05:00:00,44.749502254099525,939.2,62.0,AWS-RAN-067,Ranchi,RAN,center,True,spike
2025-02-05 06:00:00,22.811528925915,939.6,64.0,AWS-RAN-067,Ranchi,RAN,center,True,spike
2025-02-05 07:00:00,20.1638988550598,940.8,58.0,AWS-RAN-067,Ranchi,RAN,center,True,spike
2025-02-05 08:00:00,22.870224562180287,942.4,48.0,AWS-RAN-067,Ranchi,RAN,center,True,spike
2025-02-05 09:00:00,25.7,943.5,40.0,AWS-RAN-067,Ranchi,RAN,center,False,
2025-02-05 10:00:00,27.7,943.5,36.0,AWS-RAN-067,Ranchi,RAN,center,False,
2025-02-05 11:00:00,29.0,942.7,33.0,AWS-RAN-067,Ranchi,RAN,center,False,
2025-02-05 12:00:00,29.8,941.6,31.0,AWS-RAN-067,Ranchi,RAN,center,False,
2025-02-05 13:00:00,29.7,940.7,31.0,AWS-RAN-067,Ranchi,RAN,center,False,
2025-02-05 14:00:00,29.7,939.8,29.0,AWS-RAN-067,Ranchi,RAN,center,False,
2025-02-05 15:00:00,28.9,939.4,32.0,AWS-RAN-067,Ranchi,RAN,center,False,
2025-02-05 16:00:00,27.8,939.4,33.0,AWS-RAN-067,Ranchi,RAN,center,False,
2025-02-05 17:00:00,25.8,939.6,39.0,AWS-RAN-067,Ranchi,RAN,center,False,
2025-02-05 18:00:00,23.7,939.8,46.0,AWS-RAN-067,Ranchi,RAN,center,False,
2025-02-05 19:00:00,22.6,940.4,51.0,AWS-RAN-067,Ranchi,RAN,center,False,
2025-02-05 20:00:00,21.1,941.1,58.0,AWS-RAN-067,Ranchi,RAN,center,False,
2025-02-05 21:00:00,19.8,941.0,64.0,AWS-RAN-067,Ranchi,RAN,center,False,
2025-02-05 22:00:00,19.6,941.2,65.0,AWS-RAN-067,Ranchi,RAN,center,False,
2025-02-05 23:00:00,19.0,941.2,68.0,AWS-RAN-067,Ranchi,RAN,center,False,
2025-02-06 00:00:00,18.7,940.9,69.0,AWS-RAN-067,Ranchi,RAN,center,False,
2025-02-06 01:00:00,18.5,940.4,70.0,AWS-RAN-067,Ranchi,RAN,center,False,
2025-02-06 02:00:00,18.1,939.9,71.0,AWS-RAN-067,Ranchi,RAN,center,False,
2025-02-06 03:00:00,17.7,939.7,73.0,AWS-RAN-067,Ranchi,RAN,center,False,
2025-02-06 04:00:00,17.1,939.6,76.0,AWS-RAN-067,Ranchi,RAN,center,False,
2025-02-06 05:00:00,16.6,940.1,78.0,AWS-RAN-067,Ranchi,RAN,center,False,
2025-02-06 06:00:00,16.2,941.1,82.0,AWS-RAN-067,Ranchi,RAN,center,False,
2025-02-06 07:00:00,17.0,941.9,79.0,AWS-RAN-067,Ranchi,RAN,center,False,
2025-02-06 08:00:00,18.9,943.0,72.0,AWS-RAN-067,Ranchi,RAN,center,False,
2025-02-06 09:00:00,20.8,943.6,61.0,AWS-RAN-067,Ranchi,RAN,center,False,
2025-02-06 10:00:00,22.8,943.6,51.0,AWS-RAN-067,Ranchi,RAN,center,False,
2025-02-06 11:00:00,24.5,943.4,44.0,AWS-RAN-067,Ranchi,RAN,center,False,
2025-02-06 12:00:00,25.5,942.6,39.0,AWS-RAN-067,Ranchi,RAN,center,False,
2025-02-06 13:00:00,26.1,941.9,35.0,AWS-RAN-067,Ranchi,RAN,center,False,
2025-02-06 14:00:00,26.1,941.3,32.0,AWS-RAN-067,Ranchi,RAN,center,False,
2025-02-06 15:00:00,25.5,940.7,29.0,AWS-RAN-067,Ranchi,RAN,center,False,
2025-02-06 16:00:00,24.3,940.6,28.0,AWS-RAN-067,Ranchi,RAN,center,False,
2025-02-06 17:00:00,22.0,940.8,29.0,AWS-RAN-067,Ranchi,RAN,center,False,
2025-02-06 18:00:00,20.1,941.1,34.0,AWS-RAN-067,Ranchi,RAN,center,False,
2025-02-06 19:00:00,18.8,941.7,31.0,AWS-RAN-067,Ranchi,RAN,center,False,
2025-02-06 20:00:00,17.6,942.0,30.0,AWS-RAN-067,Ranchi,RAN,center,False,
2025-02-06 21:00:00,17.0,942.1,29.0,AWS-RAN-067,Ranchi,RAN,center,False,
2025-02-06 22:00:00,16.6,942.0,28.0,AWS-RAN-067,Ranchi,RAN,center,True,drift
2025-02-06 23:00:00,15.8,942.2075684426154,28.0,AWS-RAN-067,Ranchi,RAN,center,True,drift
2025-02-07 00:00:00,15.1,942.3366820991603,29.0,AWS-RAN-067,Ranchi,RAN,center,True,drift
2025-02-07 01:00:00,14.6,943.1434358293569,31.0,AWS-RAN-067,Ranchi,RAN,center,True,drift
2025-02-07 02:00:00,14.2,944.4062766423708,33.0,AWS-RAN-067,Ranchi,RAN,center,True,drift
2025-02-07 03:00:00,13.7,946.4107592099981,36.0,AWS-RAN-067,Ranchi,RAN,center,True,drift
2025-02-07 04:00:00,13.3,949.0460656336963,40.0,AWS-RAN-067,Ranchi,RAN,center,True,drift
2025-02-07 05:00:00,12.9,952.5035815446303,43.0,AWS-RAN-067,Ranchi,RAN,center,True,drift
2025-02-07 06:00:00,12.2,956.8761709665447,52.0,AWS-RAN-067,Ranchi,RAN,center,True,drift
2025-02-07 07:00:00,13.4,961.7577567878192,50.0,AWS-RAN-067,Ranchi,RAN,center,True,drift
2025-02-07 08:00:00,16.1,967.5430564298697,42.0,AWS-RAN-067,Ranchi,RAN,center,True,drift
2025-02-07 09:00:00,18.7,973.4274047209462,34.0,AWS-RAN-067,Ranchi,RAN,center,True,drift
2025-02-07 10:00:00,21.0,978.7066295251623,29.0,AWS-RAN-067,Ranchi,RAN,center,True,drift
2025-02-07 11:00:00,23.2,983.6769611419086,22.0,AWS-RAN-067,Ranchi,RAN,center,True,drift
2025-02-07 12:00:00,24.9,988.6349643133588,17.0,AWS-RAN-067,Ranchi,RAN,center,True,drift
2025-02-07 13:00:00,25.6,994.1774859291756,15.0,AWS-RAN-067,Ranchi,RAN,center,True,drift
2025-02-07 14:00:00,25.7,999.9016139650457,14.0,AWS-RAN-067,Ranchi,RAN,center,True,drift
2025-02-07 15:00:00,25.4,1006.5046446689616,16.0,AWS-RAN-067,Ranchi,RAN,center,True,drift
2025-02-07 16:00:00,24.3,1013.8840559369014,18.0,AWS-RAN-067,Ranchi,RAN,center,True,drift
2025-02-07 17:00:00,21.3,1021.1374854221431,26.0,AWS-RAN-067,Ranchi,RAN,center,True,drift
2025-02-07 18:00:00,19.3,1029.562712325401,33.0,AWS-RAN-067,Ranchi,RAN,center,True,drift
2025-02-07 19:00:00,18.4,1038.857642089328,36.0,AWS-RAN-067,Ranchi,RAN,center,True,drift
2025-02-07 20:00:00,17.0,1047.9202934147386,38.0,AWS-RAN-067,Ranchi,RAN,center,True,drift
2025-02-07 21:00:00,16.3,1057.2487871545418,36.0,AWS-RAN-067,Ranchi,RAN,center,True,drift
2025-02-07 22:00:00,16.5,1066.9413367422967,32.0,AWS-RAN-067,Ranchi,RAN,center,True,drift
2025-02-07 23:00:00,16.4,1076.6962398869641,32.0,AWS-RAN-067,Ranchi,RAN,center,True,drift
2025-02-08 00:00:00,15.7,1086.2118713214327,34.0,AWS-RAN-067,Ranchi,RAN,center,True,drift
2025-02-08 01:00:00,14.9,1095.9866764349965,36.0,AWS-RAN-067,Ranchi,RAN,center,True,drift
2025-02-08 02:00:00,14.1,1100.0,37.0,AWS-RAN-067,Ranchi,RAN,center,True,drift
2025-02-08 03:00:00,13.4,1100.0,38.0,AWS-RAN-067,Ranchi,RAN,center,True,drift
2025-02-08 04:00:00,12.8,1100.0,43.0,AWS-RAN-067,Ranchi,RAN,center,True,drift
2025-02-08 05:00:00,12.4,1100.0,47.0,AWS-RAN-067,Ranchi,RAN,center,True,drift
2025-02-08 06:00:00,11.7,1100.0,52.0,AWS-RAN-067,Ranchi,RAN,center,True,drift
2025-02-08 07:00:00,13.3,1100.0,47.0,AWS-RAN-067,Ranchi,RAN,center,True,drift
2025-02-08 08:00:00,16.6,1100.0,38.0,AWS-RAN-067,Ranchi,RAN,center,True,drift
2025-02-08 09:00:00,19.3,1100.0,28.0,AWS-RAN-067,Ranchi,RAN,center,True,drift
2025-02-08 10:00:00,21.3,1100.0,22.0,AWS-RAN-067,Ranchi,RAN,center,True,drift
2025-02-08 11:00:00,22.9,1100.0,18.0,AWS-RAN-067,Ranchi,RAN,center,True,drift
2025-02-08 12:00:00,24.0,1100.0,17.0,AWS-RAN-067,Ranchi,RAN,center,True,drift
2025-02-08 13:00:00,24.7,1100.0,15.0,AWS-RAN-067,Ranchi,RAN,center,True,drift
2025-02-08 14:00:00,24.7,1100.0,14.0,AWS-RAN-067,Ranchi,RAN,center,True,drift
2025-02-08 15:00:00,24.2,1100.0,15.0,AWS-RAN-067,Ranchi,RAN,center,True,drift
2025-02-08 16:00:00,23.0,1100.0,17.0,AWS-RAN-067,Ranchi,RAN,center,True,drift
2025-02-08 17:00:00,20.8,1100.0,22.0,AWS-RAN-067,Ranchi,RAN,center,True,drift
2025-02-08 18:00:00,18.7,1100.0,27.0,AWS-RAN-067,Ranchi,RAN,center,True,drift
2025-02-08 19:00:00,17.8,1100.0,29.0,AWS-RAN-067,Ranchi,RAN,center,True,drift
2025-02-08 20:00:00,17.1,1100.0,29.0,AWS-RAN-067,Ranchi,RAN,center,True,drift
2025-02-08 21:00:00,16.4,1100.0,29.0,AWS-RAN-067,Ranchi,RAN,center,True,drift
2025-02-08 22:00:00,15.6,1100.0,31.0,AWS-RAN-067,Ranchi,RAN,center,True,drift
2025-02-08 23:00:00,15.1,942.4,33.0,AWS-RAN-067,Ranchi,RAN,center,False,
2025-02-09 00:00:00,14.7,941.8,34.0,AWS-RAN-067,Ranchi,RAN,center,False,
2025-02-09 01:00:00,14.4,941.1,34.0,AWS-RAN-067,Ranchi,RAN,center,False,
2025-02-09 02:00:00,13.9,940.4,37.0,AWS-RAN-067,Ranchi,RAN,center,False,
2025-02-09 03:00:00,13.3,940.0,39.0,AWS-RAN-067,Ranchi,RAN,center,False,
2025-02-09 04:00:00,12.8,939.9,42.0,AWS-RAN-067,Ranchi,RAN,center,False,
2025-02-09 05:00:00,12.5,940.2,43.0,AWS-RAN-067,Ranchi,RAN,center,False,
2025-02-09 06:00:00,12.3,940.9,47.0,AWS-RAN-067,Ranchi,RAN,center,False,
2025-02-09 07:00:00,14.5,942.1,41.0,AWS-RAN-067,Ranchi,RAN,center,False,
2025-02-09 08:00:00,18.3,943.7,32.0,AWS-RAN-067,Ranchi,RAN,center,False,
2025-02-09 09:00:00,21.0,944.6,25.0,AWS-RAN-067,Ranchi,RAN,center,False,
2025-02-09 10:00:00,22.9,944.6,22.0,AWS-RAN-067,Ranchi,RAN,center,False,
2025-02-09 11:00:00,24.2,944.0,21.0,AWS-RAN-067,Ranchi,RAN,center,False,
2025-02-09 12:00:00,25.3,942.9,19.0,AWS-RAN-067,Ranchi,RAN,center,False,
2025-02-09 13:00:00,25.9,942.0,19.0,AWS-RAN-067,Ranchi,RAN,center,False,
2025-02-09 14:00:00,25.9,941.3,20.0,AWS-RAN-067,Ranchi,RAN,center,False,
2025-02-09 15:00:00,25.5,940.9,20.0,AWS-RAN-067,Ranchi,RAN,center,False,
2025-02-09 16:00:00,24.4,941.0,21.0,AWS-RAN-067,Ranchi,RAN,center,False,
2025-02-09 17:00:00,21.8,940.8,25.0,AWS-RAN-067,Ranchi,RAN,center,False,
2025-02-09 18:00:00,20.0,940.9,30.0,AWS-RAN-067,Ranchi,RAN,center,False,
2025-02-09 19:00:00,19.1,941.2,32.0,AWS-RAN-067,Ranchi,RAN,center,False,
2025-02-09 20:00:00,18.8,941.6,33.0,AWS-RAN-067,Ranchi,RAN,center,False,
2025-02-09 21:00:00,18.4,942.0,34.0,AWS-RAN-067,Ranchi,RAN,center,False,
2025-02-09 22:00:00,18.0,942.1,35.0,AWS-RAN-067,Ranchi,RAN,center,False,
2025-02-09 23:00:00,17.5,941.6,36.0,AWS-RAN-067,Ranchi,RAN,center,False,
2025-02-10 00:00:00,16.9,941.0,37.0,AWS-RAN-067,Ranchi,RAN,center,False,
2025-02-10 01:00:00,15.8,940.2,40.0,AWS-RAN-067,Ranchi,RAN,center,False,
2025-02-10 02:00:00,15.0,939.6,43.0,AWS-RAN-067,Ranchi,RAN,center,False,
2025-02-10 03:00:00,14.2,939.2,45.0,AWS-RAN-067,Ranchi,RAN,center,False,
2025-02-10 04:00:00,14.0,939.1,45.0,AWS-RAN-067,Ranchi,RAN,center,False,
2025-02-10 05:00:00,13.9,939.6,44.0,AWS-RAN-067,Ranchi,RAN,center,False,
2025-02-10 06:00:00,13.5,940.8,49.0,AWS-RAN-067,Ranchi,RAN,center,False,
2025-02-10 07:00:00,17.1,942.4,41.0,AWS-RAN-067,Ranchi,RAN,center,False,
2025-02-10 08:00:00,20.8,944.0,35.0,AWS-RAN-067,Ranchi,RAN,center,False,
2025-02-10 09:00:00,23.6,945.2,27.0,AWS-RAN-067,Ranchi,RAN,center,False,
2025-02-10 10:00:00,25.5,945.3,23.0,AWS-RAN-067,Ranchi,RAN,center,False,
2025-02-10 11:00:00,26.8,944.7,21.0,AWS-RAN-067,Ranchi,RAN,center,False,
2025-02-10 12:00:00,27.9,943.7,19.0,AWS-RAN-067,Ranchi,RAN,center,False,
2025-02-10 13:00:00,28.6,942.7,17.0,AWS-RAN-067,Ranchi,RAN,center,False,
2025-02-10 14:00:00,28.5,941.7,18.0,AWS-RAN-067,Ranchi,RAN,center,False,
2025-02-10 15:00:00,27.7,941.5,21.0,AWS-RAN-067,Ranchi,RAN,center,False,
2025-02-10 16:00:00,26.4,941.4,23.0,AWS-RAN-067,Ranchi,RAN,center,False,
2025-02-10 17:00:00,23.5,941.2,29.0,AWS-RAN-067,Ranchi,RAN,center,False,
2025-02-10 18:00:00,22.0,941.0,31.0,AWS-RAN-067,Ranchi,RAN,center,False,
2025-02-10 19:00:00,20.3,941.6,35.0,AWS-RAN-067,Ranchi,RAN,center,False,
2025-02-10 20:00:00,19.3,941.9,39.0,AWS-RAN-067,Ranchi,RAN,center,False,
2025-02-10 21:00:00,18.2,941.9,43.0,AWS-RAN-067,Ranchi,RAN,center,False,
2025-02-10 22:00:00,18.1,941.9,44.0,AWS-RAN-067,Ranchi,RAN,center,False,
2025-02-10 23:00:00,18.1,941.4,43.0,AWS-RAN-067,Ranchi,RAN,center,False,
2025-02-11 00:00:00,17.8,941.1,43.0,AWS-RAN-067,Ranchi,RAN,center,False,
2025-02-11 01:00:00,17.4,940.1,44.0,AWS-RAN-067,Ranchi,RAN,center,False,
2025-02-11 02:00:00,-13.007209441254325,939.5,46.0,AWS-RAN-067,Ranchi,RAN,center,True,spike
2025-02-11 03:00:00,10.181088644642807,939.0,46.0,AWS-RAN-067,Ranchi,RAN,center,True,spike
2025-02-11 04:00:00,15.550453976293651,939.1,46.0,AWS-RAN-067,Ranchi,RAN,center,True,spike
2025-02-11 05:00:00,16.947877387686265,939.8,46.0,AWS-RAN-067,Ranchi,RAN,center,True,spike
2025-02-11 06:00:00,17.0,940.5,51.0,AWS-RAN-067,Ranchi,RAN,center,False,
2025-02-11 07:00:00,18.9,941.7,47.0,AWS-RAN-067,Ranchi,RAN,center,False,
2025-02-11 08:00:00,22.2,943.4,39.0,AWS-RAN-067,Ranchi,RAN,center,False,
2025-02-11 09:00:00,24.5,944.2,35.0,AWS-RAN-067,Ranchi,RAN,center,False,
2025-02-11 10:00:00,26.3,944.5,29.0,AWS-RAN-067,Ranchi,RAN,center,False,
2025-02-11 11:00:00,27.3,943.7,26.0,AWS-RAN-067,Ranchi,RAN,center,False,
2025-02-11 12:00:00,27.8,943.0,23.0,AWS-RAN-067,Ranchi,RAN,center,False,
2025-02-11 13:00:00,28.2,942.2,21.0,AWS-RAN-067,Ranchi,RAN,center,False,
2025-02-11 14:00:00,28.0,941.3,19.0,AWS-RAN-067,Ranchi,RAN,center,False,
2025-02-11 15:00:00,27.7,940.7,18.0,AWS-RAN-067,Ranchi,RAN,center,False,
2025-02-11 16:00:00,26.5,940.7,20.0,AWS-RAN-067,Ranchi,RAN,center,False,
2025-02-11 17:00:00,24.4,940.4,24.0,AWS-RAN-067,Ranchi,RAN,center,False,
2025-02-11 18:00:00,21.8,940.4,31.0,AWS-RAN-067,Ranchi,RAN,center,False,
2025-02-11 19:00:00,21.3,941.0,32.0,AWS-RAN-067,Ranchi,RAN,center,False,
2025-02-11 20:00:00,21.0,941.3,33.0,AWS-RAN-067,Ranchi,RAN,center,False,
2025-02-11 21:00:00,20.3,941.4,35.0,AWS-RAN-067,Ranchi,RAN,center,False,
2025-02-11 22:00:00,19.7,941.5,36.0,AWS-RAN-067,Ranchi,RAN,center,False,
2025-02-11 23:00:00,18.8,941.2,39.0,AWS-RAN-067,Ranchi,RAN,center,False,
2025-02-12 00:00:00,17.9,940.6,42.0,AWS-RAN-067,Ranchi,RAN,center,False,
2025-02-12 01:00:00,17.4,939.9,44.0,AWS-RAN-067,Ranchi,RAN,center,False,
2025-02-12 02:00:00,16.6,939.3,47.0,AWS-RAN-067,Ranchi,RAN,center,False,
2025-02-12 03:00:00,16.7,938.9,46.0,AWS-RAN-067,Ranchi,RAN,center,False,
2025-02-12 04:00:00,17.0,938.9,45.0,AWS-RAN-067,Ranchi,RAN,center,False,
2025-02-12 05:00:00,16.9,939.5,45.0,AWS-RAN-067,Ranchi,RAN,center,False,
2025-02-12 06:00:00,16.0,940.1,51.0,AWS-RAN-067,Ranchi,RAN,center,False,
2025-02-12 07:00:00,18.5,941.3,45.0,AWS-RAN-067,Ranchi,RAN,center,False,
2025-02-12 08:00:00,22.6,943.3,36.0,AWS-RAN-067,Ranchi,RAN,center,False,
2025-02-12 09:00:00,25.3,944.5,29.0,AWS-RAN-067,Ranchi,RAN,center,False,
2025-02-12 10:00:00,27.1,944.5,26.0,AWS-RAN-067,Ranchi,RAN,center,False,
2025-02-12 11:00:00,28.1,943.6,23.0,AWS-RAN-067,Ranchi,RAN,center,False,
2025-02-12 12:00:00,28.6,942.6,22.0,AWS-RAN-067,Ranchi,RAN,center,False,
2025-02-12 13:00:00,28.4,941.5,23.0,AWS-RAN-067,Ranchi,RAN,center,False,
2025-02-12 14:00:00,28.2,940.6,23.0,AWS-RAN-067,Ranchi,RAN,center,False,
2025-02-12 15:00:00,27.7,940.1,24.0,AWS-RAN-067,Ranchi,RAN,center,False,
2025-02-12 16:00:00,26.7,940.2,26.0,AWS-RAN-067,Ranchi,RAN,center,False,
2025-02-12 17:00:00,24.3,939.9,30.0,AWS-RAN-067,Ranchi,RAN,center,False,
2025-02-12 18:00:00,22.6,940.3,33.0,AWS-RAN-067,Ranchi,RAN,center,False,
2025-02-12 19:00:00,21.3,940.8,36.0,AWS-RAN-067,Ranchi,RAN,center,False,
2025-02-12 20:00:00,20.0,941.0,40.0,AWS-RAN-067,Ranchi,RAN,center,False,
2025-02-12 21:00:00,19.0,941.2,43.0,AWS-RAN-067,Ranchi,RAN,center,False,
2025-02-12 22:00:00,18.2,941.1,45.0,AWS-RAN-067,Ranchi,RAN,center,False,
2025-02-12 23:00:00,18.0,940.9,45.0,AWS-RAN-067,Ranchi,RAN,center,False,
2025-02-13 00:00:00,18.1,940.7,44.0,AWS-RAN-067,Ranchi,RAN,center,False,
2025-02-13 01:00:00,17.6,940.2,46.0,AWS-RAN-067,Ranchi,RAN,center,False,
2025-02-13 02:00:00,17.5,939.5,47.0,AWS-RAN-067,Ranchi,RAN,center,False,
2025-02-13 03:00:00,17.2,939.1,47.0,AWS-RAN-067,Ranchi,RAN,center,False,
2025-02-13 04:00:00,16.8,939.0,47.0,AWS-RAN-067,Ranchi,RAN,center,False,
2025-02-13 05:00:00,16.6,939.5,46.0,AWS-RAN-067,Ranchi,RAN,center,False,
2025-02-13 06:00:00,15.9,940.3,58.0,AWS-RAN-067,Ranchi,RAN,center,False,
2025-02-13 07:00:00,17.2,941.5,57.0,AWS-RAN-067,Ranchi,RAN,center,False,
2025-02-13 08:00:00,19.4,942.7,50.0,AWS-RAN-067,Ranchi,RAN,center,False,
2025-02-13 09:00:00,21.1,943.8,40.0,AWS-RAN-067,Ranchi,RAN,center,False,
2025-02-13 10:00:00,22.5,943.8,33.0,AWS-RAN-067,Ranchi,RAN,center,False,
2025-02-13 11:00:00,23.9,-0.0003674627776891438,27.0,AWS-RAN-067,Ranchi,RAN,center,True,sensor_fail_low
2025-02-13 12:00:00,72.99380042156704,0.027597999137768288,22.0,AWS-RAN-067,Ranchi,RAN,center,True,sensor_fail_low
2025-02-13 13:00:00,26.1,0.048524967593742266,18.0,AWS-RAN-067,Ranchi,RAN,center,True,sensor_fail_low
2025-02-13 14:00:00,26.1,0.05671615966162372,17.0,AWS-RAN-067,Ranchi,RAN,center,True,sensor_fail_low
2025-02-13 15:00:00,25.6,939.7,17.0,AWS-RAN-067,Ranchi,RAN,center,False,
2025-02-13 16:00:00,24.7,939.6,17.0,AWS-RAN-067,Ranchi,RAN,center,False,
2025-02-13 17:00:00,22.3,939.5,21.0,AWS-RAN-067,Ranchi,RAN,center,False,
2025-02-13 18:00:00,20.0,939.7,27.0,AWS-RAN-067,Ranchi,RAN,center,False,
2025-02-13 19:00:00,18.9,940.4,30.0,AWS-RAN-067,Ranchi,RAN,center,False,
2025-02-13 20:00:00,18.2,941.0,33.0,AWS-RAN-067,Ranchi,RAN,center,False,
2025-02-13 21:00:00,17.7,941.2,34.0,AWS-RAN-067,Ranchi,RAN,center,False,
2025-02-13 22:00:00,16.8,941.6,36.0,AWS-RAN-067,Ranchi,RAN,center,False,
2025-02-13 23:00:00,16.3,941.2,36.0,AWS-RAN-067,Ranchi,RAN,center,False,
2025-02-14 00:00:00,16.2,940.9,37.0,AWS-RAN-067,Ranchi,RAN,center,False,
2025-02-14 01:00:00,15.5,940.2,40.0,AWS-RAN-067,Ranchi,RAN,center,True,drift
2025-02-14 02:00:00,14.9,938.9,69.17822180484643,AWS-RAN-067,Ranchi,RAN,center,True,drift
2025-02-14 03:00:00,14.4,938.8,94.35644360969286,AWS-RAN-067,Ranchi,RAN,center,True,drift
2025-02-14 04:00:00,14.2,938.4,100.0,AWS-RAN-067,Ranchi,RAN,center,True,drift
2025-02-14 05:00:00,13.8,938.5,100.0,AWS-RAN-067,Ranchi,RAN,center,True,drift
2025-02-14 06:00:00,12.6,939.8,100.0,AWS-RAN-067,Ranchi,RAN,center,True,drift
2025-02-14 07:00:00,14.5,941.0,100.0,AWS-RAN-067,Ranchi,RAN,center,True,drift
2025-02-14 08:00:00,17.5,942.3,100.0,AWS-RAN-067,Ranchi,RAN,center,True,drift
2025-02-14 09:00:00,20.3,943.2,100.0,AWS-RAN-067,Ranchi,RAN,center,True,drift
2025-02-14 10:00:00,22.6,943.4,100.0,AWS-RAN-067,Ranchi,RAN,center,True,drift
2025-02-14 11:00:00,23.9,942.7,100.0,AWS-RAN-067,Ranchi,RAN,center,True,drift
2025-02-14 12:00:00,24.8,941.5,100.0,AWS-RAN-067,Ranchi,RAN,center,True,drift
2025-02-14 13:00:00,25.5,940.4,100.0,AWS-RAN-067,Ranchi,RAN,center,True,drift
2025-02-14 14:00:00,25.6,939.6,100.0,AWS-RAN-067,Ranchi,RAN,center,True,drift
2025-02-14 15:00:00,25.2,939.3,100.0,AWS-RAN-067,Ranchi,RAN,center,True,drift
2025-02-14 16:00:00,24.4,939.2,100.0,AWS-RAN-067,Ranchi,RAN,center,True,drift
2025-02-14 17:00:00,22.3,939.2,100.0,AWS-RAN-067,Ranchi,RAN,center,True,drift
2025-02-14 18:00:00,20.0,939.5,100.0,AWS-RAN-067,Ranchi,RAN,center,True,drift
2025-02-14 19:00:00,18.9,939.8,100.0,AWS-RAN-067,Ranchi,RAN,center,True,drift
2025-02-14 20:00:00,18.1,940.4,100.0,AWS-RAN-067,Ranchi,RAN,center,True,drift
2025-02-14 21:00:00,17.5,940.7,100.0,AWS-RAN-067,Ranchi,RAN,center,True,drift
2025-02-14 22:00:00,17.0,940.7,35.0,AWS-RAN-067,Ranchi,RAN,center,False,
2025-02-14 23:00:00,16.6,940.3,35.0,AWS-RAN-067,Ranchi,RAN,center,False,
2025-02-15 00:00:00,16.3,940.0,36.0,AWS-RAN-067,Ranchi,RAN,center,False,
2025-02-15 01:00:00,15.9,939.4,39.0,AWS-RAN-067,Ranchi,RAN,center,False,
2025-02-15 02:00:00,15.8,939.0,41.0,AWS-RAN-067,Ranchi,RAN,center,False,
2025-02-15 03:00:00,16.0,938.6,40.0,AWS-RAN-067,Ranchi,RAN,center,False,
2025-02-15 04:00:00,16.0,938.6,38.0,AWS-RAN-067,Ranchi,RAN,center,False,
2025-02-15 05:00:00,15.6,939.0,,AWS-RAN-067,Ranchi,RAN,center,True,dropout
2025-02-15 06:00:00,14.3,939.8,46.0,AWS-RAN-067,Ranchi,RAN,center,False,
2025-02-15 07:00:00,16.5,941.1,41.0,AWS-RAN-067,Ranchi,RAN,center,False,
2025-02-15 08:00:00,20.1,942.5,34.0,AWS-RAN-067,Ranchi,RAN,center,False,
2025-02-15 09:00:00,22.6,943.3,27.0,AWS-RAN-067,Ranchi,RAN,center,False,
2025-02-15 10:00:00,24.2,943.4,23.0,AWS-RAN-067,Ranchi,RAN,center,False,
2025-02-15 11:00:00,25.4,942.5,21.0,AWS-RAN-067,Ranchi,RAN,center,False,
2025-02-15 12:00:00,26.2,941.4,21.0,AWS-RAN-067,Ranchi,RAN,center,False,
2025-02-15 13:00:00,26.7,940.4,20.0,AWS-RAN-067,Ranchi,RAN,center,False,
2025-02-15 14:00:00,26.5,939.6,21.0,AWS-RAN-067,Ranchi,RAN,center,False,
2025-02-15 15:00:00,26.2,939.2,21.0,AWS-RAN-067,Ranchi,RAN,center,False,
2025-02-15 16:00:00,25.6,939.4,22.0,AWS-RAN-067,Ranchi,RAN,center,False,
2025-02-15 17:00:00,23.5,939.4,26.0,AWS-RAN-067,Ranchi,RAN,center,False,
2025-02-15 18:00:00,21.2,939.2,31.0,AWS-RAN-067,Ranchi,RAN,center,False,
2025-02-15 19:00:00,20.2,939.6,33.0,AWS-RAN-067,Ranchi,RAN,center,False,
2025-02-15 20:00:00,19.7,940.0,35.0,AWS-RAN-067,Ranchi,RAN,center,False,
2025-02-15 21:00:00,17.8,940.3,40.0,AWS-RAN-067,Ranchi,RAN,center,False,
2025-02-15 22:00:00,17.3,940.5,41.0,AWS-RAN-067,Ranchi,RAN,center,False,
2025-02-15 23:00:00,17.0,939.8,43.0,AWS-RAN-067,Ranchi,RAN,center,False,
2025-02-16 00:00:00,17.0,939.4,42.0,AWS-RAN-067,Ranchi,RAN,center,False,
2025-02-16 01:00:00,16.6,938.3,43.0,AWS-RAN-067,Ranchi,RAN,center,False,
2025-02-16 02:00:00,15.8,937.7,46.0,AWS-RAN-067,Ranchi,RAN,center,False,
2025-02-16 03:00:00,15.4,937.3,47.0,AWS-RAN-067,Ranchi,RAN,center,False,
2025-02-16 04:00:00,15.1,937.2,48.0,AWS-RAN-067,Ranchi,RAN,center,False,
2025-02-16 05:00:00,15.2,937.8,47.0,AWS-RAN-067,Ranchi,RAN,center,False,
2025-02-16 06:00:00,14.8,938.7,51.0,AWS-RAN-067,Ranchi,RAN,center,False,
2025-02-16 07:00:00,18.3,940.4,41.0,AWS-RAN-067,Ranchi,RAN,center,False,
2025-02-16 08:00:00,22.2,941.9,34.0,AWS-RAN-067,Ranchi,RAN,center,False,
2025-02-16 09:00:00,25.1,943.0,28.0,AWS-RAN-067,Ranchi,RAN,center,False,
2025-02-16 10:00:00,27.1,943.1,24.0,AWS-RAN-067,Ranchi,RAN,center,False,
2025-02-16 11:00:00,28.6,942.5,20.0,AWS-RAN-067,Ranchi,RAN,center,False,
2025-02-16 12:00:00,29.1,941.4,20.0,AWS-RAN-067,Ranchi,RAN,center,False,
2025-02-16 13:00:00,29.7,940.3,19.0,AWS-RAN-067,Ranchi,RAN,center,False,
2025-02-16 14:00:00,29.7,939.4,19.0,AWS-RAN-067,Ranchi,RAN,center,False,
2025-02-16 15:00:00,29.4,939.1,19.0,AWS-RAN-067,Ranchi,RAN,center,False,
2025-02-16 16:00:00,28.8,939.1,20.0,AWS-RAN-067,Ranchi,RAN,center,False,
2025-02-16 17:00:00,24.7,938.9,32.0,AWS-RAN-067,Ranchi,RAN,center,False,
2025-02-16 18:00:00,23.0,940.0,33.0,AWS-RAN-067,Ranchi,RAN,center,False,
2025-02-16 19:00:00,21.5,940.7,37.0,AWS-RAN-067,Ranchi,RAN,center,False,
2025-02-16 20:00:00,21.2,941.3,38.0,AWS-RAN-067,Ranchi,RAN,center,False,
2025-02-16 21:00:00,20.6,941.7,40.0,AWS-RAN-067,Ranchi,RAN,center,False,
2025-02-16 22:00:00,233.34533256600872,941.4440968341332,100.0,AWS-RAN-067,Ranchi,RAN,center,True,multivariate_inconsistency
2025-02-16 23:00:00,232.94533256600874,941.2027758780397,100.0,AWS-RAN-067,Ranchi,RAN,center,True,multivariate_inconsistency
2025-02-17 00:00:00,232.04533256600874,941.4815581801488,100.0,AWS-RAN-067,Ranchi,RAN,center,True,multivariate_inconsistency
2025-02-17 01:00:00,17.0,940.7,56.0,AWS-RAN-067,Ranchi,RAN,center,False,
2025-02-17 02:00:00,16.8,939.9,58.0,AWS-RAN-067,Ranchi,RAN,center,False,
2025-02-17 03:00:00,16.3,939.6,61.0,AWS-RAN-067,Ranchi,RAN,center,False,
2025-02-17 04:00:00,15.8,939.7,64.0,AWS-RAN-067,Ranchi,RAN,center,False,
2025-02-17 05:00:00,15.7,940.3,64.0,AWS-RAN-067,Ranchi,RAN,center,False,
2025-02-17 06:00:00,15.3,941.3,67.0,AWS-RAN-067,Ranchi,RAN,center,False,
2025-02-17 07:00:00,18.0,943.1,58.0,AWS-RAN-067,Ranchi,RAN,center,False,
2025-02-17 08:00:00,21.6,944.5,49.0,AWS-RAN-067,Ranchi,RAN,center,False,
2025-02-17 09:00:00,24.4,945.2,40.0,AWS-RAN-067,Ranchi,RAN,center,False,
2025-02-17 10:00:00,26.1,945.1,34.0,AWS-RAN-067,Ranchi,RAN,center,False,
2025-02-17 11:00:00,27.3,944.3,30.0,AWS-RAN-067,Ranchi,RAN,center,False,
2025-02-17 12:00:00,28.3,943.3,28.0,AWS-RAN-067,Ranchi,RAN,center,False,
2025-02-17 13:00:00,29.1,942.5,26.0,AWS-RAN-067,Ranchi,RAN,center,False,
2025-02-17 14:00:00,29.7,941.4,22.0,AWS-RAN-067,Ranchi,RAN,center,False,
2025-02-17 15:00:00,28.8,940.9,24.0,AWS-RAN-067,Ranchi,RAN,center,False,
2025-02-17 16:00:00,27.7,941.0,26.0,AWS-RAN-067,Ranchi,RAN,center,False,
2025-02-17 17:00:00,26.1,941.4,29.0,AWS-RAN-067,Ranchi,RAN,center,False,
2025-02-17 18:00:00,23.7,941.7,36.0,AWS-RAN-067,Ranchi,RAN,center,False,
2025-02-17 19:00:00,21.7,942.5,46.0,AWS-RAN-067,Ranchi,RAN,center,False,
2025-02-17 20:00:00,20.2,942.9,52.0,AWS-RAN-067,Ranchi,RAN,center,False,
2025-02-17 21:00:00,19.5,943.1,55.0,AWS-RAN-067,Ranchi,RAN,center,False,
2025-02-17 22:00:00,18.8,943.3,58.0,AWS-RAN-067,Ranchi,RAN,center,False,
2025-02-17 23:00:00,17.8,943.0,63.0,AWS-RAN-067,Ranchi,RAN,center,False,
2025-02-18 00:00:00,17.2,942.5,68.0,AWS-RAN-067,Ranchi,RAN,center,False,
2025-02-18 01:00:00,16.9,-0.1004807041055703,72.0,AWS-RAN-067,Ranchi,RAN,center,True,sensor_fail_low
2025-02-18 02:00:00,16.6,-0.03552730279165841,73.0,AWS-RAN-067,Ranchi,RAN,center,True,sensor_fail_low
2025-02-18 03:00:00,16.2,-0.07230966230385544,74.0,AWS-RAN-067,Ranchi,RAN,center,True,sensor_fail_low
2025-02-18 04:00:00,15.5,-0.0026334321436706064,77.0,AWS-RAN-067,Ranchi,RAN,center,True,sensor_fail_low
2025-02-18 05:00:00,45.92492809914032,940.4,78.0,AWS-RAN-067,Ranchi,RAN,center,True,spike
2025-02-18 06:00:00,29.5145806381704,941.6,80.0,AWS-RAN-067,Ranchi,RAN,center,True,spike
2025-02-18 07:00:00,24.276233541282146,943.0,69.0,AWS-RAN-067,Ranchi,RAN,center,True,spike
2025-02-18 08:00:00,23.542428664645485,944.6,59.0,AWS-RAN-067,Ranchi,RAN,center,True,spike
2025-02-18 09:00:00,24.207549187745514,945.2,47.0,AWS-RAN-067,Ranchi,RAN,center,True,spike
2025-02-18 10:00:00,24.6,945.6,39.0,AWS-RAN-067,Ranchi,RAN,center,False,
2025-02-18 11:00:00,25.9,944.7,33.0,AWS-RAN-067,Ranchi,RAN,center,False,
2025-02-18 12:00:00,26.8,943.5,29.0,AWS-RAN-067,Ranchi,RAN,center,False,
2025-02-18 13:00:00,27.4,942.6,27.0,AWS-RAN-067,Ranchi,RAN,center,False,
2025-02-18 14:00:00,27.5,941.8,26.0,AWS-RAN-067,Ranchi,RAN,center,False,
2025-02-18 15:00:00,27.4,941.3,26.0,AWS-RAN-067,Ranchi,RAN,center,False,
2025-02-18 16:00:00,26.4,941.1,26.0,AWS-RAN-067,Ranchi,RAN,center,False,
2025-02-18 17:00:00,25.2,941.4,28.0,AWS-RAN-067,Ranchi,RAN,center,False,
2025-02-18 18:00:00,23.6,941.2,33.0,AWS-RAN-067,Ranchi,RAN,center,False,
2025-02-18 19:00:00,,941.6,37.0,AWS-RAN-067,Ranchi,RAN,center,True,dropout
2025-02-18 20:00:00,22.1,942.3,39.0,AWS-RAN-067,Ranchi,RAN,center,False,
2025-02-18 21:00:00,20.9,942.6,41.0,AWS-RAN-067,Ranchi,RAN,center,False,
2025-02-18 22:00:00,19.7,942.3,44.0,AWS-RAN-067,Ranchi,RAN,center,False,
2025-02-18 23:00:00,19.5,941.8,45.0,AWS-RAN-067,Ranchi,RAN,center,False,
2025-02-19 00:00:00,18.5,941.3,48.0,AWS-RAN-067,Ranchi,RAN,center,False,
2025-02-19 01:00:00,18.3,940.9,49.0,AWS-RAN-067,Ranchi,RAN,center,False,
2025-02-19 02:00:00,17.5,940.2,53.0,AWS-RAN-067,Ranchi,RAN,center,False,
2025-02-19 03:00:00,17.3,939.8,54.0,AWS-RAN-067,Ranchi,RAN,center,False,
2025-02-19 04:00:00,17.3,939.8,56.0,AWS-RAN-067,Ranchi,RAN,center,False,
2025-02-19 05:00:00,16.4,940.1,61.0,AWS-RAN-067,Ranchi,RAN,center,False,
2025-02-19 06:00:00,16.4,941.2,67.0,AWS-RAN-067,Ranchi,RAN,center,False,
2025-02-19 07:00:00,199.2739918260519,943.0856332769966,100.0,AWS-RAN-067,Ranchi,RAN,center,True,multivariate_inconsistency
2025-02-19 08:00:00,202.3739918260519,939.3904713909752,100.0,AWS-RAN-067,Ranchi,RAN,center,True,multivariate_inconsistency
2025-02-19 09:00:00,204.67399182605192,943.9716965441731,100.0,AWS-RAN-067,Ranchi,RAN,center,True,multivariate_inconsistency
2025-02-19 10:00:00,206.3739918260519,943.6406115087102,100.0,AWS-RAN-067,Ranchi,RAN,center,True,multivariate_inconsistency
2025-02-19 11:00:00,26.8,943.4,34.0,AWS-RAN-067,Ranchi,RAN,center,False,
2025-02-19 12:00:00,27.0,942.4,32.0,AWS-RAN-067,Ranchi,RAN,center,False,
2025-02-19 13:00:00,27.8,941.2,30.0,AWS-RAN-067,Ranchi,RAN,center,True,drift
2025-02-19 14:00:00,27.7,938.1235736329519,30.0,AWS-RAN-067,Ranchi,RAN,center,True,drift
2025-02-19 15:00:00,27.4,933.550144809987,30.0,AWS-RAN-067,Ranchi,RAN,center,True,drift
2025-02-19 16:00:00,27.1,927.7927125609865,30.0,AWS-RAN-067,Ranchi,RAN,center,True,drift
2025-02-19 17:00:00,25.6,921.2832798175966,33.0,AWS-RAN-067,Ranchi,RAN,center,True,drift
2025-02-19 18:00:00,23.9,914.3594313794673,38.0,AWS-RAN-067,Ranchi,RAN,center,True,drift
2025-02-19 19:00:00,22.5,906.3156878510781,43.0,AWS-RAN-067,Ranchi,RAN,center,True,drift
2025-02-19 20:00:00,21.2,897.6224193915039,48.0,AWS-RAN-067,Ranchi,RAN,center,True,drift
2025-02-19 21:00:00,21.2,888.1347809948105,49.0,AWS-RAN-067,Ranchi,RAN,center,True,drift
2025-02-19 22:00:00,20.7,877.5975837023153,49.0,AWS-RAN-067,Ranchi,RAN,center,True,drift
2025-02-19 23:00:00,19.6,865.3482155367341,53.0,AWS-RAN-067,Ranchi,RAN,center,True,drift
2025-02-20 00:00:00,19.4,852.6185172223148,56.0,AWS-RAN-067,Ranchi,RAN,center,True,drift
2025-02-20 01:00:00,19.2,839.2360508936891,64.0,AWS-RAN-067,Ranchi,RAN,center,True,drift
2025-02-20 02:00:00,18.9,825.3249939673956,62.0,AWS-RAN-067,Ranchi,RAN,center,True,drift
2025-02-20 03:00:00,18.7,810.7067900246014,60.0,AWS-RAN-067,Ranchi,RAN,center,True,drift
2025-02-20 04:00:00,18.3,800.0,62.0,AWS-RAN-067,Ranchi,RAN,center,True,drift
2025-02-20 05:00:00,17.4,800.0,69.0,AWS-RAN-067,Ranchi,RAN,center,True,drift
2025-02-20 06:00:00,17.2,800.0,89.0,AWS-RAN-067,Ranchi,RAN,center,True,drift
2025-02-20 07:00:00,18.7,800.0,83.0,AWS-RAN-067,Ranchi,RAN,center,True,drift
2025-02-20 08:00:00,22.1,800.0,63.0,AWS-RAN-067,Ranchi,RAN,center,True,drift
2025-02-20 09:00:00,24.0,800.0,51.0,AWS-RAN-067,Ranchi,RAN,center,True,drift
2025-02-20 10:00:00,24.1,800.0,52.0,AWS-RAN-067,Ranchi,RAN,center,True,drift
2025-02-20 11:00:00,25.4,800.0,44.0,AWS-RAN-067,Ranchi,RAN,center,True,drift
2025-02-20 12:00:00,27.1,800.0,41.0,AWS-RAN-067,Ranchi,RAN,center,True,drift
2025-02-20 13:00:00,27.5,800.0,39.0,AWS-RAN-067,Ranchi,RAN,center,True,drift
2025-02-20 14:00:00,22.2,800.0,63.0,AWS-RAN-067,Ranchi,RAN,center,True,drift
2025-02-20 15:00:00,19.8,800.0,78.0,AWS-RAN-067,Ranchi,RAN,center,True,drift
2025-02-20 16:00:00,22.0,800.0,63.0,AWS-RAN-067,Ranchi,RAN,center,True,drift
2025-02-20 17:00:00,21.8,800.0,67.0,AWS-RAN-067,Ranchi,RAN,center,True,drift
2025-02-20 18:00:00,19.4,800.0,82.0,AWS-RAN-067,Ranchi,RAN,center,True,drift
2025-02-20 19:00:00,18.6,800.0,86.0,AWS-RAN-067,Ranchi,RAN,center,True,drift
2025-02-20 20:00:00,18.1,800.0,88.0,AWS-RAN-067,Ranchi,RAN,center,True,drift
2025-02-20 21:00:00,17.9,800.0,90.0,AWS-RAN-067,Ranchi,RAN,center,True,drift
2025-02-20 22:00:00,17.4,800.0,92.0,AWS-RAN-067,Ranchi,RAN,center,True,drift
2025-02-20 23:00:00,16.7,800.0,96.0,AWS-RAN-067,Ranchi,RAN,center,True,drift
2025-02-21 00:00:00,16.1,800.0,96.0,AWS-RAN-067,Ranchi,RAN,center,True,drift
2025-02-21 01:00:00,15.9,800.0,96.0,AWS-RAN-067,Ranchi,RAN,center,True,drift
2025-02-21 02:00:00,15.9,800.0,94.0,AWS-RAN-067,Ranchi,RAN,center,True,drift
2025-02-21 03:00:00,16.0,940.8,92.0,AWS-RAN-067,Ranchi,RAN,center,False,
2025-02-21 04:00:00,16.2,941.1,91.0,AWS-RAN-067,Ranchi,RAN,center,False,
2025-02-21 05:00:00,16.3,941.8,89.0,AWS-RAN-067,Ranchi,RAN,center,False,
2025-02-21 06:00:00,16.1,942.5,89.0,AWS-RAN-067,Ranchi,RAN,center,False,
2025-02-21 07:00:00,18.7,944.2,77.0,AWS-RAN-067,Ranchi,RAN,center,False,
2025-02-21 08:00:00,22.5,945.7,61.0,AWS-RAN-067,Ranchi,RAN,center,False,
2025-02-21 09:00:00,25.0,946.4,47.0,AWS-RAN-067,Ranchi,RAN,center,False,
2025-02-21 10:00:00,26.5,946.3,34.0,AWS-RAN-067,Ranchi,RAN,center,False,
2025-02-21 11:00:00,27.7,945.8,30.0,AWS-RAN-067,Ranchi,RAN,center,False,
2025-02-21 12:00:00,28.1,944.8,28.0,AWS-RAN-067,Ranchi,RAN,center,False,
2025-02-21 13:00:00,28.1,943.7,26.0,AWS-RAN-067,Ranchi,RAN,center,False,
2025-02-21 14:00:00,28.2,942.8,26.0,AWS-RAN-067,Ranchi,RAN,center,False,
2025-02-21 15:00:00,27.7,942.1,27.0,AWS-RAN-067,Ranchi,RAN,center,False,
2025-02-21 16:00:00,27.4,941.6,26.0,AWS-RAN-067,Ranchi,RAN,center,False,
2025-02-21 17:00:00,25.1,941.6,32.0,AWS-RAN-067,Ranchi,RAN,center,False,
2025-02-21 18:00:00,22.4,941.5,38.0,AWS-RAN-067,Ranchi,RAN,center,False,
2025-02-21 19:00:00,21.4,942.1,41.0,AWS-RAN-067,Ranchi,RAN,center,False,
2025-02-21 20:00:00,20.6,942.5,43.0,AWS-RAN-067,Ranchi,RAN,center,False,
2025-02-21 21:00:00,19.7,943.1,47.0,AWS-RAN-067,Ranchi,RAN,center,False,
2025-02-21 22:00:00,18.9,943.2,51.0,AWS-RAN-067,Ranchi,RAN,center,False,
2025-02-21 23:00:00,18.1,942.4,55.0,AWS-RAN-067,Ranchi,RAN,center,False,
2025-02-22 00:00:00,17.5,941.9,57.0,AWS-RAN-067,Ranchi,RAN,center,True,frozen_value
2025-02-22 01:00:00,16.9,941.3,57.014436477845464,AWS-RAN-067,Ranchi,RAN,center,True,frozen_value
2025-02-22 02:00:00,16.4,941.2,56.964367141449344,AWS-RAN-067,Ranchi,RAN,center,True,frozen_value
2025-02-22 03:00:00,16.5,941.0,56.94576484896395,AWS-RAN-067,Ranchi,RAN,center,True,frozen_value
2025-02-22 04:00:00,16.7,941.2,56.907235618923046,AWS-RAN-067,Ranchi,RAN,center,True,frozen_value
2025-02-22 05:00:00,16.6,941.5,56.95609485863715,AWS-RAN-067,Ranchi,RAN,center,True,frozen_value
2025-02-22 06:00:00,16.7,942.3,56.93575018409763,AWS-RAN-067,Ranchi,RAN,center,True,frozen_value
2025-02-22 07:00:00,19.1,943.6,56.97153347039091,AWS-RAN-067,Ranchi,RAN,center,True,frozen_value
2025-02-22 08:00:00,22.3,945.2,52.0,AWS-RAN-067,Ranchi,RAN,center,False,
2025-02-22 09:00:00,24.2,945.9,43.0,AWS-RAN-067,Ranchi,RAN,center,False,
2025-02-22 10:00:00,25.6,946.0,38.0,AWS-RAN-067,Ranchi,RAN,center,False,
2025-02-22 11:00:00,26.0,945.3,37.0,AWS-RAN-067,Ranchi,RAN,center,False,
2025-02-22 12:00:00,26.7,944.5,35.0,AWS-RAN-067,Ranchi,RAN,center,False,
2025-02-22 13:00:00,27.4,943.3,32.0,AWS-RAN-067,Ranchi,RAN,center,False,
2025-02-22 14:00:00,27.2,942.1,31.0,AWS-RAN-067,Ranchi,RAN,center,False,
2025-02-22 15:00:00,26.8,942.0,31.0,AWS-RAN-067,Ranchi,RAN,center,False,
2025-02-22 16:00:00,24.6,942.1,42.0,AWS-RAN-067,Ranchi,RAN,center,False,
2025-02-22 17:00:00,22.6,942.0,57.0,AWS-RAN-067,Ranchi,RAN,center,False,
2025-02-22 18:00:00,19.9,942.3,71.0,AWS-RAN-067,Ranchi,RAN,center,False,
2025-02-22 19:00:00,19.0,942.7,73.0,AWS-RAN-067,Ranchi,RAN,center,False,
2025-02-22 20:00:00,18.5,943.2,74.0,AWS-RAN-067,Ranchi,RAN,center,False,
2025-02-22 21:00:00,194.64758648889077,941.1556141544905,100.0,AWS-RAN-067,Ranchi,RAN,center,True,multivariate_inconsistency
2025-02-22 22:00:00,194.64758648889077,943.8716812530907,100.0,AWS-RAN-067,Ranchi,RAN,center,True,multivariate_inconsistency
2025-02-22 23:00:00,194.94758648889078,942.8960533644428,100.0,AWS-RAN-067,Ranchi,RAN,center,True,multivariate_inconsistency
2025-02-23 00:00:00,194.54758648889077,945.6818653851418,100.0,AWS-RAN-067,Ranchi,RAN,center,True,multivariate_inconsistency
2025-02-23 01:00:00,17.0,942.9,68.0,AWS-RAN-067,Ranchi,RAN,center,False,
2025-02-23 02:00:00,16.6,942.4,71.0,AWS-RAN-067,Ranchi,RAN,center,False,
2025-02-23 03:00:00,16.0,942.0,73.0,AWS-RAN-067,Ranchi,RAN,center,False,
2025-02-23 04:00:00,15.5,942.1,76.0,AWS-RAN-067,Ranchi,RAN,center,False,
2025-02-23 05:00:00,15.3,942.6,77.0,AWS-RAN-067,Ranchi,RAN,center,False,
2025-02-23 06:00:00,16.1,943.7,79.0,AWS-RAN-067,Ranchi,RAN,center,False,
2025-02-23 07:00:00,18.2,945.4,71.0,AWS-RAN-067,Ranchi,RAN,center,False,
2025-02-23 08:00:00,21.4,946.8,58.0,AWS-RAN-067,Ranchi,RAN,center,False,
2025-02-23 09:00:00,23.1,947.6,48.0,AWS-RAN-067,Ranchi,RAN,center,False,
2025-02-23 10:00:00,24.0,947.5,41.0,AWS-RAN-067,Ranchi,RAN,center,False,
2025-02-23 11:00:00,24.8,946.6,37.0,AWS-RAN-067,Ranchi,RAN,center,False,
2025-02-23 12:00:00,25.5,945.5,34.0,AWS-RAN-067,Ranchi,RAN,center,False,
2025-02-23 13:00:00,26.4,944.7,,AWS-RAN-067,Ranchi,RAN,center,True,dropout
2025-02-23 14:00:00,26.5,943.7,29.0,AWS-RAN-067,Ranchi,RAN,center,False,
2025-02-23 15:00:00,26.1,943.0,29.0,AWS-RAN-067,Ranchi,RAN,center,False,
2025-02-23 16:00:00,25.4,942.8,28.0,AWS-RAN-067,Ranchi,RAN,center,False,
2025-02-23 17:00:00,23.4,942.9,34.0,AWS-RAN-067,Ranchi,RAN,center,False,
2025-02-23 18:00:00,20.9,943.4,40.0,AWS-RAN-067,Ranchi,RAN,center,False,
2025-02-23 19:00:00,116.77650881511714,800.0,97.42358082455331,AWS-RAN-067,Ranchi,RAN,center,True,unstructured_anomaly
2025-02-23 20:00:00,-93.32760229931083,1098.306740468378,93.17579136314279,AWS-RAN-067,Ranchi,RAN,center,True,unstructured_anomaly
2025-02-23 21:00:00,111.09477269007651,800.0,100.0,AWS-RAN-067,Ranchi,RAN,center,True,unstructured_anomaly
2025-02-23 22:00:00,115.64436670256978,800.0,96.81203236003864,AWS-RAN-067,Ranchi,RAN,center,True,unstructured_anomaly
2025-02-23 23:00:00,-89.51683336101841,1100.0,97.61446725468554,AWS-RAN-067,Ranchi,RAN,center,True,unstructured_anomaly
2025-02-24 00:00:00,-84.33145814896594,1100.0,100.0,AWS-RAN-067,Ranchi,RAN,center,True,unstructured_anomaly
2025-02-24 01:00:00,15.4,943.9,62.0,AWS-RAN-067,Ranchi,RAN,center,False,
2025-02-24 02:00:00,14.5,943.5,67.0,AWS-RAN-067,Ranchi,RAN,center,False,
2025-02-24 03:00:00,14.2,943.4,68.0,AWS-RAN-067,Ranchi,RAN,center,False,
2025-02-24 04:00:00,14.1,943.7,69.0,AWS-RAN-067,Ranchi,RAN,center,False,
2025-02-24 05:00:00,13.9,944.3,69.0,AWS-RAN-067,Ranchi,RAN,center,False,
2025-02-24 06:00:00,14.0,945.3,76.0,AWS-RAN-067,Ranchi,RAN,center,False,
2025-02-24 07:00:00,16.9,946.8,66.0,AWS-RAN-067,Ranchi,RAN,center,False,
2025-02-24 08:00:00,20.4,948.3,50.0,AWS-RAN-067,Ranchi,RAN,center,False,
2025-02-24 09:00:00,22.2,949.0,39.0,AWS-RAN-067,Ranchi,RAN,center,False,
2025-02-24 10:00:00,23.6,948.8,33.0,AWS-RAN-067,Ranchi,RAN,center,False,
2025-02-24 11:00:00,24.9,948.0,28.0,AWS-RAN-067,Ranchi,RAN,center,False,
2025-02-24 12:00:00,26.3,946.7,22.0,AWS-RAN-067,Ranchi,RAN,center,False,
2025-02-24 13:00:00,26.8,945.4,21.0,AWS-RAN-067,Ranchi,RAN,center,False,
2025-02-24 14:00:00,26.6,944.2,22.0,AWS-RAN-067,Ranchi,RAN,center,False,
2025-02-24 15:00:00,26.5,943.5,20.0,AWS-RAN-067,Ranchi,RAN,center,False,
2025-02-24 16:00:00,25.5,943.3,21.0,AWS-RAN-067,Ranchi,RAN,center,False,
2025-02-24 17:00:00,23.2,943.4,26.0,AWS-RAN-067,Ranchi,RAN,center,False,
2025-02-24 18:00:00,21.3,943.8,32.0,AWS-RAN-067,Ranchi,RAN,center,False,
2025-02-24 19:00:00,19.9,944.7,36.0,AWS-RAN-067,Ranchi,RAN,center,False,
2025-02-24 20:00:00,18.2,945.2,41.0,AWS-RAN-067,Ranchi,RAN,center,False,
2025-02-24 21:00:00,18.4,945.7,40.0,AWS-RAN-067,Ranchi,RAN,center,False,
2025-02-24 22:00:00,17.9,945.9,42.0,AWS-RAN-067,Ranchi,RAN,center,True,drift
2025-02-24 23:00:00,16.9,940.1569354095273,46.0,AWS-RAN-067,Ranchi,RAN,center,True,drift
2025-02-25 00:00:00,16.5,934.3138708190545,51.0,AWS-RAN-067,Ranchi,RAN,center,True,drift
2025-02-25 01:00:00,16.1,928.2708062285818,53.0,AWS-RAN-067,Ranchi,RAN,center,True,drift
2025-02-25 02:00:00,15.7,922.027741638109,54.0,AWS-RAN-067,Ranchi,RAN,center,True,drift
2025-02-25 03:00:00,15.3,916.3846770476363,56.0,AWS-RAN-067,Ranchi,RAN,center,True,drift
2025-02-25 04:00:00,14.8,911.0416124571635,59.0,AWS-RAN-067,Ranchi,RAN,center,True,drift
2025-02-25 05:00:00,14.2,905.7985478666908,62.0,AWS-RAN-067,Ranchi,RAN,center,True,drift
2025-02-25 06:00:00,14.2,901.855483276218,65.0,AWS-RAN-067,Ranchi,RAN,center,True,drift
2025-02-25 07:00:00,17.3,897.9124186857453,56.0,AWS-RAN-067,Ranchi,RAN,center,True,drift
2025-02-25 08:00:00,20.5,893.8693540952725,45.0,AWS-RAN-067,Ranchi,RAN,center,True,drift
2025-02-25 09:00:00,22.6,889.3262895047998,38.0,AWS-RAN-067,Ranchi,RAN,center,True,drift
2025-02-25 10:00:00,24.3,883.683224914327,33.0,AWS-RAN-067,Ranchi,RAN,center,True,drift
2025-02-25 11:00:00,25.5,877.4401603238543,31.0,AWS-RAN-067,Ranchi,RAN,center,True,drift
2025-02-25 12:00:00,26.4,870.9970957333816,30.0,AWS-RAN-067,Ranchi,RAN,center,True,drift
2025-02-25 13:00:00,27.2,864.6540311429087,28.0,AWS-RAN-067,Ranchi,RAN,center,True,drift
2025-02-25 14:00:00,28.1,858.110966552436,24.0,AWS-RAN-067,Ranchi,RAN,center,True,drift
2025-02-25 15:00:00,27.7,852.3679019619633,25.0,AWS-RAN-067,Ranchi,RAN,center,True,drift
2025-02-25 16:00:00,26.9,846.7248373714906,27.0,AWS-RAN-067,Ranchi,RAN,center,True,drift
2025-02-25 17:00:00,24.4,841.2817727810178,39.0,AWS-RAN-067,Ranchi,RAN,center,True,drift
2025-02-25 18:00:00,22.3,837.138708190545,43.0,AWS-RAN-067,Ranchi,RAN,center,True,drift
2025-02-25 19:00:00,20.5,832.2956436000723,49.0,AWS-RAN-067,Ranchi,RAN,center,True,drift
2025-02-25 20:00:00,19.9,827.7525790095996,50.0,AWS-RAN-067,Ranchi,RAN,center,True,drift
2025-02-25 21:00:00,18.7,822.5095144191268,53.0,AWS-RAN-067,Ranchi,RAN,center,True,drift
2025-02-25 22:00:00,17.7,816.5664498286541,57.0,AWS-RAN-067,Ranchi,RAN,center,True,drift
2025-02-25 23:00:00,17.5,810.6233852381813,56.0,AWS-RAN-067,Ranchi,RAN,center,True,drift
2025-02-26 00:00:00,17.0,804.7803206477085,57.0,AWS-RAN-067,Ranchi,RAN,center,True,drift
2025-02-26 01:00:00,16.8,800.0,57.0,AWS-RAN-067,Ranchi,RAN,center,True,drift
2025-02-26 02:00:00,15.6,800.0,60.0,AWS-RAN-067,Ranchi,RAN,center,True,drift
2025-02-26 03:00:00,15.2,800.0,61.0,AWS-RAN-067,Ranchi,RAN,center,True,drift
2025-02-26 04:00:00,14.4,800.0,65.0,AWS-RAN-067,Ranchi,RAN,center,True,drift
2025-02-26 05:00:00,14.2,800.0,67.0,AWS-RAN-067,Ranchi,RAN,center,True,drift
2025-02-26 06:00:00,14.3,800.0,74.0,AWS-RAN-067,Ranchi,RAN,center,True,drift
2025-02-26 07:00:00,17.9,800.0,60.0,AWS-RAN-067,Ranchi,RAN,center,True,drift
2025-02-26 08:00:00,20.8,800.0,49.0,AWS-RAN-067,Ranchi,RAN,center,True,drift
2025-02-26 09:00:00,22.8,800.0,44.0,AWS-RAN-067,Ranchi,RAN,center,True,drift
2025-02-26 10:00:00,24.3,800.0,41.0,AWS-RAN-067,Ranchi,RAN,center,True,drift
2025-02-26 11:00:00,25.2,800.0,39.0,AWS-RAN-067,Ranchi,RAN,center,True,drift
2025-02-26 12:00:00,25.9,800.0,38.0,AWS-RAN-067,Ranchi,RAN,center,True,drift
2025-02-26 13:00:00,25.9,800.0,37.0,AWS-RAN-067,Ranchi,RAN,center,True,drift
2025-02-26 14:00:00,26.1,800.0,36.0,AWS-RAN-067,Ranchi,RAN,center,True,drift
2025-02-26 15:00:00,25.9,800.0,36.0,AWS-RAN-067,Ranchi,RAN,center,True,drift
2025-02-26 16:00:00,25.4,800.0,37.0,AWS-RAN-067,Ranchi,RAN,center,True,drift
2025-02-26 17:00:00,23.6,800.0,47.0,AWS-RAN-067,Ranchi,RAN,center,True,drift
2025-02-26 18:00:00,21.5,800.0,49.0,AWS-RAN-067,Ranchi,RAN,center,True,drift
2025-02-26 19:00:00,20.6,800.0,52.0,AWS-RAN-067,Ranchi,RAN,center,True,drift
2025-02-26 20:00:00,19.6,945.3,57.0,AWS-RAN-067,Ranchi,RAN,center,False,
2025-02-26 21:00:00,19.6,945.5,57.0,AWS-RAN-067,Ranchi,RAN,center,False,
2025-02-26 22:00:00,18.8,945.5,56.0,AWS-RAN-067,Ranchi,RAN,center,False,
2025-02-26 23:00:00,17.9,945.3,54.0,AWS-RAN-067,Ranchi,RAN,center,False,
2025-02-27 00:00:00,17.8,944.8,44.0,AWS-RAN-067,Ranchi,RAN,center,False,
2025-02-27 01:00:00,16.7,943.6,51.0,AWS-RAN-067,Ranchi,RAN,center,False,
2025-02-27 02:00:00,16.4,943.1,54.0,AWS-RAN-067,Ranchi,RAN,center,False,
2025-02-27 03:00:00,15.2,942.7,54.0,AWS-RAN-067,Ranchi,RAN,center,False,
2025-02-27 04:00:00,14.5,942.9,55.0,AWS-RAN-067,Ranchi,RAN,center,False,
2025-02-27 05:00:00,14.0,943.3,60.0,AWS-RAN-067,Ranchi,RAN,center,False,
2025-02-27 06:00:00,13.9,943.7,,AWS-RAN-067,Ranchi,RAN,center,True,dropout
2025-02-27 07:00:00,17.5,945.3,63.0,AWS-RAN-067,Ranchi,RAN,center,False,
2025-02-27 08:00:00,21.0,946.5,54.0,AWS-RAN-067,Ranchi,RAN,center,False,
2025-02-27 09:00:00,23.3,947.3,39.0,AWS-RAN-067,Ranchi,RAN,center,False,
2025-02-27 10:00:00,24.7,947.3,36.0,AWS-RAN-067,Ranchi,RAN,center,False,
2025-02-27 11:00:00,26.1,946.3,33.0,AWS-RAN-067,Ranchi,RAN,center,False,
2025-02-27 12:00:00,27.3,945.1,30.0,AWS-RAN-067,Ranchi,RAN,center,False,
2025-02-27 13:00:00,27.8,943.8,28.0,AWS-RAN-067,Ranchi,RAN,center,False,
2025-02-27 14:00:00,27.7,942.6,28.0,AWS-RAN-067,Ranchi,RAN,center,False,
2025-02-27 15:00:00,27.2,942.2,29.0,AWS-RAN-067,Ranchi,RAN,center,False,
2025-02-27 16:00:00,26.4,942.3,31.0,AWS-RAN-067,Ranchi,RAN,center,False,
2025-02-27 17:00:00,-83.70676241884375,1100.0,94.0914522643763,AWS-RAN-067,Ranchi,RAN,center,True,unstructured_anomaly
2025-02-27 18:00:00,-92.58640185556834,1100.0,0.0,AWS-RAN-067,Ranchi,RAN,center,True,unstructured_anomaly
2025-02-27 19:00:00,116.47139306404688,800.0,100.0,AWS-RAN-067,Ranchi,RAN,center,True,unstructured_anomaly
2025-02-27 20:00:00,-99.2068706166431,1100.0,0.0,AWS-RAN-067,Ranchi,RAN,center,True,unstructured_anomaly
2025-02-27 21:00:00,114.23337907299421,800.0,95.46433665975556,AWS-RAN-067,Ranchi,RAN,center,True,unstructured_anomaly
2025-02-27 22:00:00,130.1946464565178,800.0,100.0,AWS-RAN-067,Ranchi,RAN,center,True,unstructured_anomaly
2025-02-27 23:00:00,18.0,943.1,59.0,AWS-RAN-067,Ranchi,RAN,center,False,
2025-02-28 00:00:00,17.2,942.4,63.0,AWS-RAN-067,Ranchi,RAN,center,False,
2025-02-28 01:00:00,16.7,941.5,65.0,AWS-RAN-067,Ranchi,RAN,center,False,
2025-02-28 02:00:00,16.4,941.4,67.0,AWS-RAN-067,Ranchi,RAN,center,False,
2025-02-28 03:00:00,16.7,941.6,66.0,AWS-RAN-067,Ranchi,RAN,center,False,
2025-02-28 04:00:00,16.4,941.5,67.0,AWS-RAN-067,Ranchi,RAN,center,False,
2025-02-28 05:00:00,17.0,941.9,64.0,AWS-RAN-067,Ranchi,RAN,center,True,frozen_value
2025-02-28 06:00:00,16.89676106427178,942.2,68.0,AWS-RAN-067,Ranchi,RAN,center,True,frozen_value
2025-02-28 07:00:00,16.916985898149786,943.4,60.0,AWS-RAN-067,Ranchi,RAN,center,True,frozen_value
2025-02-28 08:00:00,16.975934162468743,944.8,49.0,AWS-RAN-067,Ranchi,RAN,center,True,frozen_value
2025-02-28 09:00:00,16.96192481591046,945.9,39.0,AWS-RAN-067,Ranchi,RAN,center,True,frozen_value
2025-02-28 10:00:00,16.96284329042162,946.0,30.0,AWS-RAN-067,Ranchi,RAN,center,True,frozen_value
2025-02-28 11:00:00,16.927927843659468,945.4,27.0,AWS-RAN-067,Ranchi,RAN,center,True,frozen_value
2025-02-28 12:00:00,29.7,944.1,26.0,AWS-RAN-067,Ranchi,RAN,center,False,
2025-02-28 13:00:00,30.3,942.7,25.0,AWS-RAN-067,Ranchi,RAN,center,False,
2025-02-28 14:00:00,30.9,941.5,23.0,AWS-RAN-067,Ranchi,RAN,center,False,
2025-02-28 15:00:00,31.2,940.5,21.0,AWS-RAN-067,Ranchi,RAN,center,False,
2025-02-28 16:00:00,30.0,940.6,23.0,AWS-RAN-067,Ranchi,RAN,center,False,
2025-02-28 17:00:00,26.8,941.1,35.0,AWS-RAN-067,Ranchi,RAN,center,False,
2025-02-28 18:00:00,24.7,941.8,43.0,AWS-RAN-067,Ranchi,RAN,center,False,
2025-02-28 19:00:00,22.6,942.1,49.0,AWS-RAN-067,Ranchi,RAN,center,False,
2025-02-28 20:00:00,21.9,942.7,51.0,AWS-RAN-067,Ranchi,RAN,center,False,
2025-02-28 21:00:00,21.3,942.5,53.0,AWS-RAN-067,Ranchi,RAN,center,False,
2025-02-28 22:00:00,20.4,942.2,56.0,AWS-RAN-067,Ranchi,RAN,center,False,
2025-02-28 23:00:00,19.8,941.5,58.0,AWS-RAN-067,Ranchi,RAN,center,False,
2025-03-01 00:00:00,19.5,940.8,59.0,AWS-RAN-067,Ranchi,RAN,center,False,
2025-03-01 01:00:00,19.7,940.2,58.0,AWS-RAN-067,Ranchi,RAN,center,False,
2025-03-01 02:00:00,19.7,939.9,55.0,AWS-RAN-067,Ranchi,RAN,center,False,
2025-03-01 03:00:00,19.7,939.6,53.0,AWS-RAN-067,Ranchi,RAN,center,False,
2025-03-01 04:00:00,19.3,939.2,56.0,AWS-RAN-067,Ranchi,RAN,center,False,
2025-03-01 05:00:00,19.2,939.6,59.0,AWS-RAN-067,Ranchi,RAN,center,False,
2025-03-01 06:00:00,19.2,940.8,60.0,AWS-RAN-067,Ranchi,RAN,center,False,
2025-03-01 07:00:00,21.3,942.1,54.0,AWS-RAN-067,Ranchi,RAN,center,False,
2025-03-01 08:00:00,24.5,943.4,46.0,AWS-RAN-067,Ranchi,RAN,center,False,
2025-03-01 09:00:00,27.1,944.1,39.0,AWS-RAN-067,Ranchi,RAN,center,False,
2025-03-01 10:00:00,29.2,943.9,33.0,AWS-RAN-067,Ranchi,RAN,center,False,
2025-03-01 11:00:00,30.7,942.9,27.0,AWS-RAN-067,Ranchi,RAN,center,False,
2025-03-01 12:00:00,31.4,941.7,24.0,AWS-RAN-067,Ranchi,RAN,center,False,
2025-03-01 13:00:00,32.1,940.4,23.0,AWS-RAN-067,Ranchi,RAN,center,False,
2025-03-01 14:00:00,31.8,939.3,23.0,AWS-RAN-067,Ranchi,RAN,center,False,
2025-03-01 15:00:00,31.4,938.5,23.0,AWS-RAN-067,Ranchi,RAN,center,False,
2025-03-01 16:00:00,30.7,938.5,24.0,AWS-RAN-067,Ranchi,RAN,center,False,
2025-03-01 17:00:00,26.7,939.3,47.0,AWS-RAN-067,Ranchi,RAN,center,False,
2025-03-01 18:00:00,25.5,939.5,37.0,AWS-RAN-067,Ranchi,RAN,center,False,
2025-03-01 19:00:00,24.2,940.3,38.0,AWS-RAN-067,Ranchi,RAN,center,False,
2025-03-01 20:00:00,22.8,940.7,42.0,AWS-RAN-067,Ranchi,RAN,center,False,
2025-03-01 21:00:00,22.0,940.5,44.0,AWS-RAN-067,Ranchi,RAN,center,False,
2025-03-01 22:00:00,21.2,940.2,46.0,AWS-RAN-067,Ranchi,RAN,center,False,
2025-03-01 23:00:00,21.2,939.8,44.0,AWS-RAN-067,Ranchi,RAN,center,False,
2025-03-02 00:00:00,20.7,939.4,48.0,AWS-RAN-067,Ranchi,RAN,center,False,
2025-03-02 01:00:00,20.0,938.8,54.0,AWS-RAN-067,Ranchi,RAN,center,False,
2025-03-02 02:00:00,19.4,938.2,61.0,AWS-RAN-067,Ranchi,RAN,center,False,
2025-03-02 03:00:00,19.5,937.5,62.0,AWS-RAN-067,Ranchi,RAN,center,False,
2025-03-02 04:00:00,19.6,937.5,61.0,AWS-RAN-067,Ranchi,RAN,center,False,
2025-03-02 05:00:00,19.8,937.9,60.0,AWS-RAN-067,Ranchi,RAN,center,False,
2025-03-02 06:00:00,20.3,938.6,63.0,AWS-RAN-067,Ranchi,RAN,center,False,
2025-03-02 07:00:00,22.5,940.0,56.0,AWS-RAN-067,Ranchi,RAN,center,False,
2025-03-02 08:00:00,25.6,941.2,45.0,AWS-RAN-067,Ranchi,RAN,center,False,
2025-03-02 09:00:00,27.7,941.9,33.0,AWS-RAN-067,Ranchi,RAN,center,False,
2025-03-02 10:00:00,29.2,942.0,30.0,AWS-RAN-067,Ranchi,RAN,center,False,
2025-03-02 11:00:00,30.4,941.3,26.0,AWS-RAN-067,Ranchi,RAN,center,False,
2025-03-02 12:00:00,30.9,940.2,25.0,AWS-RAN-067,Ranchi,RAN,center,False,
2025-03-02 13:00:00,144.46820862554486,800.0,80.52524010961035,AWS-RAN-067,Ranchi,RAN,center,True,unstructured_anomaly
2025-03-02 14:00:00,-74.22160051271311,1100.0,0.0,AWS-RAN-067,Ranchi,RAN,center,True,unstructured_anomaly
2025-03-02 15:00:00,-72.28046021683588,1100.0,0.0,AWS-RAN-067,Ranchi,RAN,center,True,unstructured_anomaly
2025-03-02 16:00:00,-88.17865628700908,1100.0,0.0,AWS-RAN-067,Ranchi,RAN,center,True,unstructured_anomaly
2025-03-02 17:00:00,135.45346880670547,800.0,0.0,AWS-RAN-067,Ranchi,RAN,center,True,unstructured_anomaly
2025-03-02 18:00:00,24.3,937.5,43.0,AWS-RAN-067,Ranchi,RAN,center,False,
2025-03-02 19:00:00,23.2,938.3,47.0,AWS-RAN-067,Ranchi,RAN,center,False,
2025-03-02 20:00:00,22.3,939.0,49.0,AWS-RAN-067,Ranchi,RAN,center,False,
2025-03-02 21:00:00,21.8,939.7,50.0,AWS-RAN-067,Ranchi,RAN,center,False,
2025-03-02 22:00:00,20.6,940.0,54.0,AWS-RAN-067,Ranchi,RAN,center,False,
2025-03-02 23:00:00,19.9,939.6,59.0,AWS-RAN-067,Ranchi,RAN,center,False,
2025-03-03 00:00:00,19.7,939.2,61.0,AWS-RAN-067,Ranchi,RAN,center,False,
2025-03-03 01:00:00,19.3,938.6,63.0,AWS-RAN-067,Ranchi,RAN,center,False,
2025-03-03 02:00:00,19.3,938.1,63.0,AWS-RAN-067,Ranchi,RAN,center,False,
2025-03-03 03:00:00,19.0,938.0,64.0,AWS-RAN-067,Ranchi,RAN,center,False,
2025-03-03 04:00:00,18.5,938.4,66.0,AWS-RAN-067,Ranchi,RAN,center,False,
2025-03-03 05:00:00,17.9,939.0,68.0,AWS-RAN-067,Ranchi,RAN,center,False,
2025-03-03 06:00:00,18.2,940.0,70.0,AWS-RAN-067,Ranchi,RAN,center,False,
2025-03-03 07:00:00,20.5,941.6,62.0,AWS-RAN-067,Ranchi,RAN,center,False,
2025-03-03 08:00:00,23.2,942.7,50.0,AWS-RAN-067,Ranchi,RAN,center,False,
2025-03-03 09:00:00,25.1,943.4,44.0,AWS-RAN-067,Ranchi,RAN,center,False,
2025-03-03 10:00:00,126.51794070170192,800.0,0.0,AWS-RAN-067,Ranchi,RAN,center,True,unstructured_anomaly
2025-03-03 11:00:00,130.49102448414484,800.0,86.55570538939949,AWS-RAN-067,Ranchi,RAN,center,True,unstructured_anomaly
2025-03-03 12:00:00,-87.60205068516728,1100.0,77.833291611249,AWS-RAN-067,Ranchi,RAN,center,True,unstructured_anomaly
2025-03-03 13:00:00,-91.17477474763972,1100.0,0.0,AWS-RAN-067,Ranchi,RAN,center,True,unstructured_anomaly
2025-03-03 14:00:00,135.8926636237281,800.0,71.61408193455588,AWS-RAN-067,Ranchi,RAN,center,True,unstructured_anomaly
2025-03-03 15:00:00,29.0,938.6,28.0,AWS-RAN-067,Ranchi,RAN,center,False,
2025-03-03 16:00:00,28.3,938.7,30.0,AWS-RAN-067,Ranchi,RAN,center,False,
2025-03-03 17:00:00,26.1,938.8,37.0,AWS-RAN-067,Ranchi,RAN,center,False,
2025-03-03 18:00:00,23.9,939.2,39.0,AWS-RAN-067,Ranchi,RAN,center,False,
2025-03-03 19:00:00,23.0,939.8,39.0,AWS-RAN-067,Ranchi,RAN,center,False,
2025-03-03 20:00:00,22.2,940.2,38.0,AWS-RAN-067,Ranchi,RAN,center,False,
2025-03-03 21:00:00,21.6,940.4,39.0,AWS-RAN-067,Ranchi,RAN,center,False,
2025-03-03 22:00:00,21.0,940.4,40.0,AWS-RAN-067,Ranchi,RAN,center,False,
2025-03-03 23:00:00,20.5,940.2,41.0,AWS-RAN-067,Ranchi,RAN,center,False,
2025-03-04 00:00:00,19.8,939.8,43.0,AWS-RAN-067,Ranchi,RAN,center,False,
2025-03-04 01:00:00,18.7,939.2,46.0,AWS-RAN-067,Ranchi,RAN,center,False,
2025-03-04 02:00:00,18.1,938.4,48.0,AWS-RAN-067,Ranchi,RAN,center,False,
2025-03-04 03:00:00,17.8,937.9,49.0,AWS-RAN-067,Ranchi,RAN,center,False,
2025-03-04 04:00:00,17.4,938.2,49.0,AWS-RAN-067,Ranchi,RAN,center,False,
2025-03-04 05:00:00,16.9,938.8,51.0,AWS-RAN-067,Ranchi,RAN,center,False,
2025-03-04 06:00:00,16.2,939.6,58.0,AWS-RAN-067,Ranchi,RAN,center,False,
2025-03-04 07:00:00,19.0,941.1,51.0,AWS-RAN-067,Ranchi,RAN,center,False,
2025-03-04 08:00:00,22.4,942.3,42.0,AWS-RAN-067,Ranchi,RAN,center,False,
2025-03-04 09:00:00,24.9,943.0,33.0,AWS-RAN-067,Ranchi,RAN,center,False,
2025-03-04 10:00:00,27.1,943.5,28.0,AWS-RAN-067,Ranchi,RAN,center,False,
2025-03-04 11:00:00,28.8,942.8,24.0,AWS-RAN-067,Ranchi,RAN,center,False,
2025-03-04 12:00:00,29.0,941.5,26.0,AWS-RAN-067,Ranchi,RAN,center,False,
2025-03-04 13:00:00,29.7,940.6,24.0,AWS-RAN-067,Ranchi,RAN,center,False,
2025-03-04 14:00:00,29.9,939.9,22.0,AWS-RAN-067,Ranchi,RAN,center,False,
2025-03-04 15:00:00,28.9,939.4,25.0,AWS-RAN-067,Ranchi,RAN,center,False,
2025-03-04 16:00:00,28.5,939.0,25.0,AWS-RAN-067,Ranchi,RAN,center,False,
2025-03-04 17:00:00,26.5,938.7,30.0,AWS-RAN-067,Ranchi,RAN,center,False,
2025-03-04 18:00:00,24.3,938.7,33.0,AWS-RAN-067,Ranchi,RAN,center,False,
2025-03-04 19:00:00,23.0,939.2,36.0,AWS-RAN-067,Ranchi,RAN,center,False,
2025-03-04 20:00:00,22.5,939.9,36.0,AWS-RAN-067,Ranchi,RAN,center,False,
2025-03-04 21:00:00,21.4,940.3,40.0,AWS-RAN-067,Ranchi,RAN,center,False,
2025-03-04 22:00:00,20.2,940.3,50.0,AWS-RAN-067,Ranchi,RAN,center,False,
2025-03-04 23:00:00,20.1,940.2,56.0,AWS-RAN-067,Ranchi,RAN,center,False,
2025-03-05 00:00:00,20.0,939.7,59.0,AWS-RAN-067,Ranchi,RAN,center,False,
2025-03-05 01:00:00,19.4,939.0,61.0,AWS-RAN-067,Ranchi,RAN,center,False,
2025-03-05 02:00:00,18.6,938.5,63.0,AWS-RAN-067,Ranchi,RAN,center,False,
2025-03-05 03:00:00,18.1,937.7,60.0,AWS-RAN-067,Ranchi,RAN,center,False,
2025-03-05 04:00:00,18.0,938.0,55.0,AWS-RAN-067,Ranchi,RAN,center,False,
2025-03-05 05:00:00,18.3,938.1,50.0,AWS-RAN-067,Ranchi,RAN,center,False,
2025-03-05 06:00:00,18.3,939.3,51.0,AWS-RAN-067,Ranchi,RAN,center,False,
2025-03-05 07:00:00,258.30948072406363,938.2007895547837,100.0,AWS-RAN-067,Ranchi,RAN,center,True,multivariate_inconsistency
2025-03-05 08:00:00,259.80948072406363,940.0981719171499,100.0,AWS-RAN-067,Ranchi,RAN,center,True,multivariate_inconsistency
2025-03-05 09:00:00,261.0094807240637,941.5325885103617,100.0,AWS-RAN-067,Ranchi,RAN,center,True,multivariate_inconsistency
2025-03-05 10:00:00,262.30948072406363,943.790124865158,99.79601162888795,AWS-RAN-067,Ranchi,RAN,center,True,multivariate_inconsistency
2025-03-05 11:00:00,263.5094807240637,941.2054276554272,92.91179085922468,AWS-RAN-067,Ranchi,RAN,center,True,multivariate_inconsistency
2025-03-05 12:00:00,26.0,939.9,24.0,AWS-RAN-067,Ranchi,RAN,center,False,
2025-03-05 13:00:00,27.0,938.9,20.0,AWS-RAN-067,Ranchi,RAN,center,False,
2025-03-05 14:00:00,27.2,938.1,20.0,AWS-RAN-067,Ranchi,RAN,center,False,
2025-03-05 15:00:00,26.8,937.5,20.0,AWS-RAN-067,Ranchi,RAN,center,False,
2025-03-05 16:00:00,26.0,937.4,21.0,AWS-RAN-067,Ranchi,RAN,center,False,
2025-03-05 17:00:00,24.1,937.5,23.0,AWS-RAN-067,Ranchi,RAN,center,False,
2025-03-05 18:00:00,21.5,938.2,27.0,AWS-RAN-067,Ranchi,RAN,center,False,
2025-03-05 19:00:00,20.5,938.7,29.0,AWS-RAN-067,Ranchi,RAN,center,False,
2025-03-05 20:00:00,19.3,939.1,30.0,AWS-RAN-067,Ranchi,RAN,center,False,
2025-03-05 21:00:00,18.4,939.5,31.0,AWS-RAN-067,Ranchi,RAN,center,False,
2025-03-05 22:00:00,18.1,939.9,30.0,AWS-RAN-067,Ranchi,RAN,center,False,
2025-03-05 23:00:00,17.2,939.7,32.0,AWS-RAN-067,Ranchi,RAN,center,False,
2025-03-06 00:00:00,15.9,939.3,36.0,AWS-RAN-067,Ranchi,RAN,center,False,
2025-03-06 01:00:00,15.0,938.7,38.0,AWS-RAN-067,Ranchi,RAN,center,False,
2025-03-06 02:00:00,14.3,938.2,39.0,AWS-RAN-067,Ranchi,RAN,center,False,
2025-03-06 03:00:00,14.0,938.1,40.0,AWS-RAN-067,Ranchi,RAN,center,False,
2025-03-06 04:00:00,13.9,938.3,40.0,AWS-RAN-067,Ranchi,RAN,center,False,
2025-03-06 05:00:00,13.7,938.6,,AWS-RAN-067,Ranchi,RAN,center,True,dropout
2025-03-06 06:00:00,13.3,939.7,48.0,AWS-RAN-067,Ranchi,RAN,center,False,
2025-03-06 07:00:00,15.6,941.0,44.0,AWS-RAN-067,Ranchi,RAN,center,False,
2025-03-06 08:00:00,18.2,942.1,35.0,AWS-RAN-067,Ranchi,RAN,center,False,
2025-03-06 09:00:00,20.3,942.9,27.0,AWS-RAN-067,Ranchi,RAN,center,False,
2025-03-06 10:00:00,22.2,943.0,21.0,AWS-RAN-067,Ranchi,RAN,center,False,
2025-03-06 11:00:00,23.9,942.6,18.0,AWS-RAN-067,Ranchi,RAN,center,False,
2025-03-06 12:00:00,25.3,941.8,16.0,AWS-RAN-067,Ranchi,RAN,center,False,
2025-03-06 13:00:00,26.3,941.1,15.0,AWS-RAN-067,Ranchi,RAN,center,False,
2025-03-06 14:00:00,26.9,940.3,14.0,AWS-RAN-067,Ranchi,RAN,center,False,
2025-03-06 15:00:00,26.9,939.9,14.0,AWS-RAN-067,Ranchi,RAN,center,False,
2025-03-06 16:00:00,25.8,939.9,16.0,AWS-RAN-067,Ranchi,RAN,center,False,
2025-03-06 17:00:00,23.3,939.9,21.0,AWS-RAN-067,Ranchi,RAN,center,False,
2025-03-06 18:00:00,20.8,939.8,27.0,AWS-RAN-067,Ranchi,RAN,center,True,frozen_value
2025-03-06 19:00:00,18.8,939.7,27.07080606460833,AWS-RAN-067,Ranchi,RAN,center,True,frozen_value
2025-03-06 20:00:00,18.3,940.3,26.960107871751028,AWS-RAN-067,Ranchi,RAN,center,True,frozen_value
2025-03-06 21:00:00,17.7,940.4,27.03774319215281,AWS-RAN-067,Ranchi,RAN,center,True,frozen_value
2025-03-06 22:00:00,18.0,940.3,27.149245425683013,AWS-RAN-067,Ranchi,RAN,center,True,frozen_value
2025-03-06 23:00:00,17.2,939.8,27.22526889685676,AWS-RAN-067,Ranchi,RAN,center,True,frozen_value
2025-03-07 00:00:00,15.6,939.1,27.176630601329762,AWS-RAN-067,Ranchi,RAN,center,True,frozen_value
2025-03-07 01:00:00,14.9,938.4,27.178844381191766,AWS-RAN-067,Ranchi,RAN,center,True,frozen_value
2025-03-07 02:00:00,14.3,937.8,46.0,AWS-RAN-067,Ranchi,RAN,center,False,
2025-03-07 03:00:00,13.9,937.3,48.0,AWS-RAN-067,Ranchi,RAN,center,False,
2025-03-07 04:00:00,13.7,937.4,49.0,AWS-RAN-067,Ranchi,RAN,center,False,
2025-03-07 05:00:00,13.8,937.9,48.0,AWS-RAN-067,Ranchi,RAN,center,False,
2025-03-07 06:00:00,13.9,938.4,50.0,AWS-RAN-067,Ranchi,RAN,center,False,
2025-03-07 07:00:00,16.8,939.7,41.0,AWS-RAN-067,Ranchi,RAN,center,False,
2025-03-07 08:00:00,20.2,941.1,32.0,AWS-RAN-067,Ranchi,RAN,center,False,
2025-03-07 09:00:00,22.7,941.4,26.0,AWS-RAN-067,Ranchi,RAN,center,False,
2025-03-07 10:00:00,24.9,941.7,21.0,AWS-RAN-067,Ranchi,RAN,center,False,
2025-03-07 11:00:00,26.5,941.2,16.0,AWS-RAN-067,Ranchi,RAN,center,False,
2025-03-07 12:00:00,27.5,940.2,14.0,AWS-RAN-067,Ranchi,RAN,center,False,
2025-03-07 13:00:00,27.7,939.3,14.0,AWS-RAN-067,Ranchi,RAN,center,False,
2025-03-07 14:00:00,27.7,938.3,14.0,AWS-RAN-067,Ranchi,RAN,center,False,
2025-03-07 15:00:00,27.3,938.0,14.0,AWS-RAN-067,Ranchi,RAN,center,False,
2025-03-07 16:00:00,26.4,938.0,16.0,AWS-RAN-067,Ranchi,RAN,center,False,
2025-03-07 17:00:00,24.3,937.8,19.0,AWS-RAN-067,Ranchi,RAN,center,False,
2025-03-07 18:00:00,22.1,937.5,24.0,AWS-RAN-067,Ranchi,RAN,center,False,
2025-03-07 19:00:00,20.9,938.0,26.0,AWS-RAN-067,Ranchi,RAN,center,False,
2025-03-07 20:00:00,20.3,938.3,26.0,AWS-RAN-067,Ranchi,RAN,center,False,
2025-03-07 21:00:00,20.2,938.4,24.0,AWS-RAN-067,Ranchi,RAN,center,False,
2025-03-07 22:00:00,18.7,938.1,28.0,AWS-RAN-067,Ranchi,RAN,center,False,
2025-03-07 23:00:00,17.1,937.9,36.0,AWS-RAN-067,Ranchi,RAN,center,False,
2025-03-08 00:00:00,16.7,937.8,40.0,AWS-RAN-067,Ranchi,RAN,center,False,
2025-03-08 01:00:00,16.4,937.1,43.0,AWS-RAN-067,Ranchi,RAN,center,False,
2025-03-08 02:00:00,15.9,936.4,45.0,AWS-RAN-067,Ranchi,RAN,center,False,
2025-03-08 03:00:00,293.2191243387171,938.4666618027488,100.0,AWS-RAN-067,Ranchi,RAN,center,True,multivariate_inconsistency
2025-03-08 04:00:00,293.0191243387171,934.0957877751231,100.0,AWS-RAN-067,Ranchi,RAN,center,True,multivariate_inconsistency
2025-03-08 05:00:00,292.9191243387171,936.1243495922407,100.0,AWS-RAN-067,Ranchi,RAN,center,True,multivariate_inconsistency
2025-03-08 06:00:00,292.61912433871714,938.6574214378874,100.0,AWS-RAN-067,Ranchi,RAN,center,True,multivariate_inconsistency
2025-03-08 07:00:00,18.6,938.3,41.0,AWS-RAN-067,Ranchi,RAN,center,False,
2025-03-08 08:00:00,22.5,940.0,31.0,AWS-RAN-067,Ranchi,RAN,center,False,
2025-03-08 09:00:00,24.9,940.6,24.0,AWS-RAN-067,Ranchi,RAN,center,False,
2025-03-08 10:00:00,26.8,940.6,20.0,AWS-RAN-067,Ranchi,RAN,center,False,
2025-03-08 11:00:00,28.3,940.2,17.0,AWS-RAN-067,Ranchi,RAN,center,False,
2025-03-08 12:00:00,28.8,939.4,17.0,AWS-RAN-067,Ranchi,RAN,center,False,
2025-03-08 13:00:00,29.2,938.5,17.0,AWS-RAN-067,Ranchi,RAN,center,False,
2025-03-08 14:00:00,28.8,937.8,18.0,AWS-RAN-067,Ranchi,RAN,center,False,
2025-03-08 15:00:00,28.5,937.4,18.0,AWS-RAN-067,Ranchi,RAN,center,False,
2025-03-08 16:00:00,27.8,937.4,18.0,AWS-RAN-067,Ranchi,RAN,center,False,
2025-03-08 17:00:00,25.8,937.5,23.0,AWS-RAN-067,Ranchi,RAN,center,False,
2025-03-08 18:00:00,23.3,937.7,27.0,AWS-RAN-067,Ranchi,RAN,center,False,
2025-03-08 19:00:00,22.7,938.5,27.0,AWS-RAN-067,Ranchi,RAN,center,False,
2025-03-08 20:00:00,21.8,939.0,28.0,AWS-RAN-067,Ranchi,RAN,center,False,
2025-03-08 21:00:00,19.9,939.3,33.0,AWS-RAN-067,Ranchi,RAN,center,False,
2025-03-08 22:00:00,18.8,939.4,36.0,AWS-RAN-067,Ranchi,RAN,center,False,
2025-03-08 23:00:00,18.0,939.1,39.0,AWS-RAN-067,Ranchi,RAN,center,False,
2025-03-09 00:00:00,17.4,939.0,41.0,AWS-RAN-067,Ranchi,RAN,center,False,
2025-03-09 01:00:00,16.9,938.5,44.0,AWS-RAN-067,Ranchi,RAN,center,False,
2025-03-09 02:00:00,16.5,938.2,46.0,AWS-RAN-067,Ranchi,RAN,center,False,
2025-03-09 03:00:00,15.9,938.1,48.0,AWS-RAN-067,Ranchi,RAN,center,False,
2025-03-09 04:00:00,15.7,938.3,48.0,AWS-RAN-067,Ranchi,RAN,center,False,
2025-03-09 05:00:00,15.9,939.2,49.0,AWS-RAN-067,Ranchi,RAN,center,False,
2025-03-09 06:00:00,16.2,940.2,54.0,AWS-RAN-067,Ranchi,RAN,center,False,
2025-03-09 07:00:00,20.2,941.8,44.0,AWS-RAN-067,Ranchi,RAN,center,False,
2025-03-09 08:00:00,23.4,943.5,38.0,AWS-RAN-067,Ranchi,RAN,center,False,
2025-03-09 09:00:00,25.6,944.1,31.0,AWS-RAN-067,Ranchi,RAN,center,False,
2025-03-09 10:00:00,27.3,944.5,27.0,AWS-RAN-067,Ranchi,RAN,center,False,
2025-03-09 11:00:00,28.5,944.0,24.0,AWS-RAN-067,Ranchi,RAN,center,False,
2025-03-09 12:00:00,29.2,943.2,22.0,AWS-RAN-067,Ranchi,RAN,center,False,
2025-03-09 13:00:00,29.6,942.2,21.0,AWS-RAN-067,Ranchi,RAN,center,False,
2025-03-09 14:00:00,29.8,941.5,21.0,AWS-RAN-067,Ranchi,RAN,center,False,
2025-03-09 15:00:00,29.7,941.1,20.0,AWS-RAN-067,Ranchi,RAN,center,False,
2025-03-09 16:00:00,29.5,941.0,20.0,AWS-RAN-067,Ranchi,RAN,center,False,
2025-03-09 17:00:00,27.3,941.0,26.0,AWS-RAN-067,Ranchi,RAN,center,False,
2025-03-09 18:00:00,25.0,941.4,28.0,AWS-RAN-067,Ranchi,RAN,center,False,
2025-03-09 19:00:00,22.6,942.1,35.0,AWS-RAN-067,Ranchi,RAN,center,False,
2025-03-09 20:00:00,22.4,942.8,36.0,AWS-RAN-067,Ranchi,RAN,center,False,
2025-03-09 21:00:00,22.6,943.0,33.0,AWS-RAN-067,Ranchi,RAN,center,False,
2025-03-09 22:00:00,21.0,943.4,37.0,AWS-RAN-067,Ranchi,RAN,center,False,
2025-03-09 23:00:00,19.9,943.2,41.0,AWS-RAN-067,Ranchi,RAN,center,False,
2025-03-10 00:00:00,19.1,943.2,44.0,AWS-RAN-067,Ranchi,RAN,center,False,
2025-03-10 01:00:00,18.6,942.7,48.0,AWS-RAN-067,Ranchi,RAN,center,False,
2025-03-10 02:00:00,17.3,942.2,55.0,AWS-RAN-067,Ranchi,RAN,center,False,
2025-03-10 03:00:00,17.4,942.0,57.0,AWS-RAN-067,Ranchi,RAN,center,False,
2025-03-10 04:00:00,17.3,942.1,59.0,AWS-RAN-067,Ranchi,RAN,center,False,
2025-03-10 05:00:00,16.8,942.4,62.0,AWS-RAN-067,Ranchi,RAN,center,False,
2025-03-10 06:00:00,17.0,943.7,71.0,AWS-RAN-067,Ranchi,RAN,center,False,
2025-03-10 07:00:00,20.8,945.0,57.0,AWS-RAN-067,Ranchi,RAN,center,False,
2025-03-10 08:00:00,24.0,946.3,48.0,AWS-RAN-067,Ranchi,RAN,center,False,
2025-03-10 09:00:00,26.9,947.0,36.0,AWS-RAN-067,Ranchi,RAN,center,False,
2025-03-10 10:00:00,28.7,947.1,29.0,AWS-RAN-067,Ranchi,RAN,center,False,
2025-03-10 11:00:00,29.9,946.3,27.0,AWS-RAN-067,Ranchi,RAN,center,False,
2025-03-10 12:00:00,30.6,945.1,26.0,AWS-RAN-067,Ranchi,RAN,center,False,
2025-03-10 13:00:00,31.0,944.1,25.0,AWS-RAN-067,Ranchi,RAN,center,False,
2025-03-10 14:00:00,31.3,943.1,24.0,AWS-RAN-067,Ranchi,RAN,center,False,
2025-03-10 15:00:00,31.2,942.5,24.0,AWS-RAN-067,Ranchi,RAN,center,False,
2025-03-10 16:00:00,30.0,942.2,25.0,AWS-RAN-067,Ranchi,RAN,center,False,
2025-03-10 17:00:00,28.5,942.2,27.0,AWS-RAN-067,Ranchi,RAN,center,False,
2025-03-10 18:00:00,26.5,942.5,31.0,AWS-RAN-067,Ranchi,RAN,center,False,
2025-03-10 19:00:00,25.0,942.9,33.0,AWS-RAN-067,Ranchi,RAN,center,False,
2025-03-10 20:00:00,23.8,944.0,36.0,AWS-RAN-067,Ranchi,RAN,center,False,
2025-03-10 21:00:00,22.5,943.9,46.0,AWS-RAN-067,Ranchi,RAN,center,False,
2025-03-10 22:00:00,21.6,943.5,56.0,AWS-RAN-067,Ranchi,RAN,center,False,
2025-03-10 23:00:00,20.4,942.8,62.0,AWS-RAN-067,Ranchi,RAN,center,False,
2025-03-11 00:00:00,19.7,942.8,65.0,AWS-RAN-067,Ranchi,RAN,center,False,
2025-03-11 01:00:00,18.8,942.1,69.0,AWS-RAN-067,Ranchi,RAN,center,False,
2025-03-11 02:00:00,18.3,941.5,73.0,AWS-RAN-067,Ranchi,RAN,center,False,
2025-03-11 03:00:00,18.2,941.5,76.0,AWS-RAN-067,Ranchi,RAN,center,False,
2025-03-11 04:00:00,17.7,942.0,78.0,AWS-RAN-067,Ranchi,RAN,center,False,
2025-03-11 05:00:00,16.6,941.6,83.0,AWS-RAN-067,Ranchi,RAN,center,False,
2025-03-11 06:00:00,17.4,942.9,85.0,AWS-RAN-067,Ranchi,RAN,center,False,
2025-03-11 07:00:00,20.6,944.5,70.0,AWS-RAN-067,Ranchi,RAN,center,False,
2025-03-11 08:00:00,23.7,945.9,52.0,AWS-RAN-067,Ranchi,RAN,center,False,
2025-03-11 09:00:00,25.8,946.2,39.0,AWS-RAN-067,Ranchi,RAN,center,False,
2025-03-11 10:00:00,27.7,945.9,29.0,AWS-RAN-067,Ranchi,RAN,center,False,
2025-03-11 11:00:00,29.2,945.0,25.0,AWS-RAN-067,Ranchi,RAN,center,False,
2025-03-11 12:00:00,30.2,943.7,22.0,AWS-RAN-067,Ranchi,RAN,center,False,
2025-03-11 13:00:00,30.7,942.6,21.0,AWS-RAN-067,Ranchi,RAN,center,False,
2025-03-11 14:00:00,30.6,941.8,20.0,AWS-RAN-067,Ranchi,RAN,center,False,
2025-03-11 15:00:00,29.9,941.3,23.0,AWS-RAN-067,Ranchi,RAN,center,False,
2025-03-11 16:00:00,29.4,941.0,21.0,AWS-RAN-067,Ranchi,RAN,center,False,
2025-03-11 17:00:00,27.7,941.0,25.0,AWS-RAN-067,Ranchi,RAN,center,False,
2025-03-11 18:00:00,25.4,941.3,30.0,AWS-RAN-067,Ranchi,RAN,center,False,
2025-03-11 19:00:00,24.2,941.7,33.0,AWS-RAN-067,Ranchi,RAN,center,False,
2025-03-11 20:00:00,23.4,941.7,37.0,AWS-RAN-067,Ranchi,RAN,center,False,
2025-03-11 21:00:00,22.7,941.6,39.0,AWS-RAN-067,Ranchi,RAN,center,False,
2025-03-11 22:00:00,22.4,941.3,38.0,AWS-RAN-067,Ranchi,RAN,center,False,
2025-03-11 23:00:00,21.8,940.5,39.0,AWS-RAN-067,Ranchi,RAN,center,False,
2025-03-12 00:00:00,20.7,940.1,42.0,AWS-RAN-067,Ranchi,RAN,center,False,
2025-03-12 01:00:00,19.8,939.1,45.0,AWS-RAN-067,Ranchi,RAN,center,False,
2025-03-12 02:00:00,231.28114173092933,939.8458919759721,100.0,AWS-RAN-067,Ranchi,RAN,center,True,multivariate_inconsistency
2025-03-12 03:00:00,231.28114173092933,938.0642893674424,100.0,AWS-RAN-067,Ranchi,RAN,center,True,multivariate_inconsistency
2025-03-12 04:00:00,231.88114173092933,939.3141743681036,100.0,AWS-RAN-067,Ranchi,RAN,center,True,multivariate_inconsistency
2025-03-12 05:00:00,20.1,938.5,41.0,AWS-RAN-067,Ranchi,RAN,center,False,
2025-03-12 06:00:00,19.8,939.5,45.0,AWS-RAN-067,Ranchi,RAN,center,False,
2025-03-12 07:00:00,22.9,940.6,39.0,AWS-RAN-067,Ranchi,RAN,center,False,
2025-03-12 08:00:00,26.7,941.8,32.0,AWS-RAN-067,Ranchi,RAN,center,False,
2025-03-12 09:00:00,29.5,942.4,24.0,AWS-RAN-067,Ranchi,RAN,center,False,
2025-03-12 10:00:00,31.4,942.1,19.0,AWS-RAN-067,Ranchi,RAN,center,False,
2025-03-12 11:00:00,32.3,941.0,18.0,AWS-RAN-067,Ranchi,RAN,center,False,
2025-03-12 12:00:00,32.7,939.9,17.0,AWS-RAN-067,Ranchi,RAN,center,False,
2025-03-12 13:00:00,33.0,938.8,16.0,AWS-RAN-067,Ranchi,RAN,center,False,
2025-03-12 14:00:00,33.1,937.8,16.0,AWS-RAN-067,Ranchi,RAN,center,False,
2025-03-12 15:00:00,136.14396911892763,800.0,0.0,AWS-RAN-067,Ranchi,RAN,center,True,unstructured_anomaly
2025-03-12 16:00:00,-59.77528873888971,1100.0,62.593443901715055,AWS-RAN-067,Ranchi,RAN,center,True,unstructured_anomaly
2025-03-12 17:00:00,-74.80583853069075,1100.0,0.0,AWS-RAN-067,Ranchi,RAN,center,True,unstructured_anomaly
2025-03-12 18:00:00,-84.48981840709774,1096.4224592278358,67.65560264957142,AWS-RAN-067,Ranchi,RAN,center,True,unstructured_anomaly
2025-03-12 19:00:00,144.6509780378544,800.0,0.0,AWS-RAN-067,Ranchi,RAN,center,True,unstructured_anomaly
2025-03-12 20:00:00,25.2,938.0,29.0,AWS-RAN-067,Ranchi,RAN,center,False,
2025-03-12 21:00:00,23.9,938.1,32.0,AWS-RAN-067,Ranchi,RAN,center,False,
2025-03-12 22:00:00,22.1,938.2,36.0,AWS-RAN-067,Ranchi,RAN,center,False,
2025-03-12 23:00:00,21.5,937.9,36.0,AWS-RAN-067,Ranchi,RAN,center,False,
2025-03-13 00:00:00,21.9,937.4,32.0,AWS-RAN-067,Ranchi,RAN,center,False,
2025-03-13 01:00:00,22.0,936.7,31.0,AWS-RAN-067,Ranchi,RAN,center,False,
2025-03-13 02:00:00,21.5,936.1,32.0,AWS-RAN-067,Ranchi,RAN,center,False,
2025-03-13 03:00:00,21.7,935.9,33.0,AWS-RAN-067,Ranchi,RAN,center,False,
2025-03-13 04:00:00,20.6,936.2,36.0,AWS-RAN-067,Ranchi,RAN,center,False,
2025-03-13 05:00:00,20.4,936.6,37.0,AWS-RAN-067,Ranchi,RAN,center,False,
2025-03-13 06:00:00,20.5,937.7,42.0,AWS-RAN-067,Ranchi,RAN,center,False,
2025-03-13 07:00:00,23.6,939.3,37.0,AWS-RAN-067,Ranchi,RAN,center,False,
2025-03-13 08:00:00,27.4,940.8,31.0,AWS-RAN-067,Ranchi,RAN,center,False,
2025-03-13 09:00:00,29.7,941.3,27.0,AWS-RAN-067,Ranchi,RAN,center,False,
2025-03-13 10:00:00,31.5,941.0,23.0,AWS-RAN-067,Ranchi,RAN,center,False,
2025-03-13 11:00:00,32.8,940.2,20.0,AWS-RAN-067,Ranchi,RAN,center,False,
2025-03-13 12:00:00,33.7,939.1,17.0,AWS-RAN-067,Ranchi,RAN,center,False,
2025-03-13 13:00:00,33.8,937.9,16.0,AWS-RAN-067,Ranchi,RAN,center,False,
2025-03-13 14:00:00,33.5,936.9,16.0,AWS-RAN-067,Ranchi,RAN,center,False,
2025-03-13 15:00:00,33.0,936.2,17.0,AWS-RAN-067,Ranchi,RAN,center,False,
2025-03-13 16:00:00,32.1,936.1,19.0,AWS-RAN-067,Ranchi,RAN,center,False,
2025-03-13 17:00:00,30.3,936.2,21.0,AWS-RAN-067,Ranchi,RAN,center,False,
2025-03-13 18:00:00,28.2,936.5,24.0,AWS-RAN-067,Ranchi,RAN,center,False,
2025-03-13 19:00:00,27.0,936.8,25.0,AWS-RAN-067,Ranchi,RAN,center,False,
2025-03-13 20:00:00,25.9,937.5,26.0,AWS-RAN-067,Ranchi,RAN,center,False,
2025-03-13 21:00:00,24.5,938.1,30.0,AWS-RAN-067,Ranchi,RAN,center,False,
2025-03-13 22:00:00,23.5,938.1,34.0,AWS-RAN-067,Ranchi,RAN,center,False,
2025-03-13 23:00:00,23.2,938.1,37.0,AWS-RAN-067,Ranchi,RAN,center,False,
2025-03-14 00:00:00,22.3,937.5,41.0,AWS-RAN-067,Ranchi,RAN,center,True,drift
2025-03-14 01:00:00,10.2520238006213,936.7,48.0,AWS-RAN-067,Ranchi,RAN,center,True,drift
2025-03-14 02:00:00,-0.6959523987573988,936.5,51.0,AWS-RAN-067,Ranchi,RAN,center,True,drift
2025-03-14 03:00:00,-11.443928598136097,936.1,52.0,AWS-RAN-067,Ranchi,RAN,center,True,drift
2025-03-14 04:00:00,-21.6919047975148,936.4,53.0,AWS-RAN-067,Ranchi,RAN,center,True,drift
2025-03-14 05:00:00,-31.939880996893496,937.3,53.0,AWS-RAN-067,Ranchi,RAN,center,True,drift
2025-03-14 06:00:00,-42.2878571962722,938.3,62.0,AWS-RAN-067,Ranchi,RAN,center,True,drift
2025-03-14 07:00:00,-48.43583339565089,940.1,49.0,AWS-RAN-067,Ranchi,RAN,center,True,drift
2025-03-14 08:00:00,-54.3838095950296,941.9,37.0,AWS-RAN-067,Ranchi,RAN,center,True,drift
2025-03-14 09:00:00,-62.3317857944083,942.3,29.0,AWS-RAN-067,Ranchi,RAN,center,True,drift
2025-03-14 10:00:00,-70.87976199378699,942.3,24.0,AWS-RAN-067,Ranchi,RAN,center,True,drift
2025-03-14 11:00:00,-79.82773819316569,941.7,21.0,AWS-RAN-067,Ranchi,RAN,center,True,drift
2025-03-14 12:00:00,-88.97571439254439,940.7,18.0,AWS-RAN-067,Ranchi,RAN,center,True,drift
2025-03-14 13:00:00,-97.92369059192309,939.6,14.0,AWS-RAN-067,Ranchi,RAN,center,True,drift
2025-03-14 14:00:00,-109.17166679130177,938.5,16.0,AWS-RAN-067,Ranchi,RAN,center,True,drift
2025-03-14 15:00:00,-119.71964299068048,937.6,16.0,AWS-RAN-067,Ranchi,RAN,center,True,drift
2025-03-14 16:00:00,-131.0676191900592,937.6,15.0,AWS-RAN-067,Ranchi,RAN,center,True,drift
2025-03-14 17:00:00,-143.2155953894379,937.6,17.0,AWS-RAN-067,Ranchi,RAN,center,True,drift
2025-03-14 18:00:00,-157.0635715888166,938.2,23.0,AWS-RAN-067,Ranchi,RAN,center,True,drift
2025-03-14 19:00:00,-167.31154778819527,938.9,21.0,AWS-RAN-067,Ranchi,RAN,center,True,drift
2025-03-14 20:00:00,-178.459523987574,939.4,24.0,AWS-RAN-067,Ranchi,RAN,center,True,drift
2025-03-14 21:00:00,-190.2075001869527,939.8,28.0,AWS-RAN-067,Ranchi,RAN,center,True,drift
2025-03-14 22:00:00,-201.95547638633138,939.8,35.0,AWS-RAN-067,Ranchi,RAN,center,True,drift
2025-03-14 23:00:00,-213.20345258571007,939.8,39.0,AWS-RAN-067,Ranchi,RAN,center,True,drift
2025-03-15 00:00:00,-223.7514287850888,939.2,42.0,AWS-RAN-067,Ranchi,RAN,center,True,drift
2025-03-15 01:00:00,-234.69940498446744,938.6,44.0,AWS-RAN-067,Ranchi,RAN,center,True,drift
2025-03-15 02:00:00,-245.2473811838462,937.9,46.0,AWS-RAN-067,Ranchi,RAN,center,True,drift
2025-03-15 03:00:00,-255.99535738322487,937.5,47.0,AWS-RAN-067,Ranchi,RAN,center,True,drift
2025-03-15 04:00:00,-266.54333358260357,937.6,48.0,AWS-RAN-067,Ranchi,RAN,center,True,drift
2025-03-15 05:00:00,-275.8913097819823,938.2,45.0,AWS-RAN-067,Ranchi,RAN,center,True,drift
2025-03-15 06:00:00,-286.039285981361,939.5,54.0,AWS-RAN-067,Ranchi,RAN,center,True,drift
2025-03-15 07:00:00,-292.9872621807397,941.4,43.0,AWS-RAN-067,Ranchi,RAN,center,True,drift
2025-03-15 08:00:00,-299.2352383801184,943.0,34.0,AWS-RAN-067,Ranchi,RAN,center,True,drift
2025-03-15 09:00:00,-307.2832145794971,943.7,26.0,AWS-RAN-067,Ranchi,RAN,center,True,drift
2025-03-15 10:00:00,-316.1311907788758,943.7,23.0,AWS-RAN-067,Ranchi,RAN,center,True,drift
2025-03-15 11:00:00,-325.0791669782544,943.2,21.0,AWS-RAN-067,Ranchi,RAN,center,True,drift
2025-03-15 12:00:00,-334.0271431776332,942.2,17.0,AWS-RAN-067,Ranchi,RAN,center,True,drift
2025-03-15 13:00:00,-343.7751193770119,941.3,16.0,AWS-RAN-067,Ranchi,RAN,center,True,drift
2025-03-15 14:00:00,-354.32309557639053,940.4,15.0,AWS-RAN-067,Ranchi,RAN,center,True,drift
2025-03-15 15:00:00,-365.07107177576927,939.7,14.0,AWS-RAN-067,Ranchi,RAN,center,True,drift
2025-03-15 16:00:00,-376.11904797514796,939.5,14.0,AWS-RAN-067,Ranchi,RAN,center,True,drift
2025-03-15 17:00:00,-388.2670241745267,939.5,17.0,AWS-RAN-067,Ranchi,RAN,center,True,drift
2025-03-15 18:00:00,-401.0150003739054,940.2,20.0,AWS-RAN-067,Ranchi,RAN,center,True,drift
2025-03-15 19:00:00,28.5,940.6,20.0,AWS-RAN-067,Ranchi,RAN,center,False,
2025-03-15 20:00:00,27.6,941.2,21.0,AWS-RAN-067,Ranchi,RAN,center,False,
2025-03-15 21:00:00,26.6,941.5,23.0,AWS-RAN-067,Ranchi,RAN,center,False,
2025-03-15 22:00:00,25.8,941.8,24.0,AWS-RAN-067,Ranchi,RAN,center,False,
2025-03-15 23:00:00,24.5,941.6,28.0,AWS-RAN-067,Ranchi,RAN,center,False,
2025-03-16 00:00:00,23.5,940.8,34.0,AWS-RAN-067,Ranchi,RAN,center,False,
2025-03-16 01:00:00,24.0,940.3,36.0,AWS-RAN-067,Ranchi,RAN,center,False,
2025-03-16 02:00:00,23.9,939.5,36.0,AWS-RAN-067,Ranchi,RAN,center,False,
2025-03-16 03:00:00,23.4,938.9,37.0,AWS-RAN-067,Ranchi,RAN,center,False,
2025-03-16 04:00:00,23.1,939.1,39.0,AWS-RAN-067,Ranchi,RAN,center,False,
2025-03-16 05:00:00,22.7,939.4,40.0,AWS-RAN-067,Ranchi,RAN,center,False,
2025-03-16 06:00:00,22.5,939.7,53.0,AWS-RAN-067,Ranchi,RAN,center,False,
2025-03-16 07:00:00,25.8,941.1,43.0,AWS-RAN-067,Ranchi,RAN,center,False,
2025-03-16 08:00:00,29.6,942.4,36.0,AWS-RAN-067,Ranchi,RAN,center,False,
2025-03-16 09:00:00,32.3,942.9,25.0,AWS-RAN-067,Ranchi,RAN,center,False,
2025-03-16 10:00:00,34.2,943.0,18.0,AWS-RAN-067,Ranchi,RAN,center,False,
2025-03-16 11:00:00,34.9,942.3,17.0,AWS-RAN-067,Ranchi,RAN,center,False,
2025-03-16 12:00:00,35.1,941.3,16.0,AWS-RAN-067,Ranchi,RAN,center,False,
2025-03-16 13:00:00,34.9,940.1,17.0,AWS-RAN-067,Ranchi,RAN,center,False,
2025-03-16 14:00:00,35.2,938.9,17.0,AWS-RAN-067,Ranchi,RAN,center,False,
2025-03-16 15:00:00,34.8,938.2,17.0,AWS-RAN-067,Ranchi,RAN,center,False,
2025-03-16 16:00:00,34.2,938.2,17.0,AWS-RAN-067,Ranchi,RAN,center,False,
2025-03-16 17:00:00,30.2,938.9,28.0,AWS-RAN-067,Ranchi,RAN,center,False,
2025-03-16 18:00:00,27.4,939.6,38.0,AWS-RAN-067,Ranchi,RAN,center,False,
2025-03-16 19:00:00,146.74571663445272,800.0,91.63787136525062,AWS-RAN-067,Ranchi,RAN,center,True,unstructured_anomaly
2025-03-16 20:00:00,124.92049032452435,800.0,87.71035290249233,AWS-RAN-067,Ranchi,RAN,center,True,unstructured_anomaly
2025-03-16 21:00:00,-92.29836749700787,1100.0,89.28026228848196,AWS-RAN-067,Ranchi,RAN,center,True,unstructured_anomaly
2025-03-16 22:00:00,-74.00883035657804,1100.0,92.17009732742179,AWS-RAN-067,Ranchi,RAN,center,True,unstructured_anomaly
2025-03-16 23:00:00,-89.77699692982789,1100.0,4.323958760064855,AWS-RAN-067,Ranchi,RAN,center,True,unstructured_anomaly
2025-03-17 00:00:00,-71.51678745541267,1100.0,0.0,AWS-RAN-067,Ranchi,RAN,center,True,unstructured_anomaly
2025-03-17 01:00:00,-85.64381549971682,1100.0,100.0,AWS-RAN-067,Ranchi,RAN,center,True,unstructured_anomaly
2025-03-17 02:00:00,127.48713906433505,800.0,100.0,AWS-RAN-067,Ranchi,RAN,center,True,unstructured_anomaly
2025-03-17 03:00:00,21.5,937.5,55.0,AWS-RAN-067,Ranchi,RAN,center,False,
2025-03-17 04:00:00,21.4,937.6,55.0,AWS-RAN-067,Ranchi,RAN,center,False,
2025-03-17 05:00:00,21.0,938.0,56.0,AWS-RAN-067,Ranchi,RAN,center,False,
2025-03-17 06:00:00,21.7,939.2,61.0,AWS-RAN-067,Ranchi,RAN,center,False,
2025-03-17 07:00:00,23.6,940.7,55.0,AWS-RAN-067,Ranchi,RAN,center,False,
2025-03-17 08:00:00,26.2,941.7,47.0,AWS-RAN-067,Ranchi,RAN,center,False,
2025-03-17 09:00:00,28.6,942.1,40.0,AWS-RAN-067,Ranchi,RAN,center,False,
2025-03-17 10:00:00,30.4,942.9,37.0,AWS-RAN-067,Ranchi,RAN,center,False,
2025-03-17 11:00:00,27.1,942.3,49.0,AWS-RAN-067,Ranchi,RAN,center,False,
2025-03-17 12:00:00,27.6,941.9,46.0,AWS-RAN-067,Ranchi,RAN,center,False,
2025-03-17 13:00:00,28.9,940.4,40.0,AWS-RAN-067,Ranchi,RAN,center,False,
2025-03-17 14:00:00,30.6,939.4,37.0,AWS-RAN-067,Ranchi,RAN,center,False,
2025-03-17 15:00:00,27.4,938.9,43.0,AWS-RAN-067,Ranchi,RAN,center,False,
2025-03-17 16:00:00,29.2,938.7,36.0,AWS-RAN-067,Ranchi,RAN,center,False,
2025-03-17 17:00:00,28.6,938.7,39.0,AWS-RAN-067,Ranchi,RAN,center,False,
2025-03-17 18:00:00,26.4,939.0,47.0,AWS-RAN-067,Ranchi,RAN,center,False,
2025-03-17 19:00:00,25.8,939.4,47.0,AWS-RAN-067,Ranchi,RAN,center,False,
2025-03-17 20:00:00,24.5,939.8,47.0,AWS-RAN-067,Ranchi,RAN,center,False,
2025-03-17 21:00:00,24.1,940.4,46.0,AWS-RAN-067,Ranchi,RAN,center,False,
2025-03-17 22:00:00,23.3,941.0,50.0,AWS-RAN-067,Ranchi,RAN,center,False,
2025-03-17 23:00:00,22.4,940.6,53.0,AWS-RAN-067,Ranchi,RAN,center,False,
2025-03-18 00:00:00,21.8,940.4,53.0,AWS-RAN-067,Ranchi,RAN,center,False,
2025-03-18 01:00:00,21.3,940.0,53.0,AWS-RAN-067,Ranchi,RAN,center,False,
2025-03-18 02:00:00,20.8,939.5,53.0,AWS-RAN-067,Ranchi,RAN,center,False,
2025-03-18 03:00:00,20.5,939.0,52.0,AWS-RAN-067,Ranchi,RAN,center,False,
2025-03-18 04:00:00,20.2,939.3,51.0,AWS-RAN-067,Ranchi,RAN,center,False,
2025-03-18 05:00:00,19.5,939.3,52.0,AWS-RAN-067,Ranchi,RAN,center,False,
2025-03-18 06:00:00,19.8,940.4,52.0,AWS-RAN-067,Ranchi,RAN,center,False,
2025-03-18 07:00:00,22.0,941.6,44.0,AWS-RAN-067,Ranchi,RAN,center,False,
2025-03-18 08:00:00,24.7,942.8,33.0,AWS-RAN-067,Ranchi,RAN,center,False,
2025-03-18 09:00:00,26.6,943.1,29.0,AWS-RAN-067,Ranchi,RAN,center,False,
2025-03-18 10:00:00,28.3,943.1,26.0,AWS-RAN-067,Ranchi,RAN,center,False,
2025-03-18 11:00:00,29.5,942.5,25.0,AWS-RAN-067,Ranchi,RAN,center,False,
2025-03-18 12:00:00,30.6,941.7,24.0,AWS-RAN-067,Ranchi,RAN,center,False,
2025-03-18 13:00:00,31.1,940.8,23.0,AWS-RAN-067,Ranchi,RAN,center,False,
2025-03-18 14:00:00,31.6,940.0,22.0,AWS-RAN-067,Ranchi,RAN,center,False,
2025-03-18 15:00:00,32.1,939.2,20.0,AWS-RAN-067,Ranchi,RAN,center,False,
2025-03-18 16:00:00,30.7,939.2,21.0,AWS-RAN-067,Ranchi,RAN,center,False,
2025-03-18 17:00:00,28.4,939.5,26.0,AWS-RAN-067,Ranchi,RAN,center,False,
2025-03-18 18:00:00,25.9,940.1,31.0,AWS-RAN-067,Ranchi,RAN,center,False,
2025-03-18 19:00:00,24.4,940.9,34.0,AWS-RAN-067,Ranchi,RAN,center,False,
2025-03-18 20:00:00,23.9,941.5,31.0,AWS-RAN-067,Ranchi,RAN,center,False,
2025-03-18 21:00:00,23.2,941.6,31.0,AWS-RAN-067,Ranchi,RAN,center,False,
2025-03-18 22:00:00,22.4,941.8,33.0,AWS-RAN-067,Ranchi,RAN,center,False,
2025-03-18 23:00:00,21.9,941.6,34.0,AWS-RAN-067,Ranchi,RAN,center,False,
2025-03-19 00:00:00,21.1,941.4,36.0,AWS-RAN-067,Ranchi,RAN,center,False,
2025-03-19 01:00:00,20.6,940.8,37.0,AWS-RAN-067,Ranchi,RAN,center,False,
2025-03-19 02:00:00,20.1,940.3,37.0,AWS-RAN-067,Ranchi,RAN,center,False,
2025-03-19 03:00:00,20.0,940.1,37.0,AWS-RAN-067,Ranchi,RAN,center,False,
2025-03-19 04:00:00,19.9,940.2,37.0,AWS-RAN-067,Ranchi,RAN,center,False,
2025-03-19 05:00:00,18.5,940.8,41.0,AWS-RAN-067,Ranchi,RAN,center,True,frozen_value
2025-03-19 06:00:00,18.2,940.7655971311896,50.0,AWS-RAN-067,Ranchi,RAN,center,True,frozen_value
2025-03-19 07:00:00,21.6,940.69582197601,40.0,AWS-RAN-067,Ranchi,RAN,center,True,frozen_value
2025-03-19 08:00:00,24.4,940.7075999009519,32.0,AWS-RAN-067,Ranchi,RAN,center,True,frozen_value
2025-03-19 09:00:00,26.7,940.7344926964339,27.0,AWS-RAN-067,Ranchi,RAN,center,True,frozen_value
2025-03-19 10:00:00,28.7,940.7646570084062,24.0,AWS-RAN-067,Ranchi,RAN,center,True,frozen_value
2025-03-19 11:00:00,30.3,940.7725531283613,23.0,AWS-RAN-067,Ranchi,RAN,center,True,frozen_value
2025-03-19 12:00:00,31.7,944.4,22.0,AWS-RAN-067,Ranchi,RAN,center,False,
2025-03-19 13:00:00,32.8,943.4,21.0,AWS-RAN-067,Ranchi,RAN,center,False,
2025-03-19 14:00:00,33.4,942.5,20.0,AWS-RAN-067,Ranchi,RAN,center,False,
2025-03-19 15:00:00,33.2,941.9,20.0,AWS-RAN-067,Ranchi,RAN,center,False,
2025-03-19 16:00:00,32.4,941.4,22.0,AWS-RAN-067,Ranchi,RAN,center,False,
2025-03-19 17:00:00,31.0,941.5,33.0,AWS-RAN-067,Ranchi,RAN,center,False,
2025-03-19 18:00:00,28.4,942.2,30.0,AWS-RAN-067,Ranchi,RAN,center,False,
2025-03-19 19:00:00,27.2,942.8,30.0,AWS-RAN-067,Ranchi,RAN,center,False,
2025-03-19 20:00:00,25.9,943.1,33.0,AWS-RAN-067,Ranchi,RAN,center,False,
2025-03-19 21:00:00,25.2,943.9,36.0,AWS-RAN-067,Ranchi,RAN,center,False,
2025-03-19 22:00:00,24.3,944.1,39.0,AWS-RAN-067,Ranchi,RAN,center,False,
2025-03-19 23:00:00,23.5,943.7,41.0,AWS-RAN-067,Ranchi,RAN,center,False,
2025-03-20 00:00:00,23.0,943.5,42.0,AWS-RAN-067,Ranchi,RAN,center,False,
2025-03-20 01:00:00,22.4,942.6,45.0,AWS-RAN-067,Ranchi,RAN,center,False,
2025-03-20 02:00:00,21.6,942.2,51.0,AWS-RAN-067,Ranchi,RAN,center,False,
2025-03-20 03:00:00,21.1,942.1,54.0,AWS-RAN-067,Ranchi,RAN,center,False,
2025-03-20 04:00:00,21.0,942.6,52.0,AWS-RAN-067,Ranchi,RAN,center,False,
2025-03-20 05:00:00,53.220403350577996,943.0,51.0,AWS-RAN-067,Ranchi,RAN,center,True,spike
2025-03-20 06:00:00,34.21487948309326,944.3,64.0,AWS-RAN-067,Ranchi,RAN,center,True,spike
2025-03-20 07:00:00,29.008994722416965,945.7,46.0,AWS-RAN-067,Ranchi,RAN,center,True,spike
2025-03-20 08:00:00,28.100958514842368,946.4,32.0,AWS-RAN-067,Ranchi,RAN,center,True,spike
2025-03-20 09:00:00,28.1,946.9,32.0,AWS-RAN-067,Ranchi,RAN,center,False,
2025-03-20 10:00:00,29.3,946.6,32.0,AWS-RAN-067,Ranchi,RAN,center,False,
2025-03-20 11:00:00,30.5,945.8,31.0,AWS-RAN-067,Ranchi,RAN,center,False,
2025-03-20 12:00:00,31.9,945.2,29.0,AWS-RAN-067,Ranchi,RAN,center,False,
2025-03-20 13:00:00,30.8,943.6,32.0,AWS-RAN-067,Ranchi,RAN,center,False,
2025-03-20 14:00:00,29.7,943.0,36.0,AWS-RAN-067,Ranchi,RAN,center,False,
2025-03-20 15:00:00,24.9,943.1,61.0,AWS-RAN-067,Ranchi,RAN,center,False,
2025-03-20 16:00:00,26.1,942.4,52.0,AWS-RAN-067,Ranchi,RAN,center,False,
2025-03-20 17:00:00,25.7,942.5,51.0,AWS-RAN-067,Ranchi,RAN,center,False,
2025-03-20 18:00:00,25.4,943.1,51.0,AWS-RAN-067,Ranchi,RAN,center,False,
2025-03-20 19:00:00,24.3,944.1,55.0,AWS-RAN-067,Ranchi,RAN,center,False,
2025-03-20 20:00:00,23.7,944.7,61.0,AWS-RAN-067,Ranchi,RAN,center,False,
2025-03-20 21:00:00,22.9,944.9,65.0,AWS-RAN-067,Ranchi,RAN,center,False,
2025-03-20 22:00:00,22.1,944.6,68.0,AWS-RAN-067,Ranchi,RAN,center,False,
2025-03-20 23:00:00,20.9,944.9,76.0,AWS-RAN-067,Ranchi,RAN,center,False,
2025-03-21 00:00:00,20.7,943.9,76.0,AWS-RAN-067,Ranchi,RAN,center,False,
2025-03-21 01:00:00,20.2,943.5,80.0,AWS-RAN-067,Ranchi,RAN,center,False,
2025-03-21 02:00:00,19.9,942.9,84.0,AWS-RAN-067,Ranchi,RAN,center,False,
2025-03-21 03:00:00,19.8,942.7,82.0,AWS-RAN-067,Ranchi,RAN,center,False,
2025-03-21 04:00:00,18.6,943.2,90.0,AWS-RAN-067,Ranchi,RAN,center,False,
2025-03-21 05:00:00,18.6,942.8,90.0,AWS-RAN-067,Ranchi,RAN,center,False,
2025-03-21 06:00:00,20.0,944.3,81.0,AWS-RAN-067,Ranchi,RAN,center,False,
2025-03-21 07:00:00,22.1,945.2,73.0,AWS-RAN-067,Ranchi,RAN,center,False,
2025-03-21 08:00:00,24.0,946.3,67.0,AWS-RAN-067,Ranchi,RAN,center,False,
2025-03-21 09:00:00,25.5,946.4,60.0,AWS-RAN-067,Ranchi,RAN,center,False,
2025-03-21 10:00:00,206.27905016455261,945.5443402901269,100.0,AWS-RAN-067,Ranchi,RAN,center,True,multivariate_inconsistency
2025-03-21 11:00:00,202.97905016455263,948.0846276581583,100.0,AWS-RAN-067,Ranchi,RAN,center,True,multivariate_inconsistency
2025-03-21 12:00:00,200.77905016455261,946.2259634182966,100.0,AWS-RAN-067,Ranchi,RAN,center,True,multivariate_inconsistency
2025-03-21 13:00:00,200.67905016455262,944.0239516266182,100.0,AWS-RAN-067,Ranchi,RAN,center,True,multivariate_inconsistency
2025-03-21 14:00:00,23.2,942.3,71.0,AWS-RAN-067,Ranchi,RAN,center,False,
2025-03-21 15:00:00,25.5,942.0,58.0,AWS-RAN-067,Ranchi,RAN,center,False,
2025-03-21 16:00:00,23.4,941.4,71.0,AWS-RAN-067,Ranchi,RAN,center,False,
2025-03-21 17:00:00,22.3,941.9,75.0,AWS-RAN-067,Ranchi,RAN,center,False,
2025-03-21 18:00:00,19.9,943.2,83.0,AWS-RAN-067,Ranchi,RAN,center,False,
2025-03-21 19:00:00,19.1,942.6,92.0,AWS-RAN-067,Ranchi,RAN,center,False,
2025-03-21 20:00:00,18.4,943.3,94.0,AWS-RAN-067,Ranchi,RAN,center,False,
2025-03-21 21:00:00,18.4,943.1,92.0,AWS-RAN-067,Ranchi,RAN,center,False,
2025-03-21 22:00:00,17.9,944.3,95.0,AWS-RAN-067,Ranchi,RAN,center,False,
2025-03-21 23:00:00,17.9,943.7,98.0,AWS-RAN-067,Ranchi,RAN,center,False,
2025-03-22 00:00:00,17.5,942.4,99.0,AWS-RAN-067,Ranchi,RAN,center,False,
2025-03-22 01:00:00,17.5,941.5,98.0,AWS-RAN-067,Ranchi,RAN,center,False,
2025-03-22 02:00:00,17.5,942.0,96.0,AWS-RAN-067,Ranchi,RAN,center,False,
2025-03-22 03:00:00,17.9,940.6,92.0,AWS-RAN-067,Ranchi,RAN,center,False,
2025-03-22 04:00:00,17.8,940.9,92.0,AWS-RAN-067,Ranchi,RAN,center,False,
2025-03-22 05:00:00,17.1,941.1,92.0,AWS-RAN-067,Ranchi,RAN,center,False,
2025-03-22 06:00:00,16.8,942.5,91.0,AWS-RAN-067,Ranchi,RAN,center,True,frozen_value
2025-03-22 07:00:00,17.7,943.9,91.06726823476707,AWS-RAN-067,Ranchi,RAN,center,True,frozen_value
2025-03-22 08:00:00,19.6,945.1,90.97635478539357,AWS-RAN-067,Ranchi,RAN,center,True,frozen_value
2025-03-22 09:00:00,22.4,945.2,90.95081061674762,AWS-RAN-067,Ranchi,RAN,center,True,frozen_value
2025-03-22 10:00:00,24.8,945.3,90.96086529658713,AWS-RAN-067,Ranchi,RAN,center,True,frozen_value
2025-03-22 11:00:00,26.3,944.6,90.95696649709431,AWS-RAN-067,Ranchi,RAN,center,True,frozen_value
2025-03-22 12:00:00,27.3,943.6,90.92273926998773,AWS-RAN-067,Ranchi,RAN,center,True,frozen_value
2025-03-22 13:00:00,27.8,942.5,90.94193860452766,AWS-RAN-067,Ranchi,RAN,center,True,frozen_value
2025-03-22 14:00:00,27.8,941.6,90.88966393673972,AWS-RAN-067,Ranchi,RAN,center,True,frozen_value
2025-03-22 15:00:00,27.7,940.6,39.0,AWS-RAN-067,Ranchi,RAN,center,False,
2025-03-22 16:00:00,20.3,941.1,77.0,AWS-RAN-067,Ranchi,RAN,center,False,
2025-03-22 17:00:00,20.4,940.9,75.0,AWS-RAN-067,Ranchi,RAN,center,False,
2025-03-22 18:00:00,20.6,942.1,66.0,AWS-RAN-067,Ranchi,RAN,center,False,
2025-03-22 19:00:00,18.7,942.1,75.0,AWS-RAN-067,Ranchi,RAN,center,False,
2025-03-22 20:00:00,17.8,943.4,80.0,AWS-RAN-067,Ranchi,RAN,center,False,
2025-03-22 21:00:00,17.4,943.8,81.0,AWS-RAN-067,Ranchi,RAN,center,False,
2025-03-22 22:00:00,17.7,943.7,75.0,AWS-RAN-067,Ranchi,RAN,center,False,
2025-03-22 23:00:00,17.3,943.6,80.0,AWS-RAN-067,Ranchi,RAN,center,False,
2025-03-23 00:00:00,16.7,942.7,91.0,AWS-RAN-067,Ranchi,RAN,center,False,
2025-03-23 01:00:00,16.4,941.6,94.0,AWS-RAN-067,Ranchi,RAN,center,False,
2025-03-23 02:00:00,16.1,940.8,94.0,AWS-RAN-067,Ranchi,RAN,center,False,
2025-03-23 03:00:00,16.7,941.3,88.0,AWS-RAN-067,Ranchi,RAN,center,False,
2025-03-23 04:00:00,17.3,-0.014017930592908576,79.0,AWS-RAN-067,Ranchi,RAN,center,True,sensor_fail_low
2025-03-23 05:00:00,18.2,0.07537305176669329,65.0,AWS-RAN-067,Ranchi,RAN,center,True,sensor_fail_low
2025-03-23 06:00:00,17.8,-0.02771867721698969,67.0,AWS-RAN-067,Ranchi,RAN,center,True,sensor_fail_low
2025-03-23 07:00:00,20.2,0.029068414554091024,58.0,AWS-RAN-067,Ranchi,RAN,center,True,sensor_fail_low
2025-03-23 08:00:00,23.9,945.4,43.0,AWS-RAN-067,Ranchi,RAN,center,False,
2025-03-23 09:00:00,26.9,945.9,30.0,AWS-RAN-067,Ranchi,RAN,center,False,
2025-03-23 10:00:00,27.9,945.8,25.0,AWS-RAN-067,Ranchi,RAN,center,False,
2025-03-23 11:00:00,28.0,945.0,24.0,AWS-RAN-067,Ranchi,RAN,center,False,
2025-03-23 12:00:00,28.9,944.0,22.0,AWS-RAN-067,Ranchi,RAN,center,False,
2025-03-23 13:00:00,28.2,942.9,23.0,AWS-RAN-067,Ranchi,RAN,center,False,
2025-03-23 14:00:00,28.1,942.0,23.0,AWS-RAN-067,Ranchi,RAN,center,False,
2025-03-23 15:00:00,28.0,941.5,22.0,AWS-RAN-067,Ranchi,RAN,center,False,
2025-03-23 16:00:00,27.5,941.4,23.0,AWS-RAN-067,Ranchi,RAN,center,False,
2025-03-23 17:00:00,24.9,941.2,36.0,AWS-RAN-067,Ranchi,RAN,center,False,
2025-03-23 18:00:00,22.0,942.2,43.0,AWS-RAN-067,Ranchi,RAN,center,False,
2025-03-23 19:00:00,21.6,943.0,46.0,AWS-RAN-067,Ranchi,RAN,center,False,
2025-03-23 20:00:00,20.1,943.3,52.0,AWS-RAN-067,Ranchi,RAN,center,False,
2025-03-23 21:00:00,19.1,943.6,59.0,AWS-RAN-067,Ranchi,RAN,center,False,
2025-03-23 22:00:00,18.0,943.7,71.0,AWS-RAN-067,Ranchi,RAN,center,False,
2025-03-23 23:00:00,17.4,943.2,78.0,AWS-RAN-067,Ranchi,RAN,center,False,
2025-03-24 00:00:00,17.2,942.9,81.0,AWS-RAN-067,Ranchi,RAN,center,False,
2025-03-24 01:00:00,16.8,942.1,82.0,AWS-RAN-067,Ranchi,RAN,center,False,
2025-03-24 02:00:00,16.5,965.8790777748505,83.0,AWS-RAN-067,Ranchi,RAN,center,True,spike
2025-03-24 03:00:00,16.4,941.3,82.0,AWS-RAN-067,Ranchi,RAN,center,False,
2025-03-24 04:00:00,16.7,941.6,80.0,AWS-RAN-067,Ranchi,RAN,center,False,
2025-03-24 05:00:00,16.4,942.3,81.0,AWS-RAN-067,Ranchi,RAN,center,False,
2025-03-24 06:00:00,18.2,943.4,80.0,AWS-RAN-067,Ranchi,RAN,center,False,
2025-03-24 07:00:00,21.3,945.1,69.0,AWS-RAN-067,Ranchi,RAN,center,False,
2025-03-24 08:00:00,23.7,946.3,57.0,AWS-RAN-067,Ranchi,RAN,center,False,
2025-03-24 09:00:00,25.8,946.5,43.0,AWS-RAN-067,Ranchi,RAN,center,False,
2025-03-24 10:00:00,27.2,946.2,34.0,AWS-RAN-067,Ranchi,RAN,center,False,
2025-03-24 11:00:00,28.0,945.2,31.0,AWS-RAN-067,Ranchi,RAN,center,False,
2025-03-24 12:00:00,28.6,944.0,29.0,AWS-RAN-067,Ranchi,RAN,center,False,
2025-03-24 13:00:00,29.0,942.6,28.0,AWS-RAN-067,Ranchi,RAN,center,False,
2025-03-24 14:00:00,29.2,941.6,27.0,AWS-RAN-067,Ranchi,RAN,center,False,
2025-03-24 15:00:00,29.2,941.0,27.0,AWS-RAN-067,Ranchi,RAN,center,False,
2025-03-24 16:00:00,28.5,941.0,27.0,AWS-RAN-067,Ranchi,RAN,center,False,
2025-03-24 17:00:00,26.3,940.7,33.0,AWS-RAN-067,Ranchi,RAN,center,False,
2025-03-24 18:00:00,24.0,940.9,38.0,AWS-RAN-067,Ranchi,RAN,center,False,
2025-03-24 19:00:00,22.5,941.4,42.0,AWS-RAN-067,Ranchi,RAN,center,False,
2025-03-24 20:00:00,21.6,942.0,48.0,AWS-RAN-067,Ranchi,RAN,center,False,
2025-03-24 21:00:00,20.8,942.7,49.0,AWS-RAN-067,Ranchi,RAN,center,False,
2025-03-24 22:00:00,20.0,942.1,48.0,AWS-RAN-067,Ranchi,RAN,center,False,
2025-03-24 23:00:00,20.5,941.6,48.0,AWS-RAN-067,Ranchi,RAN,center,False,
2025-03-25 00:00:00,212.84474972868387,939.7025841980694,100.0,AWS-RAN-067,Ranchi,RAN,center,True,multivariate_inconsistency
2025-03-25 01:00:00,212.24474972868387,932.3256473264752,100.0,AWS-RAN-067,Ranchi,RAN,center,True,multivariate_inconsistency
2025-03-25 02:00:00,211.64474972868385,937.2401806345337,100.0,AWS-RAN-067,Ranchi,RAN,center,True,multivariate_inconsistency
2025-03-25 03:00:00,211.54474972868385,944.6992953417343,100.0,AWS-RAN-067,Ranchi,RAN,center,True,multivariate_inconsistency
2025-03-25 04:00:00,18.4,939.0,57.0,AWS-RAN-067,Ranchi,RAN,center,False,
2025-03-25 05:00:00,18.8,939.0,55.0,AWS-RAN-067,Ranchi,RAN,center,False,
2025-03-25 06:00:00,19.9,939.7,63.0,AWS-RAN-067,Ranchi,RAN,center,False,
2025-03-25 07:00:00,22.7,940.9,57.0,AWS-RAN-067,Ranchi,RAN,center,False,
2025-03-25 08:00:00,25.7,942.3,40.0,AWS-RAN-067,Ranchi,RAN,center,False,
2025-03-25 09:00:00,27.2,942.5,34.0,AWS-RAN-067,Ranchi,RAN,center,False,
2025-03-25 10:00:00,28.4,942.1,30.0,AWS-RAN-067,Ranchi,RAN,center,False,
2025-03-25 11:00:00,29.5,941.5,27.0,AWS-RAN-067,Ranchi,RAN,center,False,
2025-03-25 12:00:00,30.3,940.3,24.0,AWS-RAN-067,Ranchi,RAN,center,False,
2025-03-25 13:00:00,30.6,939.2,24.0,AWS-RAN-067,Ranchi,RAN,center,False,
2025-03-25 14:00:00,30.9,938.0,21.0,AWS-RAN-067,Ranchi,RAN,center,False,
2025-03-25 15:00:00,30.7,937.5,19.0,AWS-RAN-067,Ranchi,RAN,center,False,
2025-03-25 16:00:00,29.7,937.4,19.0,AWS-RAN-067,Ranchi,RAN,center,False,
2025-03-25 17:00:00,27.0,937.2,26.0,AWS-RAN-067,Ranchi,RAN,center,False,
2025-03-25 18:00:00,24.6,937.1,29.0,AWS-RAN-067,Ranchi,RAN,center,False,
2025-03-25 19:00:00,23.8,937.5,28.0,AWS-RAN-067,Ranchi,RAN,center,False,
2025-03-25 20:00:00,23.1,938.1,29.0,AWS-RAN-067,Ranchi,RAN,center,False,
2025-03-25 21:00:00,22.0,938.4,32.0,AWS-RAN-067,Ranchi,RAN,center,False,
2025-03-25 22:00:00,20.8,938.1,36.0,AWS-RAN-067,Ranchi,RAN,center,False,
2025-03-25 23:00:00,21.2,937.6,36.0,AWS-RAN-067,Ranchi,RAN,center,False,
2025-03-26 00:00:00,20.6,937.0,39.0,AWS-RAN-067,Ranchi,RAN,center,False,
2025-03-26 01:00:00,19.5,936.3,43.0,AWS-RAN-067,Ranchi,RAN,center,False,
2025-03-26 02:00:00,18.9,935.6,46.0,AWS-RAN-067,Ranchi,RAN,center,False,
2025-03-26 03:00:00,18.8,935.3,48.0,AWS-RAN-067,Ranchi,RAN,center,False,
2025-03-26 04:00:00,19.0,935.4,48.0,AWS-RAN-067,Ranchi,RAN,center,False,
2025-03-26 05:00:00,19.2,936.0,47.0,AWS-RAN-067,Ranchi,RAN,center,False,
2025-03-26 06:00:00,20.6,937.3,53.0,AWS-RAN-067,Ranchi,RAN,center,False,
2025-03-26 07:00:00,24.1,938.9,46.0,AWS-RAN-067,Ranchi,RAN,center,False,
2025-03-26 08:00:00,26.9,940.1,37.0,AWS-RAN-067,Ranchi,RAN,center,False,
2025-03-26 09:00:00,28.8,940.5,27.0,AWS-RAN-067,Ranchi,RAN,center,False,
2025-03-26 10:00:00,30.0,940.4,24.0,AWS-RAN-067,Ranchi,RAN,center,False,
2025-03-26 11:00:00,146.75222524401326,800.0,0.0,AWS-RAN-067,Ranchi,RAN,center,True,unstructured_anomaly
2025-03-26 12:00:00,144.08917115597615,800.0,65.8732700231901,AWS-RAN-067,Ranchi,RAN,center,True,unstructured_anomaly
2025-03-26 13:00:00,147.1248698973396,800.0,0.0,AWS-RAN-067,Ranchi,RAN,center,True,unstructured_anomaly
2025-03-26 14:00:00,-82.68601968439224,1100.0,0.0,AWS-RAN-067,Ranchi,RAN,center,True,unstructured_anomaly
2025-03-26 15:00:00,-81.3382109897085,1100.0,0.0,AWS-RAN-067,Ranchi,RAN,center,True,unstructured_anomaly
2025-03-26 16:00:00,-76.40466198748328,1100.0,0.0,AWS-RAN-067,Ranchi,RAN,center,True,unstructured_anomaly
2025-03-26 17:00:00,129.2758723264414,800.0,70.3476545144243,AWS-RAN-067,Ranchi,RAN,center,True,unstructured_anomaly
2025-03-26 18:00:00,25.3,936.2,28.0,AWS-RAN-067,Ranchi,RAN,center,False,
2025-03-26 19:00:00,24.7,936.6,30.0,AWS-RAN-067,Ranchi,RAN,center,False,
2025-03-26 20:00:00,23.9,937.2,33.0,AWS-RAN-067,Ranchi,RAN,center,False,
2025-03-26 21:00:00,22.7,937.2,36.0,AWS-RAN-067,Ranchi,RAN,center,False,
2025-03-26 22:00:00,,937.1,37.0,AWS-RAN-067,Ranchi,RAN,center,True,dropout
2025-03-26 23:00:00,21.3,936.5,38.0,AWS-RAN-067,Ranchi,RAN,center,False,
2025-03-27 00:00:00,20.7,936.0,38.0,AWS-RAN-067,Ranchi,RAN,center,False,
2025-03-27 01:00:00,20.3,935.3,39.0,AWS-RAN-067,Ranchi,RAN,center,False,
2025-03-27 02:00:00,20.2,934.7,40.0,AWS-RAN-067,Ranchi,RAN,center,False,
2025-03-27 03:00:00,20.1,934.5,40.0,AWS-RAN-067,Ranchi,RAN,center,False,
2025-03-27 04:00:00,20.1,934.8,40.0,AWS-RAN-067,Ranchi,RAN,center,False,
2025-03-27 05:00:00,20.0,935.4,40.0,AWS-RAN-067,Ranchi,RAN,center,False,
2025-03-27 06:00:00,21.0,936.3,41.0,AWS-RAN-067,Ranchi,RAN,center,False,
2025-03-27 07:00:00,24.9,937.9,36.0,AWS-RAN-067,Ranchi,RAN,center,False,
2025-03-27 08:00:00,28.8,939.3,29.0,AWS-RAN-067,Ranchi,RAN,center,False,
2025-03-27 09:00:00,31.2,939.8,20.0,AWS-RAN-067,Ranchi,RAN,center,False,
2025-03-27 10:00:00,32.5,939.7,17.0,AWS-RAN-067,Ranchi,RAN,center,False,
2025-03-27 11:00:00,33.8,938.8,14.0,AWS-RAN-067,Ranchi,RAN,center,False,
2025-03-27 12:00:00,34.0,937.9,15.0,AWS-RAN-067,Ranchi,RAN,center,False,
2025-03-27 13:00:00,34.6,936.7,14.0,AWS-RAN-067,Ranchi,RAN,center,False,
2025-03-27 14:00:00,34.5,935.8,14.0,AWS-RAN-067,Ranchi,RAN,center,False,
2025-03-27 15:00:00,33.8,935.3,15.0,AWS-RAN-067,Ranchi,RAN,center,False,
2025-03-27 16:00:00,32.7,935.1,17.0,AWS-RAN-067,Ranchi,RAN,center,False,
2025-03-27 17:00:00,30.3,934.8,21.0,AWS-RAN-067,Ranchi,RAN,center,False,
2025-03-27 18:00:00,28.2,934.7,22.0,AWS-RAN-067,Ranchi,RAN,center,False,
2025-03-27 19:00:00,27.5,935.1,22.0,AWS-RAN-067,Ranchi,RAN,center,False,
2025-03-27 20:00:00,26.2,935.7,25.0,AWS-RAN-067,Ranchi,RAN,center,False,
2025-03-27 21:00:00,25.6,936.3,26.0,AWS-RAN-067,Ranchi,RAN,center,False,
2025-03-27 22:00:00,25.7,936.2,26.0,AWS-RAN-067,Ranchi,RAN,center,False,
2025-03-27 23:00:00,24.9,935.9,27.0,AWS-RAN-067,Ranchi,RAN,center,False,
2025-03-28 00:00:00,24.2,935.3,29.0,AWS-RAN-067,Ranchi,RAN,center,False,
2025-03-28 01:00:00,23.7,934.6,30.0,AWS-RAN-067,Ranchi,RAN,center,False,
2025-03-28 02:00:00,23.4,934.1,31.0,AWS-RAN-067,Ranchi,RAN,center,False,
2025-03-28 03:00:00,23.4,934.1,31.0,AWS-RAN-067,Ranchi,RAN,center,False,
2025-03-28 04:00:00,23.1,934.7,32.0,AWS-RAN-067,Ranchi,RAN,center,False,
2025-03-28 05:00:00,22.6,935.1,34.0,AWS-RAN-067,Ranchi,RAN,center,False,
2025-03-28 06:00:00,22.8,935.9,37.0,AWS-RAN-067,Ranchi,RAN,center,False,
2025-03-28 07:00:00,,937.8,33.0,AWS-RAN-067,Ranchi,RAN,center,True,dropout
2025-03-28 08:00:00,29.7,939.0,28.0,AWS-RAN-067,Ranchi,RAN,center,False,
2025-03-28 09:00:00,31.7,939.6,24.0,AWS-RAN-067,Ranchi,RAN,center,False,
2025-03-28 10:00:00,33.1,939.7,21.0,AWS-RAN-067,Ranchi,RAN,center,False,
2025-03-28 11:00:00,34.0,939.2,19.0,AWS-RAN-067,Ranchi,RAN,center,False,
2025-03-28 12:00:00,34.3,938.5,20.0,AWS-RAN-067,Ranchi,RAN,center,False,
2025-03-28 13:00:00,34.7,937.5,18.0,AWS-RAN-067,Ranchi,RAN,center,False,
2025-03-28 14:00:00,34.5,936.5,19.0,AWS-RAN-067,Ranchi,RAN,center,False,
2025-03-28 15:00:00,33.9,935.8,19.0,AWS-RAN-067,Ranchi,RAN,center,False,
2025-03-28 16:00:00,32.9,935.9,22.0,AWS-RAN-067,Ranchi,RAN,center,False,
2025-03-28 17:00:00,30.8,935.7,26.0,AWS-RAN-067,Ranchi,RAN,center,False,
2025-03-28 18:00:00,28.6,935.3,28.0,AWS-RAN-067,Ranchi,RAN,center,False,
2025-03-28 19:00:00,28.5,936.1,26.0,AWS-RAN-067,Ranchi,RAN,center,False,
2025-03-28 20:00:00,27.9,936.6,27.0,AWS-RAN-067,Ranchi,RAN,center,False,
2025-03-28 21:00:00,26.3,936.9,31.0,AWS-RAN-067,Ranchi,RAN,center,False,
2025-03-28 22:00:00,24.7,937.0,36.0,AWS-RAN-067,Ranchi,RAN,center,False,
2025-03-28 23:00:00,24.1,936.6,38.0,AWS-RAN-067,Ranchi,RAN,center,False,
2025-03-29 00:00:00,24.4,936.1,36.0,AWS-RAN-067,Ranchi,RAN,center,False,
2025-03-29 01:00:00,24.3,935.5,37.0,AWS-RAN-067,Ranchi,RAN,center,False,
2025-03-29 02:00:00,23.8,935.1,39.0,AWS-RAN-067,Ranchi,RAN,center,False,
2025-03-29 03:00:00,23.1,935.0,41.0,AWS-RAN-067,Ranchi,RAN,center,False,
2025-03-29 04:00:00,-6.499797687380347,935.3,42.0,AWS-RAN-067,Ranchi,RAN,center,True,spike
2025-03-29 05:00:00,7.097483566160777,936.1,44.0,AWS-RAN-067,Ranchi,RAN,center,True,spike
2025-03-29 06:00:00,14.594296753746708,937.3,48.0,AWS-RAN-067,Ranchi,RAN,center,True,spike
2025-03-29 07:00:00,24.4,938.6,42.0,AWS-RAN-067,Ranchi,RAN,center,False,
2025-03-29 08:00:00,26.9,939.7,30.0,AWS-RAN-067,Ranchi,RAN,center,False,
2025-03-29 09:00:00,28.7,940.3,23.0,AWS-RAN-067,Ranchi,RAN,center,False,
2025-03-29 10:00:00,-66.77239747569011,1100.0,0.0,AWS-RAN-067,Ranchi,RAN,center,True,unstructured_anomaly
2025-03-29 11:00:00,135.42156298765428,800.0,73.7114754607054,AWS-RAN-067,Ranchi,RAN,center,True,unstructured_anomaly
2025-03-29 12:00:00,130.18104857657443,800.0,0.0,AWS-RAN-067,Ranchi,RAN,center,True,unstructured_anomaly
2025-03-29 13:00:00,128.83413021163722,800.0,60.84725893515393,AWS-RAN-067,Ranchi,RAN,center,True,unstructured_anomaly
2025-03-29 14:00:00,-79.20614996312648,1100.0,69.35255772878506,AWS-RAN-067,Ranchi,RAN,center,True,unstructured_anomaly
2025-03-29 15:00:00,-84.36480292967256,1100.0,0.0,AWS-RAN-067,Ranchi,RAN,center,True,unstructured_anomaly
2025-03-29 16:00:00,32.3,936.8,15.0,AWS-RAN-067,Ranchi,RAN,center,False,
2025-03-29 17:00:00,29.5,936.5,20.0,AWS-RAN-067,Ranchi,RAN,center,False,
2025-03-29 18:00:00,26.9,936.4,23.0,AWS-RAN-067,Ranchi,RAN,center,False,
2025-03-29 19:00:00,26.0,937.2,23.0,AWS-RAN-067,Ranchi,RAN,center,False,
2025-03-29 20:00:00,24.6,938.0,24.0,AWS-RAN-067,Ranchi,RAN,center,False,
2025-03-29 21:00:00,23.6,938.4,24.0,AWS-RAN-067,Ranchi,RAN,center,False,
2025-03-29 22:00:00,23.3,938.7,24.0,AWS-RAN-067,Ranchi,RAN,center,False,
2025-03-29 23:00:00,23.1,938.5,24.0,AWS-RAN-067,Ranchi,RAN,center,False,
2025-03-30 00:00:00,22.4,938.0,26.0,AWS-RAN-067,Ranchi,RAN,center,False,
2025-03-30 01:00:00,21.9,937.3,26.0,AWS-RAN-067,Ranchi,RAN,center,False,
2025-03-30 02:00:00,21.0,936.8,26.0,AWS-RAN-067,Ranchi,RAN,center,False,
2025-03-30 03:00:00,20.5,936.6,27.0,AWS-RAN-067,Ranchi,RAN,center,False,
2025-03-30 04:00:00,20.0,936.9,27.0,AWS-RAN-067,Ranchi,RAN,center,False,
2025-03-30 05:00:00,19.7,937.6,27.0,AWS-RAN-067,Ranchi,RAN,center,False,
2025-03-30 06:00:00,20.3,939.1,29.0,AWS-RAN-067,Ranchi,RAN,center,False,
2025-03-30 07:00:00,22.8,940.8,27.0,AWS-RAN-067,Ranchi,RAN,center,False,
2025-03-30 08:00:00,25.7,942.2,20.0,AWS-RAN-067,Ranchi,RAN,center,False,
2025-03-30 09:00:00,28.1,942.8,15.0,AWS-RAN-067,Ranchi,RAN,center,False,
2025-03-30 10:00:00,30.1,942.9,13.0,AWS-RAN-067,Ranchi,RAN,center,False,
2025-03-30 11:00:00,31.6,942.6,12.0,AWS-RAN-067,Ranchi,RAN,center,False,
2025-03-30 12:00:00,32.8,941.7,12.0,AWS-RAN-067,Ranchi,RAN,center,False,
2025-03-30 13:00:00,33.6,940.9,12.0,AWS-RAN-067,Ranchi,RAN,center,False,
2025-03-30 14:00:00,34.0,939.7,11.0,AWS-RAN-067,Ranchi,RAN,center,False,
2025-03-30 15:00:00,33.9,939.0,11.0,AWS-RAN-067,Ranchi,RAN,center,False,
2025-03-30 16:00:00,33.0,938.6,12.0,AWS-RAN-067,Ranchi,RAN,center,False,
2025-03-30 17:00:00,30.1,938.3,17.0,AWS-RAN-067,Ranchi,RAN,center,False,
2025-03-30 18:00:00,27.2,938.1,18.0,AWS-RAN-067,Ranchi,RAN,center,False,
2025-03-30 19:00:00,24.7,938.5,21.0,AWS-RAN-067,Ranchi,RAN,center,False,
2025-03-30 20:00:00,24.1,939.4,21.0,AWS-RAN-067,Ranchi,RAN,center,False,
2025-03-30 21:00:00,23.6,939.8,18.0,AWS-RAN-067,Ranchi,RAN,center,False,
2025-03-30 22:00:00,22.7,939.7,19.0,AWS-RAN-067,Ranchi,RAN,center,False,
2025-03-30 23:00:00,21.5,939.2,21.0,AWS-RAN-067,Ranchi,RAN,center,False,
2025-03-31 00:00:00,21.2,938.8,22.0,AWS-RAN-067,Ranchi,RAN,center,False,
2025-03-31 01:00:00,20.7,937.9,22.0,AWS-RAN-067,Ranchi,RAN,center,False,
2025-03-31 02:00:00,20.0,937.7,23.0,AWS-RAN-067,Ranchi,RAN,center,False,
2025-03-31 03:00:00,19.1,937.4,26.0,AWS-RAN-067,Ranchi,RAN,center,False,
2025-03-31 04:00:00,18.4,937.4,28.0,AWS-RAN-067,Ranchi,RAN,center,False,
2025-03-31 05:00:00,18.6,938.0,29.0,AWS-RAN-067,Ranchi,RAN,center,False,
2025-03-31 06:00:00,20.8,939.4,29.0,AWS-RAN-067,Ranchi,RAN,center,False,
2025-03-31 07:00:00,24.5,941.1,26.0,AWS-RAN-067,Ranchi,RAN,center,False,
2025-03-31 08:00:00,27.8,942.2,21.0,AWS-RAN-067,Ranchi,RAN,center,False,
2025-03-31 09:00:00,29.8,942.7,16.0,AWS-RAN-067,Ranchi,RAN,center,False,
2025-03-31 10:00:00,31.3,942.8,14.0,AWS-RAN-067,Ranchi,RAN,center,False,
2025-03-31 11:00:00,32.4,942.3,12.0,AWS-RAN-067,Ranchi,RAN,center,False,
2025-03-31 12:00:00,33.2,941.5,11.0,AWS-RAN-067,Ranchi,RAN,center,False,
2025-03-31 13:00:00,33.7,940.5,11.0,AWS-RAN-067,Ranchi,RAN,center,False,
2025-03-31 14:00:00,33.9,939.4,10.0,AWS-RAN-067,Ranchi,RAN,center,False,
2025-03-31 15:00:00,33.7,938.7,10.0,AWS-RAN-067,Ranchi,RAN,center,False,
2025-03-31 16:00:00,33.1,938.3,9.0,AWS-RAN-067,Ranchi,RAN,center,False,
2025-03-31 17:00:00,30.6,937.9,12.0,AWS-RAN-067,Ranchi,RAN,center,False,
2025-03-31 18:00:00,28.1,937.7,16.0,AWS-RAN-067,Ranchi,RAN,center,False,
2025-03-31 19:00:00,27.1,938.2,16.0,AWS-RAN-067,Ranchi,RAN,center,False,
2025-03-31 20:00:00,25.5,938.5,17.0,AWS-RAN-067,Ranchi,RAN,center,False,
2025-03-31 21:00:00,24.5,938.6,17.0,AWS-RAN-067,Ranchi,RAN,center,False,
2025-03-31 22:00:00,23.6,938.6,17.0,AWS-RAN-067,Ranchi,RAN,center,False,
2025-03-31 23:00:00,22.9,938.1,18.0,AWS-RAN-067,Ranchi,RAN,center,False,
