timestamp,temperature_c,pressure_hpa,humidity_pct,station_id,station_name,cluster_id,role,is_anomaly,fault_type
2025-01-01 00:00:00,11.8,943.4,84.0,AWS-RAN-101,Khunti,RAN,neighbor,False,
2025-01-01 01:00:00,11.2,942.7,87.0,AWS-RAN-101,Khunti,RAN,neighbor,False,
2025-01-01 02:00:00,10.6,942.1,91.0,AWS-RAN-101,Khunti,RAN,neighbor,False,
2025-01-01 03:00:00,10.3,941.6,93.0,AWS-RAN-101,Khunti,RAN,neighbor,False,
2025-01-01 04:00:00,10.0,941.8,94.0,AWS-RAN-101,Khunti,RAN,neighbor,False,
2025-01-01 05:00:00,9.9,942.0,93.0,AWS-RAN-101,Khunti,RAN,neighbor,False,
2025-01-01 06:00:00,9.5,943.2,96.0,AWS-RAN-101,Khunti,RAN,neighbor,False,
2025-01-01 07:00:00,10.5,944.0,87.0,AWS-RAN-101,Khunti,RAN,neighbor,False,
2025-01-01 08:00:00,12.5,945.0,78.0,AWS-RAN-101,Khunti,RAN,neighbor,False,
2025-01-01 09:00:00,15.1,945.6,65.0,AWS-RAN-101,Khunti,RAN,neighbor,False,
2025-01-01 10:00:00,17.7,945.7,50.0,AWS-RAN-101,Khunti,RAN,neighbor,False,
2025-01-01 11:00:00,19.9,945.1,40.0,AWS-RAN-101,Khunti,RAN,neighbor,False,
2025-01-01 12:00:00,21.5,944.2,33.0,AWS-RAN-101,Khunti,RAN,neighbor,False,
2025-01-01 13:00:00,22.3,943.0,28.0,AWS-RAN-101,Khunti,RAN,neighbor,False,
2025-01-01 14:00:00,22.5,942.2,27.0,AWS-RAN-101,Khunti,RAN,neighbor,False,
2025-01-01 15:00:00,22.0,941.9,29.0,AWS-RAN-101,Khunti,RAN,neighbor,False,
2025-01-01 16:00:00,20.3,941.9,36.0,AWS-RAN-101,Khunti,RAN,neighbor,False,
2025-01-01 17:00:00,17.1,941.6,46.0,AWS-RAN-101,Khunti,RAN,neighbor,False,
2025-01-01 18:00:00,15.3,942.5,59.0,AWS-RAN-101,Khunti,RAN,neighbor,False,
2025-01-01 19:00:00,14.0,942.9,66.0,AWS-RAN-101,Khunti,RAN,neighbor,False,
2025-01-01 20:00:00,,943.0,70.0,AWS-RAN-101,Khunti,RAN,neighbor,True,dropout
2025-01-01 21:00:00,11.9,942.9,73.0,AWS-RAN-101,Khunti,RAN,neighbor,False,
2025-01-01 22:00:00,11.3,943.0,72.0,AWS-RAN-101,Khunti,RAN,neighbor,False,
2025-01-01 23:00:00,10.8,942.8,73.0,AWS-RAN-101,Khunti,RAN,neighbor,False,
2025-01-02 00:00:00,10.5,942.4,75.0,AWS-RAN-101,Khunti,RAN,neighbor,False,
2025-01-02 01:00:00,10.2,941.7,77.0,AWS-RAN-101,Khunti,RAN,neighbor,False,
2025-01-02 02:00:00,9.8,940.6,78.0,AWS-RAN-101,Khunti,RAN,neighbor,False,
2025-01-02 03:00:00,9.5,940.0,79.0,AWS-RAN-101,Khunti,RAN,neighbor,False,
2025-01-02 04:00:00,9.2,940.0,78.0,AWS-RAN-101,Khunti,RAN,neighbor,False,
2025-01-02 05:00:00,9.1,940.5,77.0,AWS-RAN-101,Khunti,RAN,neighbor,False,
2025-01-02 06:00:00,8.9,941.9,81.0,AWS-RAN-101,Khunti,RAN,neighbor,False,
2025-01-02 07:00:00,10.6,942.9,72.0,AWS-RAN-101,Khunti,RAN,neighbor,False,
2025-01-02 08:00:00,14.0,944.4,59.0,AWS-RAN-101,Khunti,RAN,neighbor,False,
2025-01-02 09:00:00,16.8,945.4,48.0,AWS-RAN-101,Khunti,RAN,neighbor,False,
2025-01-02 10:00:00,18.9,945.5,43.0,AWS-RAN-101,Khunti,RAN,neighbor,False,
2025-01-02 11:00:00,20.6,944.9,37.0,AWS-RAN-101,Khunti,RAN,neighbor,False,
2025-01-02 12:00:00,21.6,944.0,33.0,AWS-RAN-101,Khunti,RAN,neighbor,False,
2025-01-02 13:00:00,22.1,943.3,32.0,AWS-RAN-101,Khunti,RAN,neighbor,False,
2025-01-02 14:00:00,22.0,942.8,32.0,AWS-RAN-101,Khunti,RAN,neighbor,False,
2025-01-02 15:00:00,21.2,942.6,35.0,AWS-RAN-101,Khunti,RAN,neighbor,False,
2025-01-02 16:00:00,19.8,942.5,40.0,AWS-RAN-101,Khunti,RAN,neighbor,False,
2025-01-02 17:00:00,16.4,942.3,50.0,AWS-RAN-101,Khunti,RAN,neighbor,False,
2025-01-02 18:00:00,15.2,942.9,56.0,AWS-RAN-101,Khunti,RAN,neighbor,False,
2025-01-02 19:00:00,14.1,943.5,62.0,AWS-RAN-101,Khunti,RAN,neighbor,False,
2025-01-02 20:00:00,13.3,943.7,67.0,AWS-RAN-101,Khunti,RAN,neighbor,False,
2025-01-02 21:00:00,12.8,943.9,71.0,AWS-RAN-101,Khunti,RAN,neighbor,False,
2025-01-02 22:00:00,12.3,943.9,73.0,AWS-RAN-101,Khunti,RAN,neighbor,False,
2025-01-02 23:00:00,11.5,943.6,77.0,AWS-RAN-101,Khunti,RAN,neighbor,False,
2025-01-03 00:00:00,10.7,943.1,82.0,AWS-RAN-101,Khunti,RAN,neighbor,False,
2025-01-03 01:00:00,10.3,942.8,85.0,AWS-RAN-101,Khunti,RAN,neighbor,False,
2025-01-03 02:00:00,9.7,942.0,89.0,AWS-RAN-101,Khunti,RAN,neighbor,False,
2025-01-03 03:00:00,9.4,941.4,90.0,AWS-RAN-101,Khunti,RAN,neighbor,False,
2025-01-03 04:00:00,8.7,941.5,91.0,AWS-RAN-101,Khunti,RAN,neighbor,False,
2025-01-03 05:00:00,8.6,941.9,90.0,AWS-RAN-101,Khunti,RAN,neighbor,False,
2025-01-03 06:00:00,8.5,943.2,94.0,AWS-RAN-101,Khunti,RAN,neighbor,False,
2025-01-03 07:00:00,10.3,943.6,89.0,AWS-RAN-101,Khunti,RAN,neighbor,False,
2025-01-03 08:00:00,13.3,944.9,75.0,AWS-RAN-101,Khunti,RAN,neighbor,False,
2025-01-03 09:00:00,16.7,945.6,61.0,AWS-RAN-101,Khunti,RAN,neighbor,False,
2025-01-03 10:00:00,19.5,945.5,50.0,AWS-RAN-101,Khunti,RAN,neighbor,False,
2025-01-03 11:00:00,21.4,944.9,42.0,AWS-RAN-101,Khunti,RAN,neighbor,False,
2025-01-03 12:00:00,22.4,944.0,38.0,AWS-RAN-101,Khunti,RAN,neighbor,False,
2025-01-03 13:00:00,22.8,943.1,36.0,AWS-RAN-101,Khunti,RAN,neighbor,False,
2025-01-03 14:00:00,22.7,942.6,37.0,AWS-RAN-101,Khunti,RAN,neighbor,False,
2025-01-03 15:00:00,22.3,942.4,38.0,AWS-RAN-101,Khunti,RAN,neighbor,False,
2025-01-03 16:00:00,20.9,942.3,45.0,AWS-RAN-101,Khunti,RAN,neighbor,False,
2025-01-03 17:00:00,17.1,941.8,59.0,AWS-RAN-101,Khunti,RAN,neighbor,False,
2025-01-03 18:00:00,16.4,942.5,64.0,AWS-RAN-101,Khunti,RAN,neighbor,False,
2025-01-03 19:00:00,15.1,943.0,70.0,AWS-RAN-101,Khunti,RAN,neighbor,False,
2025-01-03 20:00:00,14.1,943.3,74.0,AWS-RAN-101,Khunti,RAN,neighbor,False,
2025-01-03 21:00:00,13.3,943.1,77.0,AWS-RAN-101,Khunti,RAN,neighbor,False,
2025-01-03 22:00:00,12.4,942.7,83.0,AWS-RAN-101,Khunti,RAN,neighbor,False,
2025-01-03 23:00:00,11.7,942.0,88.0,AWS-RAN-101,Khunti,RAN,neighbor,False,
2025-01-04 00:00:00,11.3,941.5,89.0,AWS-RAN-101,Khunti,RAN,neighbor,False,
2025-01-04 01:00:00,11.0,940.9,90.0,AWS-RAN-101,Khunti,RAN,neighbor,False,
2025-01-04 02:00:00,10.7,940.5,90.0,AWS-RAN-101,Khunti,RAN,neighbor,False,
2025-01-04 03:00:00,10.4,940.2,91.0,AWS-RAN-101,Khunti,RAN,neighbor,False,
2025-01-04 04:00:00,10.3,940.2,92.0,AWS-RAN-101,Khunti,RAN,neighbor,False,
2025-01-04 05:00:00,10.2,940.7,92.0,AWS-RAN-101,Khunti,RAN,neighbor,False,
2025-01-04 06:00:00,10.1,941.6,93.0,AWS-RAN-101,Khunti,RAN,neighbor,False,
2025-01-04 07:00:00,11.4,942.5,90.0,AWS-RAN-101,Khunti,RAN,neighbor,False,
2025-01-04 08:00:00,14.3,944.3,78.0,AWS-RAN-101,Khunti,RAN,neighbor,False,
2025-01-04 09:00:00,17.5,945.1,60.0,AWS-RAN-101,Khunti,RAN,neighbor,False,
2025-01-04 10:00:00,19.4,945.1,48.0,AWS-RAN-101,Khunti,RAN,neighbor,False,
2025-01-04 11:00:00,20.7,944.5,44.0,AWS-RAN-101,Khunti,RAN,neighbor,False,
2025-01-04 12:00:00,21.6,943.5,42.0,AWS-RAN-101,Khunti,RAN,neighbor,False,
2025-01-04 13:00:00,22.3,942.3,41.0,AWS-RAN-101,Khunti,RAN,neighbor,False,
2025-01-04 14:00:00,22.6,941.5,40.0,AWS-RAN-101,Khunti,RAN,neighbor,False,
2025-01-04 15:00:00,22.5,941.1,41.0,AWS-RAN-101,Khunti,RAN,neighbor,False,
2025-01-04 16:00:00,21.4,,45.0,AWS-RAN-101,Khunti,RAN,neighbor,True,dropout
2025-01-04 17:00:00,17.9,940.8,56.0,AWS-RAN-101,Khunti,RAN,neighbor,False,
2025-01-04 18:00:00,17.0,941.6,59.0,AWS-RAN-101,Khunti,RAN,neighbor,False,
2025-01-04 19:00:00,15.7,942.4,64.0,AWS-RAN-101,Khunti,RAN,neighbor,False,
2025-01-04 20:00:00,14.9,942.7,68.0,AWS-RAN-101,Khunti,RAN,neighbor,False,
2025-01-04 21:00:00,14.3,943.0,77.0,AWS-RAN-101,Khunti,RAN,neighbor,False,
2025-01-04 22:00:00,13.8,942.8,85.0,AWS-RAN-101,Khunti,RAN,neighbor,False,
2025-01-04 23:00:00,13.1,-0.034622736668641865,89.0,AWS-RAN-101,Khunti,RAN,neighbor,True,sensor_fail_low
2025-01-05 00:00:00,12.4,0.09039547224238123,90.0,AWS-RAN-101,Khunti,RAN,neighbor,True,sensor_fail_low
2025-01-05 01:00:00,11.7,-0.067360916584562,91.0,AWS-RAN-101,Khunti,RAN,neighbor,True,sensor_fail_low
2025-01-05 02:00:00,11.7,0.03361689830961434,88.0,AWS-RAN-101,Khunti,RAN,neighbor,True,sensor_fail_low
2025-01-05 03:00:00,11.4,940.7,89.0,AWS-RAN-101,Khunti,RAN,neighbor,False,
2025-01-05 04:00:00,689.3919641988543,941.5101358618915,100.0,AWS-RAN-101,Khunti,RAN,neighbor,True,multivariate_inconsistency
2025-01-05 05:00:00,689.3919641988543,939.4139752316979,100.0,AWS-RAN-101,Khunti,RAN,neighbor,True,multivariate_inconsistency
2025-01-05 06:00:00,689.2919641988543,943.8081262542659,100.0,AWS-RAN-101,Khunti,RAN,neighbor,True,multivariate_inconsistency
2025-01-05 07:00:00,691.5919641988544,939.7682187062726,100.0,AWS-RAN-101,Khunti,RAN,neighbor,True,multivariate_inconsistency
2025-01-05 08:00:00,694.7919641988543,944.8740418805975,100.0,AWS-RAN-101,Khunti,RAN,neighbor,True,multivariate_inconsistency
2025-01-05 09:00:00,18.9,945.8,63.0,AWS-RAN-101,Khunti,RAN,neighbor,False,
2025-01-05 10:00:00,20.6,945.8,54.0,AWS-RAN-101,Khunti,RAN,neighbor,False,
2025-01-05 11:00:00,21.8,945.0,48.0,AWS-RAN-101,Khunti,RAN,neighbor,False,
2025-01-05 12:00:00,22.6,943.9,46.0,AWS-RAN-101,Khunti,RAN,neighbor,False,
2025-01-05 13:00:00,23.0,943.0,46.0,AWS-RAN-101,Khunti,RAN,neighbor,False,
2025-01-05 14:00:00,23.0,942.3,47.0,AWS-RAN-101,Khunti,RAN,neighbor,False,
2025-01-05 15:00:00,22.5,942.0,48.0,AWS-RAN-101,Khunti,RAN,neighbor,False,
2025-01-05 16:00:00,21.3,941.8,52.0,AWS-RAN-101,Khunti,RAN,neighbor,False,
2025-01-05 17:00:00,,941.8,63.0,AWS-RAN-101,Khunti,RAN,neighbor,True,dropout
2025-01-05 18:00:00,17.7,942.6,69.0,AWS-RAN-101,Khunti,RAN,neighbor,False,
2025-01-05 19:00:00,16.7,943.0,76.0,AWS-RAN-101,Khunti,RAN,neighbor,False,
2025-01-05 20:00:00,16.0,943.3,78.0,AWS-RAN-101,Khunti,RAN,neighbor,False,
2025-01-05 21:00:00,15.6,943.5,80.0,AWS-RAN-101,Khunti,RAN,neighbor,False,
2025-01-05 22:00:00,15.1,943.0,82.0,AWS-RAN-101,Khunti,RAN,neighbor,False,
2025-01-05 23:00:00,14.6,942.5,84.0,AWS-RAN-101,Khunti,RAN,neighbor,False,
2025-01-06 00:00:00,14.0,941.9,85.0,AWS-RAN-101,Khunti,RAN,neighbor,False,
2025-01-06 01:00:00,13.4,941.5,87.0,AWS-RAN-101,Khunti,RAN,neighbor,False,
2025-01-06 02:00:00,13.0,940.9,90.0,AWS-RAN-101,Khunti,RAN,neighbor,False,
2025-01-06 03:00:00,12.5,940.5,91.0,AWS-RAN-101,Khunti,RAN,neighbor,False,
2025-01-06 04:00:00,12.2,940.2,92.0,AWS-RAN-101,Khunti,RAN,neighbor,False,
2025-01-06 05:00:00,12.1,940.6,92.0,AWS-RAN-101,Khunti,RAN,neighbor,False,
2025-01-06 06:00:00,11.3,940.9,95.0,AWS-RAN-101,Khunti,RAN,neighbor,False,
2025-01-06 07:00:00,13.5,942.5,91.0,AWS-RAN-101,Khunti,RAN,neighbor,False,
2025-01-06 08:00:00,16.9,944.3,78.0,AWS-RAN-101,Khunti,RAN,neighbor,False,
2025-01-06 09:00:00,19.0,945.1,65.0,AWS-RAN-101,Khunti,RAN,neighbor,False,
2025-01-06 10:00:00,20.7,944.9,56.0,AWS-RAN-101,Khunti,RAN,neighbor,False,
2025-01-06 11:00:00,22.2,944.2,49.0,AWS-RAN-101,Khunti,RAN,neighbor,False,
2025-01-06 12:00:00,23.4,943.2,44.0,AWS-RAN-101,Khunti,RAN,neighbor,False,
2025-01-06 13:00:00,24.2,942.0,40.0,AWS-RAN-101,Khunti,RAN,neighbor,False,
2025-01-06 14:00:00,24.5,941.2,38.0,AWS-RAN-101,Khunti,RAN,neighbor,False,
2025-01-06 15:00:00,24.5,940.9,37.0,AWS-RAN-101,Khunti,RAN,neighbor,False,
2025-01-06 16:00:00,23.5,940.8,46.0,AWS-RAN-101,Khunti,RAN,neighbor,False,
2025-01-06 17:00:00,20.3,940.5,49.0,AWS-RAN-101,Khunti,RAN,neighbor,False,
2025-01-06 18:00:00,19.1,940.9,56.0,AWS-RAN-101,Khunti,RAN,neighbor,False,
2025-01-06 19:00:00,17.7,941.4,64.0,AWS-RAN-101,Khunti,RAN,neighbor,False,
2025-01-06 20:00:00,16.6,941.5,69.0,AWS-RAN-101,Khunti,RAN,neighbor,False,
2025-01-06 21:00:00,16.5,941.9,71.0,AWS-RAN-101,Khunti,RAN,neighbor,False,
2025-01-06 22:00:00,16.3,941.9,70.0,AWS-RAN-101,Khunti,RAN,neighbor,False,
2025-01-06 23:00:00,16.1,941.4,70.0,AWS-RAN-101,Khunti,RAN,neighbor,False,
2025-01-07 00:00:00,15.7,941.0,72.0,AWS-RAN-101,Khunti,RAN,neighbor,False,
2025-01-07 01:00:00,15.4,940.7,73.0,AWS-RAN-101,Khunti,RAN,neighbor,False,
2025-01-07 02:00:00,14.9,940.3,75.0,AWS-RAN-101,Khunti,RAN,neighbor,False,
2025-01-07 03:00:00,14.3,940.0,77.0,AWS-RAN-101,Khunti,RAN,neighbor,False,
2025-01-07 04:00:00,13.7,939.8,80.0,AWS-RAN-101,Khunti,RAN,neighbor,False,
2025-01-07 05:00:00,12.4,940.1,88.0,AWS-RAN-101,Khunti,RAN,neighbor,False,
2025-01-07 06:00:00,12.3,941.2,90.0,AWS-RAN-101,Khunti,RAN,neighbor,False,
2025-01-07 07:00:00,14.4,942.4,80.0,AWS-RAN-101,Khunti,RAN,neighbor,False,
2025-01-07 08:00:00,17.7,943.9,69.0,AWS-RAN-101,Khunti,RAN,neighbor,False,
2025-01-07 09:00:00,20.6,944.6,56.0,AWS-RAN-101,Khunti,RAN,neighbor,False,
2025-01-07 10:00:00,22.4,944.1,45.0,AWS-RAN-101,Khunti,RAN,neighbor,False,
2025-01-07 11:00:00,23.6,943.3,37.0,AWS-RAN-101,Khunti,RAN,neighbor,False,
2025-01-07 12:00:00,24.6,942.1,31.0,AWS-RAN-101,Khunti,RAN,neighbor,False,
2025-01-07 13:00:00,24.9,941.3,28.0,AWS-RAN-101,Khunti,RAN,neighbor,False,
2025-01-07 14:00:00,24.5,940.5,29.0,AWS-RAN-101,Khunti,RAN,neighbor,False,
2025-01-07 15:00:00,23.5,940.2,31.0,AWS-RAN-101,Khunti,RAN,neighbor,False,
2025-01-07 16:00:00,21.9,940.2,35.0,AWS-RAN-101,Khunti,RAN,neighbor,False,
2025-01-07 17:00:00,19.3,940.1,47.0,AWS-RAN-101,Khunti,RAN,neighbor,False,
2025-01-07 18:00:00,16.9,940.5,65.0,AWS-RAN-101,Khunti,RAN,neighbor,False,
2025-01-07 19:00:00,15.5,940.9,70.0,AWS-RAN-101,Khunti,RAN,neighbor,True,drift
2025-01-07 20:00:00,14.9,941.2,90.97726862162023,AWS-RAN-101,Khunti,RAN,neighbor,True,drift
2025-01-07 21:00:00,14.2,941.6,100.0,AWS-RAN-101,Khunti,RAN,neighbor,True,drift
2025-01-07 22:00:00,13.5,941.9,100.0,AWS-RAN-101,Khunti,RAN,neighbor,True,drift
2025-01-07 23:00:00,12.5,941.4,100.0,AWS-RAN-101,Khunti,RAN,neighbor,True,drift
2025-01-08 00:00:00,11.3,940.8,100.0,AWS-RAN-101,Khunti,RAN,neighbor,True,drift
2025-01-08 01:00:00,10.5,940.5,100.0,AWS-RAN-101,Khunti,RAN,neighbor,True,drift
2025-01-08 02:00:00,10.1,940.0,100.0,AWS-RAN-101,Khunti,RAN,neighbor,True,drift
2025-01-08 03:00:00,9.7,939.7,100.0,AWS-RAN-101,Khunti,RAN,neighbor,True,drift
2025-01-08 04:00:00,9.2,939.6,100.0,AWS-RAN-101,Khunti,RAN,neighbor,True,drift
2025-01-08 05:00:00,8.7,940.0,100.0,AWS-RAN-101,Khunti,RAN,neighbor,True,drift
2025-01-08 06:00:00,9.1,941.2,100.0,AWS-RAN-101,Khunti,RAN,neighbor,True,drift
2025-01-08 07:00:00,10.1,942.5,100.0,AWS-RAN-101,Khunti,RAN,neighbor,True,drift
2025-01-08 08:00:00,12.6,943.7,100.0,AWS-RAN-101,Khunti,RAN,neighbor,True,drift
2025-01-08 09:00:00,15.5,944.4,100.0,AWS-RAN-101,Khunti,RAN,neighbor,True,drift
2025-01-08 10:00:00,18.1,944.4,100.0,AWS-RAN-101,Khunti,RAN,neighbor,True,drift
2025-01-08 11:00:00,20.3,944.0,100.0,AWS-RAN-101,Khunti,RAN,neighbor,True,drift
2025-01-08 12:00:00,21.8,943.2,100.0,AWS-RAN-101,Khunti,RAN,neighbor,True,drift
2025-01-08 13:00:00,22.7,942.3,100.0,AWS-RAN-101,Khunti,RAN,neighbor,True,drift
2025-01-08 14:00:00,23.0,941.7,100.0,AWS-RAN-101,Khunti,RAN,neighbor,True,drift
2025-01-08 15:00:00,22.7,941.4,100.0,AWS-RAN-101,Khunti,RAN,neighbor,True,drift
2025-01-08 16:00:00,21.2,941.4,100.0,AWS-RAN-101,Khunti,RAN,neighbor,True,drift
2025-01-08 17:00:00,17.9,941.2,100.0,AWS-RAN-101,Khunti,RAN,neighbor,True,drift
2025-01-08 18:00:00,16.3,942.1,100.0,AWS-RAN-101,Khunti,RAN,neighbor,True,drift
2025-01-08 19:00:00,14.8,942.9,100.0,AWS-RAN-101,Khunti,RAN,neighbor,True,drift
2025-01-08 20:00:00,13.4,943.5,63.0,AWS-RAN-101,Khunti,RAN,neighbor,False,
2025-01-08 21:00:00,12.7,943.8,65.0,AWS-RAN-101,Khunti,RAN,neighbor,False,
2025-01-08 22:00:00,11.9,943.6,67.0,AWS-RAN-101,Khunti,RAN,neighbor,False,
2025-01-08 23:00:00,11.3,943.0,69.0,AWS-RAN-101,Khunti,RAN,neighbor,False,
2025-01-09 00:00:00,10.9,942.5,69.0,AWS-RAN-101,Khunti,RAN,neighbor,False,
2025-01-09 01:00:00,10.2,942.0,73.0,AWS-RAN-101,Khunti,RAN,neighbor,False,
2025-01-09 02:00:00,9.8,941.7,76.0,AWS-RAN-101,Khunti,RAN,neighbor,False,
2025-01-09 03:00:00,9.4,941.6,79.0,AWS-RAN-101,Khunti,RAN,neighbor,False,
2025-01-09 04:00:00,9.2,941.9,80.0,AWS-RAN-101,Khunti,RAN,neighbor,False,
2025-01-09 05:00:00,9.1,942.4,82.0,AWS-RAN-101,Khunti,RAN,neighbor,False,
2025-01-09 06:00:00,8.9,943.4,89.0,AWS-RAN-101,Khunti,RAN,neighbor,False,
2025-01-09 07:00:00,10.3,944.9,82.0,AWS-RAN-101,Khunti,RAN,neighbor,False,
2025-01-09 08:00:00,13.3,946.3,72.0,AWS-RAN-101,Khunti,RAN,neighbor,False,
2025-01-09 09:00:00,15.6,946.9,64.0,AWS-RAN-101,Khunti,RAN,neighbor,False,
2025-01-09 10:00:00,17.7,946.7,54.0,AWS-RAN-101,Khunti,RAN,neighbor,False,
2025-01-09 11:00:00,19.6,945.9,46.0,AWS-RAN-101,Khunti,RAN,neighbor,False,
2025-01-09 12:00:00,21.1,944.8,38.0,AWS-RAN-101,Khunti,RAN,neighbor,False,
2025-01-09 13:00:00,22.3,944.0,33.0,AWS-RAN-101,Khunti,RAN,neighbor,False,
2025-01-09 14:00:00,22.8,943.5,30.0,AWS-RAN-101,Khunti,RAN,neighbor,False,
2025-01-09 15:00:00,22.6,943.1,30.0,AWS-RAN-101,Khunti,RAN,neighbor,False,
2025-01-09 16:00:00,21.9,943.1,31.0,AWS-RAN-101,Khunti,RAN,neighbor,False,
2025-01-09 17:00:00,18.8,942.8,39.0,AWS-RAN-101,Khunti,RAN,neighbor,False,
2025-01-09 18:00:00,16.9,943.5,51.0,AWS-RAN-101,Khunti,RAN,neighbor,False,
2025-01-09 19:00:00,15.5,944.4,61.0,AWS-RAN-101,Khunti,RAN,neighbor,False,
2025-01-09 20:00:00,14.3,945.1,68.0,AWS-RAN-101,Khunti,RAN,neighbor,False,
2025-01-09 21:00:00,13.3,945.6,68.0,AWS-RAN-101,Khunti,RAN,neighbor,False,
2025-01-09 22:00:00,12.5,945.6,67.0,AWS-RAN-101,Khunti,RAN,neighbor,False,
2025-01-09 23:00:00,11.3,945.1,73.0,AWS-RAN-101,Khunti,RAN,neighbor,False,
2025-01-10 00:00:00,797.3454499039334,940.6675710116674,100.0,AWS-RAN-101,Khunti,RAN,neighbor,True,multivariate_inconsistency
2025-01-10 01:00:00,796.9454499039334,943.9963786423509,100.0,AWS-RAN-101,Khunti,RAN,neighbor,True,multivariate_inconsistency
2025-01-10 02:00:00,796.7454499039334,945.7828472675225,100.0,AWS-RAN-101,Khunti,RAN,neighbor,True,multivariate_inconsistency
2025-01-10 03:00:00,796.4454499039334,944.5125424909446,100.0,AWS-RAN-101,Khunti,RAN,neighbor,True,multivariate_inconsistency
2025-01-10 04:00:00,9.1,943.8,90.0,AWS-RAN-101,Khunti,RAN,neighbor,False,
2025-01-10 05:00:00,8.7,944.1,91.0,AWS-RAN-101,Khunti,RAN,neighbor,False,
2025-01-10 06:00:00,8.2,944.7,92.0,AWS-RAN-101,Khunti,RAN,neighbor,False,
2025-01-10 07:00:00,10.3,945.8,82.0,AWS-RAN-101,Khunti,RAN,neighbor,False,
2025-01-10 08:00:00,14.6,947.6,63.0,AWS-RAN-101,Khunti,RAN,neighbor,False,
2025-01-10 09:00:00,17.3,948.6,52.0,AWS-RAN-101,Khunti,RAN,neighbor,False,
2025-01-10 10:00:00,19.3,948.5,45.0,AWS-RAN-101,Khunti,RAN,neighbor,False,
2025-01-10 11:00:00,21.0,947.7,40.0,AWS-RAN-101,Khunti,RAN,neighbor,False,
2025-01-10 12:00:00,22.4,946.6,34.0,AWS-RAN-101,Khunti,RAN,neighbor,False,
2025-01-10 13:00:00,23.6,945.8,27.0,AWS-RAN-101,Khunti,RAN,neighbor,False,
2025-01-10 14:00:00,24.1,945.4,23.0,AWS-RAN-101,Khunti,RAN,neighbor,False,
2025-01-10 15:00:00,23.9,945.1,22.0,AWS-RAN-101,Khunti,RAN,neighbor,False,
2025-01-10 16:00:00,22.6,945.0,24.0,AWS-RAN-101,Khunti,RAN,neighbor,False,
2025-01-10 17:00:00,18.6,944.5,32.0,AWS-RAN-101,Khunti,RAN,neighbor,False,
2025-01-10 18:00:00,16.6,944.4,44.0,AWS-RAN-101,Khunti,RAN,neighbor,False,
2025-01-10 19:00:00,-390.8923545363271,1100.0,100.0,AWS-RAN-101,Khunti,RAN,neighbor,True,unstructured_anomaly
2025-01-10 20:00:00,-331.08851613816034,1100.0,100.0,AWS-RAN-101,Khunti,RAN,neighbor,True,unstructured_anomaly
2025-01-10 21:00:00,393.6347361237963,812.8705997525462,100.0,AWS-RAN-101,Khunti,RAN,neighbor,True,unstructured_anomaly
2025-01-10 22:00:00,364.77079570826385,819.1611302159563,17.365815512599426,AWS-RAN-101,Khunti,RAN,neighbor,True,unstructured_anomaly
2025-01-10 23:00:00,-389.538231471414,1077.8930794523167,100.0,AWS-RAN-101,Khunti,RAN,neighbor,True,unstructured_anomaly
2025-01-11 00:00:00,-323.49654607113825,1095.6001882921155,100.0,AWS-RAN-101,Khunti,RAN,neighbor,True,unstructured_anomaly
2025-01-11 01:00:00,11.0,944.0,80.0,AWS-RAN-101,Khunti,RAN,neighbor,False,
2025-01-11 02:00:00,10.7,943.7,82.0,AWS-RAN-101,Khunti,RAN,neighbor,False,
2025-01-11 03:00:00,10.7,943.5,82.0,AWS-RAN-101,Khunti,RAN,neighbor,False,
2025-01-11 04:00:00,10.4,943.7,83.0,AWS-RAN-101,Khunti,RAN,neighbor,False,
2025-01-11 05:00:00,10.0,944.2,84.0,AWS-RAN-101,Khunti,RAN,neighbor,False,
2025-01-11 06:00:00,10.0,945.0,84.0,AWS-RAN-101,Khunti,RAN,neighbor,False,
2025-01-11 07:00:00,12.2,946.3,76.0,AWS-RAN-101,Khunti,RAN,neighbor,False,
2025-01-11 08:00:00,15.4,948.1,63.0,AWS-RAN-101,Khunti,RAN,neighbor,False,
2025-01-11 09:00:00,17.9,949.1,53.0,AWS-RAN-101,Khunti,RAN,neighbor,False,
2025-01-11 10:00:00,19.8,948.8,48.0,AWS-RAN-101,Khunti,RAN,neighbor,False,
2025-01-11 11:00:00,21.5,947.7,42.0,AWS-RAN-101,Khunti,RAN,neighbor,False,
2025-01-11 12:00:00,22.8,946.8,38.0,AWS-RAN-101,Khunti,RAN,neighbor,False,
2025-01-11 13:00:00,23.6,945.7,35.0,AWS-RAN-101,Khunti,RAN,neighbor,False,
2025-01-11 14:00:00,23.9,945.0,34.0,AWS-RAN-101,Khunti,RAN,neighbor,False,
2025-01-11 15:00:00,23.7,944.5,35.0,AWS-RAN-101,Khunti,RAN,neighbor,False,
2025-01-11 16:00:00,22.7,944.2,37.0,AWS-RAN-101,Khunti,RAN,neighbor,False,
2025-01-11 17:00:00,19.1,943.9,46.0,AWS-RAN-101,Khunti,RAN,neighbor,False,
2025-01-11 18:00:00,17.2,943.7,55.0,AWS-RAN-101,Khunti,RAN,neighbor,False,
2025-01-11 19:00:00,15.9,944.0,58.0,AWS-RAN-101,Khunti,RAN,neighbor,False,
2025-01-11 20:00:00,15.3,944.7,59.0,AWS-RAN-101,Khunti,RAN,neighbor,False,
2025-01-11 21:00:00,14.7,945.0,60.0,AWS-RAN-101,Khunti,RAN,neighbor,False,
2025-01-11 22:00:00,14.2,945.0,59.0,AWS-RAN-101,Khunti,RAN,neighbor,False,
2025-01-11 23:00:00,13.4,944.7,60.0,AWS-RAN-101,Khunti,RAN,neighbor,False,
2025-01-12 00:00:00,13.0,944.3,61.0,AWS-RAN-101,Khunti,RAN,neighbor,False,
2025-01-12 01:00:00,12.9,944.1,62.0,AWS-RAN-101,Khunti,RAN,neighbor,False,
2025-01-12 02:00:00,13.0,943.9,63.0,AWS-RAN-101,Khunti,RAN,neighbor,False,
2025-01-12 03:00:00,13.0,943.5,64.0,AWS-RAN-101,Khunti,RAN,neighbor,False,
2025-01-12 04:00:00,12.7,943.6,67.0,AWS-RAN-101,Khunti,RAN,neighbor,False,
2025-01-12 05:00:00,12.3,943.9,69.0,AWS-RAN-101,Khunti,RAN,neighbor,False,
2025-01-12 06:00:00,12.2,944.4,70.0,AWS-RAN-101,Khunti,RAN,neighbor,False,
2025-01-12 07:00:00,13.8,945.7,67.0,AWS-RAN-101,Khunti,RAN,neighbor,False,
2025-01-12 08:00:00,17.0,947.2,52.0,AWS-RAN-101,Khunti,RAN,neighbor,False,
2025-01-12 09:00:00,19.3,947.9,47.0,AWS-RAN-101,Khunti,RAN,neighbor,False,
2025-01-12 10:00:00,21.0,947.4,46.0,AWS-RAN-101,Khunti,RAN,neighbor,False,
2025-01-12 11:00:00,22.5,946.6,42.0,AWS-RAN-101,Khunti,RAN,neighbor,False,
2025-01-12 12:00:00,23.7,945.5,38.0,AWS-RAN-101,Khunti,RAN,neighbor,False,
2025-01-12 13:00:00,24.5,944.3,33.0,AWS-RAN-101,Khunti,RAN,neighbor,False,
2025-01-12 14:00:00,24.9,943.3,31.0,AWS-RAN-101,Khunti,RAN,neighbor,False,
2025-01-12 15:00:00,24.7,943.0,31.0,AWS-RAN-101,Khunti,RAN,neighbor,False,
2025-01-12 16:00:00,23.9,942.8,33.0,AWS-RAN-101,Khunti,RAN,neighbor,False,
2025-01-12 17:00:00,20.4,942.8,43.0,AWS-RAN-101,Khunti,RAN,neighbor,False,
2025-01-12 18:00:00,19.2,943.1,44.0,AWS-RAN-101,Khunti,RAN,neighbor,False,
2025-01-12 19:00:00,17.6,943.6,54.0,AWS-RAN-101,Khunti,RAN,neighbor,False,
2025-01-12 20:00:00,16.2,943.9,59.0,AWS-RAN-101,Khunti,RAN,neighbor,False,
2025-01-12 21:00:00,15.8,944.3,58.0,AWS-RAN-101,Khunti,RAN,neighbor,False,
2025-01-12 22:00:00,16.7,944.3,52.0,AWS-RAN-101,Khunti,RAN,neighbor,False,
2025-01-12 23:00:00,17.3,943.8,49.0,AWS-RAN-101,Khunti,RAN,neighbor,False,
2025-01-13 00:00:00,17.0,943.4,49.0,AWS-RAN-101,Khunti,RAN,neighbor,False,
2025-01-13 01:00:00,14.6,942.6,58.0,AWS-RAN-101,Khunti,RAN,neighbor,False,
2025-01-13 02:00:00,13.7,942.0,74.0,AWS-RAN-101,Khunti,RAN,neighbor,False,
2025-01-13 03:00:00,13.5,941.6,81.0,AWS-RAN-101,Khunti,RAN,neighbor,False,
2025-01-13 04:00:00,13.4,941.8,83.0,AWS-RAN-101,Khunti,RAN,neighbor,False,
2025-01-13 05:00:00,13.2,942.1,85.0,AWS-RAN-101,Khunti,RAN,neighbor,False,
2025-01-13 06:00:00,13.5,942.8,85.0,AWS-RAN-101,Khunti,RAN,neighbor,False,
2025-01-13 07:00:00,15.1,944.1,78.0,AWS-RAN-101,Khunti,RAN,neighbor,False,
2025-01-13 08:00:00,18.1,945.5,68.0,AWS-RAN-101,Khunti,RAN,neighbor,False,
2025-01-13 09:00:00,20.8,946.1,53.0,AWS-RAN-101,Khunti,RAN,neighbor,False,
2025-01-13 10:00:00,22.4,945.7,45.0,AWS-RAN-101,Khunti,RAN,neighbor,False,
2025-01-13 11:00:00,23.4,945.0,42.0,AWS-RAN-101,Khunti,RAN,neighbor,False,
2025-01-13 12:00:00,24.3,943.9,40.0,AWS-RAN-101,Khunti,RAN,neighbor,False,
2025-01-13 13:00:00,25.1,942.7,38.0,AWS-RAN-101,Khunti,RAN,neighbor,False,
2025-01-13 14:00:00,25.0,942.0,37.0,AWS-RAN-101,Khunti,RAN,neighbor,False,
2025-01-13 15:00:00,25.0,941.7,36.0,AWS-RAN-101,Khunti,RAN,neighbor,False,
2025-01-13 16:00:00,24.0,941.7,38.0,AWS-RAN-101,Khunti,RAN,neighbor,False,
2025-01-13 17:00:00,22.1,942.0,44.0,AWS-RAN-101,Khunti,RAN,neighbor,False,
2025-01-13 18:00:00,19.3,942.6,56.0,AWS-RAN-101,Khunti,RAN,neighbor,False,
2025-01-13 19:00:00,17.9,943.4,66.0,AWS-RAN-101,Khunti,RAN,neighbor,False,
2025-01-13 20:00:00,16.4,943.9,73.0,AWS-RAN-101,Khunti,RAN,neighbor,False,
2025-01-13 21:00:00,16.3,944.2,74.0,AWS-RAN-101,Khunti,RAN,neighbor,False,
2025-01-13 22:00:00,15.8,944.1,78.0,AWS-RAN-101,Khunti,RAN,neighbor,False,
2025-01-13 23:00:00,14.8,943.6,84.0,AWS-RAN-101,Khunti,RAN,neighbor,False,
2025-01-14 00:00:00,14.0,943.4,90.0,AWS-RAN-101,Khunti,RAN,neighbor,False,
2025-01-14 01:00:00,13.8,943.2,92.0,AWS-RAN-101,Khunti,RAN,neighbor,False,
2025-01-14 02:00:00,14.0,943.0,91.0,AWS-RAN-101,Khunti,RAN,neighbor,False,
2025-01-14 03:00:00,13.8,942.8,90.0,AWS-RAN-101,Khunti,RAN,neighbor,False,
2025-01-14 04:00:00,13.3,942.9,92.0,AWS-RAN-101,Khunti,RAN,neighbor,False,
2025-01-14 05:00:00,12.8,943.3,94.0,AWS-RAN-101,Khunti,RAN,neighbor,False,
2025-01-14 06:00:00,12.6,944.3,96.0,AWS-RAN-101,Khunti,RAN,neighbor,False,
2025-01-14 07:00:00,13.5,945.5,93.0,AWS-RAN-101,Khunti,RAN,neighbor,False,
2025-01-14 08:00:00,16.5,947.2,80.0,AWS-RAN-101,Khunti,RAN,neighbor,False,
2025-01-14 09:00:00,592.7516928401592,949.0446604552808,100.0,AWS-RAN-101,Khunti,RAN,neighbor,True,multivariate_inconsistency
2025-01-14 10:00:00,594.3516928401591,949.1083860298318,100.0,AWS-RAN-101,Khunti,RAN,neighbor,True,multivariate_inconsistency
2025-01-14 11:00:00,595.7516928401592,946.9767839377862,100.0,AWS-RAN-101,Khunti,RAN,neighbor,True,multivariate_inconsistency
2025-01-14 12:00:00,596.7516928401592,947.482677313273,100.0,AWS-RAN-101,Khunti,RAN,neighbor,True,multivariate_inconsistency
2025-01-14 13:00:00,23.7,945.2,40.0,AWS-RAN-101,Khunti,RAN,neighbor,False,
2025-01-14 14:00:00,23.9,944.5,35.0,AWS-RAN-101,Khunti,RAN,neighbor,False,
2025-01-14 15:00:00,23.5,944.5,34.0,AWS-RAN-101,Khunti,RAN,neighbor,False,
2025-01-14 16:00:00,22.6,944.6,34.0,AWS-RAN-101,Khunti,RAN,neighbor,False,
2025-01-14 17:00:00,20.6,944.8,39.0,AWS-RAN-101,Khunti,RAN,neighbor,False,
2025-01-14 18:00:00,19.1,944.9,44.0,AWS-RAN-101,Khunti,RAN,neighbor,False,
2025-01-14 19:00:00,422.63341432702833,800.0,100.0,AWS-RAN-101,Khunti,RAN,neighbor,True,unstructured_anomaly
2025-01-14 20:00:00,340.7345910280193,800.0,100.0,AWS-RAN-101,Khunti,RAN,neighbor,True,unstructured_anomaly
2025-01-14 21:00:00,382.46398813134385,817.6483766234605,100.0,AWS-RAN-101,Khunti,RAN,neighbor,True,unstructured_anomaly
2025-01-14 22:00:00,-387.4856209192718,1084.093670151817,27.2478405472458,AWS-RAN-101,Khunti,RAN,neighbor,True,unstructured_anomaly
2025-01-14 23:00:00,-332.8360242088743,1100.0,19.01216155464924,AWS-RAN-101,Khunti,RAN,neighbor,True,unstructured_anomaly
2025-01-15 00:00:00,-401.2694677989521,1072.9742893584064,100.0,AWS-RAN-101,Khunti,RAN,neighbor,True,unstructured_anomaly
2025-01-15 01:00:00,-321.62351571632786,1089.4753430610504,100.0,AWS-RAN-101,Khunti,RAN,neighbor,True,unstructured_anomaly
2025-01-15 02:00:00,-396.3949432546883,1070.1486038518217,41.811942805473464,AWS-RAN-101,Khunti,RAN,neighbor,True,unstructured_anomaly
2025-01-15 03:00:00,12.4,944.5,88.0,AWS-RAN-101,Khunti,RAN,neighbor,False,
2025-01-15 04:00:00,12.1,944.6,89.0,AWS-RAN-101,Khunti,RAN,neighbor,False,
2025-01-15 05:00:00,11.9,945.3,89.0,AWS-RAN-101,Khunti,RAN,neighbor,False,
2025-01-15 06:00:00,11.5,946.2,92.0,AWS-RAN-101,Khunti,RAN,neighbor,False,
2025-01-15 07:00:00,13.2,947.2,87.0,AWS-RAN-101,Khunti,RAN,neighbor,False,
2025-01-15 08:00:00,16.2,948.6,73.0,AWS-RAN-101,Khunti,RAN,neighbor,False,
2025-01-15 09:00:00,18.4,949.3,63.0,AWS-RAN-101,Khunti,RAN,neighbor,False,
2025-01-15 10:00:00,20.1,949.2,55.0,AWS-RAN-101,Khunti,RAN,neighbor,False,
2025-01-15 11:00:00,21.5,948.1,49.0,AWS-RAN-101,Khunti,RAN,neighbor,False,
2025-01-15 12:00:00,438.455691281979,803.616592940297,0.0,AWS-RAN-101,Khunti,RAN,neighbor,True,unstructured_anomaly
2025-01-15 13:00:00,335.9373501305186,806.2741098864876,0.0,AWS-RAN-101,Khunti,RAN,neighbor,True,unstructured_anomaly
2025-01-15 14:00:00,-365.2005771681484,1100.0,0.0,AWS-RAN-101,Khunti,RAN,neighbor,True,unstructured_anomaly
2025-01-15 15:00:00,-391.0615909372318,1094.967441435911,0.0,AWS-RAN-101,Khunti,RAN,neighbor,True,unstructured_anomaly
2025-01-15 16:00:00,-352.49147542254605,1086.994586676186,0.0,AWS-RAN-101,Khunti,RAN,neighbor,True,unstructured_anomaly
2025-01-15 17:00:00,352.48649474663944,800.0,0.0,AWS-RAN-101,Khunti,RAN,neighbor,True,unstructured_anomaly
2025-01-15 18:00:00,340.9376995413433,814.7618023649045,98.2242819004128,AWS-RAN-101,Khunti,RAN,neighbor,True,unstructured_anomaly
2025-01-15 19:00:00,-378.01056348992495,1080.1171306587662,4.01795419552662,AWS-RAN-101,Khunti,RAN,neighbor,True,unstructured_anomaly
2025-01-15 20:00:00,15.6,945.9,61.0,AWS-RAN-101,Khunti,RAN,neighbor,False,
2025-01-15 21:00:00,14.6,945.8,65.0,AWS-RAN-101,Khunti,RAN,neighbor,False,
2025-01-15 22:00:00,13.5,945.6,72.0,AWS-RAN-101,Khunti,RAN,neighbor,False,
2025-01-15 23:00:00,12.4,945.0,79.0,AWS-RAN-101,Khunti,RAN,neighbor,False,
2025-01-16 00:00:00,11.7,944.4,83.0,AWS-RAN-101,Khunti,RAN,neighbor,False,
2025-01-16 01:00:00,11.4,943.9,85.0,AWS-RAN-101,Khunti,RAN,neighbor,False,
2025-01-16 02:00:00,11.4,943.4,84.0,AWS-RAN-101,Khunti,RAN,neighbor,False,
2025-01-16 03:00:00,11.5,943.0,82.0,AWS-RAN-101,Khunti,RAN,neighbor,False,
2025-01-16 04:00:00,11.9,942.9,79.0,AWS-RAN-101,Khunti,RAN,neighbor,False,
2025-01-16 05:00:00,12.2,943.5,77.0,AWS-RAN-101,Khunti,RAN,neighbor,False,
2025-01-16 06:00:00,11.6,944.7,82.0,AWS-RAN-101,Khunti,RAN,neighbor,False,
2025-01-16 07:00:00,12.9,945.6,76.0,AWS-RAN-101,Khunti,RAN,neighbor,False,
2025-01-16 08:00:00,15.8,947.0,62.0,AWS-RAN-101,Khunti,RAN,neighbor,False,
2025-01-16 09:00:00,18.0,948.0,55.0,AWS-RAN-101,Khunti,RAN,neighbor,False,
2025-01-16 10:00:00,19.6,947.9,51.0,AWS-RAN-101,Khunti,RAN,neighbor,False,
2025-01-16 11:00:00,20.9,947.1,47.0,AWS-RAN-101,Khunti,RAN,neighbor,False,
2025-01-16 12:00:00,22.2,945.8,42.0,AWS-RAN-101,Khunti,RAN,neighbor,False,
2025-01-16 13:00:00,23.0,944.9,40.0,AWS-RAN-101,Khunti,RAN,neighbor,False,
2025-01-16 14:00:00,23.3,944.3,39.0,AWS-RAN-101,Khunti,RAN,neighbor,False,
2025-01-16 15:00:00,23.1,944.0,39.0,AWS-RAN-101,Khunti,RAN,neighbor,False,
2025-01-16 16:00:00,22.4,944.1,40.0,AWS-RAN-101,Khunti,RAN,neighbor,False,
2025-01-16 17:00:00,19.4,944.2,48.0,AWS-RAN-101,Khunti,RAN,neighbor,False,
2025-01-16 18:00:00,17.7,944.6,49.0,AWS-RAN-101,Khunti,RAN,neighbor,False,
2025-01-16 19:00:00,16.4,945.3,52.0,AWS-RAN-101,Khunti,RAN,neighbor,False,
2025-01-16 20:00:00,16.1,945.9,54.0,AWS-RAN-101,Khunti,RAN,neighbor,False,
2025-01-16 21:00:00,14.3,945.7,60.0,AWS-RAN-101,Khunti,RAN,neighbor,False,
2025-01-16 22:00:00,13.3,945.5,65.0,AWS-RAN-101,Khunti,RAN,neighbor,False,
2025-01-16 23:00:00,12.6,945.1,69.0,AWS-RAN-101,Khunti,RAN,neighbor,False,
2025-01-17 00:00:00,12.2,944.7,71.0,AWS-RAN-101,Khunti,RAN,neighbor,False,
2025-01-17 01:00:00,11.8,944.3,73.0,AWS-RAN-101,Khunti,RAN,neighbor,False,
2025-01-17 02:00:00,11.4,943.7,72.0,AWS-RAN-101,Khunti,RAN,neighbor,False,
2025-01-17 03:00:00,11.2,943.1,68.0,AWS-RAN-101,Khunti,RAN,neighbor,False,
2025-01-17 04:00:00,10.8,942.7,63.0,AWS-RAN-101,Khunti,RAN,neighbor,False,
2025-01-17 05:00:00,10.3,943.2,60.0,AWS-RAN-101,Khunti,RAN,neighbor,False,
2025-01-17 06:00:00,10.6,943.9,66.0,AWS-RAN-101,Khunti,RAN,neighbor,False,
2025-01-17 07:00:00,12.1,944.6,57.0,AWS-RAN-101,Khunti,RAN,neighbor,False,
2025-01-17 08:00:00,15.8,945.9,46.0,AWS-RAN-101,Khunti,RAN,neighbor,False,
2025-01-17 09:00:00,19.2,946.7,28.0,AWS-RAN-101,Khunti,RAN,neighbor,False,
2025-01-17 10:00:00,21.0,946.7,23.0,AWS-RAN-101,Khunti,RAN,neighbor,False,
2025-01-17 11:00:00,21.4,946.1,23.0,AWS-RAN-101,Khunti,RAN,neighbor,False,
2025-01-17 12:00:00,21.6,945.1,23.0,AWS-RAN-101,Khunti,RAN,neighbor,False,
2025-01-17 13:00:00,22.3,944.0,22.0,AWS-RAN-101,Khunti,RAN,neighbor,False,
2025-01-17 14:00:00,22.3,943.4,24.0,AWS-RAN-101,Khunti,RAN,neighbor,False,
2025-01-17 15:00:00,22.0,943.3,26.0,AWS-RAN-101,Khunti,RAN,neighbor,False,
2025-01-17 16:00:00,21.0,943.4,31.0,AWS-RAN-101,Khunti,RAN,neighbor,False,
2025-01-17 17:00:00,18.0,942.9,41.0,AWS-RAN-101,Khunti,RAN,neighbor,False,
2025-01-17 18:00:00,17.0,943.2,52.0,AWS-RAN-101,Khunti,RAN,neighbor,False,
2025-01-17 19:00:00,15.8,943.8,55.0,AWS-RAN-101,Khunti,RAN,neighbor,False,
2025-01-17 20:00:00,15.1,944.3,59.0,AWS-RAN-101,Khunti,RAN,neighbor,False,
2025-01-17 21:00:00,14.5,944.4,68.0,AWS-RAN-101,Khunti,RAN,neighbor,False,
2025-01-17 22:00:00,13.7,944.3,76.0,AWS-RAN-101,Khunti,RAN,neighbor,False,
2025-01-17 23:00:00,13.2,943.5,78.0,AWS-RAN-101,Khunti,RAN,neighbor,False,
2025-01-18 00:00:00,13.2,943.2,71.0,AWS-RAN-101,Khunti,RAN,neighbor,False,
2025-01-18 01:00:00,13.3,943.0,64.0,AWS-RAN-101,Khunti,RAN,neighbor,False,
2025-01-18 02:00:00,13.3,942.7,60.0,AWS-RAN-101,Khunti,RAN,neighbor,False,
2025-01-18 03:00:00,13.0,942.5,62.0,AWS-RAN-101,Khunti,RAN,neighbor,False,
2025-01-18 04:00:00,12.6,942.2,68.0,AWS-RAN-101,Khunti,RAN,neighbor,True,drift
2025-01-18 05:00:00,12.3,942.462800510191,73.0,AWS-RAN-101,Khunti,RAN,neighbor,True,drift
2025-01-18 06:00:00,11.8,943.8251305488693,77.0,AWS-RAN-101,Khunti,RAN,neighbor,True,drift
2025-01-18 07:00:00,13.4,945.0753121108654,72.0,AWS-RAN-101,Khunti,RAN,neighbor,True,drift
2025-01-18 08:00:00,16.4,946.9078053593901,62.0,AWS-RAN-101,Khunti,RAN,neighbor,True,drift
2025-01-18 09:00:00,19.5,948.1189595055097,46.0,AWS-RAN-101,Khunti,RAN,neighbor,True,drift
2025-01-18 10:00:00,21.7,948.9060730247851,36.0,AWS-RAN-101,Khunti,RAN,neighbor,True,drift
2025-01-18 11:00:00,23.1,948.6670146851795,33.0,AWS-RAN-101,Khunti,RAN,neighbor,True,drift
2025-01-18 12:00:00,24.1,948.2000325479879,32.0,AWS-RAN-101,Khunti,RAN,neighbor,True,drift
2025-01-18 13:00:00,24.7,947.8036443732118,30.0,AWS-RAN-101,Khunti,RAN,neighbor,True,drift
2025-01-18 14:00:00,24.9,947.6765690408492,30.0,AWS-RAN-101,Khunti,RAN,neighbor,True,drift
2025-01-18 15:00:00,24.6,948.2176808681423,31.0,AWS-RAN-101,Khunti,RAN,neighbor,True,drift
2025-01-18 16:00:00,23.6,949.0259776994205,35.0,AWS-RAN-101,Khunti,RAN,neighbor,True,drift
2025-01-18 17:00:00,20.1,949.5005577682384,46.0,AWS-RAN-101,Khunti,RAN,neighbor,True,drift
2025-01-18 18:00:00,18.7,951.1406024060009,49.0,AWS-RAN-101,Khunti,RAN,neighbor,True,drift
2025-01-18 19:00:00,17.6,952.7453627934667,54.0,AWS-RAN-101,Khunti,RAN,neighbor,True,drift
2025-01-18 20:00:00,16.6,954.014149594847,58.0,AWS-RAN-101,Khunti,RAN,neighbor,True,drift
2025-01-18 21:00:00,15.3,955.1463247010419,63.0,AWS-RAN-101,Khunti,RAN,neighbor,True,drift
2025-01-18 22:00:00,14.5,956.641294550632,67.0,AWS-RAN-101,Khunti,RAN,neighbor,True,drift
2025-01-18 23:00:00,14.0,957.5985046539635,67.0,AWS-RAN-101,Khunti,RAN,neighbor,True,drift
2025-01-19 00:00:00,13.5,958.2174350501559,68.0,AWS-RAN-101,Khunti,RAN,neighbor,True,drift
2025-01-19 01:00:00,12.7,958.8975964983124,71.0,AWS-RAN-101,Khunti,RAN,neighbor,True,drift
2025-01-19 02:00:00,12.5,959.8385272542012,72.0,AWS-RAN-101,Khunti,RAN,neighbor,True,drift
2025-01-19 03:00:00,12.4,961.2397903193371,72.0,AWS-RAN-101,Khunti,RAN,neighbor,True,drift
2025-01-19 04:00:00,12.3,963.1009710752894,72.0,AWS-RAN-101,Khunti,RAN,neighbor,True,drift
2025-01-19 05:00:00,12.1,965.3216752351657,71.0,AWS-RAN-101,Khunti,RAN,neighbor,True,drift
2025-01-19 06:00:00,12.1,968.2015270585285,72.0,AWS-RAN-101,Khunti,RAN,neighbor,True,drift
2025-01-19 07:00:00,13.9,971.3401677868641,63.0,AWS-RAN-101,Khunti,RAN,neighbor,True,drift
2025-01-19 08:00:00,17.6,974.9372542650555,52.0,AWS-RAN-101,Khunti,RAN,neighbor,True,drift
2025-01-19 09:00:00,20.6,977.6924577207877,36.0,AWS-RAN-101,Khunti,RAN,neighbor,True,drift
2025-01-19 10:00:00,22.5,979.5054626788843,25.0,AWS-RAN-101,Khunti,RAN,neighbor,True,drift
2025-01-19 11:00:00,23.8,980.8759659915904,21.0,AWS-RAN-101,Khunti,RAN,neighbor,True,drift
2025-01-19 12:00:00,24.7,981.7036759690264,21.0,AWS-RAN-101,Khunti,RAN,neighbor,True,drift
2025-01-19 13:00:00,25.5,982.9883115966129,19.0,AWS-RAN-101,Khunti,RAN,neighbor,True,drift
2025-01-19 14:00:00,25.9,984.4296018283604,18.0,AWS-RAN-101,Khunti,RAN,neighbor,True,drift
2025-01-19 15:00:00,25.7,986.3272849466254,18.0,AWS-RAN-101,Khunti,RAN,neighbor,True,drift
2025-01-19 16:00:00,24.3,988.4811079803372,18.0,AWS-RAN-101,Khunti,RAN,neighbor,True,drift
2025-01-19 17:00:00,20.4,990.3908261748599,23.0,AWS-RAN-101,Khunti,RAN,neighbor,True,drift
2025-01-19 18:00:00,19.2,992.9562025076161,32.0,AWS-RAN-101,Khunti,RAN,neighbor,True,drift
2025-01-19 19:00:00,17.7,995.6770072444117,41.0,AWS-RAN-101,Khunti,RAN,neighbor,True,drift
2025-01-19 20:00:00,16.9,998.2530175320703,48.0,AWS-RAN-101,Khunti,RAN,neighbor,True,drift
2025-01-19 21:00:00,16.5,1001.0840170235639,48.0,AWS-RAN-101,Khunti,RAN,neighbor,True,drift
2025-01-19 22:00:00,15.8,1003.5697955323097,48.0,AWS-RAN-101,Khunti,RAN,neighbor,True,drift
2025-01-19 23:00:00,15.1,1005.8101487127163,47.0,AWS-RAN-101,Khunti,RAN,neighbor,True,drift
2025-01-20 00:00:00,14.7,1008.0048777644142,44.0,AWS-RAN-101,Khunti,RAN,neighbor,True,drift
2025-01-20 01:00:00,14.1,940.3,45.0,AWS-RAN-101,Khunti,RAN,neighbor,False,
2025-01-20 02:00:00,78.65378386882051,940.2,46.0,AWS-RAN-101,Khunti,RAN,neighbor,True,spike
2025-01-20 03:00:00,12.7,939.8,48.0,AWS-RAN-101,Khunti,RAN,neighbor,False,
2025-01-20 04:00:00,11.9,939.5,50.0,AWS-RAN-101,Khunti,RAN,neighbor,False,
2025-01-20 05:00:00,11.5,939.8,52.0,AWS-RAN-101,Khunti,RAN,neighbor,False,
2025-01-20 06:00:00,11.0,940.7,62.0,AWS-RAN-101,Khunti,RAN,neighbor,False,
2025-01-20 07:00:00,13.0,941.9,58.0,AWS-RAN-101,Khunti,RAN,neighbor,False,
2025-01-20 08:00:00,16.5,943.3,50.0,AWS-RAN-101,Khunti,RAN,neighbor,False,
2025-01-20 09:00:00,19.6,944.1,42.0,AWS-RAN-101,Khunti,RAN,neighbor,False,
2025-01-20 10:00:00,22.2,944.3,37.0,AWS-RAN-101,Khunti,RAN,neighbor,False,
2025-01-20 11:00:00,24.5,943.8,31.0,AWS-RAN-101,Khunti,RAN,neighbor,False,
2025-01-20 12:00:00,26.0,942.9,27.0,AWS-RAN-101,Khunti,RAN,neighbor,False,
2025-01-20 13:00:00,26.7,942.2,25.0,AWS-RAN-101,Khunti,RAN,neighbor,False,
2025-01-20 14:00:00,26.7,941.2,25.0,AWS-RAN-101,Khunti,RAN,neighbor,True,frozen_value
2025-01-20 15:00:00,26.692250901537566,940.8,26.0,AWS-RAN-101,Khunti,RAN,neighbor,True,frozen_value
2025-01-20 16:00:00,26.676460675341094,940.6,29.0,AWS-RAN-101,Khunti,RAN,neighbor,True,frozen_value
2025-01-20 17:00:00,26.622546874265623,940.2,38.0,AWS-RAN-101,Khunti,RAN,neighbor,True,frozen_value
2025-01-20 18:00:00,26.63119477966406,940.4,45.0,AWS-RAN-101,Khunti,RAN,neighbor,True,frozen_value
2025-01-20 19:00:00,26.618901693726727,941.0,51.0,AWS-RAN-101,Khunti,RAN,neighbor,True,frozen_value
2025-01-20 20:00:00,26.571082387433695,941.2,57.0,AWS-RAN-101,Khunti,RAN,neighbor,True,frozen_value
2025-01-20 21:00:00,26.59775539288068,941.2,62.0,AWS-RAN-101,Khunti,RAN,neighbor,True,frozen_value
2025-01-20 22:00:00,16.8,941.1,67.0,AWS-RAN-101,Khunti,RAN,neighbor,False,
2025-01-20 23:00:00,16.1,940.6,71.0,AWS-RAN-101,Khunti,RAN,neighbor,False,
2025-01-21 00:00:00,15.4,940.1,75.0,AWS-RAN-101,Khunti,RAN,neighbor,False,
2025-01-21 01:00:00,14.9,939.6,76.0,AWS-RAN-101,Khunti,RAN,neighbor,False,
2025-01-21 02:00:00,14.4,938.9,78.0,AWS-RAN-101,Khunti,RAN,neighbor,False,
2025-01-21 03:00:00,14.0,938.6,78.0,AWS-RAN-101,Khunti,RAN,neighbor,False,
2025-01-21 04:00:00,13.8,938.7,74.0,AWS-RAN-101,Khunti,RAN,neighbor,False,
2025-01-21 05:00:00,13.3,938.9,73.0,AWS-RAN-101,Khunti,RAN,neighbor,False,
2025-01-21 06:00:00,11.9,939.3,84.0,AWS-RAN-101,Khunti,RAN,neighbor,False,
2025-01-21 07:00:00,14.0,940.7,77.0,AWS-RAN-101,Khunti,RAN,neighbor,False,
2025-01-21 08:00:00,17.5,942.4,64.0,AWS-RAN-101,Khunti,RAN,neighbor,False,
2025-01-21 09:00:00,20.4,943.4,53.0,AWS-RAN-101,Khunti,RAN,neighbor,False,
2025-01-21 10:00:00,22.8,943.6,44.0,AWS-RAN-101,Khunti,RAN,neighbor,False,
2025-01-21 11:00:00,25.0,943.1,35.0,AWS-RAN-101,Khunti,RAN,neighbor,False,
2025-01-21 12:00:00,26.5,942.2,31.0,AWS-RAN-101,Khunti,RAN,neighbor,False,
2025-01-21 13:00:00,-320.9292421320929,1087.400407081008,0.0,AWS-RAN-101,Khunti,RAN,neighbor,True,unstructured_anomaly
2025-01-21 14:00:00,416.51185639381276,804.1420365164174,71.9256677555713,AWS-RAN-101,Khunti,RAN,neighbor,True,unstructured_anomaly
2025-01-21 15:00:00,-368.4140046710383,1096.7220758605633,0.0,AWS-RAN-101,Khunti,RAN,neighbor,True,unstructured_anomaly
2025-01-21 16:00:00,-381.2254704531897,1097.637302190404,0.0,AWS-RAN-101,Khunti,RAN,neighbor,True,unstructured_anomaly
2025-01-21 17:00:00,-371.7745947625998,1069.934945909483,0.0,AWS-RAN-101,Khunti,RAN,neighbor,True,unstructured_anomaly
2025-01-21 18:00:00,-412.14624727050483,1089.302811646635,90.18746433915686,AWS-RAN-101,Khunti,RAN,neighbor,True,unstructured_anomaly
2025-01-21 19:00:00,455.22864361577587,800.0,92.07624098170837,AWS-RAN-101,Khunti,RAN,neighbor,True,unstructured_anomaly
2025-01-21 20:00:00,19.2,941.2,50.0,AWS-RAN-101,Khunti,RAN,neighbor,False,
2025-01-21 21:00:00,18.1,940.9,54.0,AWS-RAN-101,Khunti,RAN,neighbor,False,
2025-01-21 22:00:00,17.4,940.6,54.0,AWS-RAN-101,Khunti,RAN,neighbor,False,
2025-01-21 23:00:00,16.9,940.3,55.0,AWS-RAN-101,Khunti,RAN,neighbor,False,
2025-01-22 00:00:00,16.5,940.1,56.0,AWS-RAN-101,Khunti,RAN,neighbor,True,frozen_value
2025-01-22 01:00:00,16.2,939.8,55.98722327458659,AWS-RAN-101,Khunti,RAN,neighbor,True,frozen_value
2025-01-22 02:00:00,15.8,939.4,55.93730278985392,AWS-RAN-101,Khunti,RAN,neighbor,True,frozen_value
2025-01-22 03:00:00,15.3,939.0,55.92277280754182,AWS-RAN-101,Khunti,RAN,neighbor,True,frozen_value
2025-01-22 04:00:00,14.9,938.8,55.955860673478604,AWS-RAN-101,Khunti,RAN,neighbor,True,frozen_value
2025-01-22 05:00:00,14.6,939.4,55.98246867165097,AWS-RAN-101,Khunti,RAN,neighbor,True,frozen_value
2025-01-22 06:00:00,14.1,940.1,55.97511369215006,AWS-RAN-101,Khunti,RAN,neighbor,True,frozen_value
2025-01-22 07:00:00,15.9,941.1,55.96983002181488,AWS-RAN-101,Khunti,RAN,neighbor,True,frozen_value
2025-01-22 08:00:00,20.1,943.2,43.0,AWS-RAN-101,Khunti,RAN,neighbor,False,
2025-01-22 09:00:00,23.4,944.6,31.0,AWS-RAN-101,Khunti,RAN,neighbor,False,
2025-01-22 10:00:00,25.2,944.3,27.0,AWS-RAN-101,Khunti,RAN,neighbor,False,
2025-01-22 11:00:00,26.7,943.8,24.0,AWS-RAN-101,Khunti,RAN,neighbor,False,
2025-01-22 12:00:00,28.0,942.6,21.0,AWS-RAN-101,Khunti,RAN,neighbor,False,
2025-01-22 13:00:00,28.8,941.7,18.0,AWS-RAN-101,Khunti,RAN,neighbor,False,
2025-01-22 14:00:00,29.1,941.0,18.0,AWS-RAN-101,Khunti,RAN,neighbor,False,
2025-01-22 15:00:00,28.8,940.6,19.0,AWS-RAN-101,Khunti,RAN,neighbor,False,
2025-01-22 16:00:00,28.0,940.5,20.0,AWS-RAN-101,Khunti,RAN,neighbor,False,
2025-01-22 17:00:00,24.3,940.3,27.0,AWS-RAN-101,Khunti,RAN,neighbor,False,
2025-01-22 18:00:00,22.0,940.8,36.0,AWS-RAN-101,Khunti,RAN,neighbor,False,
2025-01-22 19:00:00,20.1,941.3,45.0,AWS-RAN-101,Khunti,RAN,neighbor,False,
2025-01-22 20:00:00,19.5,941.8,46.0,AWS-RAN-101,Khunti,RAN,neighbor,False,
2025-01-22 21:00:00,19.6,942.3,46.0,AWS-RAN-101,Khunti,RAN,neighbor,False,
2025-01-22 22:00:00,19.0,942.2,48.0,AWS-RAN-101,Khunti,RAN,neighbor,False,
2025-01-22 23:00:00,18.2,942.0,51.0,AWS-RAN-101,Khunti,RAN,neighbor,False,
2025-01-23 00:00:00,18.5,941.7,50.0,AWS-RAN-101,Khunti,RAN,neighbor,False,
2025-01-23 01:00:00,18.7,941.3,49.0,AWS-RAN-101,Khunti,RAN,neighbor,False,
2025-01-23 02:00:00,17.8,940.5,52.0,AWS-RAN-101,Khunti,RAN,neighbor,False,
2025-01-23 03:00:00,17.3,940.2,53.0,AWS-RAN-101,Khunti,RAN,neighbor,False,
2025-01-23 04:00:00,17.2,940.2,53.0,AWS-RAN-101,Khunti,RAN,neighbor,False,
2025-01-23 05:00:00,16.9,940.7,55.0,AWS-RAN-101,Khunti,RAN,neighbor,False,
2025-01-23 06:00:00,15.6,941.2,65.0,AWS-RAN-101,Khunti,RAN,neighbor,False,
2025-01-23 07:00:00,16.9,942.3,62.0,AWS-RAN-101,Khunti,RAN,neighbor,False,
2025-01-23 08:00:00,20.3,944.0,49.0,AWS-RAN-101,Khunti,RAN,neighbor,False,
2025-01-23 09:00:00,22.7,944.9,44.0,AWS-RAN-101,Khunti,RAN,neighbor,False,
2025-01-23 10:00:00,24.8,944.8,39.0,AWS-RAN-101,Khunti,RAN,neighbor,False,
2025-01-23 11:00:00,26.6,944.2,33.0,AWS-RAN-101,Khunti,RAN,neighbor,False,
2025-01-23 12:00:00,27.9,943.1,28.0,AWS-RAN-101,Khunti,RAN,neighbor,False,
2025-01-23 13:00:00,28.4,942.2,26.0,AWS-RAN-101,Khunti,RAN,neighbor,False,
2025-01-23 14:00:00,28.4,941.3,26.0,AWS-RAN-101,Khunti,RAN,neighbor,False,
2025-01-23 15:00:00,28.1,940.8,28.0,AWS-RAN-101,Khunti,RAN,neighbor,False,
2025-01-23 16:00:00,27.1,940.6,31.0,AWS-RAN-101,Khunti,RAN,neighbor,False,
2025-01-23 17:00:00,23.9,940.3,39.0,AWS-RAN-101,Khunti,RAN,neighbor,False,
2025-01-23 18:00:00,22.3,940.7,45.0,AWS-RAN-101,Khunti,RAN,neighbor,False,
2025-01-23 19:00:00,21.3,941.8,49.0,AWS-RAN-101,Khunti,RAN,neighbor,False,
2025-01-23 20:00:00,19.9,941.9,54.0,AWS-RAN-101,Khunti,RAN,neighbor,False,
2025-01-23 21:00:00,19.0,941.7,56.0,AWS-RAN-101,Khunti,RAN,neighbor,False,
2025-01-23 22:00:00,18.4,941.8,59.0,AWS-RAN-101,Khunti,RAN,neighbor,False,
2025-01-23 23:00:00,17.4,941.4,64.0,AWS-RAN-101,Khunti,RAN,neighbor,False,
2025-01-24 00:00:00,16.7,940.9,67.0,AWS-RAN-101,Khunti,RAN,neighbor,False,
2025-01-24 01:00:00,16.4,940.2,69.0,AWS-RAN-101,Khunti,RAN,neighbor,False,
2025-01-24 02:00:00,16.4,939.7,70.0,AWS-RAN-101,Khunti,RAN,neighbor,False,
2025-01-24 03:00:00,16.2,939.5,70.0,AWS-RAN-101,Khunti,RAN,neighbor,False,
2025-01-24 04:00:00,15.7,939.5,71.0,AWS-RAN-101,Khunti,RAN,neighbor,False,
2025-01-24 05:00:00,15.3,939.8,72.0,AWS-RAN-101,Khunti,RAN,neighbor,False,
2025-01-24 06:00:00,14.5,940.2,78.0,AWS-RAN-101,Khunti,RAN,neighbor,False,
2025-01-24 07:00:00,16.6,941.5,69.0,AWS-RAN-101,Khunti,RAN,neighbor,False,
2025-01-24 08:00:00,19.7,943.1,59.0,AWS-RAN-101,Khunti,RAN,neighbor,False,
2025-01-24 09:00:00,22.1,943.6,54.0,AWS-RAN-101,Khunti,RAN,neighbor,False,
2025-01-24 10:00:00,24.3,943.7,47.0,AWS-RAN-101,Khunti,RAN,neighbor,False,
2025-01-24 11:00:00,26.1,943.0,40.0,AWS-RAN-101,Khunti,RAN,neighbor,False,
2025-01-24 12:00:00,27.5,941.9,34.0,AWS-RAN-101,Khunti,RAN,neighbor,False,
2025-01-24 13:00:00,28.1,941.2,31.0,AWS-RAN-101,Khunti,RAN,neighbor,False,
2025-01-24 14:00:00,28.1,940.4,30.0,AWS-RAN-101,Khunti,RAN,neighbor,False,
2025-01-24 15:00:00,27.9,939.9,29.0,AWS-RAN-101,Khunti,RAN,neighbor,False,
2025-01-24 16:00:00,27.8,939.7,29.0,AWS-RAN-101,Khunti,RAN,neighbor,False,
2025-01-24 17:00:00,25.2,940.1,36.0,AWS-RAN-101,Khunti,RAN,neighbor,False,
2025-01-24 18:00:00,22.6,941.2,45.0,AWS-RAN-101,Khunti,RAN,neighbor,False,
2025-01-24 19:00:00,21.0,941.8,53.0,AWS-RAN-101,Khunti,RAN,neighbor,False,
2025-01-24 20:00:00,20.4,942.2,57.0,AWS-RAN-101,Khunti,RAN,neighbor,False,
2025-01-24 21:00:00,19.9,942.3,57.0,AWS-RAN-101,Khunti,RAN,neighbor,True,frozen_value
2025-01-24 22:00:00,18.8,942.4,56.99210889485047,AWS-RAN-101,Khunti,RAN,neighbor,True,frozen_value
2025-01-24 23:00:00,17.7,941.6,56.993179093431124,AWS-RAN-101,Khunti,RAN,neighbor,True,frozen_value
2025-01-25 00:00:00,17.2,941.3,56.94963441293174,AWS-RAN-101,Khunti,RAN,neighbor,True,frozen_value
2025-01-25 01:00:00,16.7,940.8,56.97230458599008,AWS-RAN-101,Khunti,RAN,neighbor,True,frozen_value
2025-01-25 02:00:00,16.2,963.9948669178918,56.98638066220425,AWS-RAN-101,Khunti,RAN,neighbor,True,frozen_value
2025-01-25 03:00:00,15.7,940.3,57.03066427697493,AWS-RAN-101,Khunti,RAN,neighbor,True,frozen_value
2025-01-25 04:00:00,15.4,940.4,78.0,AWS-RAN-101,Khunti,RAN,neighbor,False,
2025-01-25 05:00:00,15.0,940.9,81.0,AWS-RAN-101,Khunti,RAN,neighbor,False,
2025-01-25 06:00:00,14.6,941.8,84.0,AWS-RAN-101,Khunti,RAN,neighbor,False,
2025-01-25 07:00:00,15.9,942.9,79.0,AWS-RAN-101,Khunti,RAN,neighbor,False,
2025-01-25 08:00:00,18.8,944.2,66.0,AWS-RAN-101,Khunti,RAN,neighbor,False,
2025-01-25 09:00:00,20.7,944.9,57.0,AWS-RAN-101,Khunti,RAN,neighbor,False,
2025-01-25 10:00:00,22.4,944.7,50.0,AWS-RAN-101,Khunti,RAN,neighbor,False,
2025-01-25 11:00:00,24.0,944.1,44.0,AWS-RAN-101,Khunti,RAN,neighbor,False,
2025-01-25 12:00:00,25.4,942.9,40.0,AWS-RAN-101,Khunti,RAN,neighbor,False,
2025-01-25 13:00:00,26.3,942.0,36.0,AWS-RAN-101,Khunti,RAN,neighbor,False,
2025-01-25 14:00:00,26.3,941.1,36.0,AWS-RAN-101,Khunti,RAN,neighbor,False,
2025-01-25 15:00:00,26.5,940.9,34.0,AWS-RAN-101,Khunti,RAN,neighbor,False,
2025-01-25 16:00:00,25.7,940.8,33.0,AWS-RAN-101,Khunti,RAN,neighbor,False,
2025-01-25 17:00:00,22.6,941.0,38.0,AWS-RAN-101,Khunti,RAN,neighbor,False,
2025-01-25 18:00:00,20.8,941.3,44.0,AWS-RAN-101,Khunti,RAN,neighbor,False,
2025-01-25 19:00:00,18.9,941.7,52.0,AWS-RAN-101,Khunti,RAN,neighbor,False,
2025-01-25 20:00:00,17.3,941.9,57.0,AWS-RAN-101,Khunti,RAN,neighbor,False,
2025-01-25 21:00:00,16.7,942.2,54.0,AWS-RAN-101,Khunti,RAN,neighbor,False,
2025-01-25 22:00:00,15.8,942.3,52.0,AWS-RAN-101,Khunti,RAN,neighbor,False,
2025-01-25 23:00:00,15.3,941.9,50.0,AWS-RAN-101,Khunti,RAN,neighbor,False,
2025-01-26 00:00:00,14.9,941.4,47.0,AWS-RAN-101,Khunti,RAN,neighbor,False,
2025-01-26 01:00:00,14.5,929.1039687284344,45.0,AWS-RAN-101,Khunti,RAN,neighbor,True,spike
2025-01-26 02:00:00,13.9,934.9071032765252,49.0,AWS-RAN-101,Khunti,RAN,neighbor,True,spike
2025-01-26 03:00:00,13.2,937.5756398865883,53.0,AWS-RAN-101,Khunti,RAN,neighbor,True,spike
2025-01-26 04:00:00,12.4,938.8962457975142,56.0,AWS-RAN-101,Khunti,RAN,neighbor,True,spike
2025-01-26 05:00:00,12.0,940.6,57.0,AWS-RAN-101,Khunti,RAN,neighbor,False,
2025-01-26 06:00:00,11.5,941.5,64.0,AWS-RAN-101,Khunti,RAN,neighbor,False,
2025-01-26 07:00:00,13.3,942.7,56.0,AWS-RAN-101,Khunti,RAN,neighbor,False,
2025-01-26 08:00:00,16.7,944.4,44.0,AWS-RAN-101,Khunti,RAN,neighbor,False,
2025-01-26 09:00:00,18.9,945.3,31.0,AWS-RAN-101,Khunti,RAN,neighbor,False,
2025-01-26 10:00:00,20.4,945.1,28.0,AWS-RAN-101,Khunti,RAN,neighbor,False,
2025-01-26 11:00:00,21.7,944.4,25.0,AWS-RAN-101,Khunti,RAN,neighbor,False,
2025-01-26 12:00:00,22.7,943.0,24.0,AWS-RAN-101,Khunti,RAN,neighbor,False,
2025-01-26 13:00:00,23.5,942.0,23.0,AWS-RAN-101,Khunti,RAN,neighbor,False,
2025-01-26 14:00:00,23.9,941.2,21.0,AWS-RAN-101,Khunti,RAN,neighbor,False,
2025-01-26 15:00:00,23.9,940.5,20.0,AWS-RAN-101,Khunti,RAN,neighbor,False,
2025-01-26 16:00:00,23.5,940.2,21.0,AWS-RAN-101,Khunti,RAN,neighbor,False,
2025-01-26 17:00:00,20.4,939.6,28.0,AWS-RAN-101,Khunti,RAN,neighbor,False,
2025-01-26 18:00:00,18.4,939.8,31.0,AWS-RAN-101,Khunti,RAN,neighbor,False,
2025-01-26 19:00:00,16.8,940.3,38.0,AWS-RAN-101,Khunti,RAN,neighbor,False,
2025-01-26 20:00:00,16.1,940.5,43.0,AWS-RAN-101,Khunti,RAN,neighbor,False,
2025-01-26 21:00:00,15.3,940.9,46.0,AWS-RAN-101,Khunti,RAN,neighbor,True,frozen_value
2025-01-26 22:00:00,14.1,940.9229531831168,50.0,AWS-RAN-101,Khunti,RAN,neighbor,True,frozen_value
2025-01-26 23:00:00,13.4,940.9020092111958,52.0,AWS-RAN-101,Khunti,RAN,neighbor,True,frozen_value
2025-01-27 00:00:00,12.8,940.9131346707708,51.0,AWS-RAN-101,Khunti,RAN,neighbor,True,frozen_value
2025-01-27 01:00:00,12.7,940.9501106875697,48.0,AWS-RAN-101,Khunti,RAN,neighbor,True,frozen_value
2025-01-27 02:00:00,12.8,940.9682219994447,48.0,AWS-RAN-101,Khunti,RAN,neighbor,True,frozen_value
2025-01-27 03:00:00,12.8,940.9439151336247,49.0,AWS-RAN-101,Khunti,RAN,neighbor,True,frozen_value
2025-01-27 04:00:00,12.6,940.9124784264772,52.0,AWS-RAN-101,Khunti,RAN,neighbor,True,frozen_value
2025-01-27 05:00:00,12.3,938.6,55.0,AWS-RAN-101,Khunti,RAN,neighbor,False,
2025-01-27 06:00:00,11.6,939.1,60.0,AWS-RAN-101,Khunti,RAN,neighbor,False,
2025-01-27 07:00:00,13.2,940.2,55.0,AWS-RAN-101,Khunti,RAN,neighbor,False,
2025-01-27 08:00:00,16.7,941.8,44.0,AWS-RAN-101,Khunti,RAN,neighbor,False,
2025-01-27 09:00:00,19.5,942.6,32.0,AWS-RAN-101,Khunti,RAN,neighbor,False,
2025-01-27 10:00:00,21.4,942.8,25.0,AWS-RAN-101,Khunti,RAN,neighbor,False,
2025-01-27 11:00:00,22.9,942.1,20.0,AWS-RAN-101,Khunti,RAN,neighbor,False,
2025-01-27 12:00:00,24.0,941.1,17.0,AWS-RAN-101,Khunti,RAN,neighbor,False,
2025-01-27 13:00:00,24.7,940.1,15.0,AWS-RAN-101,Khunti,RAN,neighbor,False,
2025-01-27 14:00:00,24.8,939.3,14.0,AWS-RAN-101,Khunti,RAN,neighbor,False,
2025-01-27 15:00:00,24.3,939.0,15.0,AWS-RAN-101,Khunti,RAN,neighbor,False,
2025-01-27 16:00:00,23.0,938.9,17.0,AWS-RAN-101,Khunti,RAN,neighbor,False,
2025-01-27 17:00:00,19.2,938.5,24.0,AWS-RAN-101,Khunti,RAN,neighbor,False,
2025-01-27 18:00:00,17.9,938.1,27.0,AWS-RAN-101,Khunti,RAN,neighbor,False,
2025-01-27 19:00:00,16.8,938.7,30.0,AWS-RAN-101,Khunti,RAN,neighbor,False,
2025-01-27 20:00:00,15.9,938.8,33.0,AWS-RAN-101,Khunti,RAN,neighbor,False,
2025-01-27 21:00:00,14.3,939.1,39.0,AWS-RAN-101,Khunti,RAN,neighbor,False,
2025-01-27 22:00:00,13.9,939.0,41.0,AWS-RAN-101,Khunti,RAN,neighbor,False,
2025-01-27 23:00:00,14.0,938.6,42.0,AWS-RAN-101,Khunti,RAN,neighbor,False,
2025-01-28 00:00:00,13.5,938.3,44.0,AWS-RAN-101,Khunti,RAN,neighbor,False,
2025-01-28 01:00:00,12.9,937.9,47.0,AWS-RAN-101,Khunti,RAN,neighbor,False,
2025-01-28 02:00:00,11.9,937.4,51.0,AWS-RAN-101,Khunti,RAN,neighbor,False,
2025-01-28 03:00:00,11.0,936.8,55.0,AWS-RAN-101,Khunti,RAN,neighbor,False,
2025-01-28 04:00:00,10.6,936.7,58.0,AWS-RAN-101,Khunti,RAN,neighbor,False,
2025-01-28 05:00:00,10.3,937.2,61.0,AWS-RAN-101,Khunti,RAN,neighbor,False,
2025-01-28 06:00:00,10.5,938.5,65.0,AWS-RAN-101,Khunti,RAN,neighbor,False,
2025-01-28 07:00:00,12.7,940.2,59.0,AWS-RAN-101,Khunti,RAN,neighbor,False,
2025-01-28 08:00:00,16.8,942.1,49.0,AWS-RAN-101,Khunti,RAN,neighbor,False,
2025-01-28 09:00:00,19.8,943.5,36.0,AWS-RAN-101,Khunti,RAN,neighbor,False,
2025-01-28 10:00:00,21.6,943.7,30.0,AWS-RAN-101,Khunti,RAN,neighbor,False,
2025-01-28 11:00:00,23.1,943.0,26.0,AWS-RAN-101,Khunti,RAN,neighbor,False,
2025-01-28 12:00:00,24.2,942.1,23.0,AWS-RAN-101,Khunti,RAN,neighbor,False,
2025-01-28 13:00:00,24.9,941.2,21.0,AWS-RAN-101,Khunti,RAN,neighbor,False,
2025-01-28 14:00:00,25.4,940.6,19.0,AWS-RAN-101,Khunti,RAN,neighbor,False,
2025-01-28 15:00:00,25.4,940.3,17.0,AWS-RAN-101,Khunti,RAN,neighbor,False,
2025-01-28 16:00:00,24.8,940.3,18.0,AWS-RAN-101,Khunti,RAN,neighbor,False,
2025-01-28 17:00:00,20.5,940.1,29.0,AWS-RAN-101,Khunti,RAN,neighbor,False,
2025-01-28 18:00:00,18.7,940.7,38.0,AWS-RAN-101,Khunti,RAN,neighbor,False,
2025-01-28 19:00:00,17.9,941.2,47.0,AWS-RAN-101,Khunti,RAN,neighbor,False,
2025-01-28 20:00:00,17.6,941.9,49.0,AWS-RAN-101,Khunti,RAN,neighbor,False,
2025-01-28 21:00:00,17.2,942.3,50.0,AWS-RAN-101,Khunti,RAN,neighbor,False,
2025-01-28 22:00:00,16.6,942.4,49.0,AWS-RAN-101,Khunti,RAN,neighbor,False,
2025-01-28 23:00:00,15.3,941.9,51.0,AWS-RAN-101,Khunti,RAN,neighbor,False,
2025-01-29 00:00:00,14.8,942.1,52.0,AWS-RAN-101,Khunti,RAN,neighbor,False,
2025-01-29 01:00:00,14.4,941.7,52.0,AWS-RAN-101,Khunti,RAN,neighbor,False,
2025-01-29 02:00:00,13.9,941.2,52.0,AWS-RAN-101,Khunti,RAN,neighbor,False,
2025-01-29 03:00:00,13.6,940.8,53.0,AWS-RAN-101,Khunti,RAN,neighbor,False,
2025-01-29 04:00:00,13.2,940.8,56.0,AWS-RAN-101,Khunti,RAN,neighbor,False,
2025-01-29 05:00:00,12.9,941.3,59.0,AWS-RAN-101,Khunti,RAN,neighbor,False,
2025-01-29 06:00:00,40.87163546447008,941.9,69.0,AWS-RAN-101,Khunti,RAN,neighbor,True,spike
2025-01-29 07:00:00,25.229014786611174,943.4,64.0,AWS-RAN-101,Khunti,RAN,neighbor,True,spike
2025-01-29 08:00:00,21.472091656568313,944.9,57.0,AWS-RAN-101,Khunti,RAN,neighbor,True,spike
2025-01-29 09:00:00,19.6,945.9,53.0,AWS-RAN-101,Khunti,RAN,neighbor,False,
2025-01-29 10:00:00,21.9,946.2,47.0,AWS-RAN-101,Khunti,RAN,neighbor,False,
2025-01-29 11:00:00,23.7,945.6,39.0,AWS-RAN-101,Khunti,RAN,neighbor,False,
2025-01-29 12:00:00,25.2,944.4,33.0,AWS-RAN-101,Khunti,RAN,neighbor,False,
2025-01-29 13:00:00,,943.1,28.0,AWS-RAN-101,Khunti,RAN,neighbor,True,dropout
2025-01-29 14:00:00,26.4,942.1,26.0,AWS-RAN-101,Khunti,RAN,neighbor,False,
2025-01-29 15:00:00,26.1,941.8,26.0,AWS-RAN-101,Khunti,RAN,neighbor,False,
2025-01-29 16:00:00,25.2,941.3,27.0,AWS-RAN-101,Khunti,RAN,neighbor,False,
2025-01-29 17:00:00,22.6,940.9,33.0,AWS-RAN-101,Khunti,RAN,neighbor,False,
2025-01-29 18:00:00,21.2,940.9,47.0,AWS-RAN-101,Khunti,RAN,neighbor,False,
2025-01-29 19:00:00,19.4,941.6,61.0,AWS-RAN-101,Khunti,RAN,neighbor,False,
2025-01-29 20:00:00,18.5,941.9,61.0,AWS-RAN-101,Khunti,RAN,neighbor,False,
2025-01-29 21:00:00,17.8,941.6,59.0,AWS-RAN-101,Khunti,RAN,neighbor,False,
2025-01-29 22:00:00,17.3,941.4,61.0,AWS-RAN-101,Khunti,RAN,neighbor,False,
2025-01-29 23:00:00,17.1,941.0,63.0,AWS-RAN-101,Khunti,RAN,neighbor,False,
2025-01-30 00:00:00,17.0,940.4,65.0,AWS-RAN-101,Khunti,RAN,neighbor,False,
2025-01-30 01:00:00,16.6,939.7,70.0,AWS-RAN-101,Khunti,RAN,neighbor,False,
2025-01-30 02:00:00,16.1,938.8,75.0,AWS-RAN-101,Khunti,RAN,neighbor,False,
2025-01-30 03:00:00,15.7,938.3,78.0,AWS-RAN-101,Khunti,RAN,neighbor,False,
2025-01-30 04:00:00,15.6,938.0,77.0,AWS-RAN-101,Khunti,RAN,neighbor,False,
2025-01-30 05:00:00,15.7,938.1,75.0,AWS-RAN-101,Khunti,RAN,neighbor,False,
2025-01-30 06:00:00,15.1,939.0,77.0,AWS-RAN-101,Khunti,RAN,neighbor,False,
2025-01-30 07:00:00,16.5,940.4,72.0,AWS-RAN-101,Khunti,RAN,neighbor,False,
2025-01-30 08:00:00,19.3,941.6,63.0,AWS-RAN-101,Khunti,RAN,neighbor,False,
2025-01-30 09:00:00,22.3,942.4,55.0,AWS-RAN-101,Khunti,RAN,neighbor,False,
2025-01-30 10:00:00,24.9,942.5,48.0,AWS-RAN-101,Khunti,RAN,neighbor,False,
2025-01-30 11:00:00,26.8,942.1,43.0,AWS-RAN-101,Khunti,RAN,neighbor,False,
2025-01-30 12:00:00,28.0,941.0,39.0,AWS-RAN-101,Khunti,RAN,neighbor,False,
2025-01-30 13:00:00,28.7,939.6,38.0,AWS-RAN-101,Khunti,RAN,neighbor,False,
2025-01-30 14:00:00,29.4,938.7,35.0,AWS-RAN-101,Khunti,RAN,neighbor,False,
2025-01-30 15:00:00,29.8,938.0,32.0,AWS-RAN-101,Khunti,RAN,neighbor,False,
2025-01-30 16:00:00,28.1,938.0,36.0,AWS-RAN-101,Khunti,RAN,neighbor,False,
2025-01-30 17:00:00,24.7,938.3,53.0,AWS-RAN-101,Khunti,RAN,neighbor,False,
2025-01-30 18:00:00,22.9,938.3,59.0,AWS-RAN-101,Khunti,RAN,neighbor,False,
2025-01-30 19:00:00,21.7,938.9,56.0,AWS-RAN-101,Khunti,RAN,neighbor,False,
2025-01-30 20:00:00,20.5,939.1,57.0,AWS-RAN-101,Khunti,RAN,neighbor,False,
2025-01-30 21:00:00,19.3,939.1,59.0,AWS-RAN-101,Khunti,RAN,neighbor,False,
2025-01-30 22:00:00,18.2,938.8,60.0,AWS-RAN-101,Khunti,RAN,neighbor,False,
2025-01-30 23:00:00,17.6,938.3,60.0,AWS-RAN-101,Khunti,RAN,neighbor,False,
2025-01-31 00:00:00,17.2,937.7,60.0,AWS-RAN-101,Khunti,RAN,neighbor,False,
2025-01-31 01:00:00,17.1,937.3,60.0,AWS-RAN-101,Khunti,RAN,neighbor,False,
2025-01-31 02:00:00,16.7,936.9,62.0,AWS-RAN-101,Khunti,RAN,neighbor,False,
2025-01-31 03:00:00,16.9,936.9,62.0,AWS-RAN-101,Khunti,RAN,neighbor,False,
2025-01-31 04:00:00,18.5,937.6,58.0,AWS-RAN-101,Khunti,RAN,neighbor,False,
2025-01-31 05:00:00,19.2,938.1,56.0,AWS-RAN-101,Khunti,RAN,neighbor,False,
2025-01-31 06:00:00,18.0,938.7,65.0,AWS-RAN-101,Khunti,RAN,neighbor,False,
2025-01-31 07:00:00,19.7,940.4,61.0,AWS-RAN-101,Khunti,RAN,neighbor,False,
2025-01-31 08:00:00,21.8,942.0,54.0,AWS-RAN-101,Khunti,RAN,neighbor,False,
2025-01-31 09:00:00,23.6,943.0,53.0,AWS-RAN-101,Khunti,RAN,neighbor,False,
2025-01-31 10:00:00,25.3,943.1,52.0,AWS-RAN-101,Khunti,RAN,neighbor,False,
2025-01-31 11:00:00,27.0,942.3,44.0,AWS-RAN-101,Khunti,RAN,neighbor,False,
2025-01-31 12:00:00,28.3,941.6,33.0,AWS-RAN-101,Khunti,RAN,neighbor,False,
2025-01-31 13:00:00,28.6,940.7,29.0,AWS-RAN-101,Khunti,RAN,neighbor,False,
2025-01-31 14:00:00,29.0,940.0,26.0,AWS-RAN-101,Khunti,RAN,neighbor,False,
2025-01-31 15:00:00,29.1,939.5,22.0,AWS-RAN-101,Khunti,RAN,neighbor,False,
2025-01-31 16:00:00,29.1,939.3,18.0,AWS-RAN-101,Khunti,RAN,neighbor,False,
2025-01-31 17:00:00,24.9,939.2,26.0,AWS-RAN-101,Khunti,RAN,neighbor,False,
2025-01-31 18:00:00,22.3,939.7,32.0,AWS-RAN-101,Khunti,RAN,neighbor,False,
2025-01-31 19:00:00,20.7,939.9,42.0,AWS-RAN-101,Khunti,RAN,neighbor,False,
2025-01-31 20:00:00,20.1,940.6,49.0,AWS-RAN-101,Khunti,RAN,neighbor,False,
2025-01-31 21:00:00,18.7,940.9,53.0,AWS-RAN-101,Khunti,RAN,neighbor,False,
2025-01-31 22:00:00,17.7,940.5,52.0,AWS-RAN-101,Khunti,RAN,neighbor,False,
2025-01-31 23:00:00,17.3,940.0,52.0,AWS-RAN-101,Khunti,RAN,neighbor,False,
2025-02-01 00:00:00,17.3,939.8,51.0,AWS-RAN-101,Khunti,RAN,neighbor,False,
2025-02-01 01:00:00,17.3,939.4,50.0,AWS-RAN-101,Khunti,RAN,neighbor,False,
2025-02-01 02:00:00,17.2,938.7,50.0,AWS-RAN-101,Khunti,RAN,neighbor,False,
2025-02-01 03:00:00,17.0,938.5,52.0,AWS-RAN-101,Khunti,RAN,neighbor,False,
2025-02-01 04:00:00,16.5,938.5,57.0,AWS-RAN-101,Khunti,RAN,neighbor,False,
2025-02-01 05:00:00,15.9,938.8,64.0,AWS-RAN-101,Khunti,RAN,neighbor,False,
2025-02-01 06:00:00,15.5,939.4,74.0,AWS-RAN-101,Khunti,RAN,neighbor,False,
2025-02-01 07:00:00,17.4,941.0,70.0,AWS-RAN-101,Khunti,RAN,neighbor,False,
2025-02-01 08:00:00,20.6,942.8,60.0,AWS-RAN-101,Khunti,RAN,neighbor,False,
2025-02-01 09:00:00,22.9,944.2,52.0,AWS-RAN-101,Khunti,RAN,neighbor,False,
2025-02-01 10:00:00,24.6,944.3,49.0,AWS-RAN-101,Khunti,RAN,neighbor,False,
2025-02-01 11:00:00,26.3,943.6,46.0,AWS-RAN-101,Khunti,RAN,neighbor,False,
2025-02-01 12:00:00,27.9,942.5,42.0,AWS-RAN-101,Khunti,RAN,neighbor,True,frozen_value
2025-02-01 13:00:00,27.976856734502622,941.7,37.0,AWS-RAN-101,Khunti,RAN,neighbor,True,frozen_value
2025-02-01 14:00:00,28.002609455941624,941.0,34.0,AWS-RAN-101,Khunti,RAN,neighbor,True,frozen_value
2025-02-01 15:00:00,28.02574772145325,940.6,33.0,AWS-RAN-101,Khunti,RAN,neighbor,True,frozen_value
2025-02-01 16:00:00,27.993194463101513,940.6,35.0,AWS-RAN-101,Khunti,RAN,neighbor,True,frozen_value
2025-02-01 17:00:00,28.059155772880764,940.5,45.0,AWS-RAN-101,Khunti,RAN,neighbor,True,frozen_value
2025-02-01 18:00:00,28.06889571548824,940.9,50.0,AWS-RAN-101,Khunti,RAN,neighbor,True,frozen_value
2025-02-01 19:00:00,28.085178887878357,941.5,47.0,AWS-RAN-101,Khunti,RAN,neighbor,True,frozen_value
2025-02-01 20:00:00,28.10524833420689,941.6,51.0,AWS-RAN-101,Khunti,RAN,neighbor,True,frozen_value
2025-02-01 21:00:00,20.5,941.7,56.0,AWS-RAN-101,Khunti,RAN,neighbor,False,
2025-02-01 22:00:00,19.7,941.7,59.0,AWS-RAN-101,Khunti,RAN,neighbor,False,
2025-02-01 23:00:00,19.0,941.2,62.0,AWS-RAN-101,Khunti,RAN,neighbor,False,
2025-02-02 00:00:00,18.6,940.7,64.0,AWS-RAN-101,Khunti,RAN,neighbor,False,
2025-02-02 01:00:00,18.6,940.3,66.0,AWS-RAN-101,Khunti,RAN,neighbor,False,
2025-02-02 02:00:00,18.7,939.7,67.0,AWS-RAN-101,Khunti,RAN,neighbor,False,
2025-02-02 03:00:00,18.8,939.3,68.0,AWS-RAN-101,Khunti,RAN,neighbor,False,
2025-02-02 04:00:00,18.9,939.1,69.0,AWS-RAN-101,Khunti,RAN,neighbor,False,
2025-02-02 05:00:00,19.2,939.9,68.0,AWS-RAN-101,Khunti,RAN,neighbor,False,
2025-02-02 06:00:00,18.9,940.9,74.0,AWS-RAN-101,Khunti,RAN,neighbor,False,
2025-02-02 07:00:00,20.3,942.3,70.0,AWS-RAN-101,Khunti,RAN,neighbor,False,
2025-02-02 08:00:00,897.2896982232642,942.1744684029351,100.0,AWS-RAN-101,Khunti,RAN,neighbor,True,multivariate_inconsistency
2025-02-02 09:00:00,899.1896982232643,946.1097711722307,100.0,AWS-RAN-101,Khunti,RAN,neighbor,True,multivariate_inconsistency
2025-02-02 10:00:00,900.7896982232642,945.5174195191577,100.0,AWS-RAN-101,Khunti,RAN,neighbor,True,multivariate_inconsistency
2025-02-02 11:00:00,902.4896982232642,944.4486827440949,100.0,AWS-RAN-101,Khunti,RAN,neighbor,True,multivariate_inconsistency
2025-02-02 12:00:00,903.8896982232642,937.9748609722152,100.0,AWS-RAN-101,Khunti,RAN,neighbor,True,multivariate_inconsistency
2025-02-02 13:00:00,29.7,941.7,36.0,AWS-RAN-101,Khunti,RAN,neighbor,False,
2025-02-02 14:00:00,29.8,941.0,34.0,AWS-RAN-101,Khunti,RAN,neighbor,False,
2025-02-02 15:00:00,29.4,940.5,33.0,AWS-RAN-101,Khunti,RAN,neighbor,False,
2025-02-02 16:00:00,28.4,940.4,35.0,AWS-RAN-101,Khunti,RAN,neighbor,False,
2025-02-02 17:00:00,25.5,940.4,42.0,AWS-RAN-101,Khunti,RAN,neighbor,False,
2025-02-02 18:00:00,23.7,940.6,47.0,AWS-RAN-101,Khunti,RAN,neighbor,False,
2025-02-02 19:00:00,22.6,941.2,51.0,AWS-RAN-101,Khunti,RAN,neighbor,False,
2025-02-02 20:00:00,21.8,941.7,53.0,AWS-RAN-101,Khunti,RAN,neighbor,False,
2025-02-02 21:00:00,21.2,941.7,54.0,AWS-RAN-101,Khunti,RAN,neighbor,False,
2025-02-02 22:00:00,20.8,941.6,56.0,AWS-RAN-101,Khunti,RAN,neighbor,False,
2025-02-02 23:00:00,20.3,941.1,58.0,AWS-RAN-101,Khunti,RAN,neighbor,False,
2025-02-03 00:00:00,19.0,940.6,63.0,AWS-RAN-101,Khunti,RAN,neighbor,False,
2025-02-03 01:00:00,18.0,940.2,68.0,AWS-RAN-101,Khunti,RAN,neighbor,False,
2025-02-03 02:00:00,17.5,939.8,70.0,AWS-RAN-101,Khunti,RAN,neighbor,False,
2025-02-03 03:00:00,16.8,939.7,74.0,AWS-RAN-101,Khunti,RAN,neighbor,False,
2025-02-03 04:00:00,16.1,939.5,77.0,AWS-RAN-101,Khunti,RAN,neighbor,True,drift
2025-02-03 05:00:00,65.17628100546587,939.9,78.0,AWS-RAN-101,Khunti,RAN,neighbor,True,drift
2025-02-03 06:00:00,114.45256201093174,940.9,80.0,AWS-RAN-101,Khunti,RAN,neighbor,True,drift
2025-02-03 07:00:00,166.1288430163976,942.1,70.0,AWS-RAN-101,Khunti,RAN,neighbor,True,drift
2025-02-03 08:00:00,218.8051240218635,943.7,57.0,AWS-RAN-101,Khunti,RAN,neighbor,True,drift
2025-02-03 09:00:00,270.3814050273294,944.9,48.0,AWS-RAN-101,Khunti,RAN,neighbor,True,drift
2025-02-03 10:00:00,321.35768603279524,945.1,42.0,AWS-RAN-101,Khunti,RAN,neighbor,True,drift
2025-02-03 11:00:00,372.1339670382611,944.2,38.0,AWS-RAN-101,Khunti,RAN,neighbor,True,drift
2025-02-03 12:00:00,422.810248043727,943.1,35.0,AWS-RAN-101,Khunti,RAN,neighbor,True,drift
2025-02-03 13:00:00,473.1865290491928,942.1,31.0,AWS-RAN-101,Khunti,RAN,neighbor,True,drift
2025-02-03 14:00:00,522.4628100546587,941.4,31.0,AWS-RAN-101,Khunti,RAN,neighbor,True,drift
2025-02-03 15:00:00,571.3390910601247,941.4,33.0,AWS-RAN-101,Khunti,RAN,neighbor,True,drift
2025-02-03 16:00:00,619.7153720655905,941.3,34.0,AWS-RAN-101,Khunti,RAN,neighbor,True,drift
2025-02-03 17:00:00,666.0916530710564,941.5,42.0,AWS-RAN-101,Khunti,RAN,neighbor,True,drift
2025-02-03 18:00:00,713.0679340765222,942.0,48.0,AWS-RAN-101,Khunti,RAN,neighbor,True,drift
2025-02-03 19:00:00,761.1442150819881,942.6,52.0,AWS-RAN-101,Khunti,RAN,neighbor,True,drift
2025-02-03 20:00:00,809.720496087454,943.2,53.0,AWS-RAN-101,Khunti,RAN,neighbor,True,drift
2025-02-03 21:00:00,859.0967770929199,943.5,51.0,AWS-RAN-101,Khunti,RAN,neighbor,True,drift
2025-02-03 22:00:00,908.1730580983856,943.3,52.0,AWS-RAN-101,Khunti,RAN,neighbor,True,drift
2025-02-03 23:00:00,956.5493391038516,943.0,56.0,AWS-RAN-101,Khunti,RAN,neighbor,True,drift
2025-02-04 00:00:00,1004.7256201093174,943.0519326872416,62.0,AWS-RAN-101,Khunti,RAN,neighbor,True,drift
2025-02-04 01:00:00,1053.501901114783,943.7302305363925,66.0,AWS-RAN-101,Khunti,RAN,neighbor,True,drift
2025-02-04 02:00:00,1102.4781821202494,944.896230183034,69.0,AWS-RAN-101,Khunti,RAN,neighbor,True,drift
2025-02-04 03:00:00,1151.654463125715,947.3302346406051,70.0,AWS-RAN-101,Khunti,RAN,neighbor,True,drift
2025-02-04 04:00:00,1200.6307441311808,950.6187953195454,72.0,AWS-RAN-101,Khunti,RAN,neighbor,True,drift
2025-02-04 05:00:00,1249.7070251366467,955.3517072820941,74.0,AWS-RAN-101,Khunti,RAN,neighbor,True,drift
2025-02-04 06:00:00,1298.8833061421126,961.2207601579088,75.0,AWS-RAN-101,Khunti,RAN,neighbor,True,drift
2025-02-04 07:00:00,1350.5595871475787,968.4190947102353,67.0,AWS-RAN-101,Khunti,RAN,neighbor,True,drift
2025-02-04 08:00:00,1403.9358681530446,976.5408271792968,52.0,AWS-RAN-101,Khunti,RAN,neighbor,True,drift
2025-02-04 09:00:00,1455.71214915851,984.480810791347,45.0,AWS-RAN-101,Khunti,RAN,neighbor,True,drift
2025-02-04 10:00:00,1506.9884301639763,992.5344749020096,39.0,AWS-RAN-101,Khunti,RAN,neighbor,True,drift
2025-02-04 11:00:00,1557.864711169442,1000.2977113994829,36.0,AWS-RAN-101,Khunti,RAN,neighbor,True,drift
2025-02-04 12:00:00,1608.440992174908,1008.5667915276999,35.0,AWS-RAN-101,Khunti,RAN,neighbor,True,drift
2025-02-04 13:00:00,1658.9172731803737,1017.5383031754182,32.0,AWS-RAN-101,Khunti,RAN,neighbor,True,drift
2025-02-04 14:00:00,1708.6935541858397,1027.6091024389068,31.0,AWS-RAN-101,Khunti,RAN,neighbor,True,drift
2025-02-04 15:00:00,28.6,1038.7762754415503,33.0,AWS-RAN-101,Khunti,RAN,neighbor,True,drift
2025-02-04 16:00:00,27.4,1050.8371077124305,34.0,AWS-RAN-101,Khunti,RAN,neighbor,True,drift
2025-02-04 17:00:00,24.6,1063.4890592573183,40.0,AWS-RAN-101,Khunti,RAN,neighbor,True,drift
2025-02-04 18:00:00,23.0,1076.9297439974475,44.0,AWS-RAN-101,Khunti,RAN,neighbor,True,drift
2025-02-04 19:00:00,22.4,1091.556912615033,45.0,AWS-RAN-101,Khunti,RAN,neighbor,True,drift
2025-02-04 20:00:00,21.5,1100.0,49.0,AWS-RAN-101,Khunti,RAN,neighbor,True,drift
2025-02-04 21:00:00,21.5,1100.0,49.0,AWS-RAN-101,Khunti,RAN,neighbor,True,drift
2025-02-04 22:00:00,20.8,1100.0,51.0,AWS-RAN-101,Khunti,RAN,neighbor,True,drift
2025-02-04 23:00:00,19.1,1100.0,58.0,AWS-RAN-101,Khunti,RAN,neighbor,True,drift
2025-02-05 00:00:00,17.9,1100.0,64.0,AWS-RAN-101,Khunti,RAN,neighbor,True,drift
2025-02-05 01:00:00,17.4,1100.0,67.0,AWS-RAN-101,Khunti,RAN,neighbor,True,drift
2025-02-05 02:00:00,16.9,1100.0,68.0,AWS-RAN-101,Khunti,RAN,neighbor,True,drift
2025-02-05 03:00:00,16.8,1100.0,67.0,AWS-RAN-101,Khunti,RAN,neighbor,True,drift
2025-02-05 04:00:00,16.9,1100.0,65.0,AWS-RAN-101,Khunti,RAN,neighbor,True,drift
2025-02-05 05:00:00,17.3,1100.0,63.0,AWS-RAN-101,Khunti,RAN,neighbor,True,drift
2025-02-05 06:00:00,16.8,1100.0,67.0,AWS-RAN-101,Khunti,RAN,neighbor,True,drift
2025-02-05 07:00:00,18.9,1100.0,61.0,AWS-RAN-101,Khunti,RAN,neighbor,True,drift
2025-02-05 08:00:00,22.9,1100.0,50.0,AWS-RAN-101,Khunti,RAN,neighbor,True,drift
2025-02-05 09:00:00,25.7,1100.0,42.0,AWS-RAN-101,Khunti,RAN,neighbor,True,drift
2025-02-05 10:00:00,27.8,1100.0,37.0,AWS-RAN-101,Khunti,RAN,neighbor,True,drift
2025-02-05 11:00:00,29.1,1100.0,34.0,AWS-RAN-101,Khunti,RAN,neighbor,True,drift
2025-02-05 12:00:00,30.0,942.0,33.0,AWS-RAN-101,Khunti,RAN,neighbor,False,
2025-02-05 13:00:00,30.5,940.9,31.0,AWS-RAN-101,Khunti,RAN,neighbor,False,
2025-02-05 14:00:00,30.6,939.9,29.0,AWS-RAN-101,Khunti,RAN,neighbor,False,
2025-02-05 15:00:00,30.6,939.4,28.0,AWS-RAN-101,Khunti,RAN,neighbor,False,
2025-02-05 16:00:00,29.4,939.3,30.0,AWS-RAN-101,Khunti,RAN,neighbor,False,
2025-02-05 17:00:00,26.6,939.6,38.0,AWS-RAN-101,Khunti,RAN,neighbor,False,
2025-02-05 18:00:00,24.1,939.9,44.0,AWS-RAN-101,Khunti,RAN,neighbor,False,
2025-02-05 19:00:00,23.2,940.4,48.0,AWS-RAN-101,Khunti,RAN,neighbor,False,
2025-02-05 20:00:00,22.8,941.2,50.0,AWS-RAN-101,Khunti,RAN,neighbor,False,
2025-02-05 21:00:00,22.4,941.5,53.0,AWS-RAN-101,Khunti,RAN,neighbor,False,
2025-02-05 22:00:00,21.1,941.3,59.0,AWS-RAN-101,Khunti,RAN,neighbor,False,
2025-02-05 23:00:00,20.2,941.2,63.0,AWS-RAN-101,Khunti,RAN,neighbor,False,
2025-02-06 00:00:00,850.0050021252198,940.4182166365451,100.0,AWS-RAN-101,Khunti,RAN,neighbor,True,multivariate_inconsistency
2025-02-06 01:00:00,849.9050021252198,939.6417671230081,100.0,AWS-RAN-101,Khunti,RAN,neighbor,True,multivariate_inconsistency
2025-02-06 02:00:00,849.7050021252197,943.5426892434385,100.0,AWS-RAN-101,Khunti,RAN,neighbor,True,multivariate_inconsistency
2025-02-06 03:00:00,849.2050021252197,940.5423974956683,100.0,AWS-RAN-101,Khunti,RAN,neighbor,True,multivariate_inconsistency
2025-02-06 04:00:00,18.4,939.9,69.0,AWS-RAN-101,Khunti,RAN,neighbor,False,
2025-02-06 05:00:00,18.2,940.5,70.0,AWS-RAN-101,Khunti,RAN,neighbor,False,
2025-02-06 06:00:00,17.4,941.4,76.0,AWS-RAN-101,Khunti,RAN,neighbor,False,
2025-02-06 07:00:00,18.4,942.3,73.0,AWS-RAN-101,Khunti,RAN,neighbor,False,
2025-02-06 08:00:00,20.4,943.3,66.0,AWS-RAN-101,Khunti,RAN,neighbor,False,
2025-02-06 09:00:00,22.6,944.1,57.0,AWS-RAN-101,Khunti,RAN,neighbor,False,
2025-02-06 10:00:00,24.8,944.1,48.0,AWS-RAN-101,Khunti,RAN,neighbor,False,
2025-02-06 11:00:00,26.5,943.9,41.0,AWS-RAN-101,Khunti,RAN,neighbor,False,
2025-02-06 12:00:00,27.6,943.0,37.0,AWS-RAN-101,Khunti,RAN,neighbor,False,
2025-02-06 13:00:00,28.0,942.1,34.0,AWS-RAN-101,Khunti,RAN,neighbor,False,
2025-02-06 14:00:00,27.9,941.3,33.0,AWS-RAN-101,Khunti,RAN,neighbor,False,
2025-02-06 15:00:00,27.6,940.9,32.0,AWS-RAN-101,Khunti,RAN,neighbor,False,
2025-02-06 16:00:00,26.6,940.7,32.0,AWS-RAN-101,Khunti,RAN,neighbor,False,
2025-02-06 17:00:00,23.8,940.8,35.0,AWS-RAN-101,Khunti,RAN,neighbor,False,
2025-02-06 18:00:00,21.6,941.2,40.0,AWS-RAN-101,Khunti,RAN,neighbor,False,
2025-02-06 19:00:00,20.1,941.7,38.0,AWS-RAN-101,Khunti,RAN,neighbor,False,
2025-02-06 20:00:00,19.6,942.2,31.0,AWS-RAN-101,Khunti,RAN,neighbor,False,
2025-02-06 21:00:00,19.0,942.2,29.0,AWS-RAN-101,Khunti,RAN,neighbor,False,
2025-02-06 22:00:00,18.2,942.3,28.0,AWS-RAN-101,Khunti,RAN,neighbor,False,
2025-02-06 23:00:00,17.3,942.1,27.0,AWS-RAN-101,Khunti,RAN,neighbor,False,
2025-02-07 00:00:00,16.5,941.4,27.0,AWS-RAN-101,Khunti,RAN,neighbor,False,
2025-02-07 01:00:00,15.7,940.9,29.0,AWS-RAN-101,Khunti,RAN,neighbor,False,
2025-02-07 02:00:00,15.1,940.3,30.0,AWS-RAN-101,Khunti,RAN,neighbor,False,
2025-02-07 03:00:00,14.6,940.1,32.0,AWS-RAN-101,Khunti,RAN,neighbor,False,
2025-02-07 04:00:00,14.3,940.1,35.0,AWS-RAN-101,Khunti,RAN,neighbor,False,
2025-02-07 05:00:00,14.0,940.6,39.0,AWS-RAN-101,Khunti,RAN,neighbor,False,
2025-02-07 06:00:00,13.3,941.5,46.0,AWS-RAN-101,Khunti,RAN,neighbor,False,
2025-02-07 07:00:00,14.5,942.6,45.0,AWS-RAN-101,Khunti,RAN,neighbor,False,
2025-02-07 08:00:00,17.4,944.1,39.0,AWS-RAN-101,Khunti,RAN,neighbor,False,
2025-02-07 09:00:00,20.4,945.3,0.03852722442830803,AWS-RAN-101,Khunti,RAN,neighbor,True,sensor_fail_low
2025-02-07 10:00:00,50.17594551528514,945.6,-0.022488857197730885,AWS-RAN-101,Khunti,RAN,neighbor,True,sensor_fail_low
2025-02-07 11:00:00,30.613860187833822,945.1,-0.09441444681594242,AWS-RAN-101,Khunti,RAN,neighbor,True,sensor_fail_low
2025-02-07 12:00:00,27.655429284417828,944.1,-0.006018915935410453,AWS-RAN-101,Khunti,RAN,neighbor,True,sensor_fail_low
2025-02-07 13:00:00,27.3,943.4,16.0,AWS-RAN-101,Khunti,RAN,neighbor,False,
2025-02-07 14:00:00,27.4,942.4,16.0,AWS-RAN-101,Khunti,RAN,neighbor,False,
2025-02-07 15:00:00,27.4,942.0,16.0,AWS-RAN-101,Khunti,RAN,neighbor,False,
2025-02-07 16:00:00,26.4,941.8,17.0,AWS-RAN-101,Khunti,RAN,neighbor,False,
2025-02-07 17:00:00,23.3,941.3,21.0,AWS-RAN-101,Khunti,RAN,neighbor,False,
2025-02-07 18:00:00,21.2,941.7,25.0,AWS-RAN-101,Khunti,RAN,neighbor,False,
2025-02-07 19:00:00,19.5,942.4,31.0,AWS-RAN-101,Khunti,RAN,neighbor,False,
2025-02-07 20:00:00,19.0,942.8,33.0,AWS-RAN-101,Khunti,RAN,neighbor,False,
2025-02-07 21:00:00,18.1,943.0,33.0,AWS-RAN-101,Khunti,RAN,neighbor,False,
2025-02-07 22:00:00,17.5,943.0,32.0,AWS-RAN-101,Khunti,RAN,neighbor,True,frozen_value
2025-02-07 23:00:00,17.3,942.9734193491072,30.0,AWS-RAN-101,Khunti,RAN,neighbor,True,frozen_value
2025-02-08 00:00:00,16.8,942.9939493364585,30.0,AWS-RAN-101,Khunti,RAN,neighbor,True,frozen_value
2025-02-08 01:00:00,16.2,943.0491323143361,32.0,AWS-RAN-101,Khunti,RAN,neighbor,True,frozen_value
2025-02-08 02:00:00,15.2,943.0653799924287,34.0,AWS-RAN-101,Khunti,RAN,neighbor,True,frozen_value
2025-02-08 03:00:00,14.6,943.091314819924,35.0,AWS-RAN-101,Khunti,RAN,neighbor,True,frozen_value
2025-02-08 04:00:00,14.1,943.1189720687156,38.0,AWS-RAN-101,Khunti,RAN,neighbor,True,frozen_value
2025-02-08 05:00:00,13.8,943.0649815767665,43.0,AWS-RAN-101,Khunti,RAN,neighbor,True,frozen_value
2025-02-08 06:00:00,13.2,943.0496286090512,47.0,AWS-RAN-101,Khunti,RAN,neighbor,True,frozen_value
2025-02-08 07:00:00,14.8,943.1,42.0,AWS-RAN-101,Khunti,RAN,neighbor,False,
2025-02-08 08:00:00,17.9,944.4,35.0,AWS-RAN-101,Khunti,RAN,neighbor,False,
2025-02-08 09:00:00,21.0,945.5,24.0,AWS-RAN-101,Khunti,RAN,neighbor,False,
2025-02-08 10:00:00,23.2,945.6,18.0,AWS-RAN-101,Khunti,RAN,neighbor,False,
2025-02-08 11:00:00,24.9,945.1,13.0,AWS-RAN-101,Khunti,RAN,neighbor,False,
2025-02-08 12:00:00,26.0,944.2,11.0,AWS-RAN-101,Khunti,RAN,neighbor,False,
2025-02-08 13:00:00,26.6,943.1,11.0,AWS-RAN-101,Khunti,RAN,neighbor,False,
2025-02-08 14:00:00,26.5,942.1,13.0,AWS-RAN-101,Khunti,RAN,neighbor,False,
2025-02-08 15:00:00,26.2,941.8,14.0,AWS-RAN-101,Khunti,RAN,neighbor,False,
2025-02-08 16:00:00,25.2,941.6,15.0,AWS-RAN-101,Khunti,RAN,neighbor,False,
2025-02-08 17:00:00,21.5,941.3,22.0,AWS-RAN-101,Khunti,RAN,neighbor,False,
2025-02-08 18:00:00,19.7,941.7,23.0,AWS-RAN-101,Khunti,RAN,neighbor,False,
2025-02-08 19:00:00,-12.88263769896485,942.3,27.0,AWS-RAN-101,Khunti,RAN,neighbor,True,spike
2025-02-08 20:00:00,1.6438200988684386,942.7,29.0,AWS-RAN-101,Khunti,RAN,neighbor,True,spike
2025-02-08 21:00:00,9.035264435931435,942.9,29.0,AWS-RAN-101,Khunti,RAN,neighbor,True,spike
2025-02-08 22:00:00,12.772153172223856,943.1,28.0,AWS-RAN-101,Khunti,RAN,neighbor,True,spike
2025-02-08 23:00:00,16.6,942.7,30.0,AWS-RAN-101,Khunti,RAN,neighbor,False,
2025-02-09 00:00:00,16.2,942.1,31.0,AWS-RAN-101,Khunti,RAN,neighbor,False,
2025-02-09 01:00:00,15.6,941.4,33.0,AWS-RAN-101,Khunti,RAN,neighbor,False,
2025-02-09 02:00:00,14.7,940.7,35.0,AWS-RAN-101,Khunti,RAN,neighbor,True,drift
2025-02-09 03:00:00,14.1,931.7078567302967,37.0,AWS-RAN-101,Khunti,RAN,neighbor,True,drift
2025-02-09 04:00:00,13.6,923.2157134605934,38.0,AWS-RAN-101,Khunti,RAN,neighbor,True,drift
2025-02-09 05:00:00,13.2,915.12357019089,39.0,AWS-RAN-101,Khunti,RAN,neighbor,True,drift
2025-02-09 06:00:00,13.0,907.4314269211866,46.0,AWS-RAN-101,Khunti,RAN,neighbor,True,drift
2025-02-09 07:00:00,15.4,900.1392836514833,41.0,AWS-RAN-101,Khunti,RAN,neighbor,True,drift
2025-02-09 08:00:00,-26.45451041753305,893.2471403817799,33.0,AWS-RAN-101,Khunti,RAN,neighbor,True,drift
2025-02-09 09:00:00,21.8,885.5549971120765,25.0,AWS-RAN-101,Khunti,RAN,neighbor,True,drift
2025-02-09 10:00:00,23.7,876.9628538423732,22.0,AWS-RAN-101,Khunti,RAN,neighbor,True,drift
2025-02-09 11:00:00,25.4,867.8707105726699,19.0,AWS-RAN-101,Khunti,RAN,neighbor,True,drift
2025-02-09 12:00:00,26.7,858.2785673029665,17.0,AWS-RAN-101,Khunti,RAN,neighbor,True,drift
2025-02-09 13:00:00,27.4,848.7864240332632,17.0,AWS-RAN-101,Khunti,RAN,neighbor,True,drift
2025-02-09 14:00:00,27.7,839.5942807635598,16.0,AWS-RAN-101,Khunti,RAN,neighbor,True,drift
2025-02-09 15:00:00,27.3,830.7021374938565,16.0,AWS-RAN-101,Khunti,RAN,neighbor,True,drift
2025-02-09 16:00:00,26.0,822.409994224153,19.0,AWS-RAN-101,Khunti,RAN,neighbor,True,drift
2025-02-09 17:00:00,22.2,813.5178509544497,,AWS-RAN-101,Khunti,RAN,neighbor,True,dropout
2025-02-09 18:00:00,20.6,804.9257076847464,29.0,AWS-RAN-101,Khunti,RAN,neighbor,True,drift
2025-02-09 19:00:00,19.2,800.0,31.0,AWS-RAN-101,Khunti,RAN,neighbor,True,drift
2025-02-09 20:00:00,17.9,800.0,35.0,AWS-RAN-101,Khunti,RAN,neighbor,True,drift
2025-02-09 21:00:00,16.7,800.0,40.0,AWS-RAN-101,Khunti,RAN,neighbor,True,drift
2025-02-09 22:00:00,16.1,800.0,42.0,AWS-RAN-101,Khunti,RAN,neighbor,True,drift
2025-02-09 23:00:00,15.7,800.0,43.0,AWS-RAN-101,Khunti,RAN,neighbor,True,drift
2025-02-10 00:00:00,15.5,800.0,44.0,AWS-RAN-101,Khunti,RAN,neighbor,True,drift
2025-02-10 01:00:00,15.4,800.0,44.0,AWS-RAN-101,Khunti,RAN,neighbor,True,drift
2025-02-10 02:00:00,15.1,800.0,45.0,AWS-RAN-101,Khunti,RAN,neighbor,True,drift
2025-02-10 03:00:00,14.8,800.0,45.0,AWS-RAN-101,Khunti,RAN,neighbor,True,drift
2025-02-10 04:00:00,14.9,800.0,44.0,AWS-RAN-101,Khunti,RAN,neighbor,True,drift
2025-02-10 05:00:00,15.9,800.0,41.0,AWS-RAN-101,Khunti,RAN,neighbor,True,drift
2025-02-10 06:00:00,14.5,800.0,47.0,AWS-RAN-101,Khunti,RAN,neighbor,True,drift
2025-02-10 07:00:00,17.0,800.0,46.0,AWS-RAN-101,Khunti,RAN,neighbor,True,drift
2025-02-10 08:00:00,21.8,800.0,34.0,AWS-RAN-101,Khunti,RAN,neighbor,True,drift
2025-02-10 09:00:00,23.7,800.0,29.0,AWS-RAN-101,Khunti,RAN,neighbor,True,drift
2025-02-10 10:00:00,25.3,800.0,26.0,AWS-RAN-101,Khunti,RAN,neighbor,True,drift
2025-02-10 11:00:00,26.9,800.0,23.0,AWS-RAN-101,Khunti,RAN,neighbor,True,drift
2025-02-10 12:00:00,28.2,800.0,19.0,AWS-RAN-101,Khunti,RAN,neighbor,True,drift
2025-02-10 13:00:00,28.4,800.0,19.0,AWS-RAN-101,Khunti,RAN,neighbor,True,drift
2025-02-10 14:00:00,28.7,942.1,19.0,AWS-RAN-101,Khunti,RAN,neighbor,False,
2025-02-10 15:00:00,28.6,941.7,20.0,AWS-RAN-101,Khunti,RAN,neighbor,False,
2025-02-10 16:00:00,27.8,941.5,22.0,AWS-RAN-101,Khunti,RAN,neighbor,False,
2025-02-10 17:00:00,24.1,941.0,33.0,AWS-RAN-101,Khunti,RAN,neighbor,False,
2025-02-10 18:00:00,22.4,941.2,32.0,AWS-RAN-101,Khunti,RAN,neighbor,False,
2025-02-10 19:00:00,20.4,941.8,35.0,AWS-RAN-101,Khunti,RAN,neighbor,False,
2025-02-10 20:00:00,18.9,941.9,40.0,AWS-RAN-101,Khunti,RAN,neighbor,False,
2025-02-10 21:00:00,18.4,942.0,42.0,AWS-RAN-101,Khunti,RAN,neighbor,False,
2025-02-10 22:00:00,18.3,942.0,43.0,AWS-RAN-101,Khunti,RAN,neighbor,False,
2025-02-10 23:00:00,18.3,941.7,44.0,AWS-RAN-101,Khunti,RAN,neighbor,False,
2025-02-11 00:00:00,18.4,941.5,43.0,AWS-RAN-101,Khunti,RAN,neighbor,False,
2025-02-11 01:00:00,17.9,940.5,45.0,AWS-RAN-101,Khunti,RAN,neighbor,True,frozen_value
2025-02-11 02:00:00,16.9,939.8,44.985001909879976,AWS-RAN-101,Khunti,RAN,neighbor,True,frozen_value
2025-02-11 03:00:00,16.2,939.2,45.00618931610423,AWS-RAN-101,Khunti,RAN,neighbor,True,frozen_value
2025-02-11 04:00:00,15.9,939.1,44.999234317740786,AWS-RAN-101,Khunti,RAN,neighbor,True,frozen_value
2025-02-11 05:00:00,16.1,939.7,44.959212635235325,AWS-RAN-101,Khunti,RAN,neighbor,True,frozen_value
2025-02-11 06:00:00,16.2,940.5,44.93586893280905,AWS-RAN-101,Khunti,RAN,neighbor,True,frozen_value
2025-02-11 07:00:00,19.0,941.8,44.941135512266584,AWS-RAN-101,Khunti,RAN,neighbor,True,frozen_value
2025-02-11 08:00:00,23.3,943.7,44.962399387329405,AWS-RAN-101,Khunti,RAN,neighbor,True,frozen_value
2025-02-11 09:00:00,25.7,944.7,35.0,AWS-RAN-101,Khunti,RAN,neighbor,False,
2025-02-11 10:00:00,27.0,944.8,32.0,AWS-RAN-101,Khunti,RAN,neighbor,False,
2025-02-11 11:00:00,28.3,944.1,26.0,AWS-RAN-101,Khunti,RAN,neighbor,False,
2025-02-11 12:00:00,29.3,943.2,22.0,AWS-RAN-101,Khunti,RAN,neighbor,False,
2025-02-11 13:00:00,29.8,942.2,19.0,AWS-RAN-101,Khunti,RAN,neighbor,False,
2025-02-11 14:00:00,29.4,941.4,19.0,AWS-RAN-101,Khunti,RAN,neighbor,False,
2025-02-11 15:00:00,29.3,940.8,17.0,AWS-RAN-101,Khunti,RAN,neighbor,False,
2025-02-11 16:00:00,28.1,940.8,19.0,AWS-RAN-101,Khunti,RAN,neighbor,False,
2025-02-11 17:00:00,24.6,940.3,25.0,AWS-RAN-101,Khunti,RAN,neighbor,False,
2025-02-11 18:00:00,22.7,940.6,28.0,AWS-RAN-101,Khunti,RAN,neighbor,False,
2025-02-11 19:00:00,21.7,941.0,30.0,AWS-RAN-101,Khunti,RAN,neighbor,False,
2025-02-11 20:00:00,21.4,941.5,31.0,AWS-RAN-101,Khunti,RAN,neighbor,False,
2025-02-11 21:00:00,20.1,941.5,35.0,AWS-RAN-101,Khunti,RAN,neighbor,False,
2025-02-11 22:00:00,19.0,941.7,39.0,AWS-RAN-101,Khunti,RAN,neighbor,False,
2025-02-11 23:00:00,18.0,941.3,41.0,AWS-RAN-101,Khunti,RAN,neighbor,False,
2025-02-12 00:00:00,17.9,940.8,40.0,AWS-RAN-101,Khunti,RAN,neighbor,False,
2025-02-12 01:00:00,18.1,940.1,40.0,AWS-RAN-101,Khunti,RAN,neighbor,False,
2025-02-12 02:00:00,18.1,939.4,40.0,AWS-RAN-101,Khunti,RAN,neighbor,False,
2025-02-12 03:00:00,18.2,939.1,41.0,AWS-RAN-101,Khunti,RAN,neighbor,False,
2025-02-12 04:00:00,17.9,939.1,42.0,AWS-RAN-101,Khunti,RAN,neighbor,False,
2025-02-12 05:00:00,17.3,939.6,44.0,AWS-RAN-101,Khunti,RAN,neighbor,False,
2025-02-12 06:00:00,16.8,940.2,47.0,AWS-RAN-101,Khunti,RAN,neighbor,False,
2025-02-12 07:00:00,19.3,941.6,43.0,AWS-RAN-101,Khunti,RAN,neighbor,False,
2025-02-12 08:00:00,23.4,943.6,36.0,AWS-RAN-101,Khunti,RAN,neighbor,False,
2025-02-12 09:00:00,25.9,945.0,28.0,AWS-RAN-101,Khunti,RAN,neighbor,False,
2025-02-12 10:00:00,27.3,944.9,26.0,AWS-RAN-101,Khunti,RAN,neighbor,False,
2025-02-12 11:00:00,28.5,944.0,24.0,AWS-RAN-101,Khunti,RAN,neighbor,False,
2025-02-12 12:00:00,29.1,942.9,22.0,AWS-RAN-101,Khunti,RAN,neighbor,False,
2025-02-12 13:00:00,29.5,941.8,21.0,AWS-RAN-101,Khunti,RAN,neighbor,False,
2025-02-12 14:00:00,29.6,940.8,21.0,AWS-RAN-101,Khunti,RAN,neighbor,False,
2025-02-12 15:00:00,29.6,940.2,21.0,AWS-RAN-101,Khunti,RAN,neighbor,False,
2025-02-12 16:00:00,29.4,940.1,19.0,AWS-RAN-101,Khunti,RAN,neighbor,False,
2025-02-12 17:00:00,25.7,939.6,27.0,AWS-RAN-101,Khunti,RAN,neighbor,False,
2025-02-12 18:00:00,23.7,940.5,31.0,AWS-RAN-101,Khunti,RAN,neighbor,False,
2025-02-12 19:00:00,22.1,941.2,34.0,AWS-RAN-101,Khunti,RAN,neighbor,False,
2025-02-12 20:00:00,21.2,941.5,36.0,AWS-RAN-101,Khunti,RAN,neighbor,False,
2025-02-12 21:00:00,20.7,941.6,37.0,AWS-RAN-101,Khunti,RAN,neighbor,False,
2025-02-12 22:00:00,19.9,941.5,39.0,AWS-RAN-101,Khunti,RAN,neighbor,False,
2025-02-12 23:00:00,18.9,941.0,42.0,AWS-RAN-101,Khunti,RAN,neighbor,False,
2025-02-13 00:00:00,18.6,940.7,43.0,AWS-RAN-101,Khunti,RAN,neighbor,False,
2025-02-13 01:00:00,18.5,940.4,42.0,AWS-RAN-101,Khunti,RAN,neighbor,False,
2025-02-13 02:00:00,17.8,939.8,44.0,AWS-RAN-101,Khunti,RAN,neighbor,False,
2025-02-13 03:00:00,16.8,939.3,47.0,AWS-RAN-101,Khunti,RAN,neighbor,False,
2025-02-13 04:00:00,16.7,939.2,47.0,AWS-RAN-101,Khunti,RAN,neighbor,False,
2025-02-13 05:00:00,17.2,939.7,45.0,AWS-RAN-101,Khunti,RAN,neighbor,False,
2025-02-13 06:00:00,17.0,940.5,52.0,AWS-RAN-101,Khunti,RAN,neighbor,False,
2025-02-13 07:00:00,18.5,941.7,51.0,AWS-RAN-101,Khunti,RAN,neighbor,False,
2025-02-13 08:00:00,20.7,943.0,45.0,AWS-RAN-101,Khunti,RAN,neighbor,False,
2025-02-13 09:00:00,22.8,944.1,36.0,AWS-RAN-101,Khunti,RAN,neighbor,False,
2025-02-13 10:00:00,24.4,944.2,30.0,AWS-RAN-101,Khunti,RAN,neighbor,False,
2025-02-13 11:00:00,25.6,943.6,26.0,AWS-RAN-101,Khunti,RAN,neighbor,False,
2025-02-13 12:00:00,26.7,942.5,22.0,AWS-RAN-101,Khunti,RAN,neighbor,False,
2025-02-13 13:00:00,27.6,-0.002578563744289869,18.0,AWS-RAN-101,Khunti,RAN,neighbor,True,sensor_fail_low
2025-02-13 14:00:00,28.1,0.055837106084479726,14.0,AWS-RAN-101,Khunti,RAN,neighbor,True,sensor_fail_low
2025-02-13 15:00:00,27.8,-0.006506563891338097,13.0,AWS-RAN-101,Khunti,RAN,neighbor,True,sensor_fail_low
2025-02-13 16:00:00,26.8,0.027264602465403565,12.0,AWS-RAN-101,Khunti,RAN,neighbor,True,sensor_fail_low
2025-02-13 17:00:00,24.0,939.7,15.0,AWS-RAN-101,Khunti,RAN,neighbor,False,
2025-02-13 18:00:00,21.7,939.7,19.0,AWS-RAN-101,Khunti,RAN,neighbor,False,
2025-02-13 19:00:00,20.4,940.5,22.0,AWS-RAN-101,Khunti,RAN,neighbor,False,
2025-02-13 20:00:00,19.5,941.1,23.0,AWS-RAN-101,Khunti,RAN,neighbor,False,
2025-02-13 21:00:00,19.1,941.5,27.0,AWS-RAN-101,Khunti,RAN,neighbor,False,
2025-02-13 22:00:00,18.8,967.7140937359127,28.0,AWS-RAN-101,Khunti,RAN,neighbor,True,spike
2025-02-13 23:00:00,18.6,941.5,29.0,AWS-RAN-101,Khunti,RAN,neighbor,False,
2025-02-14 00:00:00,17.6,941.3,32.0,AWS-RAN-101,Khunti,RAN,neighbor,False,
2025-02-14 01:00:00,16.3,940.6,37.0,AWS-RAN-101,Khunti,RAN,neighbor,False,
2025-02-14 02:00:00,15.5,939.6,43.0,AWS-RAN-101,Khunti,RAN,neighbor,False,
2025-02-14 03:00:00,14.7,938.9,47.0,AWS-RAN-101,Khunti,RAN,neighbor,False,
2025-02-14 04:00:00,14.2,938.8,49.0,AWS-RAN-101,Khunti,RAN,neighbor,False,
2025-02-14 05:00:00,13.8,938.9,49.0,AWS-RAN-101,Khunti,RAN,neighbor,False,
2025-02-14 06:00:00,13.1,940.0,52.0,AWS-RAN-101,Khunti,RAN,neighbor,False,
2025-02-14 07:00:00,15.0,941.3,45.0,AWS-RAN-101,Khunti,RAN,neighbor,False,
2025-02-14 08:00:00,18.3,942.8,36.0,AWS-RAN-101,Khunti,RAN,neighbor,False,
2025-02-14 09:00:00,21.1,943.8,28.0,AWS-RAN-101,Khunti,RAN,neighbor,False,
2025-02-14 10:00:00,23.7,944.0,21.0,AWS-RAN-101,Khunti,RAN,neighbor,False,
2025-02-14 11:00:00,25.5,943.2,16.0,AWS-RAN-101,Khunti,RAN,neighbor,False,
2025-02-14 12:00:00,26.6,942.0,13.0,AWS-RAN-101,Khunti,RAN,neighbor,False,
2025-02-14 13:00:00,27.1,940.8,12.0,AWS-RAN-101,Khunti,RAN,neighbor,False,
2025-02-14 14:00:00,27.4,940.0,12.0,AWS-RAN-101,Khunti,RAN,neighbor,False,
2025-02-14 15:00:00,27.2,939.5,13.0,AWS-RAN-101,Khunti,RAN,neighbor,False,
2025-02-14 16:00:00,26.3,939.4,15.0,AWS-RAN-101,Khunti,RAN,neighbor,False,
2025-02-14 17:00:00,23.9,939.3,18.0,AWS-RAN-101,Khunti,RAN,neighbor,False,
2025-02-14 18:00:00,21.7,939.6,23.0,AWS-RAN-101,Khunti,RAN,neighbor,False,
2025-02-14 19:00:00,19.3,940.0,28.0,AWS-RAN-101,Khunti,RAN,neighbor,False,
2025-02-14 20:00:00,18.2,940.8,30.0,AWS-RAN-101,Khunti,RAN,neighbor,False,
2025-02-14 21:00:00,17.5,941.1,33.0,AWS-RAN-101,Khunti,RAN,neighbor,False,
2025-02-14 22:00:00,17.1,941.1,34.0,AWS-RAN-101,Khunti,RAN,neighbor,False,
2025-02-14 23:00:00,16.4,940.5,36.0,AWS-RAN-101,Khunti,RAN,neighbor,False,
2025-02-15 00:00:00,16.6,940.0,35.0,AWS-RAN-101,Khunti,RAN,neighbor,False,
2025-02-15 01:00:00,16.3,939.5,36.0,AWS-RAN-101,Khunti,RAN,neighbor,False,
2025-02-15 02:00:00,16.2,939.2,37.0,AWS-RAN-101,Khunti,RAN,neighbor,False,
2025-02-15 03:00:00,860.4363056217236,939.5810120641194,100.0,AWS-RAN-101,Khunti,RAN,neighbor,True,multivariate_inconsistency
2025-02-15 04:00:00,859.5363056217236,938.5737719808329,100.0,AWS-RAN-101,Khunti,RAN,neighbor,True,multivariate_inconsistency
2025-02-15 05:00:00,858.7363056217235,943.4082066720993,100.0,AWS-RAN-101,Khunti,RAN,neighbor,True,multivariate_inconsistency
2025-02-15 06:00:00,857.8363056217236,942.8533422757404,100.0,AWS-RAN-101,Khunti,RAN,neighbor,True,multivariate_inconsistency
2025-02-15 07:00:00,860.9363056217236,940.601665545979,100.0,AWS-RAN-101,Khunti,RAN,neighbor,True,multivariate_inconsistency
2025-02-15 08:00:00,20.9,943.0,32.0,AWS-RAN-101,Khunti,RAN,neighbor,False,
2025-02-15 09:00:00,23.3,943.8,25.0,AWS-RAN-101,Khunti,RAN,neighbor,False,
2025-02-15 10:00:00,24.9,943.8,22.0,AWS-RAN-101,Khunti,RAN,neighbor,False,
2025-02-15 11:00:00,26.0,942.8,21.0,AWS-RAN-101,Khunti,RAN,neighbor,False,
2025-02-15 12:00:00,27.0,941.8,20.0,AWS-RAN-101,Khunti,RAN,neighbor,False,
2025-02-15 13:00:00,27.6,940.6,,AWS-RAN-101,Khunti,RAN,neighbor,True,dropout
2025-02-15 14:00:00,27.7,939.8,20.0,AWS-RAN-101,Khunti,RAN,neighbor,False,
2025-02-15 15:00:00,27.8,939.3,19.0,AWS-RAN-101,Khunti,RAN,neighbor,False,
2025-02-15 16:00:00,28.1,939.0,19.0,AWS-RAN-101,Khunti,RAN,neighbor,False,
2025-02-15 17:00:00,,939.5,23.0,AWS-RAN-101,Khunti,RAN,neighbor,True,dropout
2025-02-15 18:00:00,23.1,939.6,26.0,AWS-RAN-101,Khunti,RAN,neighbor,False,
2025-02-15 19:00:00,21.0,940.2,33.0,AWS-RAN-101,Khunti,RAN,neighbor,False,
2025-02-15 20:00:00,20.2,940.9,34.0,AWS-RAN-101,Khunti,RAN,neighbor,False,
2025-02-15 21:00:00,19.9,940.9,35.0,AWS-RAN-101,Khunti,RAN,neighbor,False,
2025-02-15 22:00:00,19.4,940.9,36.0,AWS-RAN-101,Khunti,RAN,neighbor,False,
2025-02-15 23:00:00,19.6,940.5,35.0,AWS-RAN-101,Khunti,RAN,neighbor,False,
2025-02-16 00:00:00,20.2,940.3,34.0,AWS-RAN-101,Khunti,RAN,neighbor,False,
2025-02-16 01:00:00,904.6754319692458,937.3555276408391,100.0,AWS-RAN-101,Khunti,RAN,neighbor,True,multivariate_inconsistency
2025-02-16 02:00:00,903.5754319692458,936.2501504009557,100.0,AWS-RAN-101,Khunti,RAN,neighbor,True,multivariate_inconsistency
2025-02-16 03:00:00,901.7754319692458,935.1426180854246,100.0,AWS-RAN-101,Khunti,RAN,neighbor,True,multivariate_inconsistency
2025-02-16 04:00:00,899.9754319692457,937.123780176225,100.0,AWS-RAN-101,Khunti,RAN,neighbor,True,multivariate_inconsistency
2025-02-16 05:00:00,899.7754319692458,937.7129708653154,100.0,AWS-RAN-101,Khunti,RAN,neighbor,True,multivariate_inconsistency
2025-02-16 06:00:00,15.4,939.2,49.0,AWS-RAN-101,Khunti,RAN,neighbor,False,
2025-02-16 07:00:00,18.4,940.7,41.0,AWS-RAN-101,Khunti,RAN,neighbor,False,
2025-02-16 08:00:00,22.0,942.2,34.0,AWS-RAN-101,Khunti,RAN,neighbor,False,
2025-02-16 09:00:00,24.7,943.3,29.0,AWS-RAN-101,Khunti,RAN,neighbor,False,
2025-02-16 10:00:00,26.7,943.5,26.0,AWS-RAN-101,Khunti,RAN,neighbor,False,
2025-02-16 11:00:00,28.8,942.9,22.0,AWS-RAN-101,Khunti,RAN,neighbor,False,
2025-02-16 12:00:00,30.1,941.6,18.0,AWS-RAN-101,Khunti,RAN,neighbor,False,
2025-02-16 13:00:00,29.9,940.8,18.0,AWS-RAN-101,Khunti,RAN,neighbor,False,
2025-02-16 14:00:00,30.3,939.9,18.0,AWS-RAN-101,Khunti,RAN,neighbor,False,
2025-02-16 15:00:00,30.3,939.4,18.0,AWS-RAN-101,Khunti,RAN,neighbor,False,
2025-02-16 16:00:00,29.9,939.3,18.0,AWS-RAN-101,Khunti,RAN,neighbor,False,
2025-02-16 17:00:00,26.4,939.3,24.0,AWS-RAN-101,Khunti,RAN,neighbor,False,
2025-02-16 18:00:00,25.1,940.3,28.0,AWS-RAN-101,Khunti,RAN,neighbor,False,
2025-02-16 19:00:00,23.2,941.2,36.0,AWS-RAN-101,Khunti,RAN,neighbor,False,
2025-02-16 20:00:00,21.9,941.8,36.0,AWS-RAN-101,Khunti,RAN,neighbor,False,
2025-02-16 21:00:00,21.8,942.1,35.0,AWS-RAN-101,Khunti,RAN,neighbor,False,
2025-02-16 22:00:00,21.4,942.2,35.0,AWS-RAN-101,Khunti,RAN,neighbor,False,
2025-02-16 23:00:00,20.3,942.0,38.0,AWS-RAN-101,Khunti,RAN,neighbor,False,
2025-02-17 00:00:00,18.9,941.4,41.0,AWS-RAN-101,Khunti,RAN,neighbor,False,
2025-02-17 01:00:00,18.6,940.9,45.0,AWS-RAN-101,Khunti,RAN,neighbor,False,
2025-02-17 02:00:00,18.2,940.3,51.0,AWS-RAN-101,Khunti,RAN,neighbor,False,
2025-02-17 03:00:00,17.5,940.0,55.0,AWS-RAN-101,Khunti,RAN,neighbor,False,
2025-02-17 04:00:00,16.9,940.1,58.0,AWS-RAN-101,Khunti,RAN,neighbor,False,
2025-02-17 05:00:00,16.6,940.7,60.0,AWS-RAN-101,Khunti,RAN,neighbor,False,
2025-02-17 06:00:00,16.5,941.8,62.0,AWS-RAN-101,Khunti,RAN,neighbor,False,
2025-02-17 07:00:00,18.8,943.5,55.0,AWS-RAN-101,Khunti,RAN,neighbor,False,
2025-02-17 08:00:00,21.7,944.7,48.0,AWS-RAN-101,Khunti,RAN,neighbor,False,
2025-02-17 09:00:00,24.2,945.5,42.0,AWS-RAN-101,Khunti,RAN,neighbor,False,
2025-02-17 10:00:00,26.3,945.3,35.0,AWS-RAN-101,Khunti,RAN,neighbor,False,
2025-02-17 11:00:00,27.9,944.7,31.0,AWS-RAN-101,Khunti,RAN,neighbor,False,
2025-02-17 12:00:00,29.1,943.5,26.0,AWS-RAN-101,Khunti,RAN,neighbor,False,
2025-02-17 13:00:00,30.1,942.7,23.0,AWS-RAN-101,Khunti,RAN,neighbor,False,
2025-02-17 14:00:00,29.9,941.9,24.0,AWS-RAN-101,Khunti,RAN,neighbor,False,
2025-02-17 15:00:00,-307.95100636443226,1089.6613947214228,0.0,AWS-RAN-101,Khunti,RAN,neighbor,True,unstructured_anomaly
2025-02-17 16:00:00,-299.7015773151019,1093.4419438997127,71.42118156205363,AWS-RAN-101,Khunti,RAN,neighbor,True,unstructured_anomaly
2025-02-17 17:00:00,385.008035531399,800.0,79.64778551828144,AWS-RAN-101,Khunti,RAN,neighbor,True,unstructured_anomaly
2025-02-17 18:00:00,391.4671511569489,816.0341365196315,0.0,AWS-RAN-101,Khunti,RAN,neighbor,True,unstructured_anomaly
2025-02-17 19:00:00,429.7364782900437,818.2165821722803,0.0,AWS-RAN-101,Khunti,RAN,neighbor,True,unstructured_anomaly
2025-02-17 20:00:00,22.5,943.2,43.0,AWS-RAN-101,Khunti,RAN,neighbor,False,
2025-02-17 21:00:00,21.2,943.4,49.0,AWS-RAN-101,Khunti,RAN,neighbor,False,
2025-02-17 22:00:00,20.4,943.4,52.0,AWS-RAN-101,Khunti,RAN,neighbor,False,
2025-02-17 23:00:00,19.6,943.1,55.0,AWS-RAN-101,Khunti,RAN,neighbor,False,
2025-02-18 00:00:00,18.9,942.6,60.0,AWS-RAN-101,Khunti,RAN,neighbor,False,
2025-02-18 01:00:00,17.9,941.9,66.0,AWS-RAN-101,Khunti,RAN,neighbor,False,
2025-02-18 02:00:00,17.1,941.2,70.0,AWS-RAN-101,Khunti,RAN,neighbor,False,
2025-02-18 03:00:00,16.5,940.7,73.0,AWS-RAN-101,Khunti,RAN,neighbor,False,
2025-02-18 04:00:00,15.9,940.6,76.0,AWS-RAN-101,Khunti,RAN,neighbor,False,
2025-02-18 05:00:00,15.6,940.9,78.0,AWS-RAN-101,Khunti,RAN,neighbor,False,
2025-02-18 06:00:00,15.7,942.0,79.0,AWS-RAN-101,Khunti,RAN,neighbor,False,
2025-02-18 07:00:00,18.4,943.4,67.0,AWS-RAN-101,Khunti,RAN,neighbor,False,
2025-02-18 08:00:00,21.4,944.8,55.0,AWS-RAN-101,Khunti,RAN,neighbor,False,
2025-02-18 09:00:00,23.6,945.6,46.0,AWS-RAN-101,Khunti,RAN,neighbor,False,
2025-02-18 10:00:00,25.4,945.8,40.0,AWS-RAN-101,Khunti,RAN,neighbor,False,
2025-02-18 11:00:00,26.6,944.9,36.0,AWS-RAN-101,Khunti,RAN,neighbor,False,
2025-02-18 12:00:00,27.5,943.7,34.0,AWS-RAN-101,Khunti,RAN,neighbor,False,
2025-02-18 13:00:00,28.4,942.6,31.0,AWS-RAN-101,Khunti,RAN,neighbor,False,
2025-02-18 14:00:00,29.2,942.0,27.0,AWS-RAN-101,Khunti,RAN,neighbor,False,
2025-02-18 15:00:00,28.7,941.3,26.0,AWS-RAN-101,Khunti,RAN,neighbor,False,
2025-02-18 16:00:00,459.0151640200881,803.1831205255585,79.90119394368298,AWS-RAN-101,Khunti,RAN,neighbor,True,unstructured_anomaly
2025-02-18 17:00:00,-410.02547940616785,1087.5101960611262,80.96282168823697,AWS-RAN-101,Khunti,RAN,neighbor,True,unstructured_anomaly
2025-02-18 18:00:00,383.1784375244522,800.0,0.0,AWS-RAN-101,Khunti,RAN,neighbor,True,unstructured_anomaly
2025-02-18 19:00:00,-320.8101805651497,1070.027690107452,82.46198962023121,AWS-RAN-101,Khunti,RAN,neighbor,True,unstructured_anomaly
2025-02-18 20:00:00,22.6,942.5,42.0,AWS-RAN-101,Khunti,RAN,neighbor,False,
2025-02-18 21:00:00,22.3,942.7,46.0,AWS-RAN-101,Khunti,RAN,neighbor,False,
2025-02-18 22:00:00,21.4,942.5,49.0,AWS-RAN-101,Khunti,RAN,neighbor,False,
2025-02-18 23:00:00,19.9,942.0,52.0,AWS-RAN-101,Khunti,RAN,neighbor,False,
2025-02-19 00:00:00,18.7,941.5,52.0,AWS-RAN-101,Khunti,RAN,neighbor,False,
2025-02-19 01:00:00,18.7,941.1,51.0,AWS-RAN-101,Khunti,RAN,neighbor,False,
2025-02-19 02:00:00,18.8,940.5,50.0,AWS-RAN-101,Khunti,RAN,neighbor,False,
2025-02-19 03:00:00,18.7,940.3,49.0,AWS-RAN-101,Khunti,RAN,neighbor,False,
2025-02-19 04:00:00,17.8,940.3,53.0,AWS-RAN-101,Khunti,RAN,neighbor,False,
2025-02-19 05:00:00,17.6,940.4,56.0,AWS-RAN-101,Khunti,RAN,neighbor,False,
2025-02-19 06:00:00,17.5,941.4,63.0,AWS-RAN-101,Khunti,RAN,neighbor,False,
2025-02-19 07:00:00,19.5,942.6,58.0,AWS-RAN-101,Khunti,RAN,neighbor,False,
2025-02-19 08:00:00,22.1,943.8,51.0,AWS-RAN-101,Khunti,RAN,neighbor,False,
2025-02-19 09:00:00,24.3,944.5,45.0,AWS-RAN-101,Khunti,RAN,neighbor,False,
2025-02-19 10:00:00,25.9,944.4,42.0,AWS-RAN-101,Khunti,RAN,neighbor,False,
2025-02-19 11:00:00,26.7,943.6,39.0,AWS-RAN-101,Khunti,RAN,neighbor,True,drift
2025-02-19 12:00:00,25.02427385466297,942.8,37.0,AWS-RAN-101,Khunti,RAN,neighbor,True,drift
2025-02-19 13:00:00,21.846510034835738,941.5,34.0,AWS-RAN-101,Khunti,RAN,neighbor,True,drift
2025-02-19 14:00:00,16.971184431984234,940.6,33.0,AWS-RAN-101,Khunti,RAN,neighbor,True,drift
2025-02-19 15:00:00,11.697277938506897,940.0,31.0,AWS-RAN-101,Khunti,RAN,neighbor,True,drift
2025-02-19 16:00:00,5.435924149625993,939.8,31.0,AWS-RAN-101,Khunti,RAN,neighbor,True,drift
2025-02-19 17:00:00,-2.539660866290898,968.0064285157973,34.0,AWS-RAN-101,Khunti,RAN,neighbor,True,drift
2025-02-19 18:00:00,-11.276714757245745,940.3,42.0,AWS-RAN-101,Khunti,RAN,neighbor,True,drift
2025-02-19 19:00:00,-19.934974560152313,940.9,48.0,AWS-RAN-101,Khunti,RAN,neighbor,True,drift
2025-02-19 20:00:00,-28.68246341842122,941.6,51.0,AWS-RAN-101,Khunti,RAN,neighbor,True,drift
2025-02-19 21:00:00,-37.19302396161135,942.5,53.0,AWS-RAN-101,Khunti,RAN,neighbor,True,drift
2025-02-19 22:00:00,-46.344766578830146,942.4,59.0,AWS-RAN-101,Khunti,RAN,neighbor,True,drift
2025-02-19 23:00:00,-55.71903863712754,942.1,68.0,AWS-RAN-101,Khunti,RAN,neighbor,True,drift
2025-02-20 00:00:00,-65.39970984887805,941.6,71.0,AWS-RAN-101,Khunti,RAN,neighbor,True,drift
2025-02-20 01:00:00,-75.37265942234811,941.3,69.0,AWS-RAN-101,Khunti,RAN,neighbor,True,drift
2025-02-20 02:00:00,-85.42539738501236,940.7,69.0,AWS-RAN-101,Khunti,RAN,neighbor,True,drift
2025-02-20 03:00:00,-96.0467782062972,940.9,77.0,AWS-RAN-101,Khunti,RAN,neighbor,True,drift
2025-02-20 04:00:00,-106.62677976097828,940.6,83.0,AWS-RAN-101,Khunti,RAN,neighbor,True,drift
2025-02-20 05:00:00,-117.25632969716058,941.2,87.0,AWS-RAN-101,Khunti,RAN,neighbor,True,drift
2025-02-20 06:00:00,-127.72716693437198,942.4,86.0,AWS-RAN-101,Khunti,RAN,neighbor,True,drift
2025-02-20 07:00:00,-137.231729683512,943.1,82.0,AWS-RAN-101,Khunti,RAN,neighbor,True,drift
2025-02-20 08:00:00,-145.86306382048332,944.6,70.0,AWS-RAN-101,Khunti,RAN,neighbor,True,drift
2025-02-20 09:00:00,-155.01474710899132,945.5,59.0,AWS-RAN-101,Khunti,RAN,neighbor,True,drift
2025-02-20 10:00:00,-165.5808259267871,945.2,50.0,AWS-RAN-101,Khunti,RAN,neighbor,True,drift
2025-02-20 11:00:00,26.4,944.7,43.0,AWS-RAN-101,Khunti,RAN,neighbor,False,
2025-02-20 12:00:00,23.8,944.0,61.0,AWS-RAN-101,Khunti,RAN,neighbor,False,
2025-02-20 13:00:00,26.3,942.4,45.0,AWS-RAN-101,Khunti,RAN,neighbor,False,
2025-02-20 14:00:00,26.5,941.7,45.0,AWS-RAN-101,Khunti,RAN,neighbor,False,
2025-02-20 15:00:00,20.2,942.1,88.0,AWS-RAN-101,Khunti,RAN,neighbor,False,
2025-02-20 16:00:00,20.7,941.2,87.0,AWS-RAN-101,Khunti,RAN,neighbor,False,
2025-02-20 17:00:00,21.0,941.7,87.0,AWS-RAN-101,Khunti,RAN,neighbor,False,
2025-02-20 18:00:00,20.8,942.0,78.0,AWS-RAN-101,Khunti,RAN,neighbor,False,
2025-02-20 19:00:00,19.6,942.7,83.0,AWS-RAN-101,Khunti,RAN,neighbor,False,
2025-02-20 20:00:00,18.6,943.4,87.0,AWS-RAN-101,Khunti,RAN,neighbor,False,
2025-02-20 21:00:00,18.2,943.9,90.0,AWS-RAN-101,Khunti,RAN,neighbor,False,
2025-02-20 22:00:00,17.5,944.2,95.0,AWS-RAN-101,Khunti,RAN,neighbor,False,
2025-02-20 23:00:00,16.9,943.7,97.0,AWS-RAN-101,Khunti,RAN,neighbor,False,
2025-02-21 00:00:00,17.0,942.8,95.0,AWS-RAN-101,Khunti,RAN,neighbor,False,
2025-02-21 01:00:00,17.0,942.0,92.0,AWS-RAN-101,Khunti,RAN,neighbor,False,
2025-02-21 02:00:00,17.0,941.5,91.0,AWS-RAN-101,Khunti,RAN,neighbor,False,
2025-02-21 03:00:00,16.6,941.3,92.0,AWS-RAN-101,Khunti,RAN,neighbor,False,
2025-02-21 04:00:00,16.4,941.5,93.0,AWS-RAN-101,Khunti,RAN,neighbor,False,
2025-02-21 05:00:00,16.3,942.3,93.0,AWS-RAN-101,Khunti,RAN,neighbor,False,
2025-02-21 06:00:00,16.5,943.0,91.0,AWS-RAN-101,Khunti,RAN,neighbor,False,
2025-02-21 07:00:00,19.0,944.7,79.0,AWS-RAN-101,Khunti,RAN,neighbor,False,
2025-02-21 08:00:00,22.3,946.1,65.0,AWS-RAN-101,Khunti,RAN,neighbor,False,
2025-02-21 09:00:00,25.0,946.7,53.0,AWS-RAN-101,Khunti,RAN,neighbor,False,
2025-02-21 10:00:00,27.2,946.6,35.0,AWS-RAN-101,Khunti,RAN,neighbor,False,
2025-02-21 11:00:00,28.2,946.1,30.0,AWS-RAN-101,Khunti,RAN,neighbor,False,
2025-02-21 12:00:00,29.0,945.1,27.0,AWS-RAN-101,Khunti,RAN,neighbor,False,
2025-02-21 13:00:00,29.4,944.0,26.0,AWS-RAN-101,Khunti,RAN,neighbor,False,
2025-02-21 14:00:00,29.3,943.1,25.0,AWS-RAN-101,Khunti,RAN,neighbor,False,
2025-02-21 15:00:00,29.2,942.3,24.0,AWS-RAN-101,Khunti,RAN,neighbor,False,
2025-02-21 16:00:00,28.6,941.8,24.0,AWS-RAN-101,Khunti,RAN,neighbor,False,
2025-02-21 17:00:00,25.7,941.6,35.0,AWS-RAN-101,Khunti,RAN,neighbor,False,
2025-02-21 18:00:00,23.3,941.8,38.0,AWS-RAN-101,Khunti,RAN,neighbor,False,
2025-02-21 19:00:00,21.9,942.5,42.0,AWS-RAN-101,Khunti,RAN,neighbor,False,
2025-02-21 20:00:00,21.1,942.7,42.0,AWS-RAN-101,Khunti,RAN,neighbor,False,
2025-02-21 21:00:00,20.9,943.3,42.0,AWS-RAN-101,Khunti,RAN,neighbor,False,
2025-02-21 22:00:00,20.4,943.4,43.0,AWS-RAN-101,Khunti,RAN,neighbor,False,
2025-02-21 23:00:00,19.6,942.9,47.0,AWS-RAN-101,Khunti,RAN,neighbor,False,
2025-02-22 00:00:00,18.7,942.4,53.0,AWS-RAN-101,Khunti,RAN,neighbor,False,
2025-02-22 01:00:00,18.9,941.8,53.0,AWS-RAN-101,Khunti,RAN,neighbor,False,
2025-02-22 02:00:00,18.2,941.5,56.0,AWS-RAN-101,Khunti,RAN,neighbor,False,
2025-02-22 03:00:00,17.3,941.4,60.0,AWS-RAN-101,Khunti,RAN,neighbor,False,
2025-02-22 04:00:00,17.4,941.5,59.0,AWS-RAN-101,Khunti,RAN,neighbor,False,
2025-02-22 05:00:00,17.3,941.8,60.0,AWS-RAN-101,Khunti,RAN,neighbor,False,
2025-02-22 06:00:00,17.9,942.7,66.0,AWS-RAN-101,Khunti,RAN,neighbor,False,
2025-02-22 07:00:00,20.1,944.0,59.0,AWS-RAN-101,Khunti,RAN,neighbor,False,
2025-02-22 08:00:00,22.9,945.5,49.0,AWS-RAN-101,Khunti,RAN,neighbor,False,
2025-02-22 09:00:00,24.9,946.2,43.0,AWS-RAN-101,Khunti,RAN,neighbor,False,
2025-02-22 10:00:00,26.4,946.3,39.0,AWS-RAN-101,Khunti,RAN,neighbor,False,
2025-02-22 11:00:00,26.6,945.6,39.0,AWS-RAN-101,Khunti,RAN,neighbor,False,
2025-02-22 12:00:00,27.3,944.7,37.0,AWS-RAN-101,Khunti,RAN,neighbor,False,
2025-02-22 13:00:00,26.7,943.4,40.0,AWS-RAN-101,Khunti,RAN,neighbor,False,
2025-02-22 14:00:00,22.7,942.8,64.0,AWS-RAN-101,Khunti,RAN,neighbor,False,
2025-02-22 15:00:00,23.8,942.4,52.0,AWS-RAN-101,Khunti,RAN,neighbor,False,
2025-02-22 16:00:00,24.9,942.2,47.0,AWS-RAN-101,Khunti,RAN,neighbor,False,
2025-02-22 17:00:00,23.7,942.2,58.0,AWS-RAN-101,Khunti,RAN,neighbor,False,
2025-02-22 18:00:00,19.3,942.0,73.0,AWS-RAN-101,Khunti,RAN,neighbor,False,
2025-02-22 19:00:00,-307.5845708823331,1073.9900963617195,100.0,AWS-RAN-101,Khunti,RAN,neighbor,True,unstructured_anomaly
2025-02-22 20:00:00,394.2891809712164,818.2181466710776,100.0,AWS-RAN-101,Khunti,RAN,neighbor,True,unstructured_anomaly
2025-02-22 21:00:00,-377.1158230442692,1100.0,100.0,AWS-RAN-101,Khunti,RAN,neighbor,True,unstructured_anomaly
2025-02-22 22:00:00,438.2388262934286,800.0,20.075180944852534,AWS-RAN-101,Khunti,RAN,neighbor,True,unstructured_anomaly
2025-02-22 23:00:00,350.54942991313237,800.0,100.0,AWS-RAN-101,Khunti,RAN,neighbor,True,unstructured_anomaly
2025-02-23 00:00:00,-329.5130804315693,1076.6452795229952,100.0,AWS-RAN-101,Khunti,RAN,neighbor,True,unstructured_anomaly
2025-02-23 01:00:00,-372.4372734150225,1090.036654462649,13.19115539549582,AWS-RAN-101,Khunti,RAN,neighbor,True,unstructured_anomaly
2025-02-23 02:00:00,-334.244043222139,1089.1715691848249,10.805186885807856,AWS-RAN-101,Khunti,RAN,neighbor,True,unstructured_anomaly
2025-02-23 03:00:00,17.2,942.4,68.0,AWS-RAN-101,Khunti,RAN,neighbor,False,
2025-02-23 04:00:00,16.8,942.4,70.0,AWS-RAN-101,Khunti,RAN,neighbor,False,
2025-02-23 05:00:00,16.4,942.9,72.0,AWS-RAN-101,Khunti,RAN,neighbor,False,
2025-02-23 06:00:00,17.2,944.0,73.0,AWS-RAN-101,Khunti,RAN,neighbor,False,
2025-02-23 07:00:00,19.3,945.6,66.0,AWS-RAN-101,Khunti,RAN,neighbor,False,
2025-02-23 08:00:00,22.5,947.1,54.0,AWS-RAN-101,Khunti,RAN,neighbor,False,
2025-02-23 09:00:00,24.1,947.8,45.0,AWS-RAN-101,Khunti,RAN,neighbor,False,
2025-02-23 10:00:00,25.1,947.7,39.0,AWS-RAN-101,Khunti,RAN,neighbor,False,
2025-02-23 11:00:00,25.9,946.8,34.0,AWS-RAN-101,Khunti,RAN,neighbor,False,
2025-02-23 12:00:00,26.6,945.7,31.0,AWS-RAN-101,Khunti,RAN,neighbor,False,
2025-02-23 13:00:00,27.4,944.8,29.0,AWS-RAN-101,Khunti,RAN,neighbor,False,
2025-02-23 14:00:00,27.5,943.8,27.0,AWS-RAN-101,Khunti,RAN,neighbor,False,
2025-02-23 15:00:00,27.7,943.1,26.0,AWS-RAN-101,Khunti,RAN,neighbor,False,
2025-02-23 16:00:00,26.8,942.9,26.0,AWS-RAN-101,Khunti,RAN,neighbor,False,
2025-02-23 17:00:00,24.6,943.0,32.0,AWS-RAN-101,Khunti,RAN,neighbor,False,
2025-02-23 18:00:00,21.3,943.3,39.0,AWS-RAN-101,Khunti,RAN,neighbor,False,
2025-02-23 19:00:00,20.6,944.5,41.0,AWS-RAN-101,Khunti,RAN,neighbor,False,
2025-02-23 20:00:00,19.9,945.3,42.0,AWS-RAN-101,Khunti,RAN,neighbor,False,
2025-02-23 21:00:00,19.4,945.7,43.0,AWS-RAN-101,Khunti,RAN,neighbor,False,
2025-02-23 22:00:00,18.5,945.7,45.0,AWS-RAN-101,Khunti,RAN,neighbor,False,
2025-02-23 23:00:00,18.3,945.3,45.0,AWS-RAN-101,Khunti,RAN,neighbor,False,
2025-02-24 00:00:00,17.2,944.9,51.0,AWS-RAN-101,Khunti,RAN,neighbor,False,
2025-02-24 01:00:00,16.5,944.4,57.0,AWS-RAN-101,Khunti,RAN,neighbor,False,
2025-02-24 02:00:00,16.1,944.0,-0.03408942952870585,AWS-RAN-101,Khunti,RAN,neighbor,True,sensor_fail_low
2025-02-24 03:00:00,15.8,943.8,-0.11330100620174924,AWS-RAN-101,Khunti,RAN,neighbor,True,sensor_fail_low
2025-02-24 04:00:00,15.3,944.0,0.034324031862606484,AWS-RAN-101,Khunti,RAN,neighbor,True,sensor_fail_low
2025-02-24 05:00:00,14.8,944.7,0.030709523701830915,AWS-RAN-101,Khunti,RAN,neighbor,True,sensor_fail_low
2025-02-24 06:00:00,15.1,945.7,72.0,AWS-RAN-101,Khunti,RAN,neighbor,False,
2025-02-24 07:00:00,18.3,947.3,60.0,AWS-RAN-101,Khunti,RAN,neighbor,False,
2025-02-24 08:00:00,21.2,948.7,48.0,AWS-RAN-101,Khunti,RAN,neighbor,False,
2025-02-24 09:00:00,23.0,949.3,39.0,AWS-RAN-101,Khunti,RAN,neighbor,False,
2025-02-24 10:00:00,24.5,949.1,34.0,AWS-RAN-101,Khunti,RAN,neighbor,False,
2025-02-24 11:00:00,26.0,948.3,27.0,AWS-RAN-101,Khunti,RAN,neighbor,False,
2025-02-24 12:00:00,26.8,947.0,-0.11431705923180852,AWS-RAN-101,Khunti,RAN,neighbor,True,sensor_fail_low
2025-02-24 13:00:00,27.4,945.7,0.019704633852000313,AWS-RAN-101,Khunti,RAN,neighbor,True,sensor_fail_low
2025-02-24 14:00:00,27.6,944.4,0.04243428500706228,AWS-RAN-101,Khunti,RAN,neighbor,True,sensor_fail_low
2025-02-24 15:00:00,27.6,943.6,0.02245238101719514,AWS-RAN-101,Khunti,RAN,neighbor,True,sensor_fail_low
2025-02-24 16:00:00,27.5,943.5,20.0,AWS-RAN-101,Khunti,RAN,neighbor,False,
2025-02-24 17:00:00,685.9096387242572,941.273828269009,63.00453692341725,AWS-RAN-101,Khunti,RAN,neighbor,True,multivariate_inconsistency
2025-02-24 18:00:00,683.1096387242571,945.7082078463887,90.726619669744,AWS-RAN-101,Khunti,RAN,neighbor,True,multivariate_inconsistency
2025-02-24 19:00:00,682.6096387242571,943.9146062803765,83.16608110710087,AWS-RAN-101,Khunti,RAN,neighbor,True,multivariate_inconsistency
2025-02-24 20:00:00,681.8096387242572,942.1708506817879,88.2064711636868,AWS-RAN-101,Khunti,RAN,neighbor,True,multivariate_inconsistency
2025-02-24 21:00:00,20.0,946.0,35.0,AWS-RAN-101,Khunti,RAN,neighbor,False,
2025-02-24 22:00:00,19.4,946.1,37.0,AWS-RAN-101,Khunti,RAN,neighbor,False,
2025-02-24 23:00:00,18.4,945.8,40.0,AWS-RAN-101,Khunti,RAN,neighbor,False,
2025-02-25 00:00:00,17.3,945.4,46.0,AWS-RAN-101,Khunti,RAN,neighbor,False,
2025-02-25 01:00:00,16.6,944.8,51.0,AWS-RAN-101,Khunti,RAN,neighbor,False,
2025-02-25 02:00:00,16.0,944.1,54.0,AWS-RAN-101,Khunti,RAN,neighbor,False,
2025-02-25 03:00:00,15.6,943.9,56.0,AWS-RAN-101,Khunti,RAN,neighbor,False,
2025-02-25 04:00:00,15.7,943.9,56.0,AWS-RAN-101,Khunti,RAN,neighbor,False,
2025-02-25 05:00:00,15.4,944.3,58.0,AWS-RAN-101,Khunti,RAN,neighbor,False,
2025-02-25 06:00:00,15.3,946.0,60.0,AWS-RAN-101,Khunti,RAN,neighbor,False,
2025-02-25 07:00:00,18.1,947.3,51.0,AWS-RAN-101,Khunti,RAN,neighbor,False,
2025-02-25 08:00:00,21.3,968.3045539199377,42.0,AWS-RAN-101,Khunti,RAN,neighbor,True,spike
2025-02-25 09:00:00,23.4,949.5,37.0,AWS-RAN-101,Khunti,RAN,neighbor,False,
2025-02-25 10:00:00,24.8,949.4,34.0,AWS-RAN-101,Khunti,RAN,neighbor,False,
2025-02-25 11:00:00,25.9,948.6,32.0,AWS-RAN-101,Khunti,RAN,neighbor,False,
2025-02-25 12:00:00,27.1,947.5,30.0,AWS-RAN-101,Khunti,RAN,neighbor,False,
2025-02-25 13:00:00,27.7,946.7,28.0,AWS-RAN-101,Khunti,RAN,neighbor,False,
2025-02-25 14:00:00,27.6,945.8,28.0,AWS-RAN-101,Khunti,RAN,neighbor,False,
2025-02-25 15:00:00,27.5,945.6,27.0,AWS-RAN-101,Khunti,RAN,neighbor,False,
2025-02-25 16:00:00,27.0,945.1,28.0,AWS-RAN-101,Khunti,RAN,neighbor,False,
2025-02-25 17:00:00,24.5,945.0,35.0,AWS-RAN-101,Khunti,RAN,neighbor,False,
2025-02-25 18:00:00,23.1,945.8,39.0,AWS-RAN-101,Khunti,RAN,neighbor,False,
2025-02-25 19:00:00,22.4,946.8,42.0,AWS-RAN-101,Khunti,RAN,neighbor,False,
2025-02-25 20:00:00,21.1,947.5,45.0,AWS-RAN-101,Khunti,RAN,neighbor,False,
2025-02-25 21:00:00,20.3,947.7,48.0,AWS-RAN-101,Khunti,RAN,neighbor,False,
2025-02-25 22:00:00,18.9,947.5,53.0,AWS-RAN-101,Khunti,RAN,neighbor,False,
2025-02-25 23:00:00,18.0,947.0,55.0,AWS-RAN-101,Khunti,RAN,neighbor,False,
2025-02-26 00:00:00,17.7,946.4,57.0,AWS-RAN-101,Khunti,RAN,neighbor,False,
2025-02-26 01:00:00,17.4,945.8,57.0,AWS-RAN-101,Khunti,RAN,neighbor,False,
2025-02-26 02:00:00,16.9,945.4,58.0,AWS-RAN-101,Khunti,RAN,neighbor,False,
2025-02-26 03:00:00,16.2,945.2,60.0,AWS-RAN-101,Khunti,RAN,neighbor,False,
2025-02-26 04:00:00,15.8,945.1,62.0,AWS-RAN-101,Khunti,RAN,neighbor,False,
2025-02-26 05:00:00,15.8,945.5,61.0,AWS-RAN-101,Khunti,RAN,neighbor,False,
2025-02-26 06:00:00,15.8,946.5,66.0,AWS-RAN-101,Khunti,RAN,neighbor,False,
2025-02-26 07:00:00,18.5,948.1,58.0,AWS-RAN-101,Khunti,RAN,neighbor,False,
2025-02-26 08:00:00,21.3,949.2,49.0,AWS-RAN-101,Khunti,RAN,neighbor,False,
2025-02-26 09:00:00,22.9,949.7,47.0,AWS-RAN-101,Khunti,RAN,neighbor,False,
2025-02-26 10:00:00,24.2,950.0,47.0,AWS-RAN-101,Khunti,RAN,neighbor,False,
2025-02-26 11:00:00,25.4,948.8,43.0,AWS-RAN-101,Khunti,RAN,neighbor,False,
2025-02-26 12:00:00,26.3,947.6,38.0,AWS-RAN-101,Khunti,RAN,neighbor,False,
2025-02-26 13:00:00,27.0,946.4,36.0,AWS-RAN-101,Khunti,RAN,neighbor,False,
2025-02-26 14:00:00,27.3,945.3,35.0,AWS-RAN-101,Khunti,RAN,neighbor,False,
2025-02-26 15:00:00,27.3,944.8,34.0,AWS-RAN-101,Khunti,RAN,neighbor,False,
2025-02-26 16:00:00,26.9,944.7,34.0,AWS-RAN-101,Khunti,RAN,neighbor,False,
2025-02-26 17:00:00,24.8,944.2,47.0,AWS-RAN-101,Khunti,RAN,neighbor,False,
2025-02-26 18:00:00,23.1,944.6,46.0,AWS-RAN-101,Khunti,RAN,neighbor,False,
2025-02-26 19:00:00,21.2,945.0,53.0,AWS-RAN-101,Khunti,RAN,neighbor,False,
2025-02-26 20:00:00,20.4,945.5,60.0,AWS-RAN-101,Khunti,RAN,neighbor,False,
2025-02-26 21:00:00,19.9,945.8,60.0,AWS-RAN-101,Khunti,RAN,neighbor,False,
2025-02-26 22:00:00,20.4,945.8,57.0,AWS-RAN-101,Khunti,RAN,neighbor,False,
2025-02-26 23:00:00,19.8,945.5,58.0,AWS-RAN-101,Khunti,RAN,neighbor,False,
2025-02-27 00:00:00,18.7,944.9,63.0,AWS-RAN-101,Khunti,RAN,neighbor,False,
2025-02-27 01:00:00,18.0,944.0,58.0,AWS-RAN-101,Khunti,RAN,neighbor,False,
2025-02-27 02:00:00,17.2,943.3,50.0,AWS-RAN-101,Khunti,RAN,neighbor,False,
2025-02-27 03:00:00,16.4,942.9,55.0,AWS-RAN-101,Khunti,RAN,neighbor,False,
2025-02-27 04:00:00,16.1,943.2,59.0,AWS-RAN-101,Khunti,RAN,neighbor,True,frozen_value
2025-02-27 05:00:00,16.11603101955226,943.7,58.0,AWS-RAN-101,Khunti,RAN,neighbor,True,frozen_value
2025-02-27 06:00:00,16.19573659069125,944.3,66.0,AWS-RAN-101,Khunti,RAN,neighbor,True,frozen_value
2025-02-27 07:00:00,16.239339009106022,945.6,59.0,AWS-RAN-101,Khunti,RAN,neighbor,True,frozen_value
2025-02-27 08:00:00,16.26483419127038,946.8,51.0,AWS-RAN-101,Khunti,RAN,neighbor,True,frozen_value
2025-02-27 09:00:00,16.266972179870464,947.5,41.0,AWS-RAN-101,Khunti,RAN,neighbor,True,frozen_value
2025-02-27 10:00:00,16.26111324630732,947.6,32.0,AWS-RAN-101,Khunti,RAN,neighbor,True,frozen_value
2025-02-27 11:00:00,16.273951944390774,946.5,29.0,AWS-RAN-101,Khunti,RAN,neighbor,True,frozen_value
2025-02-27 12:00:00,28.1,945.3,29.0,AWS-RAN-101,Khunti,RAN,neighbor,False,
2025-02-27 13:00:00,29.2,943.9,25.0,AWS-RAN-101,Khunti,RAN,neighbor,False,
2025-02-27 14:00:00,29.5,942.7,24.0,AWS-RAN-101,Khunti,RAN,neighbor,False,
2025-02-27 15:00:00,28.9,942.2,24.0,AWS-RAN-101,Khunti,RAN,neighbor,False,
2025-02-27 16:00:00,28.0,942.4,27.0,AWS-RAN-101,Khunti,RAN,neighbor,False,
2025-02-27 17:00:00,25.6,942.5,33.0,AWS-RAN-101,Khunti,RAN,neighbor,False,
2025-02-27 18:00:00,23.4,942.9,39.0,AWS-RAN-101,Khunti,RAN,neighbor,False,
2025-02-27 19:00:00,22.3,943.4,42.0,AWS-RAN-101,Khunti,RAN,neighbor,False,
2025-02-27 20:00:00,21.8,944.0,43.0,AWS-RAN-101,Khunti,RAN,neighbor,False,
2025-02-27 21:00:00,21.2,944.3,45.0,AWS-RAN-101,Khunti,RAN,neighbor,False,
2025-02-27 22:00:00,20.5,944.2,47.0,AWS-RAN-101,Khunti,RAN,neighbor,False,
2025-02-27 23:00:00,18.6,943.4,55.0,AWS-RAN-101,Khunti,RAN,neighbor,False,
2025-02-28 00:00:00,18.3,943.0,58.0,AWS-RAN-101,Khunti,RAN,neighbor,False,
2025-02-28 01:00:00,18.2,942.4,58.0,AWS-RAN-101,Khunti,RAN,neighbor,False,
2025-02-28 02:00:00,18.2,941.9,58.0,AWS-RAN-101,Khunti,RAN,neighbor,False,
2025-02-28 03:00:00,18.0,941.9,59.0,AWS-RAN-101,Khunti,RAN,neighbor,False,
2025-02-28 04:00:00,17.6,941.9,61.0,AWS-RAN-101,Khunti,RAN,neighbor,False,
2025-02-28 05:00:00,17.7,942.3,60.0,AWS-RAN-101,Khunti,RAN,neighbor,False,
2025-02-28 06:00:00,18.7,942.9,59.0,AWS-RAN-101,Khunti,RAN,neighbor,False,
2025-02-28 07:00:00,21.2,944.2,51.0,AWS-RAN-101,Khunti,RAN,neighbor,False,
2025-02-28 08:00:00,23.8,945.3,45.0,AWS-RAN-101,Khunti,RAN,neighbor,False,
2025-02-28 09:00:00,25.8,946.2,39.0,AWS-RAN-101,Khunti,RAN,neighbor,False,
2025-02-28 10:00:00,27.6,946.4,35.0,AWS-RAN-101,Khunti,RAN,neighbor,False,
2025-02-28 11:00:00,29.1,945.7,29.0,AWS-RAN-101,Khunti,RAN,neighbor,False,
2025-02-28 12:00:00,30.2,944.5,26.0,AWS-RAN-101,Khunti,RAN,neighbor,False,
2025-02-28 13:00:00,30.6,943.1,25.0,AWS-RAN-101,Khunti,RAN,neighbor,False,
2025-02-28 14:00:00,30.8,942.1,25.0,AWS-RAN-101,Khunti,RAN,neighbor,False,
2025-02-28 15:00:00,30.3,941.3,25.0,AWS-RAN-101,Khunti,RAN,neighbor,False,
2025-02-28 16:00:00,29.8,941.1,26.0,AWS-RAN-101,Khunti,RAN,neighbor,False,
2025-02-28 17:00:00,27.4,940.9,32.0,AWS-RAN-101,Khunti,RAN,neighbor,False,
2025-02-28 18:00:00,25.8,942.0,38.0,AWS-RAN-101,Khunti,RAN,neighbor,False,
2025-02-28 19:00:00,24.2,942.7,45.0,AWS-RAN-101,Khunti,RAN,neighbor,False,
2025-02-28 20:00:00,23.8,943.4,45.0,AWS-RAN-101,Khunti,RAN,neighbor,False,
2025-02-28 21:00:00,22.3,943.0,50.0,AWS-RAN-101,Khunti,RAN,neighbor,False,
2025-02-28 22:00:00,21.6,942.8,52.0,AWS-RAN-101,Khunti,RAN,neighbor,False,
2025-02-28 23:00:00,20.9,942.0,54.0,AWS-RAN-101,Khunti,RAN,neighbor,False,
2025-03-01 00:00:00,20.1,941.1,58.0,AWS-RAN-101,Khunti,RAN,neighbor,False,
2025-03-01 01:00:00,19.8,940.6,58.0,AWS-RAN-101,Khunti,RAN,neighbor,False,
2025-03-01 02:00:00,19.9,940.3,54.0,AWS-RAN-101,Khunti,RAN,neighbor,False,
2025-03-01 03:00:00,20.1,940.2,52.0,AWS-RAN-101,Khunti,RAN,neighbor,False,
2025-03-01 04:00:00,20.1,939.9,54.0,AWS-RAN-101,Khunti,RAN,neighbor,False,
2025-03-01 05:00:00,19.4,940.2,60.0,AWS-RAN-101,Khunti,RAN,neighbor,False,
2025-03-01 06:00:00,19.1,941.1,63.0,AWS-RAN-101,Khunti,RAN,neighbor,False,
2025-03-01 07:00:00,21.1,942.6,59.0,AWS-RAN-101,Khunti,RAN,neighbor,False,
2025-03-01 08:00:00,24.5,944.0,49.0,AWS-RAN-101,Khunti,RAN,neighbor,False,
2025-03-01 09:00:00,26.9,944.5,44.0,AWS-RAN-101,Khunti,RAN,neighbor,False,
2025-03-01 10:00:00,28.9,944.4,39.0,AWS-RAN-101,Khunti,RAN,neighbor,False,
2025-03-01 11:00:00,30.5,943.6,33.0,AWS-RAN-101,Khunti,RAN,neighbor,False,
2025-03-01 12:00:00,31.3,942.2,28.0,AWS-RAN-101,Khunti,RAN,neighbor,False,
2025-03-01 13:00:00,31.8,941.1,24.0,AWS-RAN-101,Khunti,RAN,neighbor,True,drift
2025-03-01 14:00:00,23.75961761995655,939.9,24.0,AWS-RAN-101,Khunti,RAN,neighbor,True,drift
2025-03-01 15:00:00,15.4192352399131,939.2,23.0,AWS-RAN-101,Khunti,RAN,neighbor,True,drift
2025-03-01 16:00:00,7.078852859869649,939.2,23.0,AWS-RAN-101,Khunti,RAN,neighbor,True,drift
2025-03-01 17:00:00,-2.8615295201738,939.4,27.0,AWS-RAN-101,Khunti,RAN,neighbor,True,drift
2025-03-01 18:00:00,-13.101911900217246,939.8,31.0,AWS-RAN-101,Khunti,RAN,neighbor,True,drift
2025-03-01 19:00:00,-22.4422942802607,940.3,33.0,AWS-RAN-101,Khunti,RAN,neighbor,True,drift
2025-03-01 20:00:00,-32.58267666030416,940.9,39.0,AWS-RAN-101,Khunti,RAN,neighbor,True,drift
2025-03-01 21:00:00,-41.523059040347604,940.7,43.0,AWS-RAN-101,Khunti,RAN,neighbor,True,drift
2025-03-01 22:00:00,-50.66344142039105,940.4,45.0,AWS-RAN-101,Khunti,RAN,neighbor,True,drift
2025-03-01 23:00:00,-59.20382380043449,939.6,46.0,AWS-RAN-101,Khunti,RAN,neighbor,True,drift
2025-03-02 00:00:00,-67.24420618047795,939.6,45.0,AWS-RAN-101,Khunti,RAN,neighbor,True,drift
2025-03-02 01:00:00,-75.6845885605214,938.9,46.0,AWS-RAN-101,Khunti,RAN,neighbor,True,drift
2025-03-02 02:00:00,-83.72497094056486,938.5,51.0,AWS-RAN-101,Khunti,RAN,neighbor,True,drift
2025-03-02 03:00:00,-92.26535332060831,937.8,57.0,AWS-RAN-101,Khunti,RAN,neighbor,True,drift
2025-03-02 04:00:00,-100.10573570065175,937.7,57.0,AWS-RAN-101,Khunti,RAN,neighbor,True,drift
2025-03-02 05:00:00,-108.04611808069521,938.1,56.0,AWS-RAN-101,Khunti,RAN,neighbor,True,drift
2025-03-02 06:00:00,-115.28650046073864,938.7,57.0,AWS-RAN-101,Khunti,RAN,neighbor,True,drift
2025-03-02 07:00:00,-120.22688284078211,940.2,45.0,AWS-RAN-101,Khunti,RAN,neighbor,True,drift
2025-03-02 08:00:00,-125.56726522082555,941.6,37.0,AWS-RAN-101,Khunti,RAN,neighbor,True,drift
2025-03-02 09:00:00,-131.807647600869,942.3,30.0,AWS-RAN-101,Khunti,RAN,neighbor,True,drift
2025-03-02 10:00:00,-138.14802998091247,942.3,26.0,AWS-RAN-101,Khunti,RAN,neighbor,True,drift
2025-03-02 11:00:00,-144.7884123609559,941.5,23.0,AWS-RAN-101,Khunti,RAN,neighbor,True,drift
2025-03-02 12:00:00,-152.42879474099934,940.3,22.0,AWS-RAN-101,Khunti,RAN,neighbor,True,drift
2025-03-02 13:00:00,-160.2691771210428,939.0,22.0,AWS-RAN-101,Khunti,RAN,neighbor,True,drift
2025-03-02 14:00:00,-168.30955950108626,938.0,21.0,AWS-RAN-101,Khunti,RAN,neighbor,True,drift
2025-03-02 15:00:00,-177.0499418811297,937.5,20.0,AWS-RAN-101,Khunti,RAN,neighbor,True,drift
2025-03-02 16:00:00,-185.79032426117314,937.4,20.0,AWS-RAN-101,Khunti,RAN,neighbor,True,drift
2025-03-02 17:00:00,-195.2307066412166,937.3,22.0,AWS-RAN-101,Khunti,RAN,neighbor,True,drift
2025-03-02 18:00:00,-206.97108902126007,937.8,33.0,AWS-RAN-101,Khunti,RAN,neighbor,True,drift
2025-03-02 19:00:00,-216.4114714013035,938.9,37.0,AWS-RAN-101,Khunti,RAN,neighbor,True,drift
2025-03-02 20:00:00,-225.95185378134695,939.4,42.0,AWS-RAN-101,Khunti,RAN,neighbor,True,drift
2025-03-02 21:00:00,-235.09223616139042,939.5,50.0,AWS-RAN-101,Khunti,RAN,neighbor,True,drift
2025-03-02 22:00:00,-243.23261854143388,940.2,49.0,AWS-RAN-101,Khunti,RAN,neighbor,True,drift
2025-03-02 23:00:00,-252.37300092147728,940.0,53.0,AWS-RAN-101,Khunti,RAN,neighbor,True,drift
2025-03-03 00:00:00,-261.0133833015208,939.4,57.0,AWS-RAN-101,Khunti,RAN,neighbor,True,drift
2025-03-03 01:00:00,-269.4537656815642,938.9,60.0,AWS-RAN-101,Khunti,RAN,neighbor,True,drift
2025-03-03 02:00:00,-277.8941480616076,938.2,62.0,AWS-RAN-101,Khunti,RAN,neighbor,True,drift
2025-03-03 03:00:00,-286.2345304416511,938.3,63.0,AWS-RAN-101,Khunti,RAN,neighbor,True,drift
2025-03-03 04:00:00,-294.27491282169456,938.6,63.0,AWS-RAN-101,Khunti,RAN,neighbor,True,drift
2025-03-03 05:00:00,19.3,939.2,63.0,AWS-RAN-101,Khunti,RAN,neighbor,False,
2025-03-03 06:00:00,19.5,940.6,65.0,AWS-RAN-101,Khunti,RAN,neighbor,False,
2025-03-03 07:00:00,21.5,942.1,59.0,AWS-RAN-101,Khunti,RAN,neighbor,False,
2025-03-03 08:00:00,23.9,943.1,49.0,AWS-RAN-101,Khunti,RAN,neighbor,False,
2025-03-03 09:00:00,26.1,943.7,42.0,AWS-RAN-101,Khunti,RAN,neighbor,False,
2025-03-03 10:00:00,28.0,943.9,37.0,AWS-RAN-101,Khunti,RAN,neighbor,False,
2025-03-03 11:00:00,29.5,943.1,32.0,AWS-RAN-101,Khunti,RAN,neighbor,False,
2025-03-03 12:00:00,359.62919450073764,800.0,80.56967633439024,AWS-RAN-101,Khunti,RAN,neighbor,True,unstructured_anomaly
2025-03-03 13:00:00,424.7257581579299,819.0114844250681,70.59311631026831,AWS-RAN-101,Khunti,RAN,neighbor,True,unstructured_anomaly
2025-03-03 14:00:00,-297.00420973802755,1070.5924588071261,0.0,AWS-RAN-101,Khunti,RAN,neighbor,True,unstructured_anomaly
2025-03-03 15:00:00,-291.2790327543679,1070.2153222131103,0.0,AWS-RAN-101,Khunti,RAN,neighbor,True,unstructured_anomaly
2025-03-03 16:00:00,346.66080599128094,800.0,0.0,AWS-RAN-101,Khunti,RAN,neighbor,True,unstructured_anomaly
2025-03-03 17:00:00,356.3223145720129,810.1751620378462,0.0,AWS-RAN-101,Khunti,RAN,neighbor,True,unstructured_anomaly
2025-03-03 18:00:00,362.4282584631934,800.0,0.0,AWS-RAN-101,Khunti,RAN,neighbor,True,unstructured_anomaly
2025-03-03 19:00:00,23.7,940.0,40.0,AWS-RAN-101,Khunti,RAN,neighbor,False,
2025-03-03 20:00:00,23.2,940.3,37.0,AWS-RAN-101,Khunti,RAN,neighbor,False,
2025-03-03 21:00:00,22.5,940.6,37.0,AWS-RAN-101,Khunti,RAN,neighbor,False,
2025-03-03 22:00:00,22.0,940.4,38.0,AWS-RAN-101,Khunti,RAN,neighbor,False,
2025-03-03 23:00:00,21.7,940.4,38.0,AWS-RAN-101,Khunti,RAN,neighbor,False,
2025-03-04 00:00:00,21.3,939.9,40.0,AWS-RAN-101,Khunti,RAN,neighbor,False,
2025-03-04 01:00:00,20.8,939.5,41.0,AWS-RAN-101,Khunti,RAN,neighbor,False,
2025-03-04 02:00:00,19.6,938.8,44.0,AWS-RAN-101,Khunti,RAN,neighbor,False,
2025-03-04 03:00:00,19.0,938.3,46.0,AWS-RAN-101,Khunti,RAN,neighbor,False,
2025-03-04 04:00:00,18.4,938.5,47.0,AWS-RAN-101,Khunti,RAN,neighbor,False,
2025-03-04 05:00:00,18.1,939.2,47.0,AWS-RAN-101,Khunti,RAN,neighbor,False,
2025-03-04 06:00:00,17.7,940.2,53.0,AWS-RAN-101,Khunti,RAN,neighbor,False,
2025-03-04 07:00:00,20.3,953.994703438426,47.0,AWS-RAN-101,Khunti,RAN,neighbor,True,spike
2025-03-04 08:00:00,23.3,947.3231084400926,39.0,AWS-RAN-101,Khunti,RAN,neighbor,True,spike
2025-03-04 09:00:00,25.5,945.0078429812899,32.0,AWS-RAN-101,Khunti,RAN,neighbor,True,spike
2025-03-04 10:00:00,27.5,944.3259156664079,28.0,AWS-RAN-101,Khunti,RAN,neighbor,True,spike
2025-03-04 11:00:00,30.1,943.283432420753,21.0,AWS-RAN-101,Khunti,RAN,neighbor,True,spike
2025-03-04 12:00:00,30.8,941.7,21.0,AWS-RAN-101,Khunti,RAN,neighbor,False,
2025-03-04 13:00:00,30.7,940.8,22.0,AWS-RAN-101,Khunti,RAN,neighbor,False,
2025-03-04 14:00:00,30.9,940.1,22.0,AWS-RAN-101,Khunti,RAN,neighbor,False,
2025-03-04 15:00:00,30.6,939.4,22.0,AWS-RAN-101,Khunti,RAN,neighbor,False,
2025-03-04 16:00:00,30.2,939.1,22.0,AWS-RAN-101,Khunti,RAN,neighbor,False,
2025-03-04 17:00:00,28.0,938.8,27.0,AWS-RAN-101,Khunti,RAN,neighbor,False,
2025-03-04 18:00:00,713.4233138866215,941.5449906367252,76.61408957111493,AWS-RAN-101,Khunti,RAN,neighbor,True,multivariate_inconsistency
2025-03-04 19:00:00,711.6233138866215,936.72514124604,89.38315663651764,AWS-RAN-101,Khunti,RAN,neighbor,True,multivariate_inconsistency
2025-03-04 20:00:00,711.3233138866215,941.285899269032,91.936969613169,AWS-RAN-101,Khunti,RAN,neighbor,True,multivariate_inconsistency
2025-03-04 21:00:00,710.4233138866215,940.6855573045419,97.04460519745338,AWS-RAN-101,Khunti,RAN,neighbor,True,multivariate_inconsistency
2025-03-04 22:00:00,709.4233138866215,940.8973671350614,100.0,AWS-RAN-101,Khunti,RAN,neighbor,True,multivariate_inconsistency
2025-03-04 23:00:00,20.9,940.4,49.0,AWS-RAN-101,Khunti,RAN,neighbor,False,
2025-03-05 00:00:00,20.8,940.0,55.0,AWS-RAN-101,Khunti,RAN,neighbor,False,
2025-03-05 01:00:00,20.6,939.5,56.0,AWS-RAN-101,Khunti,RAN,neighbor,False,
2025-03-05 02:00:00,19.7,939.0,58.0,AWS-RAN-101,Khunti,RAN,neighbor,False,
2025-03-05 03:00:00,18.7,938.3,58.0,AWS-RAN-101,Khunti,RAN,neighbor,False,
2025-03-05 04:00:00,18.3,938.4,55.0,AWS-RAN-101,Khunti,RAN,neighbor,False,
2025-03-05 05:00:00,18.0,938.6,53.0,AWS-RAN-101,Khunti,RAN,neighbor,False,
2025-03-05 06:00:00,17.6,939.5,54.0,AWS-RAN-101,Khunti,RAN,neighbor,False,
2025-03-05 07:00:00,20.4,940.8,45.0,AWS-RAN-101,Khunti,RAN,neighbor,True,drift
2025-03-05 08:00:00,22.4,941.7,35.6763534942471,AWS-RAN-101,Khunti,RAN,neighbor,True,drift
2025-03-05 09:00:00,23.7,942.3,35.06893476788939,AWS-RAN-101,Khunti,RAN,neighbor,True,drift
2025-03-05 10:00:00,24.9,942.6,38.47689820346891,AWS-RAN-101,Khunti,RAN,neighbor,True,drift
2025-03-05 11:00:00,26.2,941.6,42.67170129942751,AWS-RAN-101,Khunti,RAN,neighbor,True,drift
2025-03-05 12:00:00,27.3,940.2,46.52619681808034,AWS-RAN-101,Khunti,RAN,neighbor,True,drift
2025-03-05 13:00:00,27.8,939.3,52.95684598222463,AWS-RAN-101,Khunti,RAN,neighbor,True,drift
2025-03-05 14:00:00,28.2,938.5,60.90357434930078,AWS-RAN-101,Khunti,RAN,neighbor,True,drift
2025-03-05 15:00:00,28.3,937.9,67.32061839028934,AWS-RAN-101,Khunti,RAN,neighbor,True,drift
2025-03-05 16:00:00,75.89010208492445,937.7,73.17168610884187,AWS-RAN-101,Khunti,RAN,neighbor,True,drift
2025-03-05 17:00:00,25.7,937.8,83.4271282695442,AWS-RAN-101,Khunti,RAN,neighbor,True,drift
2025-03-05 18:00:00,23.3,938.5,96.0621612132414,AWS-RAN-101,Khunti,RAN,neighbor,True,drift
2025-03-05 19:00:00,22.1,939.0,100.0,AWS-RAN-101,Khunti,RAN,neighbor,True,drift
2025-03-05 20:00:00,21.0,939.5,100.0,AWS-RAN-101,Khunti,RAN,neighbor,True,drift
2025-03-05 21:00:00,19.9,940.0,100.0,AWS-RAN-101,Khunti,RAN,neighbor,True,drift
2025-03-05 22:00:00,19.1,940.2,100.0,AWS-RAN-101,Khunti,RAN,neighbor,True,drift
2025-03-05 23:00:00,17.9,939.8,100.0,AWS-RAN-101,Khunti,RAN,neighbor,True,drift
2025-03-06 00:00:00,16.7,939.5,100.0,AWS-RAN-101,Khunti,RAN,neighbor,True,drift
2025-03-06 01:00:00,15.9,939.1,100.0,AWS-RAN-101,Khunti,RAN,neighbor,True,drift
2025-03-06 02:00:00,14.9,938.6,100.0,AWS-RAN-101,Khunti,RAN,neighbor,True,drift
2025-03-06 03:00:00,14.2,938.4,100.0,AWS-RAN-101,Khunti,RAN,neighbor,True,drift
2025-03-06 04:00:00,13.7,938.6,100.0,AWS-RAN-101,Khunti,RAN,neighbor,True,drift
2025-03-06 05:00:00,13.2,939.0,100.0,AWS-RAN-101,Khunti,RAN,neighbor,True,drift
2025-03-06 06:00:00,13.4,940.1,100.0,AWS-RAN-101,Khunti,RAN,neighbor,True,drift
2025-03-06 07:00:00,16.4,941.4,100.0,AWS-RAN-101,Khunti,RAN,neighbor,True,drift
2025-03-06 08:00:00,19.1,942.6,100.0,AWS-RAN-101,Khunti,RAN,neighbor,True,drift
2025-03-06 09:00:00,21.5,943.3,100.0,AWS-RAN-101,Khunti,RAN,neighbor,True,drift
2025-03-06 10:00:00,23.7,943.3,100.0,AWS-RAN-101,Khunti,RAN,neighbor,True,drift
2025-03-06 11:00:00,25.6,942.9,100.0,AWS-RAN-101,Khunti,RAN,neighbor,True,drift
2025-03-06 12:00:00,26.7,942.1,100.0,AWS-RAN-101,Khunti,RAN,neighbor,True,drift
2025-03-06 13:00:00,27.4,941.4,100.0,AWS-RAN-101,Khunti,RAN,neighbor,True,drift
2025-03-06 14:00:00,54.572805298047854,940.7,100.0,AWS-RAN-101,Khunti,RAN,neighbor,True,drift
2025-03-06 15:00:00,36.80468395753214,940.3,100.0,AWS-RAN-101,Khunti,RAN,neighbor,True,drift
2025-03-06 16:00:00,29.957603852883853,940.3,100.0,AWS-RAN-101,Khunti,RAN,neighbor,True,drift
2025-03-06 17:00:00,24.2,939.8,100.0,AWS-RAN-101,Khunti,RAN,neighbor,True,drift
2025-03-06 18:00:00,21.7,939.5,100.0,AWS-RAN-101,Khunti,RAN,neighbor,True,drift
2025-03-06 19:00:00,20.7,940.2,100.0,AWS-RAN-101,Khunti,RAN,neighbor,True,drift
2025-03-06 20:00:00,19.0,940.5,100.0,AWS-RAN-101,Khunti,RAN,neighbor,True,drift
2025-03-06 21:00:00,19.1,940.7,100.0,AWS-RAN-101,Khunti,RAN,neighbor,True,drift
2025-03-06 22:00:00,18.2,940.5,100.0,AWS-RAN-101,Khunti,RAN,neighbor,True,drift
2025-03-06 23:00:00,17.1,939.7,100.0,AWS-RAN-101,Khunti,RAN,neighbor,True,drift
2025-03-07 00:00:00,17.4,939.5,100.0,AWS-RAN-101,Khunti,RAN,neighbor,True,drift
2025-03-07 01:00:00,16.9,938.8,100.0,AWS-RAN-101,Khunti,RAN,neighbor,True,drift
2025-03-07 02:00:00,15.7,938.2,100.0,AWS-RAN-101,Khunti,RAN,neighbor,True,drift
2025-03-07 03:00:00,14.9,937.8,100.0,AWS-RAN-101,Khunti,RAN,neighbor,True,drift
2025-03-07 04:00:00,13.7,937.6,50.0,AWS-RAN-101,Khunti,RAN,neighbor,False,
2025-03-07 05:00:00,13.2,938.1,52.0,AWS-RAN-101,Khunti,RAN,neighbor,False,
2025-03-07 06:00:00,13.5,938.8,56.0,AWS-RAN-101,Khunti,RAN,neighbor,False,
2025-03-07 07:00:00,17.1,940.3,44.0,AWS-RAN-101,Khunti,RAN,neighbor,False,
2025-03-07 08:00:00,20.4,941.6,33.0,AWS-RAN-101,Khunti,RAN,neighbor,False,
2025-03-07 09:00:00,23.1,941.9,27.0,AWS-RAN-101,Khunti,RAN,neighbor,False,
2025-03-07 10:00:00,25.5,942.1,20.0,AWS-RAN-101,Khunti,RAN,neighbor,False,
2025-03-07 11:00:00,27.6,941.5,15.0,AWS-RAN-101,Khunti,RAN,neighbor,False,
2025-03-07 12:00:00,28.9,940.4,12.0,AWS-RAN-101,Khunti,RAN,neighbor,False,
2025-03-07 13:00:00,29.3,939.4,12.0,AWS-RAN-101,Khunti,RAN,neighbor,False,
2025-03-07 14:00:00,29.3,938.5,12.0,AWS-RAN-101,Khunti,RAN,neighbor,False,
2025-03-07 15:00:00,29.0,938.1,12.0,AWS-RAN-101,Khunti,RAN,neighbor,False,
2025-03-07 16:00:00,28.3,938.1,13.0,AWS-RAN-101,Khunti,RAN,neighbor,False,
2025-03-07 17:00:00,24.8,937.6,23.0,AWS-RAN-101,Khunti,RAN,neighbor,False,
2025-03-07 18:00:00,22.3,937.5,25.0,AWS-RAN-101,Khunti,RAN,neighbor,False,
2025-03-07 19:00:00,20.7,938.4,28.0,AWS-RAN-101,Khunti,RAN,neighbor,False,
2025-03-07 20:00:00,20.6,938.9,28.0,AWS-RAN-101,Khunti,RAN,neighbor,False,
2025-03-07 21:00:00,20.1,938.8,27.0,AWS-RAN-101,Khunti,RAN,neighbor,False,
2025-03-07 22:00:00,19.3,938.3,28.0,AWS-RAN-101,Khunti,RAN,neighbor,True,drift
2025-03-07 23:00:00,18.8,933.8201139777248,28.0,AWS-RAN-101,Khunti,RAN,neighbor,True,drift
2025-03-08 00:00:00,17.1,928.9402279554497,33.0,AWS-RAN-101,Khunti,RAN,neighbor,True,drift
2025-03-08 01:00:00,16.2,923.7603419331747,40.0,AWS-RAN-101,Khunti,RAN,neighbor,True,drift
2025-03-08 02:00:00,15.9,918.7804559108995,45.0,AWS-RAN-101,Khunti,RAN,neighbor,True,drift
2025-03-08 03:00:00,15.4,913.7005698886244,48.0,AWS-RAN-101,Khunti,RAN,neighbor,True,drift
2025-03-08 04:00:00,15.1,909.2206838663492,49.0,AWS-RAN-101,Khunti,RAN,neighbor,True,drift
2025-03-08 05:00:00,15.2,905.3407978440741,49.0,AWS-RAN-101,Khunti,RAN,neighbor,True,drift
2025-03-08 06:00:00,16.2,901.6609118217989,52.0,AWS-RAN-101,Khunti,RAN,neighbor,True,drift
2025-03-08 07:00:00,19.6,898.5810257995238,40.0,AWS-RAN-101,Khunti,RAN,neighbor,True,drift
2025-03-08 08:00:00,22.8,895.5011397772486,32.0,AWS-RAN-101,Khunti,RAN,neighbor,True,drift
2025-03-08 09:00:00,24.9,891.6212537549734,26.0,AWS-RAN-101,Khunti,RAN,neighbor,True,drift
2025-03-08 10:00:00,26.6,887.1413677326983,22.0,AWS-RAN-101,Khunti,RAN,neighbor,True,drift
2025-03-08 11:00:00,28.1,882.2614817104233,20.0,AWS-RAN-101,Khunti,RAN,neighbor,True,drift
2025-03-08 12:00:00,29.6,876.9815956881481,17.0,AWS-RAN-101,Khunti,RAN,neighbor,True,drift
2025-03-08 13:00:00,30.3,871.301709665873,16.0,AWS-RAN-101,Khunti,RAN,neighbor,True,drift
2025-03-08 14:00:00,30.4,866.0218236435978,16.0,AWS-RAN-101,Khunti,RAN,neighbor,True,drift
2025-03-08 15:00:00,30.2,861.2419376213227,16.0,AWS-RAN-101,Khunti,RAN,neighbor,True,drift
2025-03-08 16:00:00,29.3,856.7620515990475,17.0,AWS-RAN-101,Khunti,RAN,neighbor,True,drift
2025-03-08 17:00:00,26.2,852.1821655767724,25.0,AWS-RAN-101,Khunti,RAN,neighbor,True,drift
2025-03-08 18:00:00,,848.1022795544973,28.0,AWS-RAN-101,Khunti,RAN,neighbor,True,dropout
2025-03-08 19:00:00,21.7,844.5223935322222,32.0,AWS-RAN-101,Khunti,RAN,neighbor,True,drift
2025-03-08 20:00:00,21.5,840.942507509947,32.0,AWS-RAN-101,Khunti,RAN,neighbor,True,drift
2025-03-08 21:00:00,-8.818467076216582,836.8626214876717,33.0,AWS-RAN-101,Khunti,RAN,neighbor,True,drift
2025-03-08 22:00:00,7.870721615269595,832.2827354653966,33.0,AWS-RAN-101,Khunti,RAN,neighbor,True,drift
2025-03-08 23:00:00,13.44970957098073,827.3028494431215,36.0,AWS-RAN-101,Khunti,RAN,neighbor,True,drift
2025-03-09 00:00:00,16.617367115952522,822.9229634208464,37.0,AWS-RAN-101,Khunti,RAN,neighbor,True,drift
2025-03-09 01:00:00,17.677181548831577,817.9430773985713,38.0,AWS-RAN-101,Khunti,RAN,neighbor,True,drift
2025-03-09 02:00:00,18.1,938.7,41.0,AWS-RAN-101,Khunti,RAN,neighbor,False,
2025-03-09 03:00:00,17.5,938.7,43.0,AWS-RAN-101,Khunti,RAN,neighbor,False,
2025-03-09 04:00:00,17.1,938.9,44.0,AWS-RAN-101,Khunti,RAN,neighbor,False,
2025-03-09 05:00:00,17.1,939.5,45.0,AWS-RAN-101,Khunti,RAN,neighbor,False,
2025-03-09 06:00:00,17.1,940.4,50.0,AWS-RAN-101,Khunti,RAN,neighbor,False,
2025-03-09 07:00:00,20.1,942.0,46.0,AWS-RAN-101,Khunti,RAN,neighbor,False,
2025-03-09 08:00:00,23.2,943.6,41.0,AWS-RAN-101,Khunti,RAN,neighbor,False,
2025-03-09 09:00:00,25.5,944.3,36.0,AWS-RAN-101,Khunti,RAN,neighbor,False,
2025-03-09 10:00:00,27.1,944.7,32.0,AWS-RAN-101,Khunti,RAN,neighbor,False,
2025-03-09 11:00:00,28.3,944.3,28.0,AWS-RAN-101,Khunti,RAN,neighbor,False,
2025-03-09 12:00:00,29.4,943.4,25.0,AWS-RAN-101,Khunti,RAN,neighbor,False,
2025-03-09 13:00:00,30.2,942.4,0.07384895386787502,AWS-RAN-101,Khunti,RAN,neighbor,True,sensor_fail_low
2025-03-09 14:00:00,30.6,941.7,0.06211186063864532,AWS-RAN-101,Khunti,RAN,neighbor,True,sensor_fail_low
2025-03-09 15:00:00,30.2,941.4,-0.07695914401660989,AWS-RAN-101,Khunti,RAN,neighbor,True,sensor_fail_low
2025-03-09 16:00:00,29.4,941.4,-0.05385053863583181,AWS-RAN-101,Khunti,RAN,neighbor,True,sensor_fail_low
2025-03-09 17:00:00,27.0,941.3,31.0,AWS-RAN-101,Khunti,RAN,neighbor,False,
2025-03-09 18:00:00,25.4,941.5,30.0,AWS-RAN-101,Khunti,RAN,neighbor,False,
2025-03-09 19:00:00,23.7,942.0,33.0,AWS-RAN-101,Khunti,RAN,neighbor,False,
2025-03-09 20:00:00,23.0,942.7,34.0,AWS-RAN-101,Khunti,RAN,neighbor,False,
2025-03-09 21:00:00,22.2,943.2,37.0,AWS-RAN-101,Khunti,RAN,neighbor,False,
2025-03-09 22:00:00,21.1,943.1,42.0,AWS-RAN-101,Khunti,RAN,neighbor,False,
2025-03-09 23:00:00,20.5,943.1,46.0,AWS-RAN-101,Khunti,RAN,neighbor,False,
2025-03-10 00:00:00,19.7,943.3,51.0,AWS-RAN-101,Khunti,RAN,neighbor,False,
2025-03-10 01:00:00,19.1,943.0,51.0,AWS-RAN-101,Khunti,RAN,neighbor,False,
2025-03-10 02:00:00,17.8,942.3,55.0,AWS-RAN-101,Khunti,RAN,neighbor,False,
2025-03-10 03:00:00,17.5,942.0,58.0,AWS-RAN-101,Khunti,RAN,neighbor,False,
2025-03-10 04:00:00,18.4,942.6,57.0,AWS-RAN-101,Khunti,RAN,neighbor,False,
2025-03-10 05:00:00,18.3,943.1,58.0,AWS-RAN-101,Khunti,RAN,neighbor,False,
2025-03-10 06:00:00,18.6,944.4,67.0,AWS-RAN-101,Khunti,RAN,neighbor,False,
2025-03-10 07:00:00,21.3,945.5,60.0,AWS-RAN-101,Khunti,RAN,neighbor,False,
2025-03-10 08:00:00,24.1,946.7,52.0,AWS-RAN-101,Khunti,RAN,neighbor,False,
2025-03-10 09:00:00,26.7,947.3,38.0,AWS-RAN-101,Khunti,RAN,neighbor,False,
2025-03-10 10:00:00,28.6,947.5,31.0,AWS-RAN-101,Khunti,RAN,neighbor,False,
2025-03-10 11:00:00,29.9,946.6,28.0,AWS-RAN-101,Khunti,RAN,neighbor,False,
2025-03-10 12:00:00,30.7,945.5,26.0,AWS-RAN-101,Khunti,RAN,neighbor,False,
2025-03-10 13:00:00,31.1,944.5,25.0,AWS-RAN-101,Khunti,RAN,neighbor,False,
2025-03-10 14:00:00,31.2,943.6,25.0,AWS-RAN-101,Khunti,RAN,neighbor,False,
2025-03-10 15:00:00,31.0,943.0,25.0,AWS-RAN-101,Khunti,RAN,neighbor,False,
2025-03-10 16:00:00,30.1,942.7,26.0,AWS-RAN-101,Khunti,RAN,neighbor,False,
2025-03-10 17:00:00,28.0,942.4,30.0,AWS-RAN-101,Khunti,RAN,neighbor,False,
2025-03-10 18:00:00,25.7,942.3,34.0,AWS-RAN-101,Khunti,RAN,neighbor,False,
2025-03-10 19:00:00,24.1,942.5,39.0,AWS-RAN-101,Khunti,RAN,neighbor,False,
2025-03-10 20:00:00,23.3,943.5,42.0,AWS-RAN-101,Khunti,RAN,neighbor,False,
2025-03-10 21:00:00,23.6,944.0,40.0,AWS-RAN-101,Khunti,RAN,neighbor,False,
2025-03-10 22:00:00,22.0,943.7,51.0,AWS-RAN-101,Khunti,RAN,neighbor,False,
2025-03-10 23:00:00,21.3,943.0,58.0,AWS-RAN-101,Khunti,RAN,neighbor,False,
2025-03-11 00:00:00,19.8,942.7,0.015019256595733887,AWS-RAN-101,Khunti,RAN,neighbor,True,sensor_fail_low
2025-03-11 01:00:00,19.1,942.2,-0.07106629353699173,AWS-RAN-101,Khunti,RAN,neighbor,True,sensor_fail_low
2025-03-11 02:00:00,18.5,941.6,0.08667814493914498,AWS-RAN-101,Khunti,RAN,neighbor,True,sensor_fail_low
2025-03-11 03:00:00,18.2,941.5,0.0052042327708883545,AWS-RAN-101,Khunti,RAN,neighbor,True,sensor_fail_low
2025-03-11 04:00:00,18.2,942.0,76.0,AWS-RAN-101,Khunti,RAN,neighbor,False,
2025-03-11 05:00:00,18.0,942.1,78.0,AWS-RAN-101,Khunti,RAN,neighbor,False,
2025-03-11 06:00:00,18.4,943.1,82.0,AWS-RAN-101,Khunti,RAN,neighbor,False,
2025-03-11 07:00:00,21.6,944.7,68.0,AWS-RAN-101,Khunti,RAN,neighbor,False,
2025-03-11 08:00:00,25.0,946.2,48.0,AWS-RAN-101,Khunti,RAN,neighbor,False,
2025-03-11 09:00:00,27.0,946.5,36.0,AWS-RAN-101,Khunti,RAN,neighbor,False,
2025-03-11 10:00:00,28.7,946.2,28.0,AWS-RAN-101,Khunti,RAN,neighbor,False,
2025-03-11 11:00:00,29.9,945.3,24.0,AWS-RAN-101,Khunti,RAN,neighbor,False,
2025-03-11 12:00:00,30.8,943.9,22.0,AWS-RAN-101,Khunti,RAN,neighbor,False,
2025-03-11 13:00:00,31.7,942.7,20.0,AWS-RAN-101,Khunti,RAN,neighbor,False,
2025-03-11 14:00:00,31.9,941.8,19.0,AWS-RAN-101,Khunti,RAN,neighbor,False,
2025-03-11 15:00:00,31.6,941.2,17.0,AWS-RAN-101,Khunti,RAN,neighbor,False,
2025-03-11 16:00:00,30.1,941.2,20.0,AWS-RAN-101,Khunti,RAN,neighbor,False,
2025-03-11 17:00:00,28.0,941.2,23.0,AWS-RAN-101,Khunti,RAN,neighbor,False,
2025-03-11 18:00:00,25.4,941.2,29.0,AWS-RAN-101,Khunti,RAN,neighbor,False,
2025-03-11 19:00:00,24.2,941.7,32.0,AWS-RAN-101,Khunti,RAN,neighbor,False,
2025-03-11 20:00:00,23.9,941.9,35.0,AWS-RAN-101,Khunti,RAN,neighbor,False,
2025-03-11 21:00:00,23.3,941.8,37.0,AWS-RAN-101,Khunti,RAN,neighbor,False,
2025-03-11 22:00:00,23.4,941.6,36.0,AWS-RAN-101,Khunti,RAN,neighbor,False,
2025-03-11 23:00:00,620.664867537106,936.1717233039656,100.0,AWS-RAN-101,Khunti,RAN,neighbor,True,multivariate_inconsistency
2025-03-12 00:00:00,619.3648675371061,943.1836909701437,100.0,AWS-RAN-101,Khunti,RAN,neighbor,True,multivariate_inconsistency
2025-03-12 01:00:00,618.8648675371061,938.4659317024848,100.0,AWS-RAN-101,Khunti,RAN,neighbor,True,multivariate_inconsistency
2025-03-12 02:00:00,618.664867537106,938.8090073260929,100.0,AWS-RAN-101,Khunti,RAN,neighbor,True,multivariate_inconsistency
2025-03-12 03:00:00,617.9648675371061,935.5454682396487,100.0,AWS-RAN-101,Khunti,RAN,neighbor,True,multivariate_inconsistency
2025-03-12 04:00:00,19.4,938.2,46.0,AWS-RAN-101,Khunti,RAN,neighbor,False,
2025-03-12 05:00:00,19.2,938.5,46.0,AWS-RAN-101,Khunti,RAN,neighbor,False,
2025-03-12 06:00:00,19.3,939.6,49.0,AWS-RAN-101,Khunti,RAN,neighbor,False,
2025-03-12 07:00:00,22.6,940.9,43.0,AWS-RAN-101,Khunti,RAN,neighbor,False,
2025-03-12 08:00:00,25.8,942.0,36.0,AWS-RAN-101,Khunti,RAN,neighbor,False,
2025-03-12 09:00:00,28.3,942.7,29.0,AWS-RAN-101,Khunti,RAN,neighbor,False,
2025-03-12 10:00:00,30.2,942.6,25.0,AWS-RAN-101,Khunti,RAN,neighbor,False,
2025-03-12 11:00:00,31.6,941.5,23.0,AWS-RAN-101,Khunti,RAN,neighbor,False,
2025-03-12 12:00:00,32.9,940.3,20.0,AWS-RAN-101,Khunti,RAN,neighbor,False,
2025-03-12 13:00:00,34.2,938.8,16.0,AWS-RAN-101,Khunti,RAN,neighbor,False,
2025-03-12 14:00:00,34.1,937.7,15.0,AWS-RAN-101,Khunti,RAN,neighbor,False,
2025-03-12 15:00:00,34.3,937.1,14.0,AWS-RAN-101,Khunti,RAN,neighbor,False,
2025-03-12 16:00:00,32.9,936.7,17.0,AWS-RAN-101,Khunti,RAN,neighbor,False,
2025-03-12 17:00:00,30.6,936.7,19.0,AWS-RAN-101,Khunti,RAN,neighbor,True,frozen_value
2025-03-12 18:00:00,28.6,936.6805087843119,20.0,AWS-RAN-101,Khunti,RAN,neighbor,True,frozen_value
2025-03-12 19:00:00,25.8,936.674797241407,26.0,AWS-RAN-101,Khunti,RAN,neighbor,True,frozen_value
2025-03-12 20:00:00,24.8,936.687447530376,30.0,AWS-RAN-101,Khunti,RAN,neighbor,True,frozen_value
2025-03-12 21:00:00,25.2,936.7468429102992,27.0,AWS-RAN-101,Khunti,RAN,neighbor,True,frozen_value
2025-03-12 22:00:00,25.0,936.7024258669153,25.0,AWS-RAN-101,Khunti,RAN,neighbor,True,frozen_value
2025-03-12 23:00:00,25.0,936.7367384457056,25.0,AWS-RAN-101,Khunti,RAN,neighbor,True,frozen_value
2025-03-13 00:00:00,23.9,936.7043234138772,27.0,AWS-RAN-101,Khunti,RAN,neighbor,True,frozen_value
2025-03-13 01:00:00,23.0,937.0,29.0,AWS-RAN-101,Khunti,RAN,neighbor,False,
2025-03-13 02:00:00,20.7,936.3,35.0,AWS-RAN-101,Khunti,RAN,neighbor,False,
2025-03-13 03:00:00,20.2,936.1,37.0,AWS-RAN-101,Khunti,RAN,neighbor,False,
2025-03-13 04:00:00,19.8,936.1,39.0,AWS-RAN-101,Khunti,RAN,neighbor,False,
2025-03-13 05:00:00,19.6,936.7,39.0,AWS-RAN-101,Khunti,RAN,neighbor,False,
2025-03-13 06:00:00,21.4,937.9,40.0,AWS-RAN-101,Khunti,RAN,neighbor,False,
2025-03-13 07:00:00,25.0,939.5,35.0,AWS-RAN-101,Khunti,RAN,neighbor,False,
2025-03-13 08:00:00,28.9,941.1,28.0,AWS-RAN-101,Khunti,RAN,neighbor,False,
2025-03-13 09:00:00,31.0,941.5,24.0,AWS-RAN-101,Khunti,RAN,neighbor,False,
2025-03-13 10:00:00,32.5,941.2,21.0,AWS-RAN-101,Khunti,RAN,neighbor,False,
2025-03-13 11:00:00,33.6,940.5,18.0,AWS-RAN-101,Khunti,RAN,neighbor,False,
2025-03-13 12:00:00,34.3,939.3,17.0,AWS-RAN-101,Khunti,RAN,neighbor,False,
2025-03-13 13:00:00,35.1,938.0,15.0,AWS-RAN-101,Khunti,RAN,neighbor,False,
2025-03-13 14:00:00,35.2,936.7,15.0,AWS-RAN-101,Khunti,RAN,neighbor,False,
2025-03-13 15:00:00,34.8,936.1,14.0,AWS-RAN-101,Khunti,RAN,neighbor,False,
2025-03-13 16:00:00,33.5,936.0,15.0,AWS-RAN-101,Khunti,RAN,neighbor,False,
2025-03-13 17:00:00,31.4,936.0,18.0,AWS-RAN-101,Khunti,RAN,neighbor,False,
2025-03-13 18:00:00,28.2,936.4,24.0,AWS-RAN-101,Khunti,RAN,neighbor,False,
2025-03-13 19:00:00,27.3,937.0,26.0,AWS-RAN-101,Khunti,RAN,neighbor,False,
2025-03-13 20:00:00,25.9,937.5,28.0,AWS-RAN-101,Khunti,RAN,neighbor,False,
2025-03-13 21:00:00,24.9,937.9,30.0,AWS-RAN-101,Khunti,RAN,neighbor,False,
2025-03-13 22:00:00,24.2,938.3,32.0,AWS-RAN-101,Khunti,RAN,neighbor,False,
2025-03-13 23:00:00,22.4,938.0,39.0,AWS-RAN-101,Khunti,RAN,neighbor,False,
2025-03-14 00:00:00,21.8,937.8,41.0,AWS-RAN-101,Khunti,RAN,neighbor,False,
2025-03-14 01:00:00,22.3,937.3,41.0,AWS-RAN-101,Khunti,RAN,neighbor,False,
2025-03-14 02:00:00,21.7,936.8,43.0,AWS-RAN-101,Khunti,RAN,neighbor,False,
2025-03-14 03:00:00,20.7,936.7,47.0,AWS-RAN-101,Khunti,RAN,neighbor,False,
2025-03-14 04:00:00,75.23916818336812,937.1,47.0,AWS-RAN-101,Khunti,RAN,neighbor,True,spike
2025-03-14 05:00:00,22.0,937.9,44.0,AWS-RAN-101,Khunti,RAN,neighbor,False,
2025-03-14 06:00:00,21.0,938.7,56.0,AWS-RAN-101,Khunti,RAN,neighbor,False,
2025-03-14 07:00:00,25.0,940.5,46.0,AWS-RAN-101,Khunti,RAN,neighbor,False,
2025-03-14 08:00:00,28.4,942.1,36.0,AWS-RAN-101,Khunti,RAN,neighbor,False,
2025-03-14 09:00:00,30.4,942.4,30.0,AWS-RAN-101,Khunti,RAN,neighbor,False,
2025-03-14 10:00:00,31.9,942.6,26.0,AWS-RAN-101,Khunti,RAN,neighbor,False,
2025-03-14 11:00:00,33.2,942.0,22.0,AWS-RAN-101,Khunti,RAN,neighbor,False,
2025-03-14 12:00:00,34.3,940.9,18.0,AWS-RAN-101,Khunti,RAN,neighbor,False,
2025-03-14 13:00:00,34.3,940.2,18.0,AWS-RAN-101,Khunti,RAN,neighbor,False,
2025-03-14 14:00:00,34.2,939.1,19.0,AWS-RAN-101,Khunti,RAN,neighbor,False,
2025-03-14 15:00:00,33.8,938.3,19.0,AWS-RAN-101,Khunti,RAN,neighbor,False,
2025-03-14 16:00:00,33.3,937.8,19.0,AWS-RAN-101,Khunti,RAN,neighbor,False,
2025-03-14 17:00:00,30.7,937.5,24.0,AWS-RAN-101,Khunti,RAN,neighbor,False,
2025-03-14 18:00:00,28.0,937.9,28.0,AWS-RAN-101,Khunti,RAN,neighbor,False,
2025-03-14 19:00:00,27.3,938.7,30.0,AWS-RAN-101,Khunti,RAN,neighbor,False,
2025-03-14 20:00:00,26.6,939.3,24.0,AWS-RAN-101,Khunti,RAN,neighbor,False,
2025-03-14 21:00:00,25.1,939.7,27.0,AWS-RAN-101,Khunti,RAN,neighbor,False,
2025-03-14 22:00:00,23.7,939.7,33.0,AWS-RAN-101,Khunti,RAN,neighbor,False,
2025-03-14 23:00:00,23.1,939.8,37.0,AWS-RAN-101,Khunti,RAN,neighbor,False,
2025-03-15 00:00:00,23.0,939.4,40.0,AWS-RAN-101,Khunti,RAN,neighbor,False,
2025-03-15 01:00:00,22.0,,43.0,AWS-RAN-101,Khunti,RAN,neighbor,True,dropout
2025-03-15 02:00:00,21.7,938.1,45.0,AWS-RAN-101,Khunti,RAN,neighbor,False,
2025-03-15 03:00:00,21.5,937.7,46.0,AWS-RAN-101,Khunti,RAN,neighbor,False,
2025-03-15 04:00:00,21.3,938.0,46.0,AWS-RAN-101,Khunti,RAN,neighbor,False,
2025-03-15 05:00:00,21.1,938.6,47.0,AWS-RAN-101,Khunti,RAN,neighbor,False,
2025-03-15 06:00:00,23.1,940.0,50.0,AWS-RAN-101,Khunti,RAN,neighbor,False,
2025-03-15 07:00:00,26.5,941.8,42.0,AWS-RAN-101,Khunti,RAN,neighbor,False,
2025-03-15 08:00:00,29.0,943.2,36.0,AWS-RAN-101,Khunti,RAN,neighbor,False,
2025-03-15 09:00:00,30.9,944.0,31.0,AWS-RAN-101,Khunti,RAN,neighbor,False,
2025-03-15 10:00:00,32.3,943.9,27.0,AWS-RAN-101,Khunti,RAN,neighbor,False,
2025-03-15 11:00:00,33.5,943.4,24.0,AWS-RAN-101,Khunti,RAN,neighbor,False,
2025-03-15 12:00:00,34.6,942.4,20.0,AWS-RAN-101,Khunti,RAN,neighbor,False,
2025-03-15 13:00:00,35.1,941.6,18.0,AWS-RAN-101,Khunti,RAN,neighbor,False,
2025-03-15 14:00:00,35.3,940.6,17.0,AWS-RAN-101,Khunti,RAN,neighbor,False,
2025-03-15 15:00:00,35.4,939.8,15.0,AWS-RAN-101,Khunti,RAN,neighbor,False,
2025-03-15 16:00:00,34.6,939.5,17.0,AWS-RAN-101,Khunti,RAN,neighbor,False,
2025-03-15 17:00:00,31.2,939.5,31.0,AWS-RAN-101,Khunti,RAN,neighbor,False,
2025-03-15 18:00:00,29.7,940.1,26.0,AWS-RAN-101,Khunti,RAN,neighbor,False,
2025-03-15 19:00:00,28.9,940.7,21.0,AWS-RAN-101,Khunti,RAN,neighbor,False,
2025-03-15 20:00:00,27.0,941.6,25.0,AWS-RAN-101,Khunti,RAN,neighbor,False,
2025-03-15 21:00:00,26.1,941.5,28.0,AWS-RAN-101,Khunti,RAN,neighbor,False,
2025-03-15 22:00:00,26.1,941.7,29.0,AWS-RAN-101,Khunti,RAN,neighbor,False,
2025-03-15 23:00:00,24.8,941.4,28.0,AWS-RAN-101,Khunti,RAN,neighbor,False,
2025-03-16 00:00:00,24.0,940.9,30.0,AWS-RAN-101,Khunti,RAN,neighbor,False,
2025-03-16 01:00:00,24.1,940.5,34.0,AWS-RAN-101,Khunti,RAN,neighbor,False,
2025-03-16 02:00:00,23.9,939.7,36.0,AWS-RAN-101,Khunti,RAN,neighbor,False,
2025-03-16 03:00:00,23.0,939.1,40.0,AWS-RAN-101,Khunti,RAN,neighbor,False,
2025-03-16 04:00:00,22.4,939.0,44.0,AWS-RAN-101,Khunti,RAN,neighbor,False,
2025-03-16 05:00:00,22.2,939.5,48.0,AWS-RAN-101,Khunti,RAN,neighbor,False,
2025-03-16 06:00:00,24.3,940.1,49.0,AWS-RAN-101,Khunti,RAN,neighbor,False,
2025-03-16 07:00:00,27.8,941.5,40.0,AWS-RAN-101,Khunti,RAN,neighbor,False,
2025-03-16 08:00:00,30.6,942.6,34.0,AWS-RAN-101,Khunti,RAN,neighbor,False,
2025-03-16 09:00:00,32.2,943.1,29.0,AWS-RAN-101,Khunti,RAN,neighbor,False,
2025-03-16 10:00:00,33.3,943.3,25.0,AWS-RAN-101,Khunti,RAN,neighbor,False,
2025-03-16 11:00:00,34.3,942.6,21.0,AWS-RAN-101,Khunti,RAN,neighbor,False,
2025-03-16 12:00:00,34.8,941.7,19.0,AWS-RAN-101,Khunti,RAN,neighbor,False,
2025-03-16 13:00:00,34.9,940.4,19.0,AWS-RAN-101,Khunti,RAN,neighbor,False,
2025-03-16 14:00:00,35.1,939.1,19.0,AWS-RAN-101,Khunti,RAN,neighbor,False,
2025-03-16 15:00:00,34.8,938.5,20.0,AWS-RAN-101,Khunti,RAN,neighbor,False,
2025-03-16 16:00:00,34.1,938.4,21.0,AWS-RAN-101,Khunti,RAN,neighbor,False,
2025-03-16 17:00:00,31.3,938.2,27.0,AWS-RAN-101,Khunti,RAN,neighbor,False,
2025-03-16 18:00:00,28.8,939.4,32.0,AWS-RAN-101,Khunti,RAN,neighbor,False,
2025-03-16 19:00:00,27.5,939.7,37.0,AWS-RAN-101,Khunti,RAN,neighbor,False,
2025-03-16 20:00:00,26.1,940.2,42.0,AWS-RAN-101,Khunti,RAN,neighbor,False,
2025-03-16 21:00:00,25.5,940.0,44.0,AWS-RAN-101,Khunti,RAN,neighbor,False,
2025-03-16 22:00:00,24.0,939.9,49.0,AWS-RAN-101,Khunti,RAN,neighbor,False,
2025-03-16 23:00:00,23.6,939.6,50.0,AWS-RAN-101,Khunti,RAN,neighbor,False,
2025-03-17 00:00:00,23.5,938.9,50.0,AWS-RAN-101,Khunti,RAN,neighbor,False,
2025-03-17 01:00:00,23.1,938.5,50.0,AWS-RAN-101,Khunti,RAN,neighbor,False,
2025-03-17 02:00:00,22.8,938.1,51.0,AWS-RAN-101,Khunti,RAN,neighbor,False,
2025-03-17 03:00:00,22.5,937.8,51.0,AWS-RAN-101,Khunti,RAN,neighbor,False,
2025-03-17 04:00:00,21.7,937.6,55.0,AWS-RAN-101,Khunti,RAN,neighbor,False,
2025-03-17 05:00:00,21.6,938.2,56.0,AWS-RAN-101,Khunti,RAN,neighbor,False,
2025-03-17 06:00:00,-39.99121609138585,939.2,60.0,AWS-RAN-101,Khunti,RAN,neighbor,True,sensor_fail_low
2025-03-17 07:00:00,-40.01870875309533,940.8,52.0,AWS-RAN-101,Khunti,RAN,neighbor,True,sensor_fail_low
2025-03-17 08:00:00,-40.043256712968265,942.0,47.0,AWS-RAN-101,Khunti,RAN,neighbor,True,sensor_fail_low
2025-03-17 09:00:00,-39.99069479043021,942.2,44.0,AWS-RAN-101,Khunti,RAN,neighbor,True,sensor_fail_low
2025-03-17 10:00:00,30.1,942.6,41.0,AWS-RAN-101,Khunti,RAN,neighbor,False,
2025-03-17 11:00:00,30.6,942.4,39.0,AWS-RAN-101,Khunti,RAN,neighbor,False,
2025-03-17 12:00:00,29.9,941.8,42.0,AWS-RAN-101,Khunti,RAN,neighbor,False,
2025-03-17 13:00:00,29.1,940.8,43.0,AWS-RAN-101,Khunti,RAN,neighbor,False,
2025-03-17 14:00:00,30.7,939.6,39.0,AWS-RAN-101,Khunti,RAN,neighbor,False,
2025-03-17 15:00:00,29.8,939.2,40.0,AWS-RAN-101,Khunti,RAN,neighbor,False,
2025-03-17 16:00:00,30.2,938.8,36.0,AWS-RAN-101,Khunti,RAN,neighbor,False,
2025-03-17 17:00:00,28.2,938.8,44.0,AWS-RAN-101,Khunti,RAN,neighbor,False,
2025-03-17 18:00:00,26.5,939.1,48.0,AWS-RAN-101,Khunti,RAN,neighbor,False,
2025-03-17 19:00:00,25.4,939.3,51.0,AWS-RAN-101,Khunti,RAN,neighbor,False,
2025-03-17 20:00:00,24.3,939.7,54.0,AWS-RAN-101,Khunti,RAN,neighbor,False,
2025-03-17 21:00:00,24.3,940.3,54.0,AWS-RAN-101,Khunti,RAN,neighbor,False,
2025-03-17 22:00:00,23.7,940.6,52.0,AWS-RAN-101,Khunti,RAN,neighbor,False,
2025-03-17 23:00:00,23.2,940.7,51.0,AWS-RAN-101,Khunti,RAN,neighbor,False,
2025-03-18 00:00:00,22.7,940.6,52.0,AWS-RAN-101,Khunti,RAN,neighbor,False,
2025-03-18 01:00:00,22.2,940.2,52.0,AWS-RAN-101,Khunti,RAN,neighbor,False,
2025-03-18 02:00:00,21.7,939.7,53.0,AWS-RAN-101,Khunti,RAN,neighbor,False,
2025-03-18 03:00:00,21.3,939.1,51.0,AWS-RAN-101,Khunti,RAN,neighbor,False,
2025-03-18 04:00:00,21.2,939.2,48.0,AWS-RAN-101,Khunti,RAN,neighbor,False,
2025-03-18 05:00:00,20.7,939.6,48.0,AWS-RAN-101,Khunti,RAN,neighbor,False,
2025-03-18 06:00:00,20.8,940.8,49.0,AWS-RAN-101,Khunti,RAN,neighbor,False,
2025-03-18 07:00:00,22.8,942.0,43.0,AWS-RAN-101,Khunti,RAN,neighbor,False,
2025-03-18 08:00:00,25.4,943.0,34.0,AWS-RAN-101,Khunti,RAN,neighbor,False,
2025-03-18 09:00:00,27.6,943.4,30.0,AWS-RAN-101,Khunti,RAN,neighbor,False,
2025-03-18 10:00:00,29.2,943.3,28.0,AWS-RAN-101,Khunti,RAN,neighbor,False,
2025-03-18 11:00:00,30.5,942.6,27.0,AWS-RAN-101,Khunti,RAN,neighbor,False,
2025-03-18 12:00:00,31.4,941.8,25.0,AWS-RAN-101,Khunti,RAN,neighbor,False,
2025-03-18 13:00:00,31.8,941.0,25.0,AWS-RAN-101,Khunti,RAN,neighbor,False,
2025-03-18 14:00:00,31.4,940.2,25.0,AWS-RAN-101,Khunti,RAN,neighbor,False,
2025-03-18 15:00:00,31.8,939.7,23.0,AWS-RAN-101,Khunti,RAN,neighbor,False,
2025-03-18 16:00:00,32.3,939.2,18.0,AWS-RAN-101,Khunti,RAN,neighbor,False,
2025-03-18 17:00:00,30.5,939.4,20.0,AWS-RAN-101,Khunti,RAN,neighbor,False,
2025-03-18 18:00:00,27.8,939.9,23.0,AWS-RAN-101,Khunti,RAN,neighbor,False,
2025-03-18 19:00:00,24.7,940.9,30.0,AWS-RAN-101,Khunti,RAN,neighbor,False,
2025-03-18 20:00:00,23.6,941.5,36.0,AWS-RAN-101,Khunti,RAN,neighbor,False,
2025-03-18 21:00:00,23.2,941.6,35.0,AWS-RAN-101,Khunti,RAN,neighbor,False,
2025-03-18 22:00:00,22.4,941.7,34.0,AWS-RAN-101,Khunti,RAN,neighbor,False,
2025-03-18 23:00:00,22.0,941.7,35.0,AWS-RAN-101,Khunti,RAN,neighbor,False,
2025-03-19 00:00:00,21.2,941.4,37.0,AWS-RAN-101,Khunti,RAN,neighbor,False,
2025-03-19 01:00:00,21.0,940.9,38.0,AWS-RAN-101,Khunti,RAN,neighbor,False,
2025-03-19 02:00:00,21.1,940.4,36.0,AWS-RAN-101,Khunti,RAN,neighbor,False,
2025-03-19 03:00:00,20.1,940.3,38.0,AWS-RAN-101,Khunti,RAN,neighbor,False,
2025-03-19 04:00:00,18.9,940.7,43.0,AWS-RAN-101,Khunti,RAN,neighbor,False,
2025-03-19 05:00:00,18.6,941.1,43.0,AWS-RAN-101,Khunti,RAN,neighbor,False,
2025-03-19 06:00:00,20.5,942.7,44.0,AWS-RAN-101,Khunti,RAN,neighbor,False,
2025-03-19 07:00:00,23.2,944.1,40.0,AWS-RAN-101,Khunti,RAN,neighbor,False,
2025-03-19 08:00:00,25.7,945.2,32.0,AWS-RAN-101,Khunti,RAN,neighbor,False,
2025-03-19 09:00:00,27.6,945.6,29.0,AWS-RAN-101,Khunti,RAN,neighbor,False,
2025-03-19 10:00:00,29.3,945.9,27.0,AWS-RAN-101,Khunti,RAN,neighbor,False,
2025-03-19 11:00:00,30.6,945.4,26.0,AWS-RAN-101,Khunti,RAN,neighbor,False,
2025-03-19 12:00:00,31.8,944.5,25.0,AWS-RAN-101,Khunti,RAN,neighbor,False,
2025-03-19 13:00:00,32.8,943.5,24.0,AWS-RAN-101,Khunti,RAN,neighbor,False,
2025-03-19 14:00:00,33.4,942.7,22.0,AWS-RAN-101,Khunti,RAN,neighbor,False,
2025-03-19 15:00:00,32.4,942.3,23.0,AWS-RAN-101,Khunti,RAN,neighbor,False,
2025-03-19 16:00:00,32.0,941.9,25.0,AWS-RAN-101,Khunti,RAN,neighbor,False,
2025-03-19 17:00:00,29.7,941.4,39.0,AWS-RAN-101,Khunti,RAN,neighbor,False,
2025-03-19 18:00:00,28.1,941.7,33.0,AWS-RAN-101,Khunti,RAN,neighbor,False,
2025-03-19 19:00:00,26.6,942.2,36.0,AWS-RAN-101,Khunti,RAN,neighbor,False,
2025-03-19 20:00:00,25.5,943.3,38.0,AWS-RAN-101,Khunti,RAN,neighbor,False,
2025-03-19 21:00:00,25.4,944.0,38.0,AWS-RAN-101,Khunti,RAN,neighbor,False,
2025-03-19 22:00:00,24.2,,45.0,AWS-RAN-101,Khunti,RAN,neighbor,True,dropout
2025-03-19 23:00:00,23.0,943.6,51.0,AWS-RAN-101,Khunti,RAN,neighbor,False,
2025-03-20 00:00:00,22.1,943.2,56.0,AWS-RAN-101,Khunti,RAN,neighbor,False,
2025-03-20 01:00:00,21.7,942.7,60.0,AWS-RAN-101,Khunti,RAN,neighbor,False,
2025-03-20 02:00:00,22.3,942.5,59.0,AWS-RAN-101,Khunti,RAN,neighbor,False,
2025-03-20 03:00:00,22.7,942.5,59.0,AWS-RAN-101,Khunti,RAN,neighbor,False,
2025-03-20 04:00:00,21.7,942.6,63.0,AWS-RAN-101,Khunti,RAN,neighbor,False,
2025-03-20 05:00:00,20.8,942.8,64.0,AWS-RAN-101,Khunti,RAN,neighbor,False,
2025-03-20 06:00:00,22.3,944.4,58.0,AWS-RAN-101,Khunti,RAN,neighbor,False,
2025-03-20 07:00:00,24.7,945.7,54.0,AWS-RAN-101,Khunti,RAN,neighbor,False,
2025-03-20 08:00:00,26.8,946.7,48.0,AWS-RAN-101,Khunti,RAN,neighbor,False,
2025-03-20 09:00:00,28.2,946.9,40.0,AWS-RAN-101,Khunti,RAN,neighbor,False,
2025-03-20 10:00:00,29.7,946.8,35.0,AWS-RAN-101,Khunti,RAN,neighbor,False,
2025-03-20 11:00:00,30.4,946.1,33.0,AWS-RAN-101,Khunti,RAN,neighbor,False,
2025-03-20 12:00:00,31.3,945.3,33.0,AWS-RAN-101,Khunti,RAN,neighbor,False,
2025-03-20 13:00:00,31.2,943.7,34.0,AWS-RAN-101,Khunti,RAN,neighbor,False,
2025-03-20 14:00:00,26.6,943.2,57.0,AWS-RAN-101,Khunti,RAN,neighbor,False,
2025-03-20 15:00:00,24.3,942.8,67.0,AWS-RAN-101,Khunti,RAN,neighbor,False,
2025-03-20 16:00:00,26.2,942.8,54.0,AWS-RAN-101,Khunti,RAN,neighbor,False,
2025-03-20 17:00:00,24.6,942.7,64.0,AWS-RAN-101,Khunti,RAN,neighbor,False,
2025-03-20 18:00:00,22.1,942.6,79.0,AWS-RAN-101,Khunti,RAN,neighbor,False,
2025-03-20 19:00:00,21.6,944.4,80.0,AWS-RAN-101,Khunti,RAN,neighbor,False,
2025-03-20 20:00:00,21.6,944.7,77.0,AWS-RAN-101,Khunti,RAN,neighbor,False,
2025-03-20 21:00:00,22.2,944.8,67.0,AWS-RAN-101,Khunti,RAN,neighbor,False,
2025-03-20 22:00:00,21.6,944.6,69.0,AWS-RAN-101,Khunti,RAN,neighbor,False,
2025-03-20 23:00:00,21.5,944.6,71.0,AWS-RAN-101,Khunti,RAN,neighbor,True,drift
2025-03-21 00:00:00,36.43043516943486,944.5,75.0,AWS-RAN-101,Khunti,RAN,neighbor,True,drift
2025-03-21 01:00:00,51.26087033886972,943.6,81.0,AWS-RAN-101,Khunti,RAN,neighbor,True,drift
2025-03-21 02:00:00,65.99130550830458,942.8,85.0,AWS-RAN-101,Khunti,RAN,neighbor,True,drift
2025-03-21 03:00:00,80.92174067773945,942.8,86.0,AWS-RAN-101,Khunti,RAN,neighbor,True,drift
2025-03-21 04:00:00,96.05217584717431,943.2,85.0,AWS-RAN-101,Khunti,RAN,neighbor,True,drift
2025-03-21 05:00:00,110.88261101660916,943.4,84.0,AWS-RAN-101,Khunti,RAN,neighbor,True,drift
2025-03-21 06:00:00,126.71304618604404,944.4,1.82193526342418,AWS-RAN-101,Khunti,RAN,neighbor,True,drift
2025-03-21 07:00:00,143.9434813554789,945.6,41.172578892742386,AWS-RAN-101,Khunti,RAN,neighbor,True,drift
2025-03-21 08:00:00,160.97391652491376,946.4,55.496095341758036,AWS-RAN-101,Khunti,RAN,neighbor,True,drift
2025-03-21 09:00:00,177.8043516943486,946.5,58.603911412231284,AWS-RAN-101,Khunti,RAN,neighbor,True,drift
2025-03-21 10:00:00,193.8347868637835,946.5,56.68550397430921,AWS-RAN-101,Khunti,RAN,neighbor,True,drift
2025-03-21 11:00:00,209.36522203321832,946.1,58.0,AWS-RAN-101,Khunti,RAN,neighbor,True,drift
2025-03-21 12:00:00,222.5956572026532,945.5,67.0,AWS-RAN-101,Khunti,RAN,neighbor,True,drift
2025-03-21 13:00:00,236.22609237208806,943.9,73.0,AWS-RAN-101,Khunti,RAN,neighbor,True,drift
2025-03-21 14:00:00,249.95652754152295,942.0,90.0,AWS-RAN-101,Khunti,RAN,neighbor,True,drift
2025-03-21 15:00:00,267.0869627109578,942.4,76.0,AWS-RAN-101,Khunti,RAN,neighbor,True,drift
2025-03-21 16:00:00,281.4173978803926,941.7,77.0,AWS-RAN-101,Khunti,RAN,neighbor,True,drift
2025-03-21 17:00:00,295.8478330498275,941.8,79.0,AWS-RAN-101,Khunti,RAN,neighbor,True,drift
2025-03-21 18:00:00,308.3782682192624,943.5,91.0,AWS-RAN-101,Khunti,RAN,neighbor,True,drift
2025-03-21 19:00:00,323.3087033886972,943.1,93.0,AWS-RAN-101,Khunti,RAN,neighbor,True,drift
2025-03-21 20:00:00,338.3391385581321,943.5,95.0,AWS-RAN-101,Khunti,RAN,neighbor,True,drift
2025-03-21 21:00:00,353.569573727567,943.4,97.0,AWS-RAN-101,Khunti,RAN,neighbor,True,drift
2025-03-21 22:00:00,368.5000088970018,944.3,96.0,AWS-RAN-101,Khunti,RAN,neighbor,True,drift
2025-03-21 23:00:00,384.03044406643664,943.9,95.0,AWS-RAN-101,Khunti,RAN,neighbor,True,drift
2025-03-22 00:00:00,398.2608792358715,943.7,98.0,AWS-RAN-101,Khunti,RAN,neighbor,True,drift
2025-03-22 01:00:00,414.2913144053064,941.4,97.0,AWS-RAN-101,Khunti,RAN,neighbor,True,drift
2025-03-22 02:00:00,429.02174957474125,943.1,97.0,AWS-RAN-101,Khunti,RAN,neighbor,True,drift
2025-03-22 03:00:00,444.6521847441761,941.5,95.0,AWS-RAN-101,Khunti,RAN,neighbor,True,drift
2025-03-22 04:00:00,459.582619913611,941.3,94.0,AWS-RAN-101,Khunti,RAN,neighbor,True,drift
2025-03-22 05:00:00,474.2130550830459,941.3,95.0,AWS-RAN-101,Khunti,RAN,neighbor,True,drift
2025-03-22 06:00:00,489.1434902524807,943.3,88.0,AWS-RAN-101,Khunti,RAN,neighbor,True,drift
2025-03-22 07:00:00,504.87392542191554,944.4,91.0,AWS-RAN-101,Khunti,RAN,neighbor,True,drift
2025-03-22 08:00:00,521.2043605913505,945.4,87.0,AWS-RAN-101,Khunti,RAN,neighbor,True,drift
2025-03-22 09:00:00,540.4347957607853,945.9,66.0,AWS-RAN-101,Khunti,RAN,neighbor,True,drift
2025-03-22 10:00:00,557.4652309302202,945.7,58.0,AWS-RAN-101,Khunti,RAN,neighbor,True,drift
2025-03-22 11:00:00,574.295666099655,945.1,52.0,AWS-RAN-101,Khunti,RAN,neighbor,True,drift
2025-03-22 12:00:00,590.6261012690899,943.9,49.0,AWS-RAN-101,Khunti,RAN,neighbor,True,drift
2025-03-22 13:00:00,606.6565364385248,942.8,46.0,AWS-RAN-101,Khunti,RAN,neighbor,True,drift
2025-03-22 14:00:00,622.3869716079596,941.9,44.0,AWS-RAN-101,Khunti,RAN,neighbor,True,drift
2025-03-22 15:00:00,629.6174067773944,941.5,70.0,AWS-RAN-101,Khunti,RAN,neighbor,True,drift
2025-03-22 16:00:00,644.2478419468292,941.9,72.0,AWS-RAN-101,Khunti,RAN,neighbor,True,drift
2025-03-22 17:00:00,659.8782771162643,941.3,73.0,AWS-RAN-101,Khunti,RAN,neighbor,True,drift
2025-03-22 18:00:00,673.808712285699,942.5,76.0,AWS-RAN-101,Khunti,RAN,neighbor,True,drift
2025-03-22 19:00:00,17.9,942.5,82.0,AWS-RAN-101,Khunti,RAN,neighbor,False,
2025-03-22 20:00:00,17.5,943.5,84.0,AWS-RAN-101,Khunti,RAN,neighbor,False,
2025-03-22 21:00:00,17.2,944.0,86.0,AWS-RAN-101,Khunti,RAN,neighbor,False,
2025-03-22 22:00:00,17.2,944.2,84.0,AWS-RAN-101,Khunti,RAN,neighbor,False,
2025-03-22 23:00:00,17.4,944.1,88.0,AWS-RAN-101,Khunti,RAN,neighbor,False,
2025-03-23 00:00:00,17.1,943.1,94.0,AWS-RAN-101,Khunti,RAN,neighbor,False,
2025-03-23 01:00:00,17.0,942.0,95.0,AWS-RAN-101,Khunti,RAN,neighbor,False,
2025-03-23 02:00:00,16.5,941.3,96.0,AWS-RAN-101,Khunti,RAN,neighbor,False,
2025-03-23 03:00:00,16.6,941.8,96.0,AWS-RAN-101,Khunti,RAN,neighbor,False,
2025-03-23 04:00:00,16.4,942.4,93.0,AWS-RAN-101,Khunti,RAN,neighbor,False,
2025-03-23 05:00:00,16.8,942.6,86.0,AWS-RAN-101,Khunti,RAN,neighbor,False,
2025-03-23 06:00:00,18.4,943.7,68.0,AWS-RAN-101,Khunti,RAN,neighbor,False,
2025-03-23 07:00:00,20.9,944.7,56.0,AWS-RAN-101,Khunti,RAN,neighbor,False,
2025-03-23 08:00:00,24.8,945.8,41.0,AWS-RAN-101,Khunti,RAN,neighbor,False,
2025-03-23 09:00:00,26.9,946.1,30.0,AWS-RAN-101,Khunti,RAN,neighbor,False,
2025-03-23 10:00:00,27.7,946.0,29.0,AWS-RAN-101,Khunti,RAN,neighbor,False,
2025-03-23 11:00:00,28.6,945.3,26.0,AWS-RAN-101,Khunti,RAN,neighbor,False,
2025-03-23 12:00:00,29.1,944.6,25.0,AWS-RAN-101,Khunti,RAN,neighbor,False,
2025-03-23 13:00:00,28.6,943.2,26.0,AWS-RAN-101,Khunti,RAN,neighbor,False,
2025-03-23 14:00:00,28.8,942.3,25.0,AWS-RAN-101,Khunti,RAN,neighbor,False,
2025-03-23 15:00:00,28.3,942.1,27.0,AWS-RAN-101,Khunti,RAN,neighbor,False,
2025-03-23 16:00:00,27.5,941.8,28.0,AWS-RAN-101,Khunti,RAN,neighbor,False,
2025-03-23 17:00:00,25.4,941.7,38.0,AWS-RAN-101,Khunti,RAN,neighbor,False,
2025-03-23 18:00:00,20.7,942.4,63.0,AWS-RAN-101,Khunti,RAN,neighbor,False,
2025-03-23 19:00:00,20.1,942.8,62.0,AWS-RAN-101,Khunti,RAN,neighbor,False,
2025-03-23 20:00:00,18.9,943.8,73.0,AWS-RAN-101,Khunti,RAN,neighbor,False,
2025-03-23 21:00:00,18.6,943.9,78.0,AWS-RAN-101,Khunti,RAN,neighbor,False,
2025-03-23 22:00:00,18.3,943.8,79.0,AWS-RAN-101,Khunti,RAN,neighbor,False,
2025-03-23 23:00:00,18.0,943.5,78.0,AWS-RAN-101,Khunti,RAN,neighbor,False,
2025-03-24 00:00:00,18.0,-0.03734458911566432,76.0,AWS-RAN-101,Khunti,RAN,neighbor,True,sensor_fail_low
2025-03-24 01:00:00,17.6,-0.068183575416521,77.0,AWS-RAN-101,Khunti,RAN,neighbor,True,sensor_fail_low
2025-03-24 02:00:00,17.6,-0.1288444452963264,76.0,AWS-RAN-101,Khunti,RAN,neighbor,True,sensor_fail_low
2025-03-24 03:00:00,17.4,-0.026269808495801846,76.0,AWS-RAN-101,Khunti,RAN,neighbor,True,sensor_fail_low
2025-03-24 04:00:00,17.1,942.0,77.0,AWS-RAN-101,Khunti,RAN,neighbor,False,
2025-03-24 05:00:00,16.8,942.7,78.0,AWS-RAN-101,Khunti,RAN,neighbor,False,
2025-03-24 06:00:00,18.6,943.7,79.0,AWS-RAN-101,Khunti,RAN,neighbor,False,
2025-03-24 07:00:00,21.2,945.4,71.0,AWS-RAN-101,Khunti,RAN,neighbor,False,
2025-03-24 08:00:00,23.7,946.6,63.0,AWS-RAN-101,Khunti,RAN,neighbor,False,
2025-03-24 09:00:00,25.7,946.8,51.0,AWS-RAN-101,Khunti,RAN,neighbor,False,
2025-03-24 10:00:00,27.4,946.4,38.0,AWS-RAN-101,Khunti,RAN,neighbor,False,
2025-03-24 11:00:00,28.2,945.4,33.0,AWS-RAN-101,Khunti,RAN,neighbor,False,
2025-03-24 12:00:00,28.9,944.2,31.0,AWS-RAN-101,Khunti,RAN,neighbor,False,
2025-03-24 13:00:00,29.4,942.9,29.0,AWS-RAN-101,Khunti,RAN,neighbor,False,
2025-03-24 14:00:00,-366.689631119996,1085.9708482095868,0.0,AWS-RAN-101,Khunti,RAN,neighbor,True,unstructured_anomaly
2025-03-24 15:00:00,-326.16781066949846,1068.0675308889142,0.0,AWS-RAN-101,Khunti,RAN,neighbor,True,unstructured_anomaly
2025-03-24 16:00:00,371.48638697641223,806.2116741663185,0.0,AWS-RAN-101,Khunti,RAN,neighbor,True,unstructured_anomaly
2025-03-24 17:00:00,407.54840293147095,806.8855102408279,100.0,AWS-RAN-101,Khunti,RAN,neighbor,True,unstructured_anomaly
2025-03-24 18:00:00,-385.9029614823727,1100.0,87.19687906240925,AWS-RAN-101,Khunti,RAN,neighbor,True,unstructured_anomaly
2025-03-24 19:00:00,24.1,941.9,39.0,AWS-RAN-101,Khunti,RAN,neighbor,False,
2025-03-24 20:00:00,22.9,942.3,43.0,AWS-RAN-101,Khunti,RAN,neighbor,False,
2025-03-24 21:00:00,22.6,942.7,44.0,AWS-RAN-101,Khunti,RAN,neighbor,False,
2025-03-24 22:00:00,22.3,942.5,46.0,AWS-RAN-101,Khunti,RAN,neighbor,False,
2025-03-24 23:00:00,20.4,941.7,52.0,AWS-RAN-101,Khunti,RAN,neighbor,False,
2025-03-25 00:00:00,18.8,940.5,57.0,AWS-RAN-101,Khunti,RAN,neighbor,False,
2025-03-25 01:00:00,19.0,940.0,56.0,AWS-RAN-101,Khunti,RAN,neighbor,False,
2025-03-25 02:00:00,18.8,939.4,56.0,AWS-RAN-101,Khunti,RAN,neighbor,False,
2025-03-25 03:00:00,18.6,939.2,57.0,AWS-RAN-101,Khunti,RAN,neighbor,False,
2025-03-25 04:00:00,17.8,938.9,60.0,AWS-RAN-101,Khunti,RAN,neighbor,False,
2025-03-25 05:00:00,17.2,952.4633986432457,63.0,AWS-RAN-101,Khunti,RAN,neighbor,True,spike
2025-03-25 06:00:00,-11.018377676948546,942.5583018144325,70.0,AWS-RAN-101,Khunti,RAN,neighbor,True,spike
2025-03-25 07:00:00,8.458722210254832,942.0171896627717,58.0,AWS-RAN-101,Khunti,RAN,neighbor,True,spike
2025-03-25 08:00:00,18.32572314351426,942.7006225650623,53.0,AWS-RAN-101,Khunti,RAN,neighbor,True,spike
2025-03-25 09:00:00,23.755002512556707,942.819576765215,43.0,AWS-RAN-101,Khunti,RAN,neighbor,True,spike
2025-03-25 10:00:00,26.895674788763692,942.5,36.0,AWS-RAN-101,Khunti,RAN,neighbor,True,spike
2025-03-25 11:00:00,29.6,941.8,30.0,AWS-RAN-101,Khunti,RAN,neighbor,False,
2025-03-25 12:00:00,30.3,940.6,28.0,AWS-RAN-101,Khunti,RAN,neighbor,True,frozen_value
2025-03-25 13:00:00,31.0,940.6188025129808,25.0,AWS-RAN-101,Khunti,RAN,neighbor,True,frozen_value
2025-03-25 14:00:00,31.1,940.599047455601,25.0,AWS-RAN-101,Khunti,RAN,neighbor,True,frozen_value
2025-03-25 15:00:00,30.8,940.5796425859394,26.0,AWS-RAN-101,Khunti,RAN,neighbor,True,frozen_value
2025-03-25 16:00:00,30.5,940.6423082056294,26.0,AWS-RAN-101,Khunti,RAN,neighbor,True,frozen_value
2025-03-25 17:00:00,27.7,940.6541510271549,44.0,AWS-RAN-101,Khunti,RAN,neighbor,True,frozen_value
2025-03-25 18:00:00,25.2,940.6689690968004,41.0,AWS-RAN-101,Khunti,RAN,neighbor,True,frozen_value
2025-03-25 19:00:00,23.0,940.6522847123404,40.0,AWS-RAN-101,Khunti,RAN,neighbor,True,frozen_value
2025-03-25 20:00:00,22.9,938.5,36.0,AWS-RAN-101,Khunti,RAN,neighbor,False,
2025-03-25 21:00:00,22.6,938.7,33.0,AWS-RAN-101,Khunti,RAN,neighbor,False,
2025-03-25 22:00:00,21.2,938.1,33.0,AWS-RAN-101,Khunti,RAN,neighbor,False,
2025-03-25 23:00:00,20.3,937.5,37.0,AWS-RAN-101,Khunti,RAN,neighbor,False,
2025-03-26 00:00:00,19.8,937.0,40.0,AWS-RAN-101,Khunti,RAN,neighbor,False,
2025-03-26 01:00:00,20.6,936.6,41.0,AWS-RAN-101,Khunti,RAN,neighbor,False,
2025-03-26 02:00:00,20.4,935.8,44.0,AWS-RAN-101,Khunti,RAN,neighbor,False,
2025-03-26 03:00:00,19.5,935.4,0.0410652801052373,AWS-RAN-101,Khunti,RAN,neighbor,True,sensor_fail_low
2025-03-26 04:00:00,18.9,935.5,-0.01515016098710239,AWS-RAN-101,Khunti,RAN,neighbor,True,sensor_fail_low
2025-03-26 05:00:00,18.8,936.2,0.0038540709208948996,AWS-RAN-101,Khunti,RAN,neighbor,True,sensor_fail_low
2025-03-26 06:00:00,20.4,937.4,0.05858648944261936,AWS-RAN-101,Khunti,RAN,neighbor,True,sensor_fail_low
2025-03-26 07:00:00,24.6,966.0802696669741,46.0,AWS-RAN-101,Khunti,RAN,neighbor,True,spike
2025-03-26 08:00:00,27.2,940.3,38.0,AWS-RAN-101,Khunti,RAN,neighbor,False,
2025-03-26 09:00:00,29.0,940.7,30.0,AWS-RAN-101,Khunti,RAN,neighbor,False,
2025-03-26 10:00:00,30.5,940.7,24.0,AWS-RAN-101,Khunti,RAN,neighbor,False,
2025-03-26 11:00:00,31.6,940.0,21.0,AWS-RAN-101,Khunti,RAN,neighbor,False,
2025-03-26 12:00:00,32.4,939.0,19.0,AWS-RAN-101,Khunti,RAN,neighbor,False,
2025-03-26 13:00:00,32.7,937.9,18.0,AWS-RAN-101,Khunti,RAN,neighbor,False,
2025-03-26 14:00:00,32.9,937.1,17.0,AWS-RAN-101,Khunti,RAN,neighbor,False,
2025-03-26 15:00:00,32.8,936.6,15.0,AWS-RAN-101,Khunti,RAN,neighbor,False,
2025-03-26 16:00:00,31.5,936.5,17.0,AWS-RAN-101,Khunti,RAN,neighbor,False,
2025-03-26 17:00:00,28.7,936.3,21.0,AWS-RAN-101,Khunti,RAN,neighbor,False,
2025-03-26 18:00:00,27.0,936.5,20.0,AWS-RAN-101,Khunti,RAN,neighbor,False,
2025-03-26 19:00:00,26.1,936.8,24.0,AWS-RAN-101,Khunti,RAN,neighbor,False,
2025-03-26 20:00:00,24.8,937.4,29.0,AWS-RAN-101,Khunti,RAN,neighbor,False,
2025-03-26 21:00:00,23.8,937.3,33.0,AWS-RAN-101,Khunti,RAN,neighbor,False,
2025-03-26 22:00:00,23.0,937.4,36.0,AWS-RAN-101,Khunti,RAN,neighbor,False,
2025-03-26 23:00:00,22.6,937.0,36.0,AWS-RAN-101,Khunti,RAN,neighbor,False,
2025-03-27 00:00:00,21.3,936.3,39.0,AWS-RAN-101,Khunti,RAN,neighbor,False,
2025-03-27 01:00:00,20.6,935.6,40.0,AWS-RAN-101,Khunti,RAN,neighbor,False,
2025-03-27 02:00:00,20.4,934.9,41.0,AWS-RAN-101,Khunti,RAN,neighbor,False,
2025-03-27 03:00:00,19.6,934.6,43.0,AWS-RAN-101,Khunti,RAN,neighbor,False,
2025-03-27 04:00:00,19.3,934.9,44.0,AWS-RAN-101,Khunti,RAN,neighbor,False,
2025-03-27 05:00:00,19.5,935.5,43.0,AWS-RAN-101,Khunti,RAN,neighbor,False,
2025-03-27 06:00:00,21.5,936.5,41.0,AWS-RAN-101,Khunti,RAN,neighbor,False,
2025-03-27 07:00:00,25.3,938.2,36.0,AWS-RAN-101,Khunti,RAN,neighbor,False,
2025-03-27 08:00:00,28.8,939.5,30.0,AWS-RAN-101,Khunti,RAN,neighbor,False,
2025-03-27 09:00:00,31.3,940.2,22.0,AWS-RAN-101,Khunti,RAN,neighbor,False,
2025-03-27 10:00:00,32.6,940.0,19.0,AWS-RAN-101,Khunti,RAN,neighbor,False,
2025-03-27 11:00:00,33.7,939.2,17.0,AWS-RAN-101,Khunti,RAN,neighbor,False,
2025-03-27 12:00:00,34.9,938.0,14.0,AWS-RAN-101,Khunti,RAN,neighbor,False,
2025-03-27 13:00:00,35.1,936.9,14.0,AWS-RAN-101,Khunti,RAN,neighbor,False,
2025-03-27 14:00:00,35.0,936.1,14.0,AWS-RAN-101,Khunti,RAN,neighbor,False,
2025-03-27 15:00:00,34.7,935.4,15.0,AWS-RAN-101,Khunti,RAN,neighbor,False,
2025-03-27 16:00:00,33.5,935.1,17.0,AWS-RAN-101,Khunti,RAN,neighbor,False,
2025-03-27 17:00:00,30.8,934.9,20.0,AWS-RAN-101,Khunti,RAN,neighbor,False,
2025-03-27 18:00:00,27.9,934.5,23.0,AWS-RAN-101,Khunti,RAN,neighbor,False,
2025-03-27 19:00:00,27.2,935.2,23.0,AWS-RAN-101,Khunti,RAN,neighbor,False,
2025-03-27 20:00:00,26.7,935.8,23.0,AWS-RAN-101,Khunti,RAN,neighbor,False,
2025-03-27 21:00:00,26.8,936.4,23.0,AWS-RAN-101,Khunti,RAN,neighbor,False,
2025-03-27 22:00:00,26.8,936.4,24.0,AWS-RAN-101,Khunti,RAN,neighbor,False,
2025-03-27 23:00:00,26.0,936.0,25.0,AWS-RAN-101,Khunti,RAN,neighbor,False,
2025-03-28 00:00:00,24.6,935.6,28.0,AWS-RAN-101,Khunti,RAN,neighbor,False,
2025-03-28 01:00:00,23.5,934.9,30.0,AWS-RAN-101,Khunti,RAN,neighbor,False,
2025-03-28 02:00:00,23.6,934.3,30.0,AWS-RAN-101,Khunti,RAN,neighbor,False,
2025-03-28 03:00:00,23.6,934.3,30.0,AWS-RAN-101,Khunti,RAN,neighbor,False,
2025-03-28 04:00:00,-318.84728215978237,1097.315417760266,0.0,AWS-RAN-101,Khunti,RAN,neighbor,True,unstructured_anomaly
2025-03-28 05:00:00,378.733303718607,800.0,0.0,AWS-RAN-101,Khunti,RAN,neighbor,True,unstructured_anomaly
2025-03-28 06:00:00,374.10278953418367,800.0,0.0,AWS-RAN-101,Khunti,RAN,neighbor,True,unstructured_anomaly
2025-03-28 07:00:00,-359.36229345461055,1075.1450570292868,80.96761995305187,AWS-RAN-101,Khunti,RAN,neighbor,True,unstructured_anomaly
2025-03-28 08:00:00,-320.81585055273126,1074.599379383938,77.9535831558619,AWS-RAN-101,Khunti,RAN,neighbor,True,unstructured_anomaly
2025-03-28 09:00:00,-306.3294891395693,1071.9605391757484,80.36132947267843,AWS-RAN-101,Khunti,RAN,neighbor,True,unstructured_anomaly
2025-03-28 10:00:00,-387.0760863686097,1100.0,74.27109840239368,AWS-RAN-101,Khunti,RAN,neighbor,True,unstructured_anomaly
2025-03-28 11:00:00,34.9,939.2,19.0,AWS-RAN-101,Khunti,RAN,neighbor,False,
2025-03-28 12:00:00,35.2,938.6,19.0,AWS-RAN-101,Khunti,RAN,neighbor,False,
2025-03-28 13:00:00,35.1,937.6,18.0,AWS-RAN-101,Khunti,RAN,neighbor,False,
2025-03-28 14:00:00,35.1,936.6,18.0,AWS-RAN-101,Khunti,RAN,neighbor,False,
2025-03-28 15:00:00,34.6,936.1,18.0,AWS-RAN-101,Khunti,RAN,neighbor,False,
2025-03-28 16:00:00,33.6,936.0,20.0,AWS-RAN-101,Khunti,RAN,neighbor,False,
2025-03-28 17:00:00,31.2,918.2775553989064,25.0,AWS-RAN-101,Khunti,RAN,neighbor,True,spike
2025-03-28 18:00:00,29.0,935.5,26.0,AWS-RAN-101,Khunti,RAN,neighbor,False,
2025-03-28 19:00:00,28.8,936.2,25.0,AWS-RAN-101,Khunti,RAN,neighbor,False,
2025-03-28 20:00:00,27.5,936.8,28.0,AWS-RAN-101,Khunti,RAN,neighbor,False,
2025-03-28 21:00:00,26.3,937.1,31.0,AWS-RAN-101,Khunti,RAN,neighbor,False,
2025-03-28 22:00:00,25.6,937.2,33.0,AWS-RAN-101,Khunti,RAN,neighbor,False,
2025-03-28 23:00:00,25.2,936.8,34.0,AWS-RAN-101,Khunti,RAN,neighbor,False,
2025-03-29 00:00:00,25.3,936.3,34.0,AWS-RAN-101,Khunti,RAN,neighbor,False,
2025-03-29 01:00:00,25.2,935.8,34.0,AWS-RAN-101,Khunti,RAN,neighbor,False,
2025-03-29 02:00:00,24.7,935.3,36.0,AWS-RAN-101,Khunti,RAN,neighbor,False,
2025-03-29 03:00:00,24.3,935.1,38.0,AWS-RAN-101,Khunti,RAN,neighbor,False,
2025-03-29 04:00:00,24.0,935.5,38.0,AWS-RAN-101,Khunti,RAN,neighbor,False,
2025-03-29 05:00:00,23.3,936.3,40.0,AWS-RAN-101,Khunti,RAN,neighbor,False,
2025-03-29 06:00:00,23.5,937.4,43.0,AWS-RAN-101,Khunti,RAN,neighbor,False,
2025-03-29 07:00:00,25.6,938.7,40.0,AWS-RAN-101,Khunti,RAN,neighbor,False,
2025-03-29 08:00:00,28.1,940.0,30.0,AWS-RAN-101,Khunti,RAN,neighbor,False,
2025-03-29 09:00:00,29.9,940.7,24.0,AWS-RAN-101,Khunti,RAN,neighbor,False,
2025-03-29 10:00:00,31.4,941.1,21.0,AWS-RAN-101,Khunti,RAN,neighbor,False,
2025-03-29 11:00:00,32.7,940.7,20.0,AWS-RAN-101,Khunti,RAN,neighbor,False,
2025-03-29 12:00:00,33.6,939.7,19.0,AWS-RAN-101,Khunti,RAN,neighbor,False,
2025-03-29 13:00:00,34.2,938.6,18.0,AWS-RAN-101,Khunti,RAN,neighbor,False,
2025-03-29 14:00:00,34.3,937.8,18.0,AWS-RAN-101,Khunti,RAN,neighbor,False,
2025-03-29 15:00:00,34.2,937.2,18.0,AWS-RAN-101,Khunti,RAN,neighbor,False,
2025-03-29 16:00:00,34.0,936.7,18.0,AWS-RAN-101,Khunti,RAN,neighbor,False,
2025-03-29 17:00:00,30.8,936.3,23.0,AWS-RAN-101,Khunti,RAN,neighbor,False,
2025-03-29 18:00:00,27.2,936.3,25.0,AWS-RAN-101,Khunti,RAN,neighbor,False,
2025-03-29 19:00:00,25.3,937.2,30.0,AWS-RAN-101,Khunti,RAN,neighbor,False,
2025-03-29 20:00:00,24.7,937.9,25.0,AWS-RAN-101,Khunti,RAN,neighbor,False,
2025-03-29 21:00:00,24.8,938.6,22.0,AWS-RAN-101,Khunti,RAN,neighbor,False,
2025-03-29 22:00:00,23.9,938.8,23.0,AWS-RAN-101,Khunti,RAN,neighbor,False,
2025-03-29 23:00:00,23.5,938.6,24.0,AWS-RAN-101,Khunti,RAN,neighbor,False,
2025-03-30 00:00:00,23.1,938.1,24.0,AWS-RAN-101,Khunti,RAN,neighbor,False,
2025-03-30 01:00:00,23.0,937.5,24.0,AWS-RAN-101,Khunti,RAN,neighbor,False,
2025-03-30 02:00:00,21.5,937.1,28.0,AWS-RAN-101,Khunti,RAN,neighbor,False,
2025-03-30 03:00:00,21.2,937.1,28.0,AWS-RAN-101,Khunti,RAN,neighbor,False,
2025-03-30 04:00:00,20.7,937.5,29.0,AWS-RAN-101,Khunti,RAN,neighbor,False,
2025-03-30 05:00:00,20.5,938.5,30.0,AWS-RAN-101,Khunti,RAN,neighbor,False,
2025-03-30 06:00:00,20.4,939.5,35.0,AWS-RAN-101,Khunti,RAN,neighbor,False,
2025-03-30 07:00:00,23.5,940.8,30.0,AWS-RAN-101,Khunti,RAN,neighbor,False,
2025-03-30 08:00:00,26.6,942.2,23.0,AWS-RAN-101,Khunti,RAN,neighbor,False,
2025-03-30 09:00:00,29.2,942.9,17.0,AWS-RAN-101,Khunti,RAN,neighbor,False,
2025-03-30 10:00:00,31.0,943.0,15.0,AWS-RAN-101,Khunti,RAN,neighbor,False,
2025-03-30 11:00:00,32.1,942.7,16.0,AWS-RAN-101,Khunti,RAN,neighbor,False,
2025-03-30 12:00:00,32.9,941.8,18.0,AWS-RAN-101,Khunti,RAN,neighbor,False,
2025-03-30 13:00:00,33.7,940.9,18.0,AWS-RAN-101,Khunti,RAN,neighbor,False,
2025-03-30 14:00:00,33.9,939.8,17.0,AWS-RAN-101,Khunti,RAN,neighbor,False,
2025-03-30 15:00:00,33.3,939.3,16.0,AWS-RAN-101,Khunti,RAN,neighbor,False,
2025-03-30 16:00:00,32.6,938.9,17.0,AWS-RAN-101,Khunti,RAN,neighbor,False,
2025-03-30 17:00:00,30.0,938.2,34.0,AWS-RAN-101,Khunti,RAN,neighbor,False,
2025-03-30 18:00:00,28.0,938.0,29.0,AWS-RAN-101,Khunti,RAN,neighbor,False,
2025-03-30 19:00:00,26.4,938.7,29.0,AWS-RAN-101,Khunti,RAN,neighbor,False,
2025-03-30 20:00:00,25.9,939.6,22.0,AWS-RAN-101,Khunti,RAN,neighbor,False,
2025-03-30 21:00:00,23.8,939.9,25.0,AWS-RAN-101,Khunti,RAN,neighbor,False,
2025-03-30 22:00:00,22.7,939.8,23.0,AWS-RAN-101,Khunti,RAN,neighbor,False,
2025-03-30 23:00:00,22.3,939.5,21.0,AWS-RAN-101,Khunti,RAN,neighbor,False,
2025-03-31 00:00:00,21.4,938.8,25.0,AWS-RAN-101,Khunti,RAN,neighbor,False,
2025-03-31 01:00:00,20.6,938.3,28.0,AWS-RAN-101,Khunti,RAN,neighbor,False,
2025-03-31 02:00:00,20.7,938.0,27.0,AWS-RAN-101,Khunti,RAN,neighbor,False,
2025-03-31 03:00:00,20.4,937.7,27.0,AWS-RAN-101,Khunti,RAN,neighbor,False,
2025-03-31 04:00:00,19.3,937.6,30.0,AWS-RAN-101,Khunti,RAN,neighbor,False,
2025-03-31 05:00:00,19.2,938.0,30.0,AWS-RAN-101,Khunti,RAN,neighbor,False,
2025-03-31 06:00:00,21.2,939.3,31.0,AWS-RAN-101,Khunti,RAN,neighbor,False,
2025-03-31 07:00:00,24.9,941.0,28.0,AWS-RAN-101,Khunti,RAN,neighbor,False,
2025-03-31 08:00:00,28.3,942.2,22.0,AWS-RAN-101,Khunti,RAN,neighbor,False,
2025-03-31 09:00:00,30.4,942.8,17.0,AWS-RAN-101,Khunti,RAN,neighbor,False,
2025-03-31 10:00:00,31.8,942.8,17.0,AWS-RAN-101,Khunti,RAN,neighbor,False,
2025-03-31 11:00:00,32.8,942.3,17.0,AWS-RAN-101,Khunti,RAN,neighbor,False,
2025-03-31 12:00:00,33.5,941.4,15.0,AWS-RAN-101,Khunti,RAN,neighbor,False,
2025-03-31 13:00:00,34.1,940.5,14.0,AWS-RAN-101,Khunti,RAN,neighbor,False,
2025-03-31 14:00:00,34.3,939.4,13.0,AWS-RAN-101,Khunti,RAN,neighbor,False,
2025-03-31 15:00:00,34.2,938.8,12.0,AWS-RAN-101,Khunti,RAN,neighbor,False,
2025-03-31 16:00:00,33.6,938.3,12.0,AWS-RAN-101,Khunti,RAN,neighbor,False,
2025-03-31 17:00:00,29.8,937.6,31.0,AWS-RAN-101,Khunti,RAN,neighbor,False,
2025-03-31 18:00:00,27.3,937.5,31.0,AWS-RAN-101,Khunti,RAN,neighbor,False,
2025-03-31 19:00:00,25.8,938.1,30.0,AWS-RAN-101,Khunti,RAN,neighbor,False,
2025-03-31 20:00:00,24.7,938.5,23.0,AWS-RAN-101,Khunti,RAN,neighbor,False,
2025-03-31 21:00:00,24.4,938.7,22.0,AWS-RAN-101,Khunti,RAN,neighbor,False,
2025-03-31 22:00:00,23.7,938.7,22.0,AWS-RAN-101,Khunti,RAN,neighbor,False,
2025-03-31 23:00:00,23.2,938.1,21.0,AWS-RAN-101,Khunti,RAN,neighbor,False,
