timestamp,temperature_c,pressure_hpa,humidity_pct,station_id,station_name,cluster_id,role
2025-01-01 00:00:00,12.5,980.9,84,AWS-RAN-103,Bundu,RAN,neighbor
2025-01-01 01:00:00,12.2,980.4,84,AWS-RAN-103,Bundu,RAN,neighbor
2025-01-01 02:00:00,11.7,979.9,86,AWS-RAN-103,Bundu,RAN,neighbor
2025-01-01 03:00:00,11.1,979.5,88,AWS-RAN-103,Bundu,RAN,neighbor
2025-01-01 04:00:00,10.4,979.6,91,AWS-RAN-103,Bundu,RAN,neighbor
2025-01-01 05:00:00,10.0,979.9,93,AWS-RAN-103,Bundu,RAN,neighbor
2025-01-01 06:00:00,9.9,981.1,94,AWS-RAN-103,Bundu,RAN,neighbor
2025-01-01 07:00:00,12.3,981.7,85,AWS-RAN-103,Bundu,RAN,neighbor
2025-01-01 08:00:00,14.3,982.5,74,AWS-RAN-103,Bundu,RAN,neighbor
2025-01-01 09:00:00,16.4,982.9,64,AWS-RAN-103,Bundu,RAN,neighbor
2025-01-01 10:00:00,18.8,982.4,53,AWS-RAN-103,Bundu,RAN,neighbor
2025-01-01 11:00:00,21.2,981.6,42,AWS-RAN-103,Bundu,RAN,neighbor
2025-01-01 12:00:00,23.0,980.3,34,AWS-RAN-103,Bundu,RAN,neighbor
2025-01-01 13:00:00,24.0,979.0,30,AWS-RAN-103,Bundu,RAN,neighbor
2025-01-01 14:00:00,24.2,978.1,28,AWS-RAN-103,Bundu,RAN,neighbor
2025-01-01 15:00:00,24.0,977.8,27,AWS-RAN-103,Bundu,RAN,neighbor
2025-01-01 16:00:00,22.3,977.9,33,AWS-RAN-103,Bundu,RAN,neighbor
2025-01-01 17:00:00,18.3,977.9,43,AWS-RAN-103,Bundu,RAN,neighbor
2025-01-01 18:00:00,17.2,979.3,55,AWS-RAN-103,Bundu,RAN,neighbor
2025-01-01 19:00:00,16.0,980.0,63,AWS-RAN-103,Bundu,RAN,neighbor
2025-01-01 20:00:00,14.7,980.4,69,AWS-RAN-103,Bundu,RAN,neighbor
2025-01-01 21:00:00,13.2,980.6,75,AWS-RAN-103,Bundu,RAN,neighbor
2025-01-01 22:00:00,11.9,980.8,78,AWS-RAN-103,Bundu,RAN,neighbor
2025-01-01 23:00:00,10.9,980.7,80,AWS-RAN-103,Bundu,RAN,neighbor
2025-01-02 00:00:00,10.2,980.3,81,AWS-RAN-103,Bundu,RAN,neighbor
2025-01-02 01:00:00,9.7,979.7,84,AWS-RAN-103,Bundu,RAN,neighbor
2025-01-02 02:00:00,9.2,978.8,87,AWS-RAN-103,Bundu,RAN,neighbor
2025-01-02 03:00:00,9.0,978.5,88,AWS-RAN-103,Bundu,RAN,neighbor
2025-01-02 04:00:00,8.8,978.6,89,AWS-RAN-103,Bundu,RAN,neighbor
2025-01-02 05:00:00,8.4,979.2,88,AWS-RAN-103,Bundu,RAN,neighbor
2025-01-02 06:00:00,8.9,980.8,88,AWS-RAN-103,Bundu,RAN,neighbor
2025-01-02 07:00:00,11.1,981.7,78,AWS-RAN-103,Bundu,RAN,neighbor
2025-01-02 08:00:00,14.2,982.2,62,AWS-RAN-103,Bundu,RAN,neighbor
2025-01-02 09:00:00,16.6,982.6,54,AWS-RAN-103,Bundu,RAN,neighbor
2025-01-02 10:00:00,19.0,982.3,48,AWS-RAN-103,Bundu,RAN,neighbor
2025-01-02 11:00:00,21.2,981.5,40,AWS-RAN-103,Bundu,RAN,neighbor
2025-01-02 12:00:00,22.8,980.1,33,AWS-RAN-103,Bundu,RAN,neighbor
2025-01-02 13:00:00,23.6,979.3,31,AWS-RAN-103,Bundu,RAN,neighbor
2025-01-02 14:00:00,23.8,978.8,31,AWS-RAN-103,Bundu,RAN,neighbor
2025-01-02 15:00:00,23.3,978.5,33,AWS-RAN-103,Bundu,RAN,neighbor
2025-01-02 16:00:00,21.8,978.6,38,AWS-RAN-103,Bundu,RAN,neighbor
2025-01-02 17:00:00,18.3,978.7,49,AWS-RAN-103,Bundu,RAN,neighbor
2025-01-02 18:00:00,17.4,979.7,53,AWS-RAN-103,Bundu,RAN,neighbor
2025-01-02 19:00:00,16.1,980.6,59,AWS-RAN-103,Bundu,RAN,neighbor
2025-01-02 20:00:00,14.7,981.0,65,AWS-RAN-103,Bundu,RAN,neighbor
2025-01-02 21:00:00,13.1,981.2,73,AWS-RAN-103,Bundu,RAN,neighbor
2025-01-02 22:00:00,12.5,981.4,76,AWS-RAN-103,Bundu,RAN,neighbor
2025-01-02 23:00:00,11.7,981.1,80,AWS-RAN-103,Bundu,RAN,neighbor
2025-01-03 00:00:00,11.0,980.6,84,AWS-RAN-103,Bundu,RAN,neighbor
2025-01-03 01:00:00,10.4,980.2,87,AWS-RAN-103,Bundu,RAN,neighbor
2025-01-03 02:00:00,10.0,979.7,90,AWS-RAN-103,Bundu,RAN,neighbor
2025-01-03 03:00:00,9.6,979.2,92,AWS-RAN-103,Bundu,RAN,neighbor
2025-01-03 04:00:00,9.1,979.3,93,AWS-RAN-103,Bundu,RAN,neighbor
2025-01-03 05:00:00,8.9,979.9,93,AWS-RAN-103,Bundu,RAN,neighbor
2025-01-03 06:00:00,8.8,981.1,94,AWS-RAN-103,Bundu,RAN,neighbor
2025-01-03 07:00:00,10.9,981.5,87,AWS-RAN-103,Bundu,RAN,neighbor
2025-01-03 08:00:00,14.4,982.5,72,AWS-RAN-103,Bundu,RAN,neighbor
2025-01-03 09:00:00,17.2,982.6,62,AWS-RAN-103,Bundu,RAN,neighbor
2025-01-03 10:00:00,19.9,982.3,52,AWS-RAN-103,Bundu,RAN,neighbor
2025-01-03 11:00:00,22.1,981.3,43,AWS-RAN-103,Bundu,RAN,neighbor
2025-01-03 12:00:00,23.4,980.1,36,AWS-RAN-103,Bundu,RAN,neighbor
2025-01-03 13:00:00,23.8,979.1,34,AWS-RAN-103,Bundu,RAN,neighbor
2025-01-03 14:00:00,23.8,978.5,37,AWS-RAN-103,Bundu,RAN,neighbor
2025-01-03 15:00:00,23.4,978.3,40,AWS-RAN-103,Bundu,RAN,neighbor
2025-01-03 16:00:00,22.0,978.4,46,AWS-RAN-103,Bundu,RAN,neighbor
2025-01-03 17:00:00,18.0,978.3,59,AWS-RAN-103,Bundu,RAN,neighbor
2025-01-03 18:00:00,16.8,979.1,64,AWS-RAN-103,Bundu,RAN,neighbor
2025-01-03 19:00:00,15.5,979.7,73,AWS-RAN-103,Bundu,RAN,neighbor
2025-01-03 20:00:00,14.5,980.2,80,AWS-RAN-103,Bundu,RAN,neighbor
2025-01-03 21:00:00,13.6,980.3,84,AWS-RAN-103,Bundu,RAN,neighbor
2025-01-03 22:00:00,13.1,980.0,85,AWS-RAN-103,Bundu,RAN,neighbor
2025-01-03 23:00:00,12.6,979.5,88,AWS-RAN-103,Bundu,RAN,neighbor
2025-01-04 00:00:00,12.0,979.0,91,AWS-RAN-103,Bundu,RAN,neighbor
2025-01-04 01:00:00,11.6,978.5,92,AWS-RAN-103,Bundu,RAN,neighbor
2025-01-04 02:00:00,11.3,977.9,92,AWS-RAN-103,Bundu,RAN,neighbor
2025-01-04 03:00:00,11.0,977.7,93,AWS-RAN-103,Bundu,RAN,neighbor
2025-01-04 04:00:00,10.8,977.8,93,AWS-RAN-103,Bundu,RAN,neighbor
2025-01-04 05:00:00,10.7,978.2,92,AWS-RAN-103,Bundu,RAN,neighbor
2025-01-04 06:00:00,10.7,979.2,93,AWS-RAN-103,Bundu,RAN,neighbor
2025-01-04 07:00:00,12.4,980.3,86,AWS-RAN-103,Bundu,RAN,neighbor
2025-01-04 08:00:00,15.6,981.7,73,AWS-RAN-103,Bundu,RAN,neighbor
2025-01-04 09:00:00,18.2,982.2,61,AWS-RAN-103,Bundu,RAN,neighbor
2025-01-04 10:00:00,20.3,981.7,49,AWS-RAN-103,Bundu,RAN,neighbor
2025-01-04 11:00:00,21.9,980.9,42,AWS-RAN-103,Bundu,RAN,neighbor
2025-01-04 12:00:00,23.0,979.7,38,AWS-RAN-103,Bundu,RAN,neighbor
2025-01-04 13:00:00,23.6,978.3,36,AWS-RAN-103,Bundu,RAN,neighbor
2025-01-04 14:00:00,23.8,977.5,36,AWS-RAN-103,Bundu,RAN,neighbor
2025-01-04 15:00:00,23.5,977.1,37,AWS-RAN-103,Bundu,RAN,neighbor
2025-01-04 16:00:00,22.3,977.2,41,AWS-RAN-103,Bundu,RAN,neighbor
2025-01-04 17:00:00,18.8,977.2,52,AWS-RAN-103,Bundu,RAN,neighbor
2025-01-04 18:00:00,18.3,978.1,57,AWS-RAN-103,Bundu,RAN,neighbor
2025-01-04 19:00:00,16.6,978.9,64,AWS-RAN-103,Bundu,RAN,neighbor
2025-01-04 20:00:00,15.5,979.5,67,AWS-RAN-103,Bundu,RAN,neighbor
2025-01-04 21:00:00,14.4,979.9,73,AWS-RAN-103,Bundu,RAN,neighbor
2025-01-04 22:00:00,13.8,979.7,80,AWS-RAN-103,Bundu,RAN,neighbor
2025-01-04 23:00:00,13.1,979.5,88,AWS-RAN-103,Bundu,RAN,neighbor
2025-01-05 00:00:00,12.4,979.1,92,AWS-RAN-103,Bundu,RAN,neighbor
2025-01-05 01:00:00,11.8,978.7,93,AWS-RAN-103,Bundu,RAN,neighbor
2025-01-05 02:00:00,11.5,978.1,94,AWS-RAN-103,Bundu,RAN,neighbor
2025-01-05 03:00:00,11.1,978.0,94,AWS-RAN-103,Bundu,RAN,neighbor
2025-01-05 04:00:00,10.6,977.9,95,AWS-RAN-103,Bundu,RAN,neighbor
2025-01-05 05:00:00,10.3,978.4,96,AWS-RAN-103,Bundu,RAN,neighbor
2025-01-05 06:00:00,10.6,979.3,96,AWS-RAN-103,Bundu,RAN,neighbor
2025-01-05 07:00:00,12.5,980.4,89,AWS-RAN-103,Bundu,RAN,neighbor
2025-01-05 08:00:00,17.0,981.9,71,AWS-RAN-103,Bundu,RAN,neighbor
2025-01-05 09:00:00,19.5,982.5,62,AWS-RAN-103,Bundu,RAN,neighbor
2025-01-05 10:00:00,21.4,982.3,56,AWS-RAN-103,Bundu,RAN,neighbor
2025-01-05 11:00:00,22.8,981.4,50,AWS-RAN-103,Bundu,RAN,neighbor
2025-01-05 12:00:00,23.7,980.0,46,AWS-RAN-103,Bundu,RAN,neighbor
2025-01-05 13:00:00,24.3,979.0,44,AWS-RAN-103,Bundu,RAN,neighbor
2025-01-05 14:00:00,24.6,978.2,43,AWS-RAN-103,Bundu,RAN,neighbor
2025-01-05 15:00:00,24.3,977.9,44,AWS-RAN-103,Bundu,RAN,neighbor
2025-01-05 16:00:00,23.2,977.7,48,AWS-RAN-103,Bundu,RAN,neighbor
2025-01-05 17:00:00,19.8,978.1,61,AWS-RAN-103,Bundu,RAN,neighbor
2025-01-05 18:00:00,19.1,979.1,68,AWS-RAN-103,Bundu,RAN,neighbor
2025-01-05 19:00:00,17.8,979.5,73,AWS-RAN-103,Bundu,RAN,neighbor
2025-01-05 20:00:00,17.2,979.8,75,AWS-RAN-103,Bundu,RAN,neighbor
2025-01-05 21:00:00,17.0,980.2,76,AWS-RAN-103,Bundu,RAN,neighbor
2025-01-05 22:00:00,16.6,979.9,77,AWS-RAN-103,Bundu,RAN,neighbor
2025-01-05 23:00:00,16.4,979.3,77,AWS-RAN-103,Bundu,RAN,neighbor
2025-01-06 00:00:00,15.7,978.9,79,AWS-RAN-103,Bundu,RAN,neighbor
2025-01-06 01:00:00,14.6,978.5,84,AWS-RAN-103,Bundu,RAN,neighbor
2025-01-06 02:00:00,14.3,978.0,85,AWS-RAN-103,Bundu,RAN,neighbor
2025-01-06 03:00:00,14.4,977.7,85,AWS-RAN-103,Bundu,RAN,neighbor
2025-01-06 04:00:00,14.2,977.5,86,AWS-RAN-103,Bundu,RAN,neighbor
2025-01-06 05:00:00,13.8,977.9,88,AWS-RAN-103,Bundu,RAN,neighbor
2025-01-06 06:00:00,11.9,978.2,95,AWS-RAN-103,Bundu,RAN,neighbor
2025-01-06 07:00:00,13.5,979.5,93,AWS-RAN-103,Bundu,RAN,neighbor
2025-01-06 08:00:00,18.1,981.0,76,AWS-RAN-103,Bundu,RAN,neighbor
2025-01-06 09:00:00,20.5,981.7,60,AWS-RAN-103,Bundu,RAN,neighbor
2025-01-06 10:00:00,22.1,981.2,50,AWS-RAN-103,Bundu,RAN,neighbor
2025-01-06 11:00:00,23.3,980.3,45,AWS-RAN-103,Bundu,RAN,neighbor
2025-01-06 12:00:00,24.4,979.0,41,AWS-RAN-103,Bundu,RAN,neighbor
2025-01-06 13:00:00,25.2,977.7,38,AWS-RAN-103,Bundu,RAN,neighbor
2025-01-06 14:00:00,25.6,976.8,37,AWS-RAN-103,Bundu,RAN,neighbor
2025-01-06 15:00:00,25.5,976.6,37,AWS-RAN-103,Bundu,RAN,neighbor
2025-01-06 16:00:00,24.2,976.5,40,AWS-RAN-103,Bundu,RAN,neighbor
2025-01-06 17:00:00,20.7,976.6,51,AWS-RAN-103,Bundu,RAN,neighbor
2025-01-06 18:00:00,20.4,977.0,57,AWS-RAN-103,Bundu,RAN,neighbor
2025-01-06 19:00:00,18.8,977.5,62,AWS-RAN-103,Bundu,RAN,neighbor
2025-01-06 20:00:00,17.7,977.8,65,AWS-RAN-103,Bundu,RAN,neighbor
2025-01-06 21:00:00,16.5,978.2,71,AWS-RAN-103,Bundu,RAN,neighbor
2025-01-06 22:00:00,15.7,978.2,74,AWS-RAN-103,Bundu,RAN,neighbor
2025-01-06 23:00:00,15.2,977.7,76,AWS-RAN-103,Bundu,RAN,neighbor
2025-01-07 00:00:00,15.0,977.3,77,AWS-RAN-103,Bundu,RAN,neighbor
2025-01-07 01:00:00,14.9,977.1,78,AWS-RAN-103,Bundu,RAN,neighbor
2025-01-07 02:00:00,14.4,976.9,81,AWS-RAN-103,Bundu,RAN,neighbor
2025-01-07 03:00:00,13.8,976.7,85,AWS-RAN-103,Bundu,RAN,neighbor
2025-01-07 04:00:00,12.7,976.6,90,AWS-RAN-103,Bundu,RAN,neighbor
2025-01-07 05:00:00,11.9,977.0,94,AWS-RAN-103,Bundu,RAN,neighbor
2025-01-07 06:00:00,11.9,978.2,95,AWS-RAN-103,Bundu,RAN,neighbor
2025-01-07 07:00:00,14.4,979.3,82,AWS-RAN-103,Bundu,RAN,neighbor
2025-01-07 08:00:00,19.0,980.5,63,AWS-RAN-103,Bundu,RAN,neighbor
2025-01-07 09:00:00,22.1,980.7,55,AWS-RAN-103,Bundu,RAN,neighbor
2025-01-07 10:00:00,24.3,980.0,45,AWS-RAN-103,Bundu,RAN,neighbor
2025-01-07 11:00:00,25.9,978.8,34,AWS-RAN-103,Bundu,RAN,neighbor
2025-01-07 12:00:00,26.8,977.6,29,AWS-RAN-103,Bundu,RAN,neighbor
2025-01-07 13:00:00,27.0,976.5,27,AWS-RAN-103,Bundu,RAN,neighbor
2025-01-07 14:00:00,26.5,975.9,27,AWS-RAN-103,Bundu,RAN,neighbor
2025-01-07 15:00:00,25.5,975.7,29,AWS-RAN-103,Bundu,RAN,neighbor
2025-01-07 16:00:00,23.6,976.0,37,AWS-RAN-103,Bundu,RAN,neighbor
2025-01-07 17:00:00,20.7,976.2,49,AWS-RAN-103,Bundu,RAN,neighbor
2025-01-07 18:00:00,18.6,976.7,61,AWS-RAN-103,Bundu,RAN,neighbor
2025-01-07 19:00:00,17.4,977.3,63,AWS-RAN-103,Bundu,RAN,neighbor
2025-01-07 20:00:00,16.8,977.7,64,AWS-RAN-103,Bundu,RAN,neighbor
2025-01-07 21:00:00,16.4,978.1,68,AWS-RAN-103,Bundu,RAN,neighbor
2025-01-07 22:00:00,15.9,978.4,71,AWS-RAN-103,Bundu,RAN,neighbor
2025-01-07 23:00:00,15.0,978.2,75,AWS-RAN-103,Bundu,RAN,neighbor
2025-01-08 00:00:00,13.6,977.9,83,AWS-RAN-103,Bundu,RAN,neighbor
2025-01-08 01:00:00,12.4,977.6,91,AWS-RAN-103,Bundu,RAN,neighbor
2025-01-08 02:00:00,11.8,977.1,92,AWS-RAN-103,Bundu,RAN,neighbor
2025-01-08 03:00:00,11.3,976.9,92,AWS-RAN-103,Bundu,RAN,neighbor
2025-01-08 04:00:00,10.7,977.1,91,AWS-RAN-103,Bundu,RAN,neighbor
2025-01-08 05:00:00,10.2,977.6,90,AWS-RAN-103,Bundu,RAN,neighbor
2025-01-08 06:00:00,11.0,978.6,87,AWS-RAN-103,Bundu,RAN,neighbor
2025-01-08 07:00:00,12.2,979.9,78,AWS-RAN-103,Bundu,RAN,neighbor
2025-01-08 08:00:00,14.6,980.9,65,AWS-RAN-103,Bundu,RAN,neighbor
2025-01-08 09:00:00,17.1,981.5,52,AWS-RAN-103,Bundu,RAN,neighbor
2025-01-08 10:00:00,19.6,981.2,41,AWS-RAN-103,Bundu,RAN,neighbor
2025-01-08 11:00:00,21.8,980.5,32,AWS-RAN-103,Bundu,RAN,neighbor
2025-01-08 12:00:00,23.3,979.4,27,AWS-RAN-103,Bundu,RAN,neighbor
2025-01-08 13:00:00,24.3,978.3,24,AWS-RAN-103,Bundu,RAN,neighbor
2025-01-08 14:00:00,24.6,977.6,22,AWS-RAN-103,Bundu,RAN,neighbor
2025-01-08 15:00:00,24.3,977.4,23,AWS-RAN-103,Bundu,RAN,neighbor
2025-01-08 16:00:00,23.1,977.4,26,AWS-RAN-103,Bundu,RAN,neighbor
2025-01-08 17:00:00,18.8,977.6,36,AWS-RAN-103,Bundu,RAN,neighbor
2025-01-08 18:00:00,17.5,978.8,47,AWS-RAN-103,Bundu,RAN,neighbor
2025-01-08 19:00:00,16.2,979.7,53,AWS-RAN-103,Bundu,RAN,neighbor
2025-01-08 20:00:00,15.1,980.5,59,AWS-RAN-103,Bundu,RAN,neighbor
2025-01-08 21:00:00,14.1,981.0,64,AWS-RAN-103,Bundu,RAN,neighbor
2025-01-08 22:00:00,12.9,981.0,69,AWS-RAN-103,Bundu,RAN,neighbor
2025-01-08 23:00:00,12.1,980.5,71,AWS-RAN-103,Bundu,RAN,neighbor
2025-01-09 00:00:00,11.4,980.0,73,AWS-RAN-103,Bundu,RAN,neighbor
2025-01-09 01:00:00,10.6,979.8,76,AWS-RAN-103,Bundu,RAN,neighbor
2025-01-09 02:00:00,10.0,979.5,79,AWS-RAN-103,Bundu,RAN,neighbor
2025-01-09 03:00:00,9.9,979.7,81,AWS-RAN-103,Bundu,RAN,neighbor
2025-01-09 04:00:00,9.7,979.9,83,AWS-RAN-103,Bundu,RAN,neighbor
2025-01-09 05:00:00,9.3,980.5,86,AWS-RAN-103,Bundu,RAN,neighbor
2025-01-09 06:00:00,9.5,981.4,89,AWS-RAN-103,Bundu,RAN,neighbor
2025-01-09 07:00:00,11.5,982.8,79,AWS-RAN-103,Bundu,RAN,neighbor
2025-01-09 08:00:00,14.4,983.9,67,AWS-RAN-103,Bundu,RAN,neighbor
2025-01-09 09:00:00,16.5,984.3,62,AWS-RAN-103,Bundu,RAN,neighbor
2025-01-09 10:00:00,18.4,983.7,55,AWS-RAN-103,Bundu,RAN,neighbor
2025-01-09 11:00:00,20.2,982.6,48,AWS-RAN-103,Bundu,RAN,neighbor
2025-01-09 12:00:00,21.8,981.3,43,AWS-RAN-103,Bundu,RAN,neighbor
2025-01-09 13:00:00,23.0,980.1,39,AWS-RAN-103,Bundu,RAN,neighbor
2025-01-09 14:00:00,23.8,979.5,36,AWS-RAN-103,Bundu,RAN,neighbor
2025-01-09 15:00:00,23.8,979.1,35,AWS-RAN-103,Bundu,RAN,neighbor
2025-01-09 16:00:00,22.8,979.1,38,AWS-RAN-103,Bundu,RAN,neighbor
2025-01-09 17:00:00,19.6,979.4,48,AWS-RAN-103,Bundu,RAN,neighbor
2025-01-09 18:00:00,18.5,980.2,57,AWS-RAN-103,Bundu,RAN,neighbor
2025-01-09 19:00:00,17.1,981.2,61,AWS-RAN-103,Bundu,RAN,neighbor
2025-01-09 20:00:00,15.6,981.9,65,AWS-RAN-103,Bundu,RAN,neighbor
2025-01-09 21:00:00,14.3,982.8,68,AWS-RAN-103,Bundu,RAN,neighbor
2025-01-09 22:00:00,13.4,983.1,68,AWS-RAN-103,Bundu,RAN,neighbor
2025-01-09 23:00:00,12.8,982.9,71,AWS-RAN-103,Bundu,RAN,neighbor
2025-01-10 00:00:00,12.1,982.7,75,AWS-RAN-103,Bundu,RAN,neighbor
2025-01-10 01:00:00,11.2,982.3,81,AWS-RAN-103,Bundu,RAN,neighbor
2025-01-10 02:00:00,10.5,982.0,86,AWS-RAN-103,Bundu,RAN,neighbor
2025-01-10 03:00:00,10.0,981.8,89,AWS-RAN-103,Bundu,RAN,neighbor
2025-01-10 04:00:00,9.5,982.1,91,AWS-RAN-103,Bundu,RAN,neighbor
2025-01-10 05:00:00,9.1,982.5,93,AWS-RAN-103,Bundu,RAN,neighbor
2025-01-10 06:00:00,8.8,983.1,94,AWS-RAN-103,Bundu,RAN,neighbor
2025-01-10 07:00:00,10.7,984.0,83,AWS-RAN-103,Bundu,RAN,neighbor
2025-01-10 08:00:00,14.8,985.2,64,AWS-RAN-103,Bundu,RAN,neighbor
2025-01-10 09:00:00,17.6,985.8,53,AWS-RAN-103,Bundu,RAN,neighbor
2025-01-10 10:00:00,19.6,985.4,46,AWS-RAN-103,Bundu,RAN,neighbor
2025-01-10 11:00:00,21.3,984.3,42,AWS-RAN-103,Bundu,RAN,neighbor
2025-01-10 12:00:00,22.7,982.8,38,AWS-RAN-103,Bundu,RAN,neighbor
2025-01-10 13:00:00,24.0,981.9,34,AWS-RAN-103,Bundu,RAN,neighbor
2025-01-10 14:00:00,24.9,981.3,31,AWS-RAN-103,Bundu,RAN,neighbor
2025-01-10 15:00:00,24.8,981.0,30,AWS-RAN-103,Bundu,RAN,neighbor
2025-01-10 16:00:00,23.5,981.1,33,AWS-RAN-103,Bundu,RAN,neighbor
2025-01-10 17:00:00,19.3,981.0,45,AWS-RAN-103,Bundu,RAN,neighbor
2025-01-10 18:00:00,18.3,981.1,49,AWS-RAN-103,Bundu,RAN,neighbor
2025-01-10 19:00:00,17.7,981.9,50,AWS-RAN-103,Bundu,RAN,neighbor
2025-01-10 20:00:00,16.6,982.5,52,AWS-RAN-103,Bundu,RAN,neighbor
2025-01-10 21:00:00,15.1,982.7,57,AWS-RAN-103,Bundu,RAN,neighbor
2025-01-10 22:00:00,13.6,982.8,65,AWS-RAN-103,Bundu,RAN,neighbor
2025-01-10 23:00:00,12.6,982.3,73,AWS-RAN-103,Bundu,RAN,neighbor
2025-01-11 00:00:00,11.8,981.8,80,AWS-RAN-103,Bundu,RAN,neighbor
2025-01-11 01:00:00,11.1,981.5,85,AWS-RAN-103,Bundu,RAN,neighbor
2025-01-11 02:00:00,10.4,981.4,89,AWS-RAN-103,Bundu,RAN,neighbor
2025-01-11 03:00:00,9.9,981.2,92,AWS-RAN-103,Bundu,RAN,neighbor
2025-01-11 04:00:00,10.0,981.5,89,AWS-RAN-103,Bundu,RAN,neighbor
2025-01-11 05:00:00,10.6,982.3,85,AWS-RAN-103,Bundu,RAN,neighbor
2025-01-11 06:00:00,9.9,983.1,89,AWS-RAN-103,Bundu,RAN,neighbor
2025-01-11 07:00:00,12.0,984.2,78,AWS-RAN-103,Bundu,RAN,neighbor
2025-01-11 08:00:00,15.7,985.5,63,AWS-RAN-103,Bundu,RAN,neighbor
2025-01-11 09:00:00,18.3,986.1,53,AWS-RAN-103,Bundu,RAN,neighbor
2025-01-11 10:00:00,20.3,985.6,46,AWS-RAN-103,Bundu,RAN,neighbor
2025-01-11 11:00:00,22.0,984.4,41,AWS-RAN-103,Bundu,RAN,neighbor
2025-01-11 12:00:00,23.3,983.0,38,AWS-RAN-103,Bundu,RAN,neighbor
2025-01-11 13:00:00,24.2,981.8,35,AWS-RAN-103,Bundu,RAN,neighbor
2025-01-11 14:00:00,24.4,981.0,34,AWS-RAN-103,Bundu,RAN,neighbor
2025-01-11 15:00:00,24.1,980.6,34,AWS-RAN-103,Bundu,RAN,neighbor
2025-01-11 16:00:00,23.1,980.4,34,AWS-RAN-103,Bundu,RAN,neighbor
2025-01-11 17:00:00,19.9,980.3,40,AWS-RAN-103,Bundu,RAN,neighbor
2025-01-11 18:00:00,18.8,980.2,46,AWS-RAN-103,Bundu,RAN,neighbor
2025-01-11 19:00:00,17.4,980.7,49,AWS-RAN-103,Bundu,RAN,neighbor
2025-01-11 20:00:00,17.0,981.6,50,AWS-RAN-103,Bundu,RAN,neighbor
2025-01-11 21:00:00,16.9,982.2,49,AWS-RAN-103,Bundu,RAN,neighbor
2025-01-11 22:00:00,16.5,982.3,49,AWS-RAN-103,Bundu,RAN,neighbor
2025-01-11 23:00:00,15.8,982.2,50,AWS-RAN-103,Bundu,RAN,neighbor
2025-01-12 00:00:00,15.1,981.8,51,AWS-RAN-103,Bundu,RAN,neighbor
2025-01-12 01:00:00,14.8,981.6,52,AWS-RAN-103,Bundu,RAN,neighbor
2025-01-12 02:00:00,14.4,981.2,54,AWS-RAN-103,Bundu,RAN,neighbor
2025-01-12 03:00:00,13.8,980.7,56,AWS-RAN-103,Bundu,RAN,neighbor
2025-01-12 04:00:00,13.5,980.9,57,AWS-RAN-103,Bundu,RAN,neighbor
2025-01-12 05:00:00,13.1,981.3,60,AWS-RAN-103,Bundu,RAN,neighbor
2025-01-12 06:00:00,13.0,981.9,65,AWS-RAN-103,Bundu,RAN,neighbor
2025-01-12 07:00:00,14.6,983.2,61,AWS-RAN-103,Bundu,RAN,neighbor
2025-01-12 08:00:00,17.8,984.2,47,AWS-RAN-103,Bundu,RAN,neighbor
2025-01-12 09:00:00,20.0,984.6,44,AWS-RAN-103,Bundu,RAN,neighbor
2025-01-12 10:00:00,21.9,984.0,40,AWS-RAN-103,Bundu,RAN,neighbor
2025-01-12 11:00:00,23.5,982.8,36,AWS-RAN-103,Bundu,RAN,neighbor
2025-01-12 12:00:00,24.8,981.5,33,AWS-RAN-103,Bundu,RAN,neighbor
2025-01-12 13:00:00,25.6,980.2,30,AWS-RAN-103,Bundu,RAN,neighbor
2025-01-12 14:00:00,25.9,979.2,29,AWS-RAN-103,Bundu,RAN,neighbor
2025-01-12 15:00:00,25.7,978.8,29,AWS-RAN-103,Bundu,RAN,neighbor
2025-01-12 16:00:00,24.7,978.7,31,AWS-RAN-103,Bundu,RAN,neighbor
2025-01-12 17:00:00,21.8,978.8,37,AWS-RAN-103,Bundu,RAN,neighbor
2025-01-12 18:00:00,20.8,979.3,40,AWS-RAN-103,Bundu,RAN,neighbor
2025-01-12 19:00:00,19.4,980.0,44,AWS-RAN-103,Bundu,RAN,neighbor
2025-01-12 20:00:00,17.5,980.4,53,AWS-RAN-103,Bundu,RAN,neighbor
2025-01-12 21:00:00,17.2,980.8,55,AWS-RAN-103,Bundu,RAN,neighbor
2025-01-12 22:00:00,17.4,980.7,53,AWS-RAN-103,Bundu,RAN,neighbor
2025-01-12 23:00:00,17.2,980.2,54,AWS-RAN-103,Bundu,RAN,neighbor
2025-01-13 00:00:00,16.2,979.9,56,AWS-RAN-103,Bundu,RAN,neighbor
2025-01-13 01:00:00,15.4,979.4,61,AWS-RAN-103,Bundu,RAN,neighbor
2025-01-13 02:00:00,14.6,978.9,68,AWS-RAN-103,Bundu,RAN,neighbor
2025-01-13 03:00:00,14.0,978.7,78,AWS-RAN-103,Bundu,RAN,neighbor
2025-01-13 04:00:00,13.6,978.8,84,AWS-RAN-103,Bundu,RAN,neighbor
2025-01-13 05:00:00,13.5,979.2,86,AWS-RAN-103,Bundu,RAN,neighbor
2025-01-13 06:00:00,13.8,979.7,86,AWS-RAN-103,Bundu,RAN,neighbor
2025-01-13 07:00:00,15.9,981.0,76,AWS-RAN-103,Bundu,RAN,neighbor
2025-01-13 08:00:00,19.7,982.0,62,AWS-RAN-103,Bundu,RAN,neighbor
2025-01-13 09:00:00,22.7,982.4,50,AWS-RAN-103,Bundu,RAN,neighbor
2025-01-13 10:00:00,24.3,981.8,41,AWS-RAN-103,Bundu,RAN,neighbor
2025-01-13 11:00:00,25.4,980.8,38,AWS-RAN-103,Bundu,RAN,neighbor
2025-01-13 12:00:00,26.3,979.5,36,AWS-RAN-103,Bundu,RAN,neighbor
2025-01-13 13:00:00,27.3,978.2,33,AWS-RAN-103,Bundu,RAN,neighbor
2025-01-13 14:00:00,27.1,977.4,32,AWS-RAN-103,Bundu,RAN,neighbor
2025-01-13 15:00:00,26.8,977.2,33,AWS-RAN-103,Bundu,RAN,neighbor
2025-01-13 16:00:00,26.0,977.2,35,AWS-RAN-103,Bundu,RAN,neighbor
2025-01-13 17:00:00,23.5,977.9,43,AWS-RAN-103,Bundu,RAN,neighbor
2025-01-13 18:00:00,21.2,978.9,52,AWS-RAN-103,Bundu,RAN,neighbor
2025-01-13 19:00:00,19.6,979.6,61,AWS-RAN-103,Bundu,RAN,neighbor
2025-01-13 20:00:00,18.8,980.4,66,AWS-RAN-103,Bundu,RAN,neighbor
2025-01-13 21:00:00,17.8,980.7,70,AWS-RAN-103,Bundu,RAN,neighbor
2025-01-13 22:00:00,17.0,981.0,74,AWS-RAN-103,Bundu,RAN,neighbor
2025-01-13 23:00:00,16.1,980.8,79,AWS-RAN-103,Bundu,RAN,neighbor
2025-01-14 00:00:00,15.4,980.6,84,AWS-RAN-103,Bundu,RAN,neighbor
2025-01-14 01:00:00,15.0,980.3,87,AWS-RAN-103,Bundu,RAN,neighbor
2025-01-14 02:00:00,14.5,980.2,91,AWS-RAN-103,Bundu,RAN,neighbor
2025-01-14 03:00:00,14.3,980.1,92,AWS-RAN-103,Bundu,RAN,neighbor
2025-01-14 04:00:00,14.0,980.3,92,AWS-RAN-103,Bundu,RAN,neighbor
2025-01-14 05:00:00,13.6,980.8,93,AWS-RAN-103,Bundu,RAN,neighbor
2025-01-14 06:00:00,13.3,981.9,94,AWS-RAN-103,Bundu,RAN,neighbor
2025-01-14 07:00:00,15.0,983.2,88,AWS-RAN-103,Bundu,RAN,neighbor
2025-01-14 08:00:00,17.5,984.4,75,AWS-RAN-103,Bundu,RAN,neighbor
2025-01-14 09:00:00,20.0,985.0,64,AWS-RAN-103,Bundu,RAN,neighbor
2025-01-14 10:00:00,22.0,984.9,55,AWS-RAN-103,Bundu,RAN,neighbor
2025-01-14 11:00:00,23.4,983.9,49,AWS-RAN-103,Bundu,RAN,neighbor
2025-01-14 12:00:00,24.4,982.6,46,AWS-RAN-103,Bundu,RAN,neighbor
2025-01-14 13:00:00,25.0,981.2,42,AWS-RAN-103,Bundu,RAN,neighbor
2025-01-14 14:00:00,25.3,980.4,40,AWS-RAN-103,Bundu,RAN,neighbor
2025-01-14 15:00:00,25.2,980.2,39,AWS-RAN-103,Bundu,RAN,neighbor
2025-01-14 16:00:00,24.3,980.3,40,AWS-RAN-103,Bundu,RAN,neighbor
2025-01-14 17:00:00,21.8,981.0,47,AWS-RAN-103,Bundu,RAN,neighbor
2025-01-14 18:00:00,21.4,981.8,50,AWS-RAN-103,Bundu,RAN,neighbor
2025-01-14 19:00:00,19.9,982.4,55,AWS-RAN-103,Bundu,RAN,neighbor
2025-01-14 20:00:00,18.2,982.7,59,AWS-RAN-103,Bundu,RAN,neighbor
2025-01-14 21:00:00,17.3,983.5,62,AWS-RAN-103,Bundu,RAN,neighbor
2025-01-14 22:00:00,16.0,983.6,68,AWS-RAN-103,Bundu,RAN,neighbor
2025-01-14 23:00:00,15.4,983.4,72,AWS-RAN-103,Bundu,RAN,neighbor
2025-01-15 00:00:00,14.4,983.1,80,AWS-RAN-103,Bundu,RAN,neighbor
2025-01-15 01:00:00,13.8,982.7,85,AWS-RAN-103,Bundu,RAN,neighbor
2025-01-15 02:00:00,13.3,982.1,88,AWS-RAN-103,Bundu,RAN,neighbor
2025-01-15 03:00:00,13.4,982.1,86,AWS-RAN-103,Bundu,RAN,neighbor
2025-01-15 04:00:00,13.5,982.4,85,AWS-RAN-103,Bundu,RAN,neighbor
2025-01-15 05:00:00,13.3,983.0,85,AWS-RAN-103,Bundu,RAN,neighbor
2025-01-15 06:00:00,12.3,983.9,91,AWS-RAN-103,Bundu,RAN,neighbor
2025-01-15 07:00:00,14.0,984.7,84,AWS-RAN-103,Bundu,RAN,neighbor
2025-01-15 08:00:00,17.2,985.8,70,AWS-RAN-103,Bundu,RAN,neighbor
2025-01-15 09:00:00,19.4,986.3,61,AWS-RAN-103,Bundu,RAN,neighbor
2025-01-15 10:00:00,21.2,985.9,54,AWS-RAN-103,Bundu,RAN,neighbor
2025-01-15 11:00:00,22.6,984.5,48,AWS-RAN-103,Bundu,RAN,neighbor
2025-01-15 12:00:00,23.9,982.9,42,AWS-RAN-103,Bundu,RAN,neighbor
2025-01-15 13:00:00,24.7,981.5,40,AWS-RAN-103,Bundu,RAN,neighbor
2025-01-15 14:00:00,25.2,980.7,38,AWS-RAN-103,Bundu,RAN,neighbor
2025-01-15 15:00:00,25.0,980.4,39,AWS-RAN-103,Bundu,RAN,neighbor
2025-01-15 16:00:00,24.0,980.3,41,AWS-RAN-103,Bundu,RAN,neighbor
2025-01-15 17:00:00,20.9,980.5,52,AWS-RAN-103,Bundu,RAN,neighbor
2025-01-15 18:00:00,19.5,981.7,56,AWS-RAN-103,Bundu,RAN,neighbor
2025-01-15 19:00:00,18.5,982.1,56,AWS-RAN-103,Bundu,RAN,neighbor
2025-01-15 20:00:00,16.8,982.7,60,AWS-RAN-103,Bundu,RAN,neighbor
2025-01-15 21:00:00,15.6,982.7,67,AWS-RAN-103,Bundu,RAN,neighbor
2025-01-15 22:00:00,14.4,982.8,75,AWS-RAN-103,Bundu,RAN,neighbor
2025-01-15 23:00:00,13.3,982.4,80,AWS-RAN-103,Bundu,RAN,neighbor
2025-01-16 00:00:00,12.2,981.9,86,AWS-RAN-103,Bundu,RAN,neighbor
2025-01-16 01:00:00,11.4,981.4,91,AWS-RAN-103,Bundu,RAN,neighbor
2025-01-16 02:00:00,10.5,980.7,95,AWS-RAN-103,Bundu,RAN,neighbor
2025-01-16 03:00:00,9.9,980.3,97,AWS-RAN-103,Bundu,RAN,neighbor
2025-01-16 04:00:00,9.7,980.2,97,AWS-RAN-103,Bundu,RAN,neighbor
2025-01-16 05:00:00,10.1,980.8,95,AWS-RAN-103,Bundu,RAN,neighbor
2025-01-16 06:00:00,10.9,982.3,94,AWS-RAN-103,Bundu,RAN,neighbor
2025-01-16 07:00:00,13.0,983.3,82,AWS-RAN-103,Bundu,RAN,neighbor
2025-01-16 08:00:00,15.9,984.3,67,AWS-RAN-103,Bundu,RAN,neighbor
2025-01-16 09:00:00,18.2,985.1,57,AWS-RAN-103,Bundu,RAN,neighbor
2025-01-16 10:00:00,20.3,984.6,49,AWS-RAN-103,Bundu,RAN,neighbor
2025-01-16 11:00:00,21.9,983.6,45,AWS-RAN-103,Bundu,RAN,neighbor
2025-01-16 12:00:00,23.2,982.1,41,AWS-RAN-103,Bundu,RAN,neighbor
2025-01-16 13:00:00,24.1,981.0,38,AWS-RAN-103,Bundu,RAN,neighbor
2025-01-16 14:00:00,24.6,980.3,37,AWS-RAN-103,Bundu,RAN,neighbor
2025-01-16 15:00:00,24.3,980.1,37,AWS-RAN-103,Bundu,RAN,neighbor
2025-01-16 16:00:00,23.3,980.3,39,AWS-RAN-103,Bundu,RAN,neighbor
2025-01-16 17:00:00,20.8,980.6,44,AWS-RAN-103,Bundu,RAN,neighbor
2025-01-16 18:00:00,19.0,981.2,48,AWS-RAN-103,Bundu,RAN,neighbor
2025-01-16 19:00:00,17.1,982.0,53,AWS-RAN-103,Bundu,RAN,neighbor
2025-01-16 20:00:00,16.5,982.5,54,AWS-RAN-103,Bundu,RAN,neighbor
2025-01-16 21:00:00,15.2,982.7,59,AWS-RAN-103,Bundu,RAN,neighbor
2025-01-16 22:00:00,14.0,982.6,66,AWS-RAN-103,Bundu,RAN,neighbor
2025-01-16 23:00:00,13.1,982.3,70,AWS-RAN-103,Bundu,RAN,neighbor
2025-01-17 00:00:00,12.5,981.8,73,AWS-RAN-103,Bundu,RAN,neighbor
2025-01-17 01:00:00,12.2,981.6,74,AWS-RAN-103,Bundu,RAN,neighbor
2025-01-17 02:00:00,11.8,981.1,76,AWS-RAN-103,Bundu,RAN,neighbor
2025-01-17 03:00:00,11.6,980.7,76,AWS-RAN-103,Bundu,RAN,neighbor
2025-01-17 04:00:00,11.4,980.5,70,AWS-RAN-103,Bundu,RAN,neighbor
2025-01-17 05:00:00,11.1,980.9,65,AWS-RAN-103,Bundu,RAN,neighbor
2025-01-17 06:00:00,11.4,981.8,67,AWS-RAN-103,Bundu,RAN,neighbor
2025-01-17 07:00:00,13.2,982.5,57,AWS-RAN-103,Bundu,RAN,neighbor
2025-01-17 08:00:00,16.6,983.2,45,AWS-RAN-103,Bundu,RAN,neighbor
2025-01-17 09:00:00,19.9,983.4,34,AWS-RAN-103,Bundu,RAN,neighbor
2025-01-17 10:00:00,22.3,983.1,27,AWS-RAN-103,Bundu,RAN,neighbor
2025-01-17 11:00:00,23.4,982.3,25,AWS-RAN-103,Bundu,RAN,neighbor
2025-01-17 12:00:00,24.2,981.1,21,AWS-RAN-103,Bundu,RAN,neighbor
2025-01-17 13:00:00,24.8,980.1,20,AWS-RAN-103,Bundu,RAN,neighbor
2025-01-17 14:00:00,24.7,979.3,23,AWS-RAN-103,Bundu,RAN,neighbor
2025-01-17 15:00:00,24.2,979.2,28,AWS-RAN-103,Bundu,RAN,neighbor
2025-01-17 16:00:00,23.1,979.4,31,AWS-RAN-103,Bundu,RAN,neighbor
2025-01-17 17:00:00,19.5,979.2,41,AWS-RAN-103,Bundu,RAN,neighbor
2025-01-17 18:00:00,18.2,979.6,52,AWS-RAN-103,Bundu,RAN,neighbor
2025-01-17 19:00:00,17.3,980.5,54,AWS-RAN-103,Bundu,RAN,neighbor
2025-01-17 20:00:00,16.5,981.0,56,AWS-RAN-103,Bundu,RAN,neighbor
2025-01-17 21:00:00,16.0,981.2,61,AWS-RAN-103,Bundu,RAN,neighbor
2025-01-17 22:00:00,15.2,981.4,69,AWS-RAN-103,Bundu,RAN,neighbor
2025-01-17 23:00:00,14.1,980.9,76,AWS-RAN-103,Bundu,RAN,neighbor
2025-01-18 00:00:00,13.4,980.4,77,AWS-RAN-103,Bundu,RAN,neighbor
2025-01-18 01:00:00,12.8,980.2,74,AWS-RAN-103,Bundu,RAN,neighbor
2025-01-18 02:00:00,12.7,980.0,71,AWS-RAN-103,Bundu,RAN,neighbor
2025-01-18 03:00:00,12.2,979.8,71,AWS-RAN-103,Bundu,RAN,neighbor
2025-01-18 04:00:00,11.8,979.6,73,AWS-RAN-103,Bundu,RAN,neighbor
2025-01-18 05:00:00,11.3,979.8,79,AWS-RAN-103,Bundu,RAN,neighbor
2025-01-18 06:00:00,11.0,980.9,83,AWS-RAN-103,Bundu,RAN,neighbor
2025-01-18 07:00:00,13.5,981.9,74,AWS-RAN-103,Bundu,RAN,neighbor
2025-01-18 08:00:00,17.7,983.1,58,AWS-RAN-103,Bundu,RAN,neighbor
2025-01-18 09:00:00,20.6,983.4,47,AWS-RAN-103,Bundu,RAN,neighbor
2025-01-18 10:00:00,23.0,983.4,38,AWS-RAN-103,Bundu,RAN,neighbor
2025-01-18 11:00:00,24.8,982.5,32,AWS-RAN-103,Bundu,RAN,neighbor
2025-01-18 12:00:00,26.1,981.1,29,AWS-RAN-103,Bundu,RAN,neighbor
2025-01-18 13:00:00,26.8,979.8,27,AWS-RAN-103,Bundu,RAN,neighbor
2025-01-18 14:00:00,27.1,978.9,27,AWS-RAN-103,Bundu,RAN,neighbor
2025-01-18 15:00:00,26.8,978.5,28,AWS-RAN-103,Bundu,RAN,neighbor
2025-01-18 16:00:00,25.7,978.5,31,AWS-RAN-103,Bundu,RAN,neighbor
2025-01-18 17:00:00,21.9,978.5,42,AWS-RAN-103,Bundu,RAN,neighbor
2025-01-18 18:00:00,19.9,979.1,46,AWS-RAN-103,Bundu,RAN,neighbor
2025-01-18 19:00:00,18.3,979.9,54,AWS-RAN-103,Bundu,RAN,neighbor
2025-01-18 20:00:00,16.9,980.2,61,AWS-RAN-103,Bundu,RAN,neighbor
2025-01-18 21:00:00,15.8,980.3,66,AWS-RAN-103,Bundu,RAN,neighbor
2025-01-18 22:00:00,14.8,980.6,71,AWS-RAN-103,Bundu,RAN,neighbor
2025-01-18 23:00:00,13.8,980.3,77,AWS-RAN-103,Bundu,RAN,neighbor
2025-01-19 00:00:00,12.8,979.6,82,AWS-RAN-103,Bundu,RAN,neighbor
2025-01-19 01:00:00,12.3,979.0,83,AWS-RAN-103,Bundu,RAN,neighbor
2025-01-19 02:00:00,12.2,978.3,81,AWS-RAN-103,Bundu,RAN,neighbor
2025-01-19 03:00:00,12.4,978.1,78,AWS-RAN-103,Bundu,RAN,neighbor
2025-01-19 04:00:00,12.6,978.3,75,AWS-RAN-103,Bundu,RAN,neighbor
2025-01-19 05:00:00,12.2,979.0,74,AWS-RAN-103,Bundu,RAN,neighbor
2025-01-19 06:00:00,11.6,980.2,79,AWS-RAN-103,Bundu,RAN,neighbor
2025-01-19 07:00:00,14.0,981.5,68,AWS-RAN-103,Bundu,RAN,neighbor
2025-01-19 08:00:00,17.5,982.7,55,AWS-RAN-103,Bundu,RAN,neighbor
2025-01-19 09:00:00,20.4,982.9,46,AWS-RAN-103,Bundu,RAN,neighbor
2025-01-19 10:00:00,23.2,982.4,36,AWS-RAN-103,Bundu,RAN,neighbor
2025-01-19 11:00:00,25.7,981.3,23,AWS-RAN-103,Bundu,RAN,neighbor
2025-01-19 12:00:00,27.2,979.9,19,AWS-RAN-103,Bundu,RAN,neighbor
2025-01-19 13:00:00,28.1,978.6,16,AWS-RAN-103,Bundu,RAN,neighbor
2025-01-19 14:00:00,28.4,977.8,15,AWS-RAN-103,Bundu,RAN,neighbor
2025-01-19 15:00:00,28.0,977.4,14,AWS-RAN-103,Bundu,RAN,neighbor
2025-01-19 16:00:00,26.3,977.3,16,AWS-RAN-103,Bundu,RAN,neighbor
2025-01-19 17:00:00,22.3,977.3,24,AWS-RAN-103,Bundu,RAN,neighbor
2025-01-19 18:00:00,20.6,977.6,35,AWS-RAN-103,Bundu,RAN,neighbor
2025-01-19 19:00:00,18.8,978.1,42,AWS-RAN-103,Bundu,RAN,neighbor
2025-01-19 20:00:00,17.6,978.2,48,AWS-RAN-103,Bundu,RAN,neighbor
2025-01-19 21:00:00,16.6,978.5,52,AWS-RAN-103,Bundu,RAN,neighbor
2025-01-19 22:00:00,16.2,978.4,53,AWS-RAN-103,Bundu,RAN,neighbor
2025-01-19 23:00:00,15.6,978.1,50,AWS-RAN-103,Bundu,RAN,neighbor
2025-01-20 00:00:00,14.1,977.4,52,AWS-RAN-103,Bundu,RAN,neighbor
2025-01-20 01:00:00,13.1,977.2,55,AWS-RAN-103,Bundu,RAN,neighbor
2025-01-20 02:00:00,12.3,977.1,59,AWS-RAN-103,Bundu,RAN,neighbor
2025-01-20 03:00:00,11.8,976.9,61,AWS-RAN-103,Bundu,RAN,neighbor
2025-01-20 04:00:00,11.3,976.7,62,AWS-RAN-103,Bundu,RAN,neighbor
2025-01-20 05:00:00,10.8,977.0,63,AWS-RAN-103,Bundu,RAN,neighbor
2025-01-20 06:00:00,10.3,978.0,72,AWS-RAN-103,Bundu,RAN,neighbor
2025-01-20 07:00:00,12.7,979.1,62,AWS-RAN-103,Bundu,RAN,neighbor
2025-01-20 08:00:00,17.6,980.2,48,AWS-RAN-103,Bundu,RAN,neighbor
2025-01-20 09:00:00,20.8,980.5,42,AWS-RAN-103,Bundu,RAN,neighbor
2025-01-20 10:00:00,23.9,980.1,35,AWS-RAN-103,Bundu,RAN,neighbor
2025-01-20 11:00:00,26.5,979.3,28,AWS-RAN-103,Bundu,RAN,neighbor
2025-01-20 12:00:00,28.0,978.2,24,AWS-RAN-103,Bundu,RAN,neighbor
2025-01-20 13:00:00,28.6,977.2,24,AWS-RAN-103,Bundu,RAN,neighbor
2025-01-20 14:00:00,28.7,976.3,24,AWS-RAN-103,Bundu,RAN,neighbor
2025-01-20 15:00:00,28.2,975.8,25,AWS-RAN-103,Bundu,RAN,neighbor
2025-01-20 16:00:00,26.8,975.8,27,AWS-RAN-103,Bundu,RAN,neighbor
2025-01-20 17:00:00,22.8,975.8,37,AWS-RAN-103,Bundu,RAN,neighbor
2025-01-20 18:00:00,21.5,976.1,43,AWS-RAN-103,Bundu,RAN,neighbor
2025-01-20 19:00:00,20.2,976.9,50,AWS-RAN-103,Bundu,RAN,neighbor
2025-01-20 20:00:00,19.1,977.2,56,AWS-RAN-103,Bundu,RAN,neighbor
2025-01-20 21:00:00,17.7,977.3,64,AWS-RAN-103,Bundu,RAN,neighbor
2025-01-20 22:00:00,16.3,977.3,71,AWS-RAN-103,Bundu,RAN,neighbor
2025-01-20 23:00:00,15.4,977.0,77,AWS-RAN-103,Bundu,RAN,neighbor
2025-01-21 00:00:00,14.5,976.5,81,AWS-RAN-103,Bundu,RAN,neighbor
2025-01-21 01:00:00,14.0,976.1,84,AWS-RAN-103,Bundu,RAN,neighbor
2025-01-21 02:00:00,13.6,975.5,85,AWS-RAN-103,Bundu,RAN,neighbor
2025-01-21 03:00:00,13.3,975.3,85,AWS-RAN-103,Bundu,RAN,neighbor
2025-01-21 04:00:00,12.9,975.3,84,AWS-RAN-103,Bundu,RAN,neighbor
2025-01-21 05:00:00,12.6,975.8,82,AWS-RAN-103,Bundu,RAN,neighbor
2025-01-21 06:00:00,11.6,976.4,87,AWS-RAN-103,Bundu,RAN,neighbor
2025-01-21 07:00:00,14.0,977.5,76,AWS-RAN-103,Bundu,RAN,neighbor
2025-01-21 08:00:00,18.6,978.9,59,AWS-RAN-103,Bundu,RAN,neighbor
2025-01-21 09:00:00,21.4,979.6,52,AWS-RAN-103,Bundu,RAN,neighbor
2025-01-21 10:00:00,24.3,979.3,44,AWS-RAN-103,Bundu,RAN,neighbor
2025-01-21 11:00:00,27.0,978.5,34,AWS-RAN-103,Bundu,RAN,neighbor
2025-01-21 12:00:00,29.1,977.3,25,AWS-RAN-103,Bundu,RAN,neighbor
2025-01-21 13:00:00,30.4,976.2,20,AWS-RAN-103,Bundu,RAN,neighbor
2025-01-21 14:00:00,30.8,975.1,18,AWS-RAN-103,Bundu,RAN,neighbor
2025-01-21 15:00:00,30.5,974.9,17,AWS-RAN-103,Bundu,RAN,neighbor
2025-01-21 16:00:00,28.9,975.1,19,AWS-RAN-103,Bundu,RAN,neighbor
2025-01-21 17:00:00,25.0,975.4,27,AWS-RAN-103,Bundu,RAN,neighbor
2025-01-21 18:00:00,23.2,975.9,37,AWS-RAN-103,Bundu,RAN,neighbor
2025-01-21 19:00:00,21.7,976.5,42,AWS-RAN-103,Bundu,RAN,neighbor
2025-01-21 20:00:00,20.5,977.0,47,AWS-RAN-103,Bundu,RAN,neighbor
2025-01-21 21:00:00,18.4,977.1,54,AWS-RAN-103,Bundu,RAN,neighbor
2025-01-21 22:00:00,17.1,977.0,58,AWS-RAN-103,Bundu,RAN,neighbor
2025-01-21 23:00:00,16.4,976.9,59,AWS-RAN-103,Bundu,RAN,neighbor
2025-01-22 00:00:00,15.9,976.7,61,AWS-RAN-103,Bundu,RAN,neighbor
2025-01-22 01:00:00,15.5,976.5,62,AWS-RAN-103,Bundu,RAN,neighbor
2025-01-22 02:00:00,14.9,976.2,64,AWS-RAN-103,Bundu,RAN,neighbor
2025-01-22 03:00:00,14.2,975.9,65,AWS-RAN-103,Bundu,RAN,neighbor
2025-01-22 04:00:00,13.5,975.8,65,AWS-RAN-103,Bundu,RAN,neighbor
2025-01-22 05:00:00,13.0,976.4,63,AWS-RAN-103,Bundu,RAN,neighbor
2025-01-22 06:00:00,13.2,977.3,66,AWS-RAN-103,Bundu,RAN,neighbor
2025-01-22 07:00:00,15.4,978.3,58,AWS-RAN-103,Bundu,RAN,neighbor
2025-01-22 08:00:00,19.6,979.9,45,AWS-RAN-103,Bundu,RAN,neighbor
2025-01-22 09:00:00,22.5,980.5,38,AWS-RAN-103,Bundu,RAN,neighbor
2025-01-22 10:00:00,25.0,980.0,33,AWS-RAN-103,Bundu,RAN,neighbor
2025-01-22 11:00:00,27.0,979.1,29,AWS-RAN-103,Bundu,RAN,neighbor
2025-01-22 12:00:00,28.5,977.8,26,AWS-RAN-103,Bundu,RAN,neighbor
2025-01-22 13:00:00,29.7,976.7,24,AWS-RAN-103,Bundu,RAN,neighbor
2025-01-22 14:00:00,30.1,975.8,23,AWS-RAN-103,Bundu,RAN,neighbor
2025-01-22 15:00:00,29.3,975.5,25,AWS-RAN-103,Bundu,RAN,neighbor
2025-01-22 16:00:00,27.1,975.6,29,AWS-RAN-103,Bundu,RAN,neighbor
2025-01-22 17:00:00,23.6,975.7,36,AWS-RAN-103,Bundu,RAN,neighbor
2025-01-22 18:00:00,23.1,976.4,37,AWS-RAN-103,Bundu,RAN,neighbor
2025-01-22 19:00:00,21.8,977.2,40,AWS-RAN-103,Bundu,RAN,neighbor
2025-01-22 20:00:00,20.2,977.7,45,AWS-RAN-103,Bundu,RAN,neighbor
2025-01-22 21:00:00,18.4,978.1,51,AWS-RAN-103,Bundu,RAN,neighbor
2025-01-22 22:00:00,17.3,978.2,58,AWS-RAN-103,Bundu,RAN,neighbor
2025-01-22 23:00:00,15.6,977.9,67,AWS-RAN-103,Bundu,RAN,neighbor
2025-01-23 00:00:00,14.2,977.3,74,AWS-RAN-103,Bundu,RAN,neighbor
2025-01-23 01:00:00,13.6,977.0,77,AWS-RAN-103,Bundu,RAN,neighbor
2025-01-23 02:00:00,13.5,976.3,78,AWS-RAN-103,Bundu,RAN,neighbor
2025-01-23 03:00:00,13.4,976.1,79,AWS-RAN-103,Bundu,RAN,neighbor
2025-01-23 04:00:00,13.4,976.2,80,AWS-RAN-103,Bundu,RAN,neighbor
2025-01-23 05:00:00,13.6,976.9,79,AWS-RAN-103,Bundu,RAN,neighbor
2025-01-23 06:00:00,16.1,978.2,67,AWS-RAN-103,Bundu,RAN,neighbor
2025-01-23 07:00:00,17.8,979.1,64,AWS-RAN-103,Bundu,RAN,neighbor
2025-01-23 08:00:00,20.4,980.4,52,AWS-RAN-103,Bundu,RAN,neighbor
2025-01-23 09:00:00,22.7,980.9,45,AWS-RAN-103,Bundu,RAN,neighbor
2025-01-23 10:00:00,24.6,980.6,40,AWS-RAN-103,Bundu,RAN,neighbor
2025-01-23 11:00:00,26.2,979.7,37,AWS-RAN-103,Bundu,RAN,neighbor
2025-01-23 12:00:00,27.7,978.4,33,AWS-RAN-103,Bundu,RAN,neighbor
2025-01-23 13:00:00,29.1,977.2,31,AWS-RAN-103,Bundu,RAN,neighbor
2025-01-23 14:00:00,30.2,976.1,28,AWS-RAN-103,Bundu,RAN,neighbor
2025-01-23 15:00:00,30.5,975.5,24,AWS-RAN-103,Bundu,RAN,neighbor
2025-01-23 16:00:00,29.7,975.3,23,AWS-RAN-103,Bundu,RAN,neighbor
2025-01-23 17:00:00,25.0,975.6,36,AWS-RAN-103,Bundu,RAN,neighbor
2025-01-23 18:00:00,23.0,976.3,48,AWS-RAN-103,Bundu,RAN,neighbor
2025-01-23 19:00:00,22.1,977.0,51,AWS-RAN-103,Bundu,RAN,neighbor
2025-01-23 20:00:00,20.2,977.7,57,AWS-RAN-103,Bundu,RAN,neighbor
2025-01-23 21:00:00,19.5,978.0,59,AWS-RAN-103,Bundu,RAN,neighbor
2025-01-23 22:00:00,19.3,978.1,59,AWS-RAN-103,Bundu,RAN,neighbor
2025-01-23 23:00:00,19.3,977.9,60,AWS-RAN-103,Bundu,RAN,neighbor
2025-01-24 00:00:00,19.0,977.5,61,AWS-RAN-103,Bundu,RAN,neighbor
2025-01-24 01:00:00,19.1,977.0,60,AWS-RAN-103,Bundu,RAN,neighbor
2025-01-24 02:00:00,18.7,976.4,61,AWS-RAN-103,Bundu,RAN,neighbor
2025-01-24 03:00:00,18.1,976.3,64,AWS-RAN-103,Bundu,RAN,neighbor
2025-01-24 04:00:00,17.6,976.4,65,AWS-RAN-103,Bundu,RAN,neighbor
2025-01-24 05:00:00,17.1,976.7,67,AWS-RAN-103,Bundu,RAN,neighbor
2025-01-24 06:00:00,16.3,977.3,72,AWS-RAN-103,Bundu,RAN,neighbor
2025-01-24 07:00:00,17.9,978.4,65,AWS-RAN-103,Bundu,RAN,neighbor
2025-01-24 08:00:00,20.2,979.3,58,AWS-RAN-103,Bundu,RAN,neighbor
2025-01-24 09:00:00,22.4,979.7,52,AWS-RAN-103,Bundu,RAN,neighbor
2025-01-24 10:00:00,24.6,979.4,47,AWS-RAN-103,Bundu,RAN,neighbor
2025-01-24 11:00:00,26.7,978.5,40,AWS-RAN-103,Bundu,RAN,neighbor
2025-01-24 12:00:00,28.1,977.2,37,AWS-RAN-103,Bundu,RAN,neighbor
2025-01-24 13:00:00,29.4,976.0,33,AWS-RAN-103,Bundu,RAN,neighbor
2025-01-24 14:00:00,30.4,975.1,27,AWS-RAN-103,Bundu,RAN,neighbor
2025-01-24 15:00:00,30.7,974.5,25,AWS-RAN-103,Bundu,RAN,neighbor
2025-01-24 16:00:00,30.3,974.4,25,AWS-RAN-103,Bundu,RAN,neighbor
2025-01-24 17:00:00,26.5,975.1,33,AWS-RAN-103,Bundu,RAN,neighbor
2025-01-24 18:00:00,23.6,976.7,49,AWS-RAN-103,Bundu,RAN,neighbor
2025-01-24 19:00:00,22.8,977.2,52,AWS-RAN-103,Bundu,RAN,neighbor
2025-01-24 20:00:00,21.3,977.9,57,AWS-RAN-103,Bundu,RAN,neighbor
2025-01-24 21:00:00,20.7,978.3,57,AWS-RAN-103,Bundu,RAN,neighbor
2025-01-24 22:00:00,19.7,978.6,60,AWS-RAN-103,Bundu,RAN,neighbor
2025-01-24 23:00:00,18.2,977.9,66,AWS-RAN-103,Bundu,RAN,neighbor
2025-01-25 00:00:00,16.8,977.7,74,AWS-RAN-103,Bundu,RAN,neighbor
2025-01-25 01:00:00,16.0,977.2,79,AWS-RAN-103,Bundu,RAN,neighbor
2025-01-25 02:00:00,15.4,976.7,82,AWS-RAN-103,Bundu,RAN,neighbor
2025-01-25 03:00:00,15.5,976.6,80,AWS-RAN-103,Bundu,RAN,neighbor
2025-01-25 04:00:00,15.6,976.9,79,AWS-RAN-103,Bundu,RAN,neighbor
2025-01-25 05:00:00,15.5,977.6,81,AWS-RAN-103,Bundu,RAN,neighbor
2025-01-25 06:00:00,14.8,978.9,85,AWS-RAN-103,Bundu,RAN,neighbor
2025-01-25 07:00:00,16.7,979.9,76,AWS-RAN-103,Bundu,RAN,neighbor
2025-01-25 08:00:00,19.5,980.8,64,AWS-RAN-103,Bundu,RAN,neighbor
2025-01-25 09:00:00,21.9,981.3,55,AWS-RAN-103,Bundu,RAN,neighbor
2025-01-25 10:00:00,23.7,980.7,49,AWS-RAN-103,Bundu,RAN,neighbor
2025-01-25 11:00:00,25.3,979.8,44,AWS-RAN-103,Bundu,RAN,neighbor
2025-01-25 12:00:00,27.1,978.3,37,AWS-RAN-103,Bundu,RAN,neighbor
2025-01-25 13:00:00,28.7,977.0,31,AWS-RAN-103,Bundu,RAN,neighbor
2025-01-25 14:00:00,28.9,976.2,29,AWS-RAN-103,Bundu,RAN,neighbor
2025-01-25 15:00:00,28.5,975.9,30,AWS-RAN-103,Bundu,RAN,neighbor
2025-01-25 16:00:00,27.3,976.0,31,AWS-RAN-103,Bundu,RAN,neighbor
2025-01-25 17:00:00,24.0,976.5,35,AWS-RAN-103,Bundu,RAN,neighbor
2025-01-25 18:00:00,22.3,977.1,42,AWS-RAN-103,Bundu,RAN,neighbor
2025-01-25 19:00:00,20.6,977.7,46,AWS-RAN-103,Bundu,RAN,neighbor
2025-01-25 20:00:00,18.8,978.4,53,AWS-RAN-103,Bundu,RAN,neighbor
2025-01-25 21:00:00,17.8,978.7,59,AWS-RAN-103,Bundu,RAN,neighbor
2025-01-25 22:00:00,16.7,978.9,63,AWS-RAN-103,Bundu,RAN,neighbor
2025-01-25 23:00:00,15.6,978.6,66,AWS-RAN-103,Bundu,RAN,neighbor
2025-01-26 00:00:00,14.6,978.3,66,AWS-RAN-103,Bundu,RAN,neighbor
2025-01-26 01:00:00,14.0,977.9,64,AWS-RAN-103,Bundu,RAN,neighbor
2025-01-26 02:00:00,13.2,977.7,63,AWS-RAN-103,Bundu,RAN,neighbor
2025-01-26 03:00:00,12.7,977.6,63,AWS-RAN-103,Bundu,RAN,neighbor
2025-01-26 04:00:00,12.1,977.7,64,AWS-RAN-103,Bundu,RAN,neighbor
2025-01-26 05:00:00,10.8,978.0,70,AWS-RAN-103,Bundu,RAN,neighbor
2025-01-26 06:00:00,10.2,978.9,80,AWS-RAN-103,Bundu,RAN,neighbor
2025-01-26 07:00:00,12.7,979.8,67,AWS-RAN-103,Bundu,RAN,neighbor
2025-01-26 08:00:00,17.8,981.3,46,AWS-RAN-103,Bundu,RAN,neighbor
2025-01-26 09:00:00,20.4,982.0,33,AWS-RAN-103,Bundu,RAN,neighbor
2025-01-26 10:00:00,21.9,981.6,28,AWS-RAN-103,Bundu,RAN,neighbor
2025-01-26 11:00:00,23.1,980.6,27,AWS-RAN-103,Bundu,RAN,neighbor
2025-01-26 12:00:00,23.9,979.1,25,AWS-RAN-103,Bundu,RAN,neighbor
2025-01-26 13:00:00,24.6,977.9,24,AWS-RAN-103,Bundu,RAN,neighbor
2025-01-26 14:00:00,25.0,976.9,24,AWS-RAN-103,Bundu,RAN,neighbor
2025-01-26 15:00:00,25.0,976.2,24,AWS-RAN-103,Bundu,RAN,neighbor
2025-01-26 16:00:00,24.3,975.8,25,AWS-RAN-103,Bundu,RAN,neighbor
2025-01-26 17:00:00,20.6,975.6,34,AWS-RAN-103,Bundu,RAN,neighbor
2025-01-26 18:00:00,19.3,975.9,38,AWS-RAN-103,Bundu,RAN,neighbor
2025-01-26 19:00:00,18.4,976.9,38,AWS-RAN-103,Bundu,RAN,neighbor
2025-01-26 20:00:00,16.9,977.0,42,AWS-RAN-103,Bundu,RAN,neighbor
2025-01-26 21:00:00,15.3,977.4,49,AWS-RAN-103,Bundu,RAN,neighbor
2025-01-26 22:00:00,13.8,977.2,57,AWS-RAN-103,Bundu,RAN,neighbor
2025-01-26 23:00:00,13.3,977.0,60,AWS-RAN-103,Bundu,RAN,neighbor
2025-01-27 00:00:00,13.1,976.3,60,AWS-RAN-103,Bundu,RAN,neighbor
2025-01-27 01:00:00,12.7,976.0,60,AWS-RAN-103,Bundu,RAN,neighbor
2025-01-27 02:00:00,12.4,975.6,59,AWS-RAN-103,Bundu,RAN,neighbor
2025-01-27 03:00:00,11.7,975.5,61,AWS-RAN-103,Bundu,RAN,neighbor
2025-01-27 04:00:00,11.0,975.5,64,AWS-RAN-103,Bundu,RAN,neighbor
2025-01-27 05:00:00,10.5,975.8,68,AWS-RAN-103,Bundu,RAN,neighbor
2025-01-27 06:00:00,9.8,976.5,73,AWS-RAN-103,Bundu,RAN,neighbor
2025-01-27 07:00:00,12.3,977.6,63,AWS-RAN-103,Bundu,RAN,neighbor
2025-01-27 08:00:00,16.7,978.7,47,AWS-RAN-103,Bundu,RAN,neighbor
2025-01-27 09:00:00,19.7,979.2,38,AWS-RAN-103,Bundu,RAN,neighbor
2025-01-27 10:00:00,22.3,979.0,30,AWS-RAN-103,Bundu,RAN,neighbor
2025-01-27 11:00:00,24.5,978.0,21,AWS-RAN-103,Bundu,RAN,neighbor
2025-01-27 12:00:00,26.0,976.7,15,AWS-RAN-103,Bundu,RAN,neighbor
2025-01-27 13:00:00,26.9,975.6,13,AWS-RAN-103,Bundu,RAN,neighbor
2025-01-27 14:00:00,27.1,974.7,14,AWS-RAN-103,Bundu,RAN,neighbor
2025-01-27 15:00:00,26.6,974.4,15,AWS-RAN-103,Bundu,RAN,neighbor
2025-01-27 16:00:00,25.4,974.4,16,AWS-RAN-103,Bundu,RAN,neighbor
2025-01-27 17:00:00,21.7,974.5,23,AWS-RAN-103,Bundu,RAN,neighbor
2025-01-27 18:00:00,20.0,974.2,28,AWS-RAN-103,Bundu,RAN,neighbor
2025-01-27 19:00:00,18.5,975.0,31,AWS-RAN-103,Bundu,RAN,neighbor
2025-01-27 20:00:00,16.8,975.4,35,AWS-RAN-103,Bundu,RAN,neighbor
2025-01-27 21:00:00,15.0,976.1,40,AWS-RAN-103,Bundu,RAN,neighbor
2025-01-27 22:00:00,14.0,976.1,44,AWS-RAN-103,Bundu,RAN,neighbor
2025-01-27 23:00:00,13.5,975.5,45,AWS-RAN-103,Bundu,RAN,neighbor
2025-01-28 00:00:00,12.9,975.4,47,AWS-RAN-103,Bundu,RAN,neighbor
2025-01-28 01:00:00,12.3,975.1,50,AWS-RAN-103,Bundu,RAN,neighbor
2025-01-28 02:00:00,11.7,974.8,54,AWS-RAN-103,Bundu,RAN,neighbor
2025-01-28 03:00:00,11.2,974.4,57,AWS-RAN-103,Bundu,RAN,neighbor
2025-01-28 04:00:00,10.7,974.3,60,AWS-RAN-103,Bundu,RAN,neighbor
2025-01-28 05:00:00,10.1,974.9,63,AWS-RAN-103,Bundu,RAN,neighbor
2025-01-28 06:00:00,9.4,976.1,73,AWS-RAN-103,Bundu,RAN,neighbor
2025-01-28 07:00:00,12.0,977.6,63,AWS-RAN-103,Bundu,RAN,neighbor
2025-01-28 08:00:00,16.9,979.2,47,AWS-RAN-103,Bundu,RAN,neighbor
2025-01-28 09:00:00,19.7,980.1,40,AWS-RAN-103,Bundu,RAN,neighbor
2025-01-28 10:00:00,21.8,980.1,35,AWS-RAN-103,Bundu,RAN,neighbor
2025-01-28 11:00:00,23.3,979.1,32,AWS-RAN-103,Bundu,RAN,neighbor
2025-01-28 12:00:00,24.5,978.0,29,AWS-RAN-103,Bundu,RAN,neighbor
2025-01-28 13:00:00,25.3,977.0,27,AWS-RAN-103,Bundu,RAN,neighbor
2025-01-28 14:00:00,25.7,976.2,26,AWS-RAN-103,Bundu,RAN,neighbor
2025-01-28 15:00:00,25.4,975.9,27,AWS-RAN-103,Bundu,RAN,neighbor
2025-01-28 16:00:00,23.9,976.1,30,AWS-RAN-103,Bundu,RAN,neighbor
2025-01-28 17:00:00,20.4,976.3,38,AWS-RAN-103,Bundu,RAN,neighbor
2025-01-28 18:00:00,19.3,976.7,42,AWS-RAN-103,Bundu,RAN,neighbor
2025-01-28 19:00:00,18.5,977.5,45,AWS-RAN-103,Bundu,RAN,neighbor
2025-01-28 20:00:00,18.0,978.1,46,AWS-RAN-103,Bundu,RAN,neighbor
2025-01-28 21:00:00,17.1,978.4,47,AWS-RAN-103,Bundu,RAN,neighbor
2025-01-28 22:00:00,14.6,978.7,54,AWS-RAN-103,Bundu,RAN,neighbor
2025-01-28 23:00:00,14.1,978.7,55,AWS-RAN-103,Bundu,RAN,neighbor
2025-01-29 00:00:00,14.4,978.8,53,AWS-RAN-103,Bundu,RAN,neighbor
2025-01-29 01:00:00,13.5,978.6,56,AWS-RAN-103,Bundu,RAN,neighbor
2025-01-29 02:00:00,13.5,978.2,57,AWS-RAN-103,Bundu,RAN,neighbor
2025-01-29 03:00:00,13.9,978.2,56,AWS-RAN-103,Bundu,RAN,neighbor
2025-01-29 04:00:00,14.2,978.3,56,AWS-RAN-103,Bundu,RAN,neighbor
2025-01-29 05:00:00,14.2,978.8,57,AWS-RAN-103,Bundu,RAN,neighbor
2025-01-29 06:00:00,13.2,979.5,67,AWS-RAN-103,Bundu,RAN,neighbor
2025-01-29 07:00:00,15.3,980.9,60,AWS-RAN-103,Bundu,RAN,neighbor
2025-01-29 08:00:00,17.5,981.9,53,AWS-RAN-103,Bundu,RAN,neighbor
2025-01-29 09:00:00,19.8,982.5,52,AWS-RAN-103,Bundu,RAN,neighbor
2025-01-29 10:00:00,21.8,982.5,52,AWS-RAN-103,Bundu,RAN,neighbor
2025-01-29 11:00:00,23.7,981.6,47,AWS-RAN-103,Bundu,RAN,neighbor
2025-01-29 12:00:00,25.3,980.2,41,AWS-RAN-103,Bundu,RAN,neighbor
2025-01-29 13:00:00,26.4,978.7,36,AWS-RAN-103,Bundu,RAN,neighbor
2025-01-29 14:00:00,27.1,977.5,34,AWS-RAN-103,Bundu,RAN,neighbor
2025-01-29 15:00:00,27.4,977.1,33,AWS-RAN-103,Bundu,RAN,neighbor
2025-01-29 16:00:00,26.6,976.5,36,AWS-RAN-103,Bundu,RAN,neighbor
2025-01-29 17:00:00,23.5,976.7,46,AWS-RAN-103,Bundu,RAN,neighbor
2025-01-29 18:00:00,22.4,976.8,53,AWS-RAN-103,Bundu,RAN,neighbor
2025-01-29 19:00:00,21.4,977.6,55,AWS-RAN-103,Bundu,RAN,neighbor
2025-01-29 20:00:00,20.0,977.9,60,AWS-RAN-103,Bundu,RAN,neighbor
2025-01-29 21:00:00,20.2,977.9,58,AWS-RAN-103,Bundu,RAN,neighbor
2025-01-29 22:00:00,18.9,977.8,62,AWS-RAN-103,Bundu,RAN,neighbor
2025-01-29 23:00:00,17.0,977.3,69,AWS-RAN-103,Bundu,RAN,neighbor
2025-01-30 00:00:00,16.2,976.5,73,AWS-RAN-103,Bundu,RAN,neighbor
2025-01-30 01:00:00,15.3,975.8,77,AWS-RAN-103,Bundu,RAN,neighbor
2025-01-30 02:00:00,14.8,975.0,78,AWS-RAN-103,Bundu,RAN,neighbor
2025-01-30 03:00:00,14.9,974.6,78,AWS-RAN-103,Bundu,RAN,neighbor
2025-01-30 04:00:00,15.0,974.2,80,AWS-RAN-103,Bundu,RAN,neighbor
2025-01-30 05:00:00,14.8,974.4,83,AWS-RAN-103,Bundu,RAN,neighbor
2025-01-30 06:00:00,14.8,975.5,82,AWS-RAN-103,Bundu,RAN,neighbor
2025-01-30 07:00:00,17.5,976.8,70,AWS-RAN-103,Bundu,RAN,neighbor
2025-01-30 08:00:00,21.2,977.8,57,AWS-RAN-103,Bundu,RAN,neighbor
2025-01-30 09:00:00,24.5,978.0,49,AWS-RAN-103,Bundu,RAN,neighbor
2025-01-30 10:00:00,27.4,977.7,42,AWS-RAN-103,Bundu,RAN,neighbor
2025-01-30 11:00:00,29.5,977.0,36,AWS-RAN-103,Bundu,RAN,neighbor
2025-01-30 12:00:00,31.0,975.5,32,AWS-RAN-103,Bundu,RAN,neighbor
2025-01-30 13:00:00,31.8,974.1,30,AWS-RAN-103,Bundu,RAN,neighbor
2025-01-30 14:00:00,32.1,973.2,29,AWS-RAN-103,Bundu,RAN,neighbor
2025-01-30 15:00:00,32.3,972.5,27,AWS-RAN-103,Bundu,RAN,neighbor
2025-01-30 16:00:00,31.0,972.5,27,AWS-RAN-103,Bundu,RAN,neighbor
2025-01-30 17:00:00,27.4,973.3,32,AWS-RAN-103,Bundu,RAN,neighbor
2025-01-30 18:00:00,24.9,973.6,39,AWS-RAN-103,Bundu,RAN,neighbor
2025-01-30 19:00:00,22.8,974.1,46,AWS-RAN-103,Bundu,RAN,neighbor
2025-01-30 20:00:00,21.8,974.6,49,AWS-RAN-103,Bundu,RAN,neighbor
2025-01-30 21:00:00,20.6,974.7,52,AWS-RAN-103,Bundu,RAN,neighbor
2025-01-30 22:00:00,19.6,974.7,54,AWS-RAN-103,Bundu,RAN,neighbor
2025-01-30 23:00:00,18.9,974.4,56,AWS-RAN-103,Bundu,RAN,neighbor
2025-01-31 00:00:00,18.3,974.0,57,AWS-RAN-103,Bundu,RAN,neighbor
2025-01-31 01:00:00,17.4,973.6,60,AWS-RAN-103,Bundu,RAN,neighbor
2025-01-31 02:00:00,16.7,973.3,63,AWS-RAN-103,Bundu,RAN,neighbor
2025-01-31 03:00:00,16.3,973.3,65,AWS-RAN-103,Bundu,RAN,neighbor
2025-01-31 04:00:00,16.2,973.4,66,AWS-RAN-103,Bundu,RAN,neighbor
2025-01-31 05:00:00,16.1,974.0,67,AWS-RAN-103,Bundu,RAN,neighbor
2025-01-31 06:00:00,15.6,974.9,77,AWS-RAN-103,Bundu,RAN,neighbor
2025-01-31 07:00:00,17.9,976.3,67,AWS-RAN-103,Bundu,RAN,neighbor
2025-01-31 08:00:00,21.6,977.9,52,AWS-RAN-103,Bundu,RAN,neighbor
2025-01-31 09:00:00,23.7,978.9,49,AWS-RAN-103,Bundu,RAN,neighbor
2025-01-31 10:00:00,25.7,978.7,45,AWS-RAN-103,Bundu,RAN,neighbor
2025-01-31 11:00:00,27.5,977.7,43,AWS-RAN-103,Bundu,RAN,neighbor
2025-01-31 12:00:00,29.2,976.5,40,AWS-RAN-103,Bundu,RAN,neighbor
2025-01-31 13:00:00,31.2,975.2,32,AWS-RAN-103,Bundu,RAN,neighbor
2025-01-31 14:00:00,32.0,974.3,23,AWS-RAN-103,Bundu,RAN,neighbor
2025-01-31 15:00:00,31.9,973.9,22,AWS-RAN-103,Bundu,RAN,neighbor
2025-01-31 16:00:00,31.1,974.0,22,AWS-RAN-103,Bundu,RAN,neighbor
2025-01-31 17:00:00,26.8,974.6,37,AWS-RAN-103,Bundu,RAN,neighbor
2025-01-31 18:00:00,24.1,975.2,45,AWS-RAN-103,Bundu,RAN,neighbor
2025-01-31 19:00:00,23.2,975.6,47,AWS-RAN-103,Bundu,RAN,neighbor
2025-01-31 20:00:00,21.4,976.3,51,AWS-RAN-103,Bundu,RAN,neighbor
2025-01-31 21:00:00,20.3,977.0,51,AWS-RAN-103,Bundu,RAN,neighbor
2025-01-31 22:00:00,19.2,976.8,52,AWS-RAN-103,Bundu,RAN,neighbor
2025-01-31 23:00:00,17.5,976.4,56,AWS-RAN-103,Bundu,RAN,neighbor
2025-02-01 00:00:00,16.7,975.9,57,AWS-RAN-103,Bundu,RAN,neighbor
2025-02-01 01:00:00,16.6,975.5,56,AWS-RAN-103,Bundu,RAN,neighbor
2025-02-01 02:00:00,17.1,975.1,54,AWS-RAN-103,Bundu,RAN,neighbor
2025-02-01 03:00:00,18.1,975.0,53,AWS-RAN-103,Bundu,RAN,neighbor
2025-02-01 04:00:00,18.1,975.1,57,AWS-RAN-103,Bundu,RAN,neighbor
2025-02-01 05:00:00,17.7,975.6,60,AWS-RAN-103,Bundu,RAN,neighbor
2025-02-01 06:00:00,16.6,976.3,74,AWS-RAN-103,Bundu,RAN,neighbor
2025-02-01 07:00:00,18.8,977.8,65,AWS-RAN-103,Bundu,RAN,neighbor
2025-02-01 08:00:00,21.6,979.1,52,AWS-RAN-103,Bundu,RAN,neighbor
2025-02-01 09:00:00,23.4,980.1,48,AWS-RAN-103,Bundu,RAN,neighbor
2025-02-01 10:00:00,25.1,980.0,48,AWS-RAN-103,Bundu,RAN,neighbor
2025-02-01 11:00:00,26.7,979.0,48,AWS-RAN-103,Bundu,RAN,neighbor
2025-02-01 12:00:00,28.2,977.7,43,AWS-RAN-103,Bundu,RAN,neighbor
2025-02-01 13:00:00,29.7,976.7,40,AWS-RAN-103,Bundu,RAN,neighbor
2025-02-01 14:00:00,30.6,975.5,36,AWS-RAN-103,Bundu,RAN,neighbor
2025-02-01 15:00:00,31.1,975.3,30,AWS-RAN-103,Bundu,RAN,neighbor
2025-02-01 16:00:00,30.9,975.1,29,AWS-RAN-103,Bundu,RAN,neighbor
2025-02-01 17:00:00,27.8,975.9,37,AWS-RAN-103,Bundu,RAN,neighbor
2025-02-01 18:00:00,25.4,976.4,48,AWS-RAN-103,Bundu,RAN,neighbor
2025-02-01 19:00:00,24.7,976.7,50,AWS-RAN-103,Bundu,RAN,neighbor
2025-02-01 20:00:00,22.2,977.0,58,AWS-RAN-103,Bundu,RAN,neighbor
2025-02-01 21:00:00,21.6,977.7,59,AWS-RAN-103,Bundu,RAN,neighbor
2025-02-01 22:00:00,20.9,977.7,60,AWS-RAN-103,Bundu,RAN,neighbor
2025-02-01 23:00:00,20.2,977.3,62,AWS-RAN-103,Bundu,RAN,neighbor
2025-02-02 00:00:00,20.5,976.8,62,AWS-RAN-103,Bundu,RAN,neighbor
2025-02-02 01:00:00,20.2,976.4,64,AWS-RAN-103,Bundu,RAN,neighbor
2025-02-02 02:00:00,19.4,975.8,68,AWS-RAN-103,Bundu,RAN,neighbor
2025-02-02 03:00:00,18.6,975.4,72,AWS-RAN-103,Bundu,RAN,neighbor
2025-02-02 04:00:00,17.8,975.2,77,AWS-RAN-103,Bundu,RAN,neighbor
2025-02-02 05:00:00,17.4,975.8,80,AWS-RAN-103,Bundu,RAN,neighbor
2025-02-02 06:00:00,19.0,977.1,77,AWS-RAN-103,Bundu,RAN,neighbor
2025-02-02 07:00:00,20.8,978.5,69,AWS-RAN-103,Bundu,RAN,neighbor
2025-02-02 08:00:00,23.1,979.5,57,AWS-RAN-103,Bundu,RAN,neighbor
2025-02-02 09:00:00,25.0,980.2,51,AWS-RAN-103,Bundu,RAN,neighbor
2025-02-02 10:00:00,26.7,980.0,48,AWS-RAN-103,Bundu,RAN,neighbor
2025-02-02 11:00:00,28.2,978.9,45,AWS-RAN-103,Bundu,RAN,neighbor
2025-02-02 12:00:00,29.7,977.7,41,AWS-RAN-103,Bundu,RAN,neighbor
2025-02-02 13:00:00,31.5,976.3,35,AWS-RAN-103,Bundu,RAN,neighbor
2025-02-02 14:00:00,32.4,975.4,31,AWS-RAN-103,Bundu,RAN,neighbor
2025-02-02 15:00:00,32.0,975.1,29,AWS-RAN-103,Bundu,RAN,neighbor
2025-02-02 16:00:00,30.8,975.2,30,AWS-RAN-103,Bundu,RAN,neighbor
2025-02-02 17:00:00,27.4,975.3,38,AWS-RAN-103,Bundu,RAN,neighbor
2025-02-02 18:00:00,25.3,975.9,46,AWS-RAN-103,Bundu,RAN,neighbor
2025-02-02 19:00:00,23.5,976.5,50,AWS-RAN-103,Bundu,RAN,neighbor
2025-02-02 20:00:00,22.2,977.1,55,AWS-RAN-103,Bundu,RAN,neighbor
2025-02-02 21:00:00,20.8,977.3,61,AWS-RAN-103,Bundu,RAN,neighbor
2025-02-02 22:00:00,19.7,977.4,65,AWS-RAN-103,Bundu,RAN,neighbor
2025-02-02 23:00:00,19.0,977.1,67,AWS-RAN-103,Bundu,RAN,neighbor
2025-02-03 00:00:00,18.6,976.7,68,AWS-RAN-103,Bundu,RAN,neighbor
2025-02-03 01:00:00,18.4,976.4,68,AWS-RAN-103,Bundu,RAN,neighbor
2025-02-03 02:00:00,18.2,976.0,69,AWS-RAN-103,Bundu,RAN,neighbor
2025-02-03 03:00:00,17.4,975.8,73,AWS-RAN-103,Bundu,RAN,neighbor
2025-02-03 04:00:00,16.3,975.8,79,AWS-RAN-103,Bundu,RAN,neighbor
2025-02-03 05:00:00,15.8,976.3,81,AWS-RAN-103,Bundu,RAN,neighbor
2025-02-03 06:00:00,15.8,977.4,84,AWS-RAN-103,Bundu,RAN,neighbor
2025-02-03 07:00:00,18.2,978.5,72,AWS-RAN-103,Bundu,RAN,neighbor
2025-02-03 08:00:00,22.5,979.8,54,AWS-RAN-103,Bundu,RAN,neighbor
2025-02-03 09:00:00,24.7,980.6,46,AWS-RAN-103,Bundu,RAN,neighbor
2025-02-03 10:00:00,26.3,980.6,42,AWS-RAN-103,Bundu,RAN,neighbor
2025-02-03 11:00:00,27.8,979.5,39,AWS-RAN-103,Bundu,RAN,neighbor
2025-02-03 12:00:00,29.1,978.2,35,AWS-RAN-103,Bundu,RAN,neighbor
2025-02-03 13:00:00,30.3,977.0,31,AWS-RAN-103,Bundu,RAN,neighbor
2025-02-03 14:00:00,31.2,976.1,26,AWS-RAN-103,Bundu,RAN,neighbor
2025-02-03 15:00:00,30.9,976.2,27,AWS-RAN-103,Bundu,RAN,neighbor
2025-02-03 16:00:00,29.5,976.3,30,AWS-RAN-103,Bundu,RAN,neighbor
2025-02-03 17:00:00,26.6,976.8,37,AWS-RAN-103,Bundu,RAN,neighbor
2025-02-03 18:00:00,24.1,977.5,43,AWS-RAN-103,Bundu,RAN,neighbor
2025-02-03 19:00:00,22.4,978.3,48,AWS-RAN-103,Bundu,RAN,neighbor
2025-02-03 20:00:00,21.1,979.2,51,AWS-RAN-103,Bundu,RAN,neighbor
2025-02-03 21:00:00,20.1,979.5,53,AWS-RAN-103,Bundu,RAN,neighbor
2025-02-03 22:00:00,19.2,979.4,56,AWS-RAN-103,Bundu,RAN,neighbor
2025-02-03 23:00:00,18.1,979.4,61,AWS-RAN-103,Bundu,RAN,neighbor
2025-02-04 00:00:00,17.1,979.0,66,AWS-RAN-103,Bundu,RAN,neighbor
2025-02-04 01:00:00,16.1,978.4,72,AWS-RAN-103,Bundu,RAN,neighbor
2025-02-04 02:00:00,15.1,977.5,78,AWS-RAN-103,Bundu,RAN,neighbor
2025-02-04 03:00:00,14.5,977.1,82,AWS-RAN-103,Bundu,RAN,neighbor
2025-02-04 04:00:00,14.2,977.0,84,AWS-RAN-103,Bundu,RAN,neighbor
2025-02-04 05:00:00,13.8,977.5,86,AWS-RAN-103,Bundu,RAN,neighbor
2025-02-04 06:00:00,13.9,978.3,87,AWS-RAN-103,Bundu,RAN,neighbor
2025-02-04 07:00:00,16.9,979.3,72,AWS-RAN-103,Bundu,RAN,neighbor
2025-02-04 08:00:00,22.0,980.5,52,AWS-RAN-103,Bundu,RAN,neighbor
2025-02-04 09:00:00,25.0,981.0,41,AWS-RAN-103,Bundu,RAN,neighbor
2025-02-04 10:00:00,27.4,980.7,35,AWS-RAN-103,Bundu,RAN,neighbor
2025-02-04 11:00:00,29.5,979.5,31,AWS-RAN-103,Bundu,RAN,neighbor
2025-02-04 12:00:00,31.4,978.1,27,AWS-RAN-103,Bundu,RAN,neighbor
2025-02-04 13:00:00,32.6,976.9,24,AWS-RAN-103,Bundu,RAN,neighbor
2025-02-04 14:00:00,31.9,976.2,26,AWS-RAN-103,Bundu,RAN,neighbor
2025-02-04 15:00:00,30.9,976.0,27,AWS-RAN-103,Bundu,RAN,neighbor
2025-02-04 16:00:00,29.8,976.1,29,AWS-RAN-103,Bundu,RAN,neighbor
2025-02-04 17:00:00,26.9,976.2,35,AWS-RAN-103,Bundu,RAN,neighbor
2025-02-04 18:00:00,24.7,976.2,40,AWS-RAN-103,Bundu,RAN,neighbor
2025-02-04 19:00:00,23.0,976.8,45,AWS-RAN-103,Bundu,RAN,neighbor
2025-02-04 20:00:00,21.5,977.3,50,AWS-RAN-103,Bundu,RAN,neighbor
2025-02-04 21:00:00,20.1,977.3,55,AWS-RAN-103,Bundu,RAN,neighbor
2025-02-04 22:00:00,19.1,977.0,60,AWS-RAN-103,Bundu,RAN,neighbor
2025-02-04 23:00:00,18.4,976.4,64,AWS-RAN-103,Bundu,RAN,neighbor
2025-02-05 00:00:00,18.2,976.0,65,AWS-RAN-103,Bundu,RAN,neighbor
2025-02-05 01:00:00,17.9,975.5,65,AWS-RAN-103,Bundu,RAN,neighbor
2025-02-05 02:00:00,17.3,975.1,68,AWS-RAN-103,Bundu,RAN,neighbor
2025-02-05 03:00:00,16.8,975.2,70,AWS-RAN-103,Bundu,RAN,neighbor
2025-02-05 04:00:00,16.5,975.4,71,AWS-RAN-103,Bundu,RAN,neighbor
2025-02-05 05:00:00,16.3,975.9,72,AWS-RAN-103,Bundu,RAN,neighbor
2025-02-05 06:00:00,15.4,976.2,77,AWS-RAN-103,Bundu,RAN,neighbor
2025-02-05 07:00:00,18.4,977.3,64,AWS-RAN-103,Bundu,RAN,neighbor
2025-02-05 08:00:00,23.7,978.4,46,AWS-RAN-103,Bundu,RAN,neighbor
2025-02-05 09:00:00,26.9,979.1,37,AWS-RAN-103,Bundu,RAN,neighbor
2025-02-05 10:00:00,29.3,978.7,33,AWS-RAN-103,Bundu,RAN,neighbor
2025-02-05 11:00:00,31.3,977.7,30,AWS-RAN-103,Bundu,RAN,neighbor
2025-02-05 12:00:00,33.4,976.2,25,AWS-RAN-103,Bundu,RAN,neighbor
2025-02-05 13:00:00,34.2,974.9,21,AWS-RAN-103,Bundu,RAN,neighbor
2025-02-05 14:00:00,33.7,974.1,23,AWS-RAN-103,Bundu,RAN,neighbor
2025-02-05 15:00:00,32.8,973.8,24,AWS-RAN-103,Bundu,RAN,neighbor
2025-02-05 16:00:00,32.0,973.7,25,AWS-RAN-103,Bundu,RAN,neighbor
2025-02-05 17:00:00,29.5,974.3,32,AWS-RAN-103,Bundu,RAN,neighbor
2025-02-05 18:00:00,27.0,974.8,37,AWS-RAN-103,Bundu,RAN,neighbor
2025-02-05 19:00:00,25.0,975.6,43,AWS-RAN-103,Bundu,RAN,neighbor
2025-02-05 20:00:00,24.3,976.5,47,AWS-RAN-103,Bundu,RAN,neighbor
2025-02-05 21:00:00,23.0,976.9,53,AWS-RAN-103,Bundu,RAN,neighbor
2025-02-05 22:00:00,21.8,977.0,58,AWS-RAN-103,Bundu,RAN,neighbor
2025-02-05 23:00:00,20.5,976.9,64,AWS-RAN-103,Bundu,RAN,neighbor
2025-02-06 00:00:00,20.5,976.9,64,AWS-RAN-103,Bundu,RAN,neighbor
2025-02-06 01:00:00,19.9,976.5,66,AWS-RAN-103,Bundu,RAN,neighbor
2025-02-06 02:00:00,19.7,976.1,67,AWS-RAN-103,Bundu,RAN,neighbor
2025-02-06 03:00:00,19.4,976.0,67,AWS-RAN-103,Bundu,RAN,neighbor
2025-02-06 04:00:00,19.1,976.1,68,AWS-RAN-103,Bundu,RAN,neighbor
2025-02-06 05:00:00,18.7,976.7,71,AWS-RAN-103,Bundu,RAN,neighbor
2025-02-06 06:00:00,18.3,977.7,75,AWS-RAN-103,Bundu,RAN,neighbor
2025-02-06 07:00:00,19.9,978.6,68,AWS-RAN-103,Bundu,RAN,neighbor
2025-02-06 08:00:00,22.3,979.5,59,AWS-RAN-103,Bundu,RAN,neighbor
2025-02-06 09:00:00,24.4,980.0,53,AWS-RAN-103,Bundu,RAN,neighbor
2025-02-06 10:00:00,26.6,979.6,46,AWS-RAN-103,Bundu,RAN,neighbor
2025-02-06 11:00:00,28.7,979.0,38,AWS-RAN-103,Bundu,RAN,neighbor
2025-02-06 12:00:00,30.3,977.9,31,AWS-RAN-103,Bundu,RAN,neighbor
2025-02-06 13:00:00,30.9,976.9,28,AWS-RAN-103,Bundu,RAN,neighbor
2025-02-06 14:00:00,30.6,976.2,27,AWS-RAN-103,Bundu,RAN,neighbor
2025-02-06 15:00:00,30.0,975.7,27,AWS-RAN-103,Bundu,RAN,neighbor
2025-02-06 16:00:00,28.8,975.8,26,AWS-RAN-103,Bundu,RAN,neighbor
2025-02-06 17:00:00,26.2,976.3,28,AWS-RAN-103,Bundu,RAN,neighbor
2025-02-06 18:00:00,23.7,976.8,35,AWS-RAN-103,Bundu,RAN,neighbor
2025-02-06 19:00:00,22.2,977.5,32,AWS-RAN-103,Bundu,RAN,neighbor
2025-02-06 20:00:00,21.2,978.1,28,AWS-RAN-103,Bundu,RAN,neighbor
2025-02-06 21:00:00,20.1,978.3,26,AWS-RAN-103,Bundu,RAN,neighbor
2025-02-06 22:00:00,19.2,978.4,25,AWS-RAN-103,Bundu,RAN,neighbor
2025-02-06 23:00:00,18.6,978.4,25,AWS-RAN-103,Bundu,RAN,neighbor
2025-02-07 00:00:00,18.0,977.7,24,AWS-RAN-103,Bundu,RAN,neighbor
2025-02-07 01:00:00,17.4,977.2,25,AWS-RAN-103,Bundu,RAN,neighbor
2025-02-07 02:00:00,16.8,976.8,27,AWS-RAN-103,Bundu,RAN,neighbor
2025-02-07 03:00:00,16.5,976.6,29,AWS-RAN-103,Bundu,RAN,neighbor
2025-02-07 04:00:00,16.0,976.7,32,AWS-RAN-103,Bundu,RAN,neighbor
2025-02-07 05:00:00,15.1,977.3,36,AWS-RAN-103,Bundu,RAN,neighbor
2025-02-07 06:00:00,13.7,978.4,46,AWS-RAN-103,Bundu,RAN,neighbor
2025-02-07 07:00:00,16.4,979.5,40,AWS-RAN-103,Bundu,RAN,neighbor
2025-02-07 08:00:00,19.2,980.7,35,AWS-RAN-103,Bundu,RAN,neighbor
2025-02-07 09:00:00,22.4,981.6,28,AWS-RAN-103,Bundu,RAN,neighbor
2025-02-07 10:00:00,25.1,981.4,21,AWS-RAN-103,Bundu,RAN,neighbor
2025-02-07 11:00:00,27.4,980.6,16,AWS-RAN-103,Bundu,RAN,neighbor
2025-02-07 12:00:00,29.2,979.3,12,AWS-RAN-103,Bundu,RAN,neighbor
2025-02-07 13:00:00,30.2,978.5,11,AWS-RAN-103,Bundu,RAN,neighbor
2025-02-07 14:00:00,30.1,977.5,12,AWS-RAN-103,Bundu,RAN,neighbor
2025-02-07 15:00:00,29.6,977.0,13,AWS-RAN-103,Bundu,RAN,neighbor
2025-02-07 16:00:00,28.6,977.0,14,AWS-RAN-103,Bundu,RAN,neighbor
2025-02-07 17:00:00,24.8,976.9,19,AWS-RAN-103,Bundu,RAN,neighbor
2025-02-07 18:00:00,22.6,977.5,23,AWS-RAN-103,Bundu,RAN,neighbor
2025-02-07 19:00:00,20.8,978.4,29,AWS-RAN-103,Bundu,RAN,neighbor
2025-02-07 20:00:00,19.1,979.0,35,AWS-RAN-103,Bundu,RAN,neighbor
2025-02-07 21:00:00,18.0,979.2,38,AWS-RAN-103,Bundu,RAN,neighbor
2025-02-07 22:00:00,17.1,979.3,36,AWS-RAN-103,Bundu,RAN,neighbor
2025-02-07 23:00:00,16.3,979.0,35,AWS-RAN-103,Bundu,RAN,neighbor
2025-02-08 00:00:00,16.2,978.3,33,AWS-RAN-103,Bundu,RAN,neighbor
2025-02-08 01:00:00,16.2,977.8,32,AWS-RAN-103,Bundu,RAN,neighbor
2025-02-08 02:00:00,14.9,977.1,36,AWS-RAN-103,Bundu,RAN,neighbor
2025-02-08 03:00:00,13.9,977.1,39,AWS-RAN-103,Bundu,RAN,neighbor
2025-02-08 04:00:00,13.3,977.2,41,AWS-RAN-103,Bundu,RAN,neighbor
2025-02-08 05:00:00,12.9,977.8,44,AWS-RAN-103,Bundu,RAN,neighbor
2025-02-08 06:00:00,13.2,979.0,51,AWS-RAN-103,Bundu,RAN,neighbor
2025-02-08 07:00:00,15.4,980.3,46,AWS-RAN-103,Bundu,RAN,neighbor
2025-02-08 08:00:00,19.0,981.2,35,AWS-RAN-103,Bundu,RAN,neighbor
2025-02-08 09:00:00,22.0,981.8,28,AWS-RAN-103,Bundu,RAN,neighbor
2025-02-08 10:00:00,24.6,981.7,20,AWS-RAN-103,Bundu,RAN,neighbor
2025-02-08 11:00:00,26.7,980.8,14,AWS-RAN-103,Bundu,RAN,neighbor
2025-02-08 12:00:00,28.2,979.6,10,AWS-RAN-103,Bundu,RAN,neighbor
2025-02-08 13:00:00,29.1,978.3,9,AWS-RAN-103,Bundu,RAN,neighbor
2025-02-08 14:00:00,29.3,977.3,9,AWS-RAN-103,Bundu,RAN,neighbor
2025-02-08 15:00:00,28.7,976.9,10,AWS-RAN-103,Bundu,RAN,neighbor
2025-02-08 16:00:00,27.4,977.0,11,AWS-RAN-103,Bundu,RAN,neighbor
2025-02-08 17:00:00,24.1,977.1,16,AWS-RAN-103,Bundu,RAN,neighbor
2025-02-08 18:00:00,22.0,977.6,21,AWS-RAN-103,Bundu,RAN,neighbor
2025-02-08 19:00:00,20.5,978.4,24,AWS-RAN-103,Bundu,RAN,neighbor
2025-02-08 20:00:00,19.3,979.0,26,AWS-RAN-103,Bundu,RAN,neighbor
2025-02-08 21:00:00,18.2,979.4,27,AWS-RAN-103,Bundu,RAN,neighbor
2025-02-08 22:00:00,16.6,979.7,30,AWS-RAN-103,Bundu,RAN,neighbor
2025-02-08 23:00:00,15.2,979.4,33,AWS-RAN-103,Bundu,RAN,neighbor
2025-02-09 00:00:00,14.3,978.8,36,AWS-RAN-103,Bundu,RAN,neighbor
2025-02-09 01:00:00,13.7,978.0,38,AWS-RAN-103,Bundu,RAN,neighbor
2025-02-09 02:00:00,13.3,977.5,39,AWS-RAN-103,Bundu,RAN,neighbor
2025-02-09 03:00:00,13.1,977.1,40,AWS-RAN-103,Bundu,RAN,neighbor
2025-02-09 04:00:00,13.1,977.1,41,AWS-RAN-103,Bundu,RAN,neighbor
2025-02-09 05:00:00,13.1,977.5,42,AWS-RAN-103,Bundu,RAN,neighbor
2025-02-09 06:00:00,12.8,978.3,51,AWS-RAN-103,Bundu,RAN,neighbor
2025-02-09 07:00:00,15.4,979.2,44,AWS-RAN-103,Bundu,RAN,neighbor
2025-02-09 08:00:00,20.1,980.4,34,AWS-RAN-103,Bundu,RAN,neighbor
2025-02-09 09:00:00,23.7,981.0,24,AWS-RAN-103,Bundu,RAN,neighbor
2025-02-09 10:00:00,26.2,980.6,18,AWS-RAN-103,Bundu,RAN,neighbor
2025-02-09 11:00:00,28.0,979.6,15,AWS-RAN-103,Bundu,RAN,neighbor
2025-02-09 12:00:00,29.3,978.3,14,AWS-RAN-103,Bundu,RAN,neighbor
2025-02-09 13:00:00,30.0,977.2,13,AWS-RAN-103,Bundu,RAN,neighbor
2025-02-09 14:00:00,30.1,976.4,14,AWS-RAN-103,Bundu,RAN,neighbor
2025-02-09 15:00:00,29.5,976.1,15,AWS-RAN-103,Bundu,RAN,neighbor
2025-02-09 16:00:00,28.3,976.4,17,AWS-RAN-103,Bundu,RAN,neighbor
2025-02-09 17:00:00,24.4,976.3,23,AWS-RAN-103,Bundu,RAN,neighbor
2025-02-09 18:00:00,21.9,976.6,29,AWS-RAN-103,Bundu,RAN,neighbor
2025-02-09 19:00:00,19.9,977.2,34,AWS-RAN-103,Bundu,RAN,neighbor
2025-02-09 20:00:00,18.3,977.7,37,AWS-RAN-103,Bundu,RAN,neighbor
2025-02-09 21:00:00,17.4,978.4,40,AWS-RAN-103,Bundu,RAN,neighbor
2025-02-09 22:00:00,16.8,978.5,42,AWS-RAN-103,Bundu,RAN,neighbor
2025-02-09 23:00:00,16.2,978.1,44,AWS-RAN-103,Bundu,RAN,neighbor
2025-02-10 00:00:00,15.6,977.6,45,AWS-RAN-103,Bundu,RAN,neighbor
2025-02-10 01:00:00,15.2,976.9,46,AWS-RAN-103,Bundu,RAN,neighbor
2025-02-10 02:00:00,14.7,976.5,47,AWS-RAN-103,Bundu,RAN,neighbor
2025-02-10 03:00:00,13.8,976.3,50,AWS-RAN-103,Bundu,RAN,neighbor
2025-02-10 04:00:00,13.3,976.3,52,AWS-RAN-103,Bundu,RAN,neighbor
2025-02-10 05:00:00,12.3,976.7,56,AWS-RAN-103,Bundu,RAN,neighbor
2025-02-10 06:00:00,12.5,977.9,59,AWS-RAN-103,Bundu,RAN,neighbor
2025-02-10 07:00:00,15.1,979.1,52,AWS-RAN-103,Bundu,RAN,neighbor
2025-02-10 08:00:00,21.2,980.6,36,AWS-RAN-103,Bundu,RAN,neighbor
2025-02-10 09:00:00,24.0,981.5,28,AWS-RAN-103,Bundu,RAN,neighbor
2025-02-10 10:00:00,26.0,981.4,25,AWS-RAN-103,Bundu,RAN,neighbor
2025-02-10 11:00:00,27.4,980.6,23,AWS-RAN-103,Bundu,RAN,neighbor
2025-02-10 12:00:00,28.7,979.3,22,AWS-RAN-103,Bundu,RAN,neighbor
2025-02-10 13:00:00,30.1,978.0,20,AWS-RAN-103,Bundu,RAN,neighbor
2025-02-10 14:00:00,31.2,976.8,17,AWS-RAN-103,Bundu,RAN,neighbor
2025-02-10 15:00:00,31.4,976.3,16,AWS-RAN-103,Bundu,RAN,neighbor
2025-02-10 16:00:00,30.5,976.3,17,AWS-RAN-103,Bundu,RAN,neighbor
2025-02-10 17:00:00,26.3,976.6,26,AWS-RAN-103,Bundu,RAN,neighbor
2025-02-10 18:00:00,23.3,976.7,33,AWS-RAN-103,Bundu,RAN,neighbor
2025-02-10 19:00:00,22.1,977.4,35,AWS-RAN-103,Bundu,RAN,neighbor
2025-02-10 20:00:00,20.6,977.9,38,AWS-RAN-103,Bundu,RAN,neighbor
2025-02-10 21:00:00,18.8,978.0,43,AWS-RAN-103,Bundu,RAN,neighbor
2025-02-10 22:00:00,17.0,977.9,48,AWS-RAN-103,Bundu,RAN,neighbor
2025-02-10 23:00:00,17.5,977.5,46,AWS-RAN-103,Bundu,RAN,neighbor
2025-02-11 00:00:00,17.4,977.2,48,AWS-RAN-103,Bundu,RAN,neighbor
2025-02-11 01:00:00,17.0,976.3,49,AWS-RAN-103,Bundu,RAN,neighbor
2025-02-11 02:00:00,17.1,975.8,49,AWS-RAN-103,Bundu,RAN,neighbor
2025-02-11 03:00:00,17.1,975.3,49,AWS-RAN-103,Bundu,RAN,neighbor
2025-02-11 04:00:00,16.9,975.4,50,AWS-RAN-103,Bundu,RAN,neighbor
2025-02-11 05:00:00,16.9,975.9,50,AWS-RAN-103,Bundu,RAN,neighbor
2025-02-11 06:00:00,17.1,976.9,53,AWS-RAN-103,Bundu,RAN,neighbor
2025-02-11 07:00:00,19.7,978.0,46,AWS-RAN-103,Bundu,RAN,neighbor
2025-02-11 08:00:00,23.8,979.4,38,AWS-RAN-103,Bundu,RAN,neighbor
2025-02-11 09:00:00,27.2,980.0,32,AWS-RAN-103,Bundu,RAN,neighbor
2025-02-11 10:00:00,29.5,979.9,26,AWS-RAN-103,Bundu,RAN,neighbor
2025-02-11 11:00:00,31.1,978.9,21,AWS-RAN-103,Bundu,RAN,neighbor
2025-02-11 12:00:00,31.9,977.9,19,AWS-RAN-103,Bundu,RAN,neighbor
2025-02-11 13:00:00,32.1,976.8,17,AWS-RAN-103,Bundu,RAN,neighbor
2025-02-11 14:00:00,31.9,975.9,17,AWS-RAN-103,Bundu,RAN,neighbor
2025-02-11 15:00:00,31.6,975.5,15,AWS-RAN-103,Bundu,RAN,neighbor
2025-02-11 16:00:00,30.2,975.7,15,AWS-RAN-103,Bundu,RAN,neighbor
2025-02-11 17:00:00,27.1,975.6,19,AWS-RAN-103,Bundu,RAN,neighbor
2025-02-11 18:00:00,24.6,976.0,24,AWS-RAN-103,Bundu,RAN,neighbor
2025-02-11 19:00:00,22.8,976.4,28,AWS-RAN-103,Bundu,RAN,neighbor
2025-02-11 20:00:00,22.0,976.9,31,AWS-RAN-103,Bundu,RAN,neighbor
2025-02-11 21:00:00,20.1,977.4,36,AWS-RAN-103,Bundu,RAN,neighbor
2025-02-11 22:00:00,18.9,977.6,42,AWS-RAN-103,Bundu,RAN,neighbor
2025-02-11 23:00:00,18.9,977.3,41,AWS-RAN-103,Bundu,RAN,neighbor
2025-02-12 00:00:00,18.7,976.8,40,AWS-RAN-103,Bundu,RAN,neighbor
2025-02-12 01:00:00,17.7,976.1,44,AWS-RAN-103,Bundu,RAN,neighbor
2025-02-12 02:00:00,17.2,975.6,46,AWS-RAN-103,Bundu,RAN,neighbor
2025-02-12 03:00:00,16.8,975.2,47,AWS-RAN-103,Bundu,RAN,neighbor
2025-02-12 04:00:00,16.4,975.3,49,AWS-RAN-103,Bundu,RAN,neighbor
2025-02-12 05:00:00,16.0,975.9,51,AWS-RAN-103,Bundu,RAN,neighbor
2025-02-12 06:00:00,15.9,976.7,54,AWS-RAN-103,Bundu,RAN,neighbor
2025-02-12 07:00:00,19.0,978.0,45,AWS-RAN-103,Bundu,RAN,neighbor
2025-02-12 08:00:00,22.5,979.6,36,AWS-RAN-103,Bundu,RAN,neighbor
2025-02-12 09:00:00,25.6,980.4,30,AWS-RAN-103,Bundu,RAN,neighbor
2025-02-12 10:00:00,27.9,980.2,26,AWS-RAN-103,Bundu,RAN,neighbor
2025-02-12 11:00:00,29.6,979.1,24,AWS-RAN-103,Bundu,RAN,neighbor
2025-02-12 12:00:00,31.3,977.6,21,AWS-RAN-103,Bundu,RAN,neighbor
2025-02-12 13:00:00,32.5,976.0,18,AWS-RAN-103,Bundu,RAN,neighbor
2025-02-12 14:00:00,32.9,974.9,16,AWS-RAN-103,Bundu,RAN,neighbor
2025-02-12 15:00:00,32.5,974.5,17,AWS-RAN-103,Bundu,RAN,neighbor
2025-02-12 16:00:00,31.3,974.7,19,AWS-RAN-103,Bundu,RAN,neighbor
2025-02-12 17:00:00,27.4,974.7,25,AWS-RAN-103,Bundu,RAN,neighbor
2025-02-12 18:00:00,24.9,975.8,29,AWS-RAN-103,Bundu,RAN,neighbor
2025-02-12 19:00:00,22.8,976.5,33,AWS-RAN-103,Bundu,RAN,neighbor
2025-02-12 20:00:00,21.9,977.1,34,AWS-RAN-103,Bundu,RAN,neighbor
2025-02-12 21:00:00,20.7,977.4,36,AWS-RAN-103,Bundu,RAN,neighbor
2025-02-12 22:00:00,19.5,977.4,40,AWS-RAN-103,Bundu,RAN,neighbor
2025-02-12 23:00:00,18.6,977.2,43,AWS-RAN-103,Bundu,RAN,neighbor
2025-02-13 00:00:00,18.2,977.0,44,AWS-RAN-103,Bundu,RAN,neighbor
2025-02-13 01:00:00,17.6,976.3,47,AWS-RAN-103,Bundu,RAN,neighbor
2025-02-13 02:00:00,17.4,975.8,48,AWS-RAN-103,Bundu,RAN,neighbor
2025-02-13 03:00:00,17.0,975.5,49,AWS-RAN-103,Bundu,RAN,neighbor
2025-02-13 04:00:00,16.8,975.3,50,AWS-RAN-103,Bundu,RAN,neighbor
2025-02-13 05:00:00,17.3,975.7,49,AWS-RAN-103,Bundu,RAN,neighbor
2025-02-13 06:00:00,18.1,976.8,49,AWS-RAN-103,Bundu,RAN,neighbor
2025-02-13 07:00:00,20.4,978.0,45,AWS-RAN-103,Bundu,RAN,neighbor
2025-02-13 08:00:00,23.1,979.0,41,AWS-RAN-103,Bundu,RAN,neighbor
2025-02-13 09:00:00,25.3,980.0,33,AWS-RAN-103,Bundu,RAN,neighbor
2025-02-13 10:00:00,26.9,979.8,27,AWS-RAN-103,Bundu,RAN,neighbor
2025-02-13 11:00:00,28.2,978.9,22,AWS-RAN-103,Bundu,RAN,neighbor
2025-02-13 12:00:00,29.3,977.6,18,AWS-RAN-103,Bundu,RAN,neighbor
2025-02-13 13:00:00,30.1,976.4,15,AWS-RAN-103,Bundu,RAN,neighbor
2025-02-13 14:00:00,30.6,975.3,13,AWS-RAN-103,Bundu,RAN,neighbor
2025-02-13 15:00:00,30.3,974.7,12,AWS-RAN-103,Bundu,RAN,neighbor
2025-02-13 16:00:00,29.3,974.7,12,AWS-RAN-103,Bundu,RAN,neighbor
2025-02-13 17:00:00,25.9,975.0,16,AWS-RAN-103,Bundu,RAN,neighbor
2025-02-13 18:00:00,23.0,975.2,22,AWS-RAN-103,Bundu,RAN,neighbor
2025-02-13 19:00:00,21.5,976.2,24,AWS-RAN-103,Bundu,RAN,neighbor
2025-02-13 20:00:00,20.6,977.0,27,AWS-RAN-103,Bundu,RAN,neighbor
2025-02-13 21:00:00,19.8,977.2,29,AWS-RAN-103,Bundu,RAN,neighbor
2025-02-13 22:00:00,19.5,977.6,29,AWS-RAN-103,Bundu,RAN,neighbor
2025-02-13 23:00:00,20.4,977.4,27,AWS-RAN-103,Bundu,RAN,neighbor
2025-02-14 00:00:00,19.9,977.3,29,AWS-RAN-103,Bundu,RAN,neighbor
2025-02-14 01:00:00,18.7,976.7,33,AWS-RAN-103,Bundu,RAN,neighbor
2025-02-14 02:00:00,17.7,975.8,36,AWS-RAN-103,Bundu,RAN,neighbor
2025-02-14 03:00:00,16.7,975.4,42,AWS-RAN-103,Bundu,RAN,neighbor
2025-02-14 04:00:00,16.0,975.4,44,AWS-RAN-103,Bundu,RAN,neighbor
2025-02-14 05:00:00,15.5,975.6,46,AWS-RAN-103,Bundu,RAN,neighbor
2025-02-14 06:00:00,15.1,977.0,49,AWS-RAN-103,Bundu,RAN,neighbor
2025-02-14 07:00:00,17.1,978.1,41,AWS-RAN-103,Bundu,RAN,neighbor
2025-02-14 08:00:00,20.2,979.2,34,AWS-RAN-103,Bundu,RAN,neighbor
2025-02-14 09:00:00,23.4,980.0,25,AWS-RAN-103,Bundu,RAN,neighbor
2025-02-14 10:00:00,25.9,979.7,19,AWS-RAN-103,Bundu,RAN,neighbor
2025-02-14 11:00:00,28.0,978.6,14,AWS-RAN-103,Bundu,RAN,neighbor
2025-02-14 12:00:00,29.1,977.1,11,AWS-RAN-103,Bundu,RAN,neighbor
2025-02-14 13:00:00,29.7,975.7,10,AWS-RAN-103,Bundu,RAN,neighbor
2025-02-14 14:00:00,30.0,974.8,10,AWS-RAN-103,Bundu,RAN,neighbor
2025-02-14 15:00:00,29.7,974.3,11,AWS-RAN-103,Bundu,RAN,neighbor
2025-02-14 16:00:00,28.7,974.3,12,AWS-RAN-103,Bundu,RAN,neighbor
2025-02-14 17:00:00,25.9,974.6,16,AWS-RAN-103,Bundu,RAN,neighbor
2025-02-14 18:00:00,23.8,975.3,20,AWS-RAN-103,Bundu,RAN,neighbor
2025-02-14 19:00:00,22.2,975.9,23,AWS-RAN-103,Bundu,RAN,neighbor
2025-02-14 20:00:00,20.2,977.0,27,AWS-RAN-103,Bundu,RAN,neighbor
2025-02-14 21:00:00,19.2,977.4,30,AWS-RAN-103,Bundu,RAN,neighbor
2025-02-14 22:00:00,18.5,977.4,31,AWS-RAN-103,Bundu,RAN,neighbor
2025-02-14 23:00:00,17.9,976.8,33,AWS-RAN-103,Bundu,RAN,neighbor
2025-02-15 00:00:00,17.7,976.3,34,AWS-RAN-103,Bundu,RAN,neighbor
2025-02-15 01:00:00,17.6,975.8,34,AWS-RAN-103,Bundu,RAN,neighbor
2025-02-15 02:00:00,17.7,975.5,35,AWS-RAN-103,Bundu,RAN,neighbor
2025-02-15 03:00:00,17.6,975.3,37,AWS-RAN-103,Bundu,RAN,neighbor
2025-02-15 04:00:00,16.8,975.3,39,AWS-RAN-103,Bundu,RAN,neighbor
2025-02-15 05:00:00,15.9,975.8,40,AWS-RAN-103,Bundu,RAN,neighbor
2025-02-15 06:00:00,15.4,977.0,44,AWS-RAN-103,Bundu,RAN,neighbor
2025-02-15 07:00:00,18.1,978.1,38,AWS-RAN-103,Bundu,RAN,neighbor
2025-02-15 08:00:00,21.6,979.1,31,AWS-RAN-103,Bundu,RAN,neighbor
2025-02-15 09:00:00,24.5,979.5,26,AWS-RAN-103,Bundu,RAN,neighbor
2025-02-15 10:00:00,26.8,979.3,22,AWS-RAN-103,Bundu,RAN,neighbor
2025-02-15 11:00:00,28.5,978.0,18,AWS-RAN-103,Bundu,RAN,neighbor
2025-02-15 12:00:00,29.9,976.6,16,AWS-RAN-103,Bundu,RAN,neighbor
2025-02-15 13:00:00,30.5,975.4,16,AWS-RAN-103,Bundu,RAN,neighbor
2025-02-15 14:00:00,30.3,974.6,16,AWS-RAN-103,Bundu,RAN,neighbor
2025-02-15 15:00:00,30.1,974.2,17,AWS-RAN-103,Bundu,RAN,neighbor
2025-02-15 16:00:00,29.3,974.3,18,AWS-RAN-103,Bundu,RAN,neighbor
2025-02-15 17:00:00,27.3,974.6,20,AWS-RAN-103,Bundu,RAN,neighbor
2025-02-15 18:00:00,25.2,974.9,23,AWS-RAN-103,Bundu,RAN,neighbor
2025-02-15 19:00:00,22.8,975.6,28,AWS-RAN-103,Bundu,RAN,neighbor
2025-02-15 20:00:00,21.2,976.5,32,AWS-RAN-103,Bundu,RAN,neighbor
2025-02-15 21:00:00,20.1,976.6,34,AWS-RAN-103,Bundu,RAN,neighbor
2025-02-15 22:00:00,18.9,976.7,37,AWS-RAN-103,Bundu,RAN,neighbor
2025-02-15 23:00:00,17.8,976.0,41,AWS-RAN-103,Bundu,RAN,neighbor
2025-02-16 00:00:00,17.0,975.7,43,AWS-RAN-103,Bundu,RAN,neighbor
2025-02-16 01:00:00,16.2,974.8,46,AWS-RAN-103,Bundu,RAN,neighbor
2025-02-16 02:00:00,15.6,974.2,48,AWS-RAN-103,Bundu,RAN,neighbor
2025-02-16 03:00:00,15.9,974.0,46,AWS-RAN-103,Bundu,RAN,neighbor
2025-02-16 04:00:00,16.1,974.1,45,AWS-RAN-103,Bundu,RAN,neighbor
2025-02-16 05:00:00,16.1,974.7,45,AWS-RAN-103,Bundu,RAN,neighbor
2025-02-16 06:00:00,15.0,975.9,52,AWS-RAN-103,Bundu,RAN,neighbor
2025-02-16 07:00:00,18.1,977.1,43,AWS-RAN-103,Bundu,RAN,neighbor
2025-02-16 08:00:00,22.3,978.2,33,AWS-RAN-103,Bundu,RAN,neighbor
2025-02-16 09:00:00,25.4,978.8,28,AWS-RAN-103,Bundu,RAN,neighbor
2025-02-16 10:00:00,28.4,978.6,25,AWS-RAN-103,Bundu,RAN,neighbor
2025-02-16 11:00:00,31.4,977.6,18,AWS-RAN-103,Bundu,RAN,neighbor
2025-02-16 12:00:00,32.7,976.0,16,AWS-RAN-103,Bundu,RAN,neighbor
2025-02-16 13:00:00,32.8,975.2,16,AWS-RAN-103,Bundu,RAN,neighbor
2025-02-16 14:00:00,32.9,974.4,16,AWS-RAN-103,Bundu,RAN,neighbor
2025-02-16 15:00:00,33.3,973.7,15,AWS-RAN-103,Bundu,RAN,neighbor
2025-02-16 16:00:00,32.6,973.6,15,AWS-RAN-103,Bundu,RAN,neighbor
2025-02-16 17:00:00,29.0,974.2,21,AWS-RAN-103,Bundu,RAN,neighbor
2025-02-16 18:00:00,26.1,975.5,26,AWS-RAN-103,Bundu,RAN,neighbor
2025-02-16 19:00:00,24.9,976.8,28,AWS-RAN-103,Bundu,RAN,neighbor
2025-02-16 20:00:00,23.8,977.2,31,AWS-RAN-103,Bundu,RAN,neighbor
2025-02-16 21:00:00,22.9,977.5,32,AWS-RAN-103,Bundu,RAN,neighbor
2025-02-16 22:00:00,21.8,977.9,35,AWS-RAN-103,Bundu,RAN,neighbor
2025-02-16 23:00:00,21.2,977.7,37,AWS-RAN-103,Bundu,RAN,neighbor
2025-02-17 00:00:00,20.2,977.4,42,AWS-RAN-103,Bundu,RAN,neighbor
2025-02-17 01:00:00,19.5,977.2,48,AWS-RAN-103,Bundu,RAN,neighbor
2025-02-17 02:00:00,18.6,976.6,54,AWS-RAN-103,Bundu,RAN,neighbor
2025-02-17 03:00:00,18.0,976.4,57,AWS-RAN-103,Bundu,RAN,neighbor
2025-02-17 04:00:00,17.6,976.6,58,AWS-RAN-103,Bundu,RAN,neighbor
2025-02-17 05:00:00,17.5,977.4,59,AWS-RAN-103,Bundu,RAN,neighbor
2025-02-17 06:00:00,17.3,978.4,62,AWS-RAN-103,Bundu,RAN,neighbor
2025-02-17 07:00:00,20.1,979.9,53,AWS-RAN-103,Bundu,RAN,neighbor
2025-02-17 08:00:00,22.8,980.8,47,AWS-RAN-103,Bundu,RAN,neighbor
2025-02-17 09:00:00,24.9,981.2,44,AWS-RAN-103,Bundu,RAN,neighbor
2025-02-17 10:00:00,27.1,980.8,39,AWS-RAN-103,Bundu,RAN,neighbor
2025-02-17 11:00:00,28.9,979.9,34,AWS-RAN-103,Bundu,RAN,neighbor
2025-02-17 12:00:00,30.2,978.6,29,AWS-RAN-103,Bundu,RAN,neighbor
2025-02-17 13:00:00,31.2,977.7,25,AWS-RAN-103,Bundu,RAN,neighbor
2025-02-17 14:00:00,32.0,976.5,22,AWS-RAN-103,Bundu,RAN,neighbor
2025-02-17 15:00:00,32.1,975.9,20,AWS-RAN-103,Bundu,RAN,neighbor
2025-02-17 16:00:00,31.5,975.8,21,AWS-RAN-103,Bundu,RAN,neighbor
2025-02-17 17:00:00,29.3,976.4,24,AWS-RAN-103,Bundu,RAN,neighbor
2025-02-17 18:00:00,26.7,977.2,33,AWS-RAN-103,Bundu,RAN,neighbor
2025-02-17 19:00:00,26.6,978.1,32,AWS-RAN-103,Bundu,RAN,neighbor
2025-02-17 20:00:00,24.6,978.7,41,AWS-RAN-103,Bundu,RAN,neighbor
2025-02-17 21:00:00,23.0,979.1,46,AWS-RAN-103,Bundu,RAN,neighbor
2025-02-17 22:00:00,21.6,979.4,50,AWS-RAN-103,Bundu,RAN,neighbor
2025-02-17 23:00:00,21.1,979.3,53,AWS-RAN-103,Bundu,RAN,neighbor
2025-02-18 00:00:00,20.2,979.0,59,AWS-RAN-103,Bundu,RAN,neighbor
2025-02-18 01:00:00,19.5,978.7,62,AWS-RAN-103,Bundu,RAN,neighbor
2025-02-18 02:00:00,18.8,977.9,65,AWS-RAN-103,Bundu,RAN,neighbor
2025-02-18 03:00:00,18.0,977.2,69,AWS-RAN-103,Bundu,RAN,neighbor
2025-02-18 04:00:00,17.3,977.2,73,AWS-RAN-103,Bundu,RAN,neighbor
2025-02-18 05:00:00,16.7,977.6,76,AWS-RAN-103,Bundu,RAN,neighbor
2025-02-18 06:00:00,16.6,978.7,79,AWS-RAN-103,Bundu,RAN,neighbor
2025-02-18 07:00:00,19.7,979.8,65,AWS-RAN-103,Bundu,RAN,neighbor
2025-02-18 08:00:00,23.0,980.9,52,AWS-RAN-103,Bundu,RAN,neighbor
2025-02-18 09:00:00,25.2,981.4,43,AWS-RAN-103,Bundu,RAN,neighbor
2025-02-18 10:00:00,26.9,981.5,38,AWS-RAN-103,Bundu,RAN,neighbor
2025-02-18 11:00:00,28.4,980.3,33,AWS-RAN-103,Bundu,RAN,neighbor
2025-02-18 12:00:00,29.4,978.9,30,AWS-RAN-103,Bundu,RAN,neighbor
2025-02-18 13:00:00,30.2,977.8,29,AWS-RAN-103,Bundu,RAN,neighbor
2025-02-18 14:00:00,30.7,977.0,27,AWS-RAN-103,Bundu,RAN,neighbor
2025-02-18 15:00:00,30.0,976.2,28,AWS-RAN-103,Bundu,RAN,neighbor
2025-02-18 16:00:00,29.1,976.3,30,AWS-RAN-103,Bundu,RAN,neighbor
2025-02-18 17:00:00,27.4,976.6,34,AWS-RAN-103,Bundu,RAN,neighbor
2025-02-18 18:00:00,26.4,976.9,37,AWS-RAN-103,Bundu,RAN,neighbor
2025-02-18 19:00:00,25.8,977.4,37,AWS-RAN-103,Bundu,RAN,neighbor
2025-02-18 20:00:00,24.2,977.9,40,AWS-RAN-103,Bundu,RAN,neighbor
2025-02-18 21:00:00,23.5,978.2,42,AWS-RAN-103,Bundu,RAN,neighbor
2025-02-18 22:00:00,22.7,978.4,45,AWS-RAN-103,Bundu,RAN,neighbor
2025-02-18 23:00:00,21.8,978.2,45,AWS-RAN-103,Bundu,RAN,neighbor
2025-02-19 00:00:00,21.5,977.7,45,AWS-RAN-103,Bundu,RAN,neighbor
2025-02-19 01:00:00,20.7,977.2,45,AWS-RAN-103,Bundu,RAN,neighbor
2025-02-19 02:00:00,19.8,976.9,48,AWS-RAN-103,Bundu,RAN,neighbor
2025-02-19 03:00:00,19.3,976.5,53,AWS-RAN-103,Bundu,RAN,neighbor
2025-02-19 04:00:00,19.1,976.7,55,AWS-RAN-103,Bundu,RAN,neighbor
2025-02-19 05:00:00,18.9,976.9,57,AWS-RAN-103,Bundu,RAN,neighbor
2025-02-19 06:00:00,18.4,977.9,64,AWS-RAN-103,Bundu,RAN,neighbor
2025-02-19 07:00:00,21.0,978.8,56,AWS-RAN-103,Bundu,RAN,neighbor
2025-02-19 08:00:00,23.6,979.8,49,AWS-RAN-103,Bundu,RAN,neighbor
2025-02-19 09:00:00,25.5,980.2,44,AWS-RAN-103,Bundu,RAN,neighbor
2025-02-19 10:00:00,27.3,980.0,39,AWS-RAN-103,Bundu,RAN,neighbor
2025-02-19 11:00:00,28.6,978.9,37,AWS-RAN-103,Bundu,RAN,neighbor
2025-02-19 12:00:00,29.0,977.9,34,AWS-RAN-103,Bundu,RAN,neighbor
2025-02-19 13:00:00,29.9,976.6,32,AWS-RAN-103,Bundu,RAN,neighbor
2025-02-19 14:00:00,30.1,975.4,31,AWS-RAN-103,Bundu,RAN,neighbor
2025-02-19 15:00:00,30.0,974.9,30,AWS-RAN-103,Bundu,RAN,neighbor
2025-02-19 16:00:00,29.6,974.7,29,AWS-RAN-103,Bundu,RAN,neighbor
2025-02-19 17:00:00,27.9,974.9,33,AWS-RAN-103,Bundu,RAN,neighbor
2025-02-19 18:00:00,25.3,975.6,43,AWS-RAN-103,Bundu,RAN,neighbor
2025-02-19 19:00:00,24.6,976.4,45,AWS-RAN-103,Bundu,RAN,neighbor
2025-02-19 20:00:00,24.2,977.6,49,AWS-RAN-103,Bundu,RAN,neighbor
2025-02-19 21:00:00,23.1,978.0,56,AWS-RAN-103,Bundu,RAN,neighbor
2025-02-19 22:00:00,22.3,978.2,59,AWS-RAN-103,Bundu,RAN,neighbor
2025-02-19 23:00:00,21.7,978.1,61,AWS-RAN-103,Bundu,RAN,neighbor
2025-02-20 00:00:00,21.1,977.8,62,AWS-RAN-103,Bundu,RAN,neighbor
2025-02-20 01:00:00,20.6,977.4,64,AWS-RAN-103,Bundu,RAN,neighbor
2025-02-20 02:00:00,20.6,977.0,64,AWS-RAN-103,Bundu,RAN,neighbor
2025-02-20 03:00:00,19.8,977.0,66,AWS-RAN-103,Bundu,RAN,neighbor
2025-02-20 04:00:00,19.2,977.1,78,AWS-RAN-103,Bundu,RAN,neighbor
2025-02-20 05:00:00,18.5,977.7,83,AWS-RAN-103,Bundu,RAN,neighbor
2025-02-20 06:00:00,19.3,978.7,81,AWS-RAN-103,Bundu,RAN,neighbor
2025-02-20 07:00:00,20.5,979.6,77,AWS-RAN-103,Bundu,RAN,neighbor
2025-02-20 08:00:00,22.6,980.7,65,AWS-RAN-103,Bundu,RAN,neighbor
2025-02-20 09:00:00,24.8,981.4,57,AWS-RAN-103,Bundu,RAN,neighbor
2025-02-20 10:00:00,25.8,981.1,54,AWS-RAN-103,Bundu,RAN,neighbor
2025-02-20 11:00:00,27.9,980.1,44,AWS-RAN-103,Bundu,RAN,neighbor
2025-02-20 12:00:00,28.8,979.2,39,AWS-RAN-103,Bundu,RAN,neighbor
2025-02-20 13:00:00,26.9,978.1,49,AWS-RAN-103,Bundu,RAN,neighbor
2025-02-20 14:00:00,28.7,976.8,38,AWS-RAN-103,Bundu,RAN,neighbor
2025-02-20 15:00:00,27.3,977.2,46,AWS-RAN-103,Bundu,RAN,neighbor
2025-02-20 16:00:00,22.8,977.6,70,AWS-RAN-103,Bundu,RAN,neighbor
2025-02-20 17:00:00,22.8,977.5,67,AWS-RAN-103,Bundu,RAN,neighbor
2025-02-20 18:00:00,21.2,978.0,79,AWS-RAN-103,Bundu,RAN,neighbor
2025-02-20 19:00:00,20.4,978.9,83,AWS-RAN-103,Bundu,RAN,neighbor
2025-02-20 20:00:00,19.8,980.0,87,AWS-RAN-103,Bundu,RAN,neighbor
2025-02-20 21:00:00,19.0,980.4,94,AWS-RAN-103,Bundu,RAN,neighbor
2025-02-20 22:00:00,18.5,980.7,96,AWS-RAN-103,Bundu,RAN,neighbor
2025-02-20 23:00:00,18.3,980.2,96,AWS-RAN-103,Bundu,RAN,neighbor
2025-02-21 00:00:00,17.4,979.4,98,AWS-RAN-103,Bundu,RAN,neighbor
2025-02-21 01:00:00,17.0,978.5,98,AWS-RAN-103,Bundu,RAN,neighbor
2025-02-21 02:00:00,16.7,977.7,97,AWS-RAN-103,Bundu,RAN,neighbor
2025-02-21 03:00:00,16.7,977.5,96,AWS-RAN-103,Bundu,RAN,neighbor
2025-02-21 04:00:00,16.7,977.8,95,AWS-RAN-103,Bundu,RAN,neighbor
2025-02-21 05:00:00,16.9,978.4,94,AWS-RAN-103,Bundu,RAN,neighbor
2025-02-21 06:00:00,17.9,979.3,84,AWS-RAN-103,Bundu,RAN,neighbor
2025-02-21 07:00:00,20.6,980.7,72,AWS-RAN-103,Bundu,RAN,neighbor
2025-02-21 08:00:00,24.3,981.7,57,AWS-RAN-103,Bundu,RAN,neighbor
2025-02-21 09:00:00,27.3,982.0,46,AWS-RAN-103,Bundu,RAN,neighbor
2025-02-21 10:00:00,29.6,981.7,30,AWS-RAN-103,Bundu,RAN,neighbor
2025-02-21 11:00:00,31.2,981.0,24,AWS-RAN-103,Bundu,RAN,neighbor
2025-02-21 12:00:00,31.8,979.9,23,AWS-RAN-103,Bundu,RAN,neighbor
2025-02-21 13:00:00,32.0,978.8,22,AWS-RAN-103,Bundu,RAN,neighbor
2025-02-21 14:00:00,32.0,977.9,21,AWS-RAN-103,Bundu,RAN,neighbor
2025-02-21 15:00:00,31.7,977.0,21,AWS-RAN-103,Bundu,RAN,neighbor
2025-02-21 16:00:00,31.0,976.5,21,AWS-RAN-103,Bundu,RAN,neighbor
2025-02-21 17:00:00,28.9,976.8,24,AWS-RAN-103,Bundu,RAN,neighbor
2025-02-21 18:00:00,25.6,977.4,28,AWS-RAN-103,Bundu,RAN,neighbor
2025-02-21 19:00:00,24.3,978.0,32,AWS-RAN-103,Bundu,RAN,neighbor
2025-02-21 20:00:00,22.6,978.4,37,AWS-RAN-103,Bundu,RAN,neighbor
2025-02-21 21:00:00,21.5,979.0,42,AWS-RAN-103,Bundu,RAN,neighbor
2025-02-21 22:00:00,21.5,979.5,43,AWS-RAN-103,Bundu,RAN,neighbor
2025-02-21 23:00:00,20.1,979.1,48,AWS-RAN-103,Bundu,RAN,neighbor
2025-02-22 00:00:00,19.5,978.6,52,AWS-RAN-103,Bundu,RAN,neighbor
2025-02-22 01:00:00,19.2,978.0,54,AWS-RAN-103,Bundu,RAN,neighbor
2025-02-22 02:00:00,19.4,977.9,54,AWS-RAN-103,Bundu,RAN,neighbor
2025-02-22 03:00:00,19.5,977.9,53,AWS-RAN-103,Bundu,RAN,neighbor
2025-02-22 04:00:00,19.1,977.9,55,AWS-RAN-103,Bundu,RAN,neighbor
2025-02-22 05:00:00,18.6,978.3,57,AWS-RAN-103,Bundu,RAN,neighbor
2025-02-22 06:00:00,19.1,978.9,63,AWS-RAN-103,Bundu,RAN,neighbor
2025-02-22 07:00:00,21.7,980.1,55,AWS-RAN-103,Bundu,RAN,neighbor
2025-02-22 08:00:00,24.7,981.3,44,AWS-RAN-103,Bundu,RAN,neighbor
2025-02-22 09:00:00,26.6,981.8,38,AWS-RAN-103,Bundu,RAN,neighbor
2025-02-22 10:00:00,27.8,981.8,36,AWS-RAN-103,Bundu,RAN,neighbor
2025-02-22 11:00:00,29.0,981.0,34,AWS-RAN-103,Bundu,RAN,neighbor
2025-02-22 12:00:00,29.8,980.0,32,AWS-RAN-103,Bundu,RAN,neighbor
2025-02-22 13:00:00,30.1,978.6,31,AWS-RAN-103,Bundu,RAN,neighbor
2025-02-22 14:00:00,29.2,977.7,31,AWS-RAN-103,Bundu,RAN,neighbor
2025-02-22 15:00:00,25.2,977.9,56,AWS-RAN-103,Bundu,RAN,neighbor
2025-02-22 16:00:00,25.8,977.6,51,AWS-RAN-103,Bundu,RAN,neighbor
2025-02-22 17:00:00,25.0,977.7,54,AWS-RAN-103,Bundu,RAN,neighbor
2025-02-22 18:00:00,21.4,978.7,70,AWS-RAN-103,Bundu,RAN,neighbor
2025-02-22 19:00:00,20.0,979.4,76,AWS-RAN-103,Bundu,RAN,neighbor
2025-02-22 20:00:00,19.6,979.7,75,AWS-RAN-103,Bundu,RAN,neighbor
2025-02-22 21:00:00,19.2,980.3,75,AWS-RAN-103,Bundu,RAN,neighbor
2025-02-22 22:00:00,19.3,980.3,72,AWS-RAN-103,Bundu,RAN,neighbor
2025-02-22 23:00:00,19.1,980.0,72,AWS-RAN-103,Bundu,RAN,neighbor
2025-02-23 00:00:00,18.8,979.9,72,AWS-RAN-103,Bundu,RAN,neighbor
2025-02-23 01:00:00,18.4,979.5,72,AWS-RAN-103,Bundu,RAN,neighbor
2025-02-23 02:00:00,18.5,979.0,68,AWS-RAN-103,Bundu,RAN,neighbor
2025-02-23 03:00:00,18.1,978.6,67,AWS-RAN-103,Bundu,RAN,neighbor
2025-02-23 04:00:00,17.7,978.9,69,AWS-RAN-103,Bundu,RAN,neighbor
2025-02-23 05:00:00,17.3,979.6,71,AWS-RAN-103,Bundu,RAN,neighbor
2025-02-23 06:00:00,18.1,980.3,70,AWS-RAN-103,Bundu,RAN,neighbor
2025-02-23 07:00:00,21.1,981.7,59,AWS-RAN-103,Bundu,RAN,neighbor
2025-02-23 08:00:00,24.7,982.9,47,AWS-RAN-103,Bundu,RAN,neighbor
2025-02-23 09:00:00,26.6,983.5,39,AWS-RAN-103,Bundu,RAN,neighbor
2025-02-23 10:00:00,27.7,983.2,34,AWS-RAN-103,Bundu,RAN,neighbor
2025-02-23 11:00:00,28.9,982.2,30,AWS-RAN-103,Bundu,RAN,neighbor
2025-02-23 12:00:00,29.6,980.9,27,AWS-RAN-103,Bundu,RAN,neighbor
2025-02-23 13:00:00,30.0,979.9,25,AWS-RAN-103,Bundu,RAN,neighbor
2025-02-23 14:00:00,30.1,978.9,23,AWS-RAN-103,Bundu,RAN,neighbor
2025-02-23 15:00:00,29.9,978.1,23,AWS-RAN-103,Bundu,RAN,neighbor
2025-02-23 16:00:00,29.5,978.0,22,AWS-RAN-103,Bundu,RAN,neighbor
2025-02-23 17:00:00,27.5,978.4,28,AWS-RAN-103,Bundu,RAN,neighbor
2025-02-23 18:00:00,23.9,979.2,33,AWS-RAN-103,Bundu,RAN,neighbor
2025-02-23 19:00:00,22.2,980.2,37,AWS-RAN-103,Bundu,RAN,neighbor
2025-02-23 20:00:00,21.4,981.1,39,AWS-RAN-103,Bundu,RAN,neighbor
2025-02-23 21:00:00,20.7,981.7,40,AWS-RAN-103,Bundu,RAN,neighbor
2025-02-23 22:00:00,19.8,982.0,43,AWS-RAN-103,Bundu,RAN,neighbor
2025-02-23 23:00:00,19.3,981.8,45,AWS-RAN-103,Bundu,RAN,neighbor
2025-02-24 00:00:00,18.5,981.4,50,AWS-RAN-103,Bundu,RAN,neighbor
2025-02-24 01:00:00,18.1,980.9,55,AWS-RAN-103,Bundu,RAN,neighbor
2025-02-24 02:00:00,17.8,980.7,57,AWS-RAN-103,Bundu,RAN,neighbor
2025-02-24 03:00:00,16.9,980.5,60,AWS-RAN-103,Bundu,RAN,neighbor
2025-02-24 04:00:00,16.2,980.8,64,AWS-RAN-103,Bundu,RAN,neighbor
2025-02-24 05:00:00,15.3,981.6,69,AWS-RAN-103,Bundu,RAN,neighbor
2025-02-24 06:00:00,15.6,982.7,74,AWS-RAN-103,Bundu,RAN,neighbor
2025-02-24 07:00:00,18.8,983.8,63,AWS-RAN-103,Bundu,RAN,neighbor
2025-02-24 08:00:00,22.6,984.9,47,AWS-RAN-103,Bundu,RAN,neighbor
2025-02-24 09:00:00,24.8,985.3,39,AWS-RAN-103,Bundu,RAN,neighbor
2025-02-24 10:00:00,26.5,984.9,32,AWS-RAN-103,Bundu,RAN,neighbor
2025-02-24 11:00:00,27.7,983.9,28,AWS-RAN-103,Bundu,RAN,neighbor
2025-02-24 12:00:00,28.9,982.4,25,AWS-RAN-103,Bundu,RAN,neighbor
2025-02-24 13:00:00,29.8,980.7,22,AWS-RAN-103,Bundu,RAN,neighbor
2025-02-24 14:00:00,30.2,979.3,19,AWS-RAN-103,Bundu,RAN,neighbor
2025-02-24 15:00:00,30.3,978.6,17,AWS-RAN-103,Bundu,RAN,neighbor
2025-02-24 16:00:00,29.6,978.5,17,AWS-RAN-103,Bundu,RAN,neighbor
2025-02-24 17:00:00,26.6,978.7,23,AWS-RAN-103,Bundu,RAN,neighbor
2025-02-24 18:00:00,24.4,979.5,33,AWS-RAN-103,Bundu,RAN,neighbor
2025-02-24 19:00:00,22.7,980.9,31,AWS-RAN-103,Bundu,RAN,neighbor
2025-02-24 20:00:00,21.9,981.6,31,AWS-RAN-103,Bundu,RAN,neighbor
2025-02-24 21:00:00,21.0,981.9,33,AWS-RAN-103,Bundu,RAN,neighbor
2025-02-24 22:00:00,19.6,982.5,38,AWS-RAN-103,Bundu,RAN,neighbor
2025-02-24 23:00:00,19.1,982.4,40,AWS-RAN-103,Bundu,RAN,neighbor
2025-02-25 00:00:00,18.5,982.0,45,AWS-RAN-103,Bundu,RAN,neighbor
2025-02-25 01:00:00,18.0,981.5,49,AWS-RAN-103,Bundu,RAN,neighbor
2025-02-25 02:00:00,17.8,980.8,50,AWS-RAN-103,Bundu,RAN,neighbor
2025-02-25 03:00:00,17.3,980.6,50,AWS-RAN-103,Bundu,RAN,neighbor
2025-02-25 04:00:00,16.5,980.8,53,AWS-RAN-103,Bundu,RAN,neighbor
2025-02-25 05:00:00,15.8,981.4,57,AWS-RAN-103,Bundu,RAN,neighbor
2025-02-25 06:00:00,16.8,983.1,57,AWS-RAN-103,Bundu,RAN,neighbor
2025-02-25 07:00:00,19.7,984.0,49,AWS-RAN-103,Bundu,RAN,neighbor
2025-02-25 08:00:00,22.7,984.8,40,AWS-RAN-103,Bundu,RAN,neighbor
2025-02-25 09:00:00,24.7,985.5,36,AWS-RAN-103,Bundu,RAN,neighbor
2025-02-25 10:00:00,26.2,985.2,33,AWS-RAN-103,Bundu,RAN,neighbor
2025-02-25 11:00:00,27.3,984.3,32,AWS-RAN-103,Bundu,RAN,neighbor
2025-02-25 12:00:00,28.4,983.0,30,AWS-RAN-103,Bundu,RAN,neighbor
2025-02-25 13:00:00,29.3,982.0,28,AWS-RAN-103,Bundu,RAN,neighbor
2025-02-25 14:00:00,30.3,980.7,24,AWS-RAN-103,Bundu,RAN,neighbor
2025-02-25 15:00:00,30.5,980.3,22,AWS-RAN-103,Bundu,RAN,neighbor
2025-02-25 16:00:00,29.3,980.2,24,AWS-RAN-103,Bundu,RAN,neighbor
2025-02-25 17:00:00,27.2,980.2,30,AWS-RAN-103,Bundu,RAN,neighbor
2025-02-25 18:00:00,25.4,981.4,34,AWS-RAN-103,Bundu,RAN,neighbor
2025-02-25 19:00:00,23.8,982.6,39,AWS-RAN-103,Bundu,RAN,neighbor
2025-02-25 20:00:00,23.0,983.2,42,AWS-RAN-103,Bundu,RAN,neighbor
2025-02-25 21:00:00,21.7,984.0,45,AWS-RAN-103,Bundu,RAN,neighbor
2025-02-25 22:00:00,20.4,984.0,50,AWS-RAN-103,Bundu,RAN,neighbor
2025-02-25 23:00:00,19.7,983.6,52,AWS-RAN-103,Bundu,RAN,neighbor
2025-02-26 00:00:00,18.7,983.1,55,AWS-RAN-103,Bundu,RAN,neighbor
2025-02-26 01:00:00,18.5,982.5,56,AWS-RAN-103,Bundu,RAN,neighbor
2025-02-26 02:00:00,18.4,982.4,56,AWS-RAN-103,Bundu,RAN,neighbor
2025-02-26 03:00:00,18.1,982.2,57,AWS-RAN-103,Bundu,RAN,neighbor
2025-02-26 04:00:00,17.8,982.0,57,AWS-RAN-103,Bundu,RAN,neighbor
2025-02-26 05:00:00,17.1,982.3,58,AWS-RAN-103,Bundu,RAN,neighbor
2025-02-26 06:00:00,17.1,983.4,64,AWS-RAN-103,Bundu,RAN,neighbor
2025-02-26 07:00:00,20.1,984.7,54,AWS-RAN-103,Bundu,RAN,neighbor
2025-02-26 08:00:00,22.6,985.6,46,AWS-RAN-103,Bundu,RAN,neighbor
2025-02-26 09:00:00,24.2,986.0,44,AWS-RAN-103,Bundu,RAN,neighbor
2025-02-26 10:00:00,25.7,986.0,45,AWS-RAN-103,Bundu,RAN,neighbor
2025-02-26 11:00:00,27.1,984.5,43,AWS-RAN-103,Bundu,RAN,neighbor
2025-02-26 12:00:00,28.1,983.2,40,AWS-RAN-103,Bundu,RAN,neighbor
2025-02-26 13:00:00,28.4,981.8,38,AWS-RAN-103,Bundu,RAN,neighbor
2025-02-26 14:00:00,28.9,980.6,36,AWS-RAN-103,Bundu,RAN,neighbor
2025-02-26 15:00:00,29.0,980.1,35,AWS-RAN-103,Bundu,RAN,neighbor
2025-02-26 16:00:00,28.5,980.0,35,AWS-RAN-103,Bundu,RAN,neighbor
2025-02-26 17:00:00,26.5,979.8,41,AWS-RAN-103,Bundu,RAN,neighbor
2025-02-26 18:00:00,24.1,980.2,49,AWS-RAN-103,Bundu,RAN,neighbor
2025-02-26 19:00:00,23.4,981.0,49,AWS-RAN-103,Bundu,RAN,neighbor
2025-02-26 20:00:00,22.1,981.5,52,AWS-RAN-103,Bundu,RAN,neighbor
2025-02-26 21:00:00,21.8,981.7,52,AWS-RAN-103,Bundu,RAN,neighbor
2025-02-26 22:00:00,21.9,981.8,52,AWS-RAN-103,Bundu,RAN,neighbor
2025-02-26 23:00:00,21.3,981.7,54,AWS-RAN-103,Bundu,RAN,neighbor
2025-02-27 00:00:00,19.7,981.1,61,AWS-RAN-103,Bundu,RAN,neighbor
2025-02-27 01:00:00,18.5,980.4,65,AWS-RAN-103,Bundu,RAN,neighbor
2025-02-27 02:00:00,17.4,979.8,63,AWS-RAN-103,Bundu,RAN,neighbor
2025-02-27 03:00:00,16.8,979.6,59,AWS-RAN-103,Bundu,RAN,neighbor
2025-02-27 04:00:00,16.7,979.9,60,AWS-RAN-103,Bundu,RAN,neighbor
2025-02-27 05:00:00,16.5,980.5,64,AWS-RAN-103,Bundu,RAN,neighbor
2025-02-27 06:00:00,17.5,981.1,66,AWS-RAN-103,Bundu,RAN,neighbor
2025-02-27 07:00:00,20.3,982.1,58,AWS-RAN-103,Bundu,RAN,neighbor
2025-02-27 08:00:00,23.1,982.8,48,AWS-RAN-103,Bundu,RAN,neighbor
2025-02-27 09:00:00,24.8,983.3,45,AWS-RAN-103,Bundu,RAN,neighbor
2025-02-27 10:00:00,26.6,983.2,40,AWS-RAN-103,Bundu,RAN,neighbor
2025-02-27 11:00:00,28.4,981.9,35,AWS-RAN-103,Bundu,RAN,neighbor
2025-02-27 12:00:00,29.9,980.3,29,AWS-RAN-103,Bundu,RAN,neighbor
2025-02-27 13:00:00,31.2,978.9,24,AWS-RAN-103,Bundu,RAN,neighbor
2025-02-27 14:00:00,31.6,977.5,22,AWS-RAN-103,Bundu,RAN,neighbor
2025-02-27 15:00:00,31.3,976.9,22,AWS-RAN-103,Bundu,RAN,neighbor
2025-02-27 16:00:00,30.2,977.3,24,AWS-RAN-103,Bundu,RAN,neighbor
2025-02-27 17:00:00,28.0,977.5,29,AWS-RAN-103,Bundu,RAN,neighbor
2025-02-27 18:00:00,26.0,978.2,34,AWS-RAN-103,Bundu,RAN,neighbor
2025-02-27 19:00:00,24.4,978.8,38,AWS-RAN-103,Bundu,RAN,neighbor
2025-02-27 20:00:00,23.2,979.6,41,AWS-RAN-103,Bundu,RAN,neighbor
2025-02-27 21:00:00,22.2,980.1,44,AWS-RAN-103,Bundu,RAN,neighbor
2025-02-27 22:00:00,21.0,980.0,49,AWS-RAN-103,Bundu,RAN,neighbor
2025-02-27 23:00:00,19.6,979.6,54,AWS-RAN-103,Bundu,RAN,neighbor
2025-02-28 00:00:00,18.4,979.3,59,AWS-RAN-103,Bundu,RAN,neighbor
2025-02-28 01:00:00,17.4,978.4,65,AWS-RAN-103,Bundu,RAN,neighbor
2025-02-28 02:00:00,16.5,977.9,71,AWS-RAN-103,Bundu,RAN,neighbor
2025-02-28 03:00:00,16.0,977.9,73,AWS-RAN-103,Bundu,RAN,neighbor
2025-02-28 04:00:00,15.6,978.1,76,AWS-RAN-103,Bundu,RAN,neighbor
2025-02-28 05:00:00,15.8,978.6,74,AWS-RAN-103,Bundu,RAN,neighbor
2025-02-28 06:00:00,17.2,979.1,70,AWS-RAN-103,Bundu,RAN,neighbor
2025-02-28 07:00:00,20.6,980.1,59,AWS-RAN-103,Bundu,RAN,neighbor
2025-02-28 08:00:00,24.0,981.1,45,AWS-RAN-103,Bundu,RAN,neighbor
2025-02-28 09:00:00,25.9,981.7,42,AWS-RAN-103,Bundu,RAN,neighbor
2025-02-28 10:00:00,27.8,981.8,38,AWS-RAN-103,Bundu,RAN,neighbor
2025-02-28 11:00:00,29.6,980.9,33,AWS-RAN-103,Bundu,RAN,neighbor
2025-02-28 12:00:00,30.9,979.6,30,AWS-RAN-103,Bundu,RAN,neighbor
2025-02-28 13:00:00,31.7,977.9,29,AWS-RAN-103,Bundu,RAN,neighbor
2025-02-28 14:00:00,32.3,976.7,27,AWS-RAN-103,Bundu,RAN,neighbor
2025-02-28 15:00:00,32.2,975.8,26,AWS-RAN-103,Bundu,RAN,neighbor
2025-02-28 16:00:00,31.8,975.5,25,AWS-RAN-103,Bundu,RAN,neighbor
2025-02-28 17:00:00,29.4,975.7,33,AWS-RAN-103,Bundu,RAN,neighbor
2025-02-28 18:00:00,27.2,977.0,38,AWS-RAN-103,Bundu,RAN,neighbor
2025-02-28 19:00:00,26.7,978.0,40,AWS-RAN-103,Bundu,RAN,neighbor
2025-02-28 20:00:00,25.5,978.5,42,AWS-RAN-103,Bundu,RAN,neighbor
2025-02-28 21:00:00,23.9,978.4,47,AWS-RAN-103,Bundu,RAN,neighbor
2025-02-28 22:00:00,23.1,978.4,51,AWS-RAN-103,Bundu,RAN,neighbor
2025-02-28 23:00:00,22.7,977.9,51,AWS-RAN-103,Bundu,RAN,neighbor
2025-03-01 00:00:00,22.1,977.0,53,AWS-RAN-103,Bundu,RAN,neighbor
2025-03-01 01:00:00,21.2,976.4,56,AWS-RAN-103,Bundu,RAN,neighbor
2025-03-01 02:00:00,20.2,975.9,61,AWS-RAN-103,Bundu,RAN,neighbor
2025-03-01 03:00:00,20.2,975.7,59,AWS-RAN-103,Bundu,RAN,neighbor
2025-03-01 04:00:00,20.6,975.3,55,AWS-RAN-103,Bundu,RAN,neighbor
2025-03-01 05:00:00,20.7,975.7,56,AWS-RAN-103,Bundu,RAN,neighbor
2025-03-01 06:00:00,21.7,976.8,55,AWS-RAN-103,Bundu,RAN,neighbor
2025-03-01 07:00:00,24.2,978.0,50,AWS-RAN-103,Bundu,RAN,neighbor
2025-03-01 08:00:00,27.5,978.8,43,AWS-RAN-103,Bundu,RAN,neighbor
2025-03-01 09:00:00,30.2,979.2,36,AWS-RAN-103,Bundu,RAN,neighbor
2025-03-01 10:00:00,31.9,978.9,32,AWS-RAN-103,Bundu,RAN,neighbor
2025-03-01 11:00:00,33.4,977.8,26,AWS-RAN-103,Bundu,RAN,neighbor
2025-03-01 12:00:00,34.1,976.5,23,AWS-RAN-103,Bundu,RAN,neighbor
2025-03-01 13:00:00,34.5,975.2,21,AWS-RAN-103,Bundu,RAN,neighbor
2025-03-01 14:00:00,34.7,973.9,20,AWS-RAN-103,Bundu,RAN,neighbor
2025-03-01 15:00:00,34.1,973.3,21,AWS-RAN-103,Bundu,RAN,neighbor
2025-03-01 16:00:00,33.1,973.4,22,AWS-RAN-103,Bundu,RAN,neighbor
2025-03-01 17:00:00,31.4,973.8,25,AWS-RAN-103,Bundu,RAN,neighbor
2025-03-01 18:00:00,28.2,974.5,30,AWS-RAN-103,Bundu,RAN,neighbor
2025-03-01 19:00:00,26.4,975.2,34,AWS-RAN-103,Bundu,RAN,neighbor
2025-03-01 20:00:00,26.1,976.0,34,AWS-RAN-103,Bundu,RAN,neighbor
2025-03-01 21:00:00,25.0,976.0,37,AWS-RAN-103,Bundu,RAN,neighbor
2025-03-01 22:00:00,23.5,975.9,41,AWS-RAN-103,Bundu,RAN,neighbor
2025-03-01 23:00:00,22.6,975.2,44,AWS-RAN-103,Bundu,RAN,neighbor
2025-03-02 00:00:00,22.7,975.0,43,AWS-RAN-103,Bundu,RAN,neighbor
2025-03-02 01:00:00,22.3,974.4,44,AWS-RAN-103,Bundu,RAN,neighbor
2025-03-02 02:00:00,22.1,973.9,48,AWS-RAN-103,Bundu,RAN,neighbor
2025-03-02 03:00:00,21.8,973.3,54,AWS-RAN-103,Bundu,RAN,neighbor
2025-03-02 04:00:00,21.5,973.2,57,AWS-RAN-103,Bundu,RAN,neighbor
2025-03-02 05:00:00,21.1,973.6,58,AWS-RAN-103,Bundu,RAN,neighbor
2025-03-02 06:00:00,22.3,974.2,59,AWS-RAN-103,Bundu,RAN,neighbor
2025-03-02 07:00:00,25.5,975.3,45,AWS-RAN-103,Bundu,RAN,neighbor
2025-03-02 08:00:00,28.7,976.4,37,AWS-RAN-103,Bundu,RAN,neighbor
2025-03-02 09:00:00,30.9,977.0,28,AWS-RAN-103,Bundu,RAN,neighbor
2025-03-02 10:00:00,32.8,976.8,24,AWS-RAN-103,Bundu,RAN,neighbor
2025-03-02 11:00:00,34.4,975.7,21,AWS-RAN-103,Bundu,RAN,neighbor
2025-03-02 12:00:00,35.2,974.4,19,AWS-RAN-103,Bundu,RAN,neighbor
2025-03-02 13:00:00,35.3,972.9,18,AWS-RAN-103,Bundu,RAN,neighbor
2025-03-02 14:00:00,35.5,971.8,17,AWS-RAN-103,Bundu,RAN,neighbor
2025-03-02 15:00:00,34.8,971.3,17,AWS-RAN-103,Bundu,RAN,neighbor
2025-03-02 16:00:00,33.9,971.3,18,AWS-RAN-103,Bundu,RAN,neighbor
2025-03-02 17:00:00,31.1,971.6,24,AWS-RAN-103,Bundu,RAN,neighbor
2025-03-02 18:00:00,28.5,972.8,33,AWS-RAN-103,Bundu,RAN,neighbor
2025-03-02 19:00:00,26.9,973.8,38,AWS-RAN-103,Bundu,RAN,neighbor
2025-03-02 20:00:00,25.8,974.7,41,AWS-RAN-103,Bundu,RAN,neighbor
2025-03-02 21:00:00,24.5,975.0,45,AWS-RAN-103,Bundu,RAN,neighbor
2025-03-02 22:00:00,23.8,975.6,46,AWS-RAN-103,Bundu,RAN,neighbor
2025-03-02 23:00:00,22.9,975.7,49,AWS-RAN-103,Bundu,RAN,neighbor
2025-03-03 00:00:00,22.0,975.2,53,AWS-RAN-103,Bundu,RAN,neighbor
2025-03-03 01:00:00,21.0,974.7,57,AWS-RAN-103,Bundu,RAN,neighbor
2025-03-03 02:00:00,20.3,974.0,61,AWS-RAN-103,Bundu,RAN,neighbor
2025-03-03 03:00:00,19.6,974.0,65,AWS-RAN-103,Bundu,RAN,neighbor
2025-03-03 04:00:00,19.4,974.4,66,AWS-RAN-103,Bundu,RAN,neighbor
2025-03-03 05:00:00,19.3,975.1,66,AWS-RAN-103,Bundu,RAN,neighbor
2025-03-03 06:00:00,20.6,976.4,65,AWS-RAN-103,Bundu,RAN,neighbor
2025-03-03 07:00:00,23.4,977.8,55,AWS-RAN-103,Bundu,RAN,neighbor
2025-03-03 08:00:00,26.2,978.6,43,AWS-RAN-103,Bundu,RAN,neighbor
2025-03-03 09:00:00,28.1,979.0,38,AWS-RAN-103,Bundu,RAN,neighbor
2025-03-03 10:00:00,29.8,978.9,35,AWS-RAN-103,Bundu,RAN,neighbor
2025-03-03 11:00:00,31.2,977.8,32,AWS-RAN-103,Bundu,RAN,neighbor
2025-03-03 12:00:00,32.6,976.3,28,AWS-RAN-103,Bundu,RAN,neighbor
2025-03-03 13:00:00,33.8,975.0,23,AWS-RAN-103,Bundu,RAN,neighbor
2025-03-03 14:00:00,33.7,973.9,23,AWS-RAN-103,Bundu,RAN,neighbor
2025-03-03 15:00:00,33.4,972.8,23,AWS-RAN-103,Bundu,RAN,neighbor
2025-03-03 16:00:00,32.4,973.0,23,AWS-RAN-103,Bundu,RAN,neighbor
2025-03-03 17:00:00,30.1,973.4,27,AWS-RAN-103,Bundu,RAN,neighbor
2025-03-03 18:00:00,27.5,974.2,30,AWS-RAN-103,Bundu,RAN,neighbor
2025-03-03 19:00:00,25.7,975.0,34,AWS-RAN-103,Bundu,RAN,neighbor
2025-03-03 20:00:00,24.0,975.5,38,AWS-RAN-103,Bundu,RAN,neighbor
2025-03-03 21:00:00,22.3,975.8,42,AWS-RAN-103,Bundu,RAN,neighbor
2025-03-03 22:00:00,21.4,975.7,42,AWS-RAN-103,Bundu,RAN,neighbor
2025-03-03 23:00:00,21.9,975.6,38,AWS-RAN-103,Bundu,RAN,neighbor
2025-03-04 00:00:00,22.4,975.3,37,AWS-RAN-103,Bundu,RAN,neighbor
2025-03-04 01:00:00,22.5,975.0,37,AWS-RAN-103,Bundu,RAN,neighbor
2025-03-04 02:00:00,21.5,974.5,39,AWS-RAN-103,Bundu,RAN,neighbor
2025-03-04 03:00:00,20.8,974.1,41,AWS-RAN-103,Bundu,RAN,neighbor
2025-03-04 04:00:00,19.4,974.4,45,AWS-RAN-103,Bundu,RAN,neighbor
2025-03-04 05:00:00,18.4,975.2,49,AWS-RAN-103,Bundu,RAN,neighbor
2025-03-04 06:00:00,18.1,976.5,55,AWS-RAN-103,Bundu,RAN,neighbor
2025-03-04 07:00:00,21.3,977.7,45,AWS-RAN-103,Bundu,RAN,neighbor
2025-03-04 08:00:00,24.7,978.6,36,AWS-RAN-103,Bundu,RAN,neighbor
2025-03-04 09:00:00,27.3,978.8,30,AWS-RAN-103,Bundu,RAN,neighbor
2025-03-04 10:00:00,29.3,978.8,25,AWS-RAN-103,Bundu,RAN,neighbor
2025-03-04 11:00:00,31.8,978.0,20,AWS-RAN-103,Bundu,RAN,neighbor
2025-03-04 12:00:00,32.9,976.3,19,AWS-RAN-103,Bundu,RAN,neighbor
2025-03-04 13:00:00,33.1,975.3,20,AWS-RAN-103,Bundu,RAN,neighbor
2025-03-04 14:00:00,33.4,974.5,19,AWS-RAN-103,Bundu,RAN,neighbor
2025-03-04 15:00:00,32.7,973.8,19,AWS-RAN-103,Bundu,RAN,neighbor
2025-03-04 16:00:00,31.6,973.8,22,AWS-RAN-103,Bundu,RAN,neighbor
2025-03-04 17:00:00,29.8,973.6,24,AWS-RAN-103,Bundu,RAN,neighbor
2025-03-04 18:00:00,27.6,974.0,27,AWS-RAN-103,Bundu,RAN,neighbor
2025-03-04 19:00:00,26.0,974.8,30,AWS-RAN-103,Bundu,RAN,neighbor
2025-03-04 20:00:00,24.5,975.1,33,AWS-RAN-103,Bundu,RAN,neighbor
2025-03-04 21:00:00,23.9,975.6,34,AWS-RAN-103,Bundu,RAN,neighbor
2025-03-04 22:00:00,23.0,975.8,38,AWS-RAN-103,Bundu,RAN,neighbor
2025-03-04 23:00:00,21.9,975.9,44,AWS-RAN-103,Bundu,RAN,neighbor
2025-03-05 00:00:00,21.1,975.5,53,AWS-RAN-103,Bundu,RAN,neighbor
2025-03-05 01:00:00,20.2,975.1,60,AWS-RAN-103,Bundu,RAN,neighbor
2025-03-05 02:00:00,19.2,974.8,64,AWS-RAN-103,Bundu,RAN,neighbor
2025-03-05 03:00:00,18.4,974.1,68,AWS-RAN-103,Bundu,RAN,neighbor
2025-03-05 04:00:00,17.6,974.2,72,AWS-RAN-103,Bundu,RAN,neighbor
2025-03-05 05:00:00,17.2,974.3,71,AWS-RAN-103,Bundu,RAN,neighbor
2025-03-05 06:00:00,17.4,975.5,70,AWS-RAN-103,Bundu,RAN,neighbor
2025-03-05 07:00:00,20.9,976.7,54,AWS-RAN-103,Bundu,RAN,neighbor
2025-03-05 08:00:00,24.5,977.3,37,AWS-RAN-103,Bundu,RAN,neighbor
2025-03-05 09:00:00,26.3,977.8,25,AWS-RAN-103,Bundu,RAN,neighbor
2025-03-05 10:00:00,27.5,978.0,23,AWS-RAN-103,Bundu,RAN,neighbor
2025-03-05 11:00:00,28.7,976.6,21,AWS-RAN-103,Bundu,RAN,neighbor
2025-03-05 12:00:00,29.9,975.0,19,AWS-RAN-103,Bundu,RAN,neighbor
2025-03-05 13:00:00,30.7,974.0,18,AWS-RAN-103,Bundu,RAN,neighbor
2025-03-05 14:00:00,31.0,973.0,17,AWS-RAN-103,Bundu,RAN,neighbor
2025-03-05 15:00:00,31.0,972.4,15,AWS-RAN-103,Bundu,RAN,neighbor
2025-03-05 16:00:00,30.4,972.3,13,AWS-RAN-103,Bundu,RAN,neighbor
2025-03-05 17:00:00,27.7,972.5,16,AWS-RAN-103,Bundu,RAN,neighbor
2025-03-05 18:00:00,24.9,973.5,20,AWS-RAN-103,Bundu,RAN,neighbor
2025-03-05 19:00:00,23.1,974.4,24,AWS-RAN-103,Bundu,RAN,neighbor
2025-03-05 20:00:00,22.4,975.0,26,AWS-RAN-103,Bundu,RAN,neighbor
2025-03-05 21:00:00,21.9,975.7,26,AWS-RAN-103,Bundu,RAN,neighbor
2025-03-05 22:00:00,20.9,976.1,27,AWS-RAN-103,Bundu,RAN,neighbor
2025-03-05 23:00:00,19.8,976.0,28,AWS-RAN-103,Bundu,RAN,neighbor
2025-03-06 00:00:00,19.0,975.8,30,AWS-RAN-103,Bundu,RAN,neighbor
2025-03-06 01:00:00,18.2,975.5,32,AWS-RAN-103,Bundu,RAN,neighbor
2025-03-06 02:00:00,17.2,975.2,34,AWS-RAN-103,Bundu,RAN,neighbor
2025-03-06 03:00:00,16.4,975.2,36,AWS-RAN-103,Bundu,RAN,neighbor
2025-03-06 04:00:00,15.8,975.4,37,AWS-RAN-103,Bundu,RAN,neighbor
2025-03-06 05:00:00,15.4,975.8,38,AWS-RAN-103,Bundu,RAN,neighbor
2025-03-06 06:00:00,15.8,977.0,42,AWS-RAN-103,Bundu,RAN,neighbor
2025-03-06 07:00:00,18.4,978.0,37,AWS-RAN-103,Bundu,RAN,neighbor
2025-03-06 08:00:00,21.5,978.7,30,AWS-RAN-103,Bundu,RAN,neighbor
2025-03-06 09:00:00,24.1,979.2,22,AWS-RAN-103,Bundu,RAN,neighbor
2025-03-06 10:00:00,26.1,979.0,17,AWS-RAN-103,Bundu,RAN,neighbor
2025-03-06 11:00:00,27.9,978.3,13,AWS-RAN-103,Bundu,RAN,neighbor
2025-03-06 12:00:00,29.2,977.2,12,AWS-RAN-103,Bundu,RAN,neighbor
2025-03-06 13:00:00,30.1,976.2,11,AWS-RAN-103,Bundu,RAN,neighbor
2025-03-06 14:00:00,30.4,975.4,11,AWS-RAN-103,Bundu,RAN,neighbor
2025-03-06 15:00:00,30.2,975.0,11,AWS-RAN-103,Bundu,RAN,neighbor
2025-03-06 16:00:00,29.3,975.1,13,AWS-RAN-103,Bundu,RAN,neighbor
2025-03-06 17:00:00,26.8,975.1,18,AWS-RAN-103,Bundu,RAN,neighbor
2025-03-06 18:00:00,24.2,975.3,20,AWS-RAN-103,Bundu,RAN,neighbor
2025-03-06 19:00:00,21.9,975.8,25,AWS-RAN-103,Bundu,RAN,neighbor
2025-03-06 20:00:00,20.8,976.4,28,AWS-RAN-103,Bundu,RAN,neighbor
2025-03-06 21:00:00,19.2,976.8,32,AWS-RAN-103,Bundu,RAN,neighbor
2025-03-06 22:00:00,18.4,976.6,34,AWS-RAN-103,Bundu,RAN,neighbor
2025-03-06 23:00:00,17.4,976.0,36,AWS-RAN-103,Bundu,RAN,neighbor
2025-03-07 00:00:00,17.1,975.7,33,AWS-RAN-103,Bundu,RAN,neighbor
2025-03-07 01:00:00,16.7,975.1,33,AWS-RAN-103,Bundu,RAN,neighbor
2025-03-07 02:00:00,16.3,974.8,36,AWS-RAN-103,Bundu,RAN,neighbor
2025-03-07 03:00:00,15.5,974.4,41,AWS-RAN-103,Bundu,RAN,neighbor
2025-03-07 04:00:00,14.4,974.4,46,AWS-RAN-103,Bundu,RAN,neighbor
2025-03-07 05:00:00,13.8,974.9,50,AWS-RAN-103,Bundu,RAN,neighbor
2025-03-07 06:00:00,13.9,975.6,56,AWS-RAN-103,Bundu,RAN,neighbor
2025-03-07 07:00:00,18.1,976.7,45,AWS-RAN-103,Bundu,RAN,neighbor
2025-03-07 08:00:00,22.1,977.7,33,AWS-RAN-103,Bundu,RAN,neighbor
2025-03-07 09:00:00,24.4,977.6,27,AWS-RAN-103,Bundu,RAN,neighbor
2025-03-07 10:00:00,26.8,977.5,22,AWS-RAN-103,Bundu,RAN,neighbor
2025-03-07 11:00:00,29.2,976.5,16,AWS-RAN-103,Bundu,RAN,neighbor
2025-03-07 12:00:00,31.2,975.1,11,AWS-RAN-103,Bundu,RAN,neighbor
2025-03-07 13:00:00,31.8,974.0,10,AWS-RAN-103,Bundu,RAN,neighbor
2025-03-07 14:00:00,31.4,973.1,11,AWS-RAN-103,Bundu,RAN,neighbor
2025-03-07 15:00:00,31.2,972.8,11,AWS-RAN-103,Bundu,RAN,neighbor
2025-03-07 16:00:00,30.0,972.8,12,AWS-RAN-103,Bundu,RAN,neighbor
2025-03-07 17:00:00,27.6,972.8,15,AWS-RAN-103,Bundu,RAN,neighbor
2025-03-07 18:00:00,25.1,972.9,19,AWS-RAN-103,Bundu,RAN,neighbor
2025-03-07 19:00:00,23.1,973.8,22,AWS-RAN-103,Bundu,RAN,neighbor
2025-03-07 20:00:00,20.5,974.3,28,AWS-RAN-103,Bundu,RAN,neighbor
2025-03-07 21:00:00,19.1,974.2,32,AWS-RAN-103,Bundu,RAN,neighbor
2025-03-07 22:00:00,18.5,974.0,33,AWS-RAN-103,Bundu,RAN,neighbor
2025-03-07 23:00:00,19.0,974.3,30,AWS-RAN-103,Bundu,RAN,neighbor
2025-03-08 00:00:00,18.2,974.2,33,AWS-RAN-103,Bundu,RAN,neighbor
2025-03-08 01:00:00,17.0,973.7,37,AWS-RAN-103,Bundu,RAN,neighbor
2025-03-08 02:00:00,15.8,973.1,43,AWS-RAN-103,Bundu,RAN,neighbor
2025-03-08 03:00:00,15.1,972.5,48,AWS-RAN-103,Bundu,RAN,neighbor
2025-03-08 04:00:00,14.0,972.6,54,AWS-RAN-103,Bundu,RAN,neighbor
2025-03-08 05:00:00,13.0,973.0,60,AWS-RAN-103,Bundu,RAN,neighbor
2025-03-08 06:00:00,13.4,973.7,67,AWS-RAN-103,Bundu,RAN,neighbor
2025-03-08 07:00:00,18.7,974.9,50,AWS-RAN-103,Bundu,RAN,neighbor
2025-03-08 08:00:00,23.5,976.1,32,AWS-RAN-103,Bundu,RAN,neighbor
2025-03-08 09:00:00,25.6,976.5,29,AWS-RAN-103,Bundu,RAN,neighbor
2025-03-08 10:00:00,27.5,976.2,25,AWS-RAN-103,Bundu,RAN,neighbor
2025-03-08 11:00:00,29.3,975.6,22,AWS-RAN-103,Bundu,RAN,neighbor
2025-03-08 12:00:00,31.1,974.4,19,AWS-RAN-103,Bundu,RAN,neighbor
2025-03-08 13:00:00,32.8,972.8,14,AWS-RAN-103,Bundu,RAN,neighbor
2025-03-08 14:00:00,32.5,972.1,14,AWS-RAN-103,Bundu,RAN,neighbor
2025-03-08 15:00:00,31.8,972.0,15,AWS-RAN-103,Bundu,RAN,neighbor
2025-03-08 16:00:00,31.1,972.1,16,AWS-RAN-103,Bundu,RAN,neighbor
2025-03-08 17:00:00,28.5,972.3,20,AWS-RAN-103,Bundu,RAN,neighbor
2025-03-08 18:00:00,26.1,972.9,23,AWS-RAN-103,Bundu,RAN,neighbor
2025-03-08 19:00:00,24.2,974.0,25,AWS-RAN-103,Bundu,RAN,neighbor
2025-03-08 20:00:00,22.4,974.9,30,AWS-RAN-103,Bundu,RAN,neighbor
2025-03-08 21:00:00,20.1,975.3,37,AWS-RAN-103,Bundu,RAN,neighbor
2025-03-08 22:00:00,18.8,975.4,41,AWS-RAN-103,Bundu,RAN,neighbor
2025-03-08 23:00:00,19.4,975.2,38,AWS-RAN-103,Bundu,RAN,neighbor
2025-03-09 00:00:00,19.8,975.4,37,AWS-RAN-103,Bundu,RAN,neighbor
2025-03-09 01:00:00,19.4,975.1,39,AWS-RAN-103,Bundu,RAN,neighbor
2025-03-09 02:00:00,19.4,975.1,39,AWS-RAN-103,Bundu,RAN,neighbor
2025-03-09 03:00:00,18.9,975.1,40,AWS-RAN-103,Bundu,RAN,neighbor
2025-03-09 04:00:00,18.3,975.2,42,AWS-RAN-103,Bundu,RAN,neighbor
2025-03-09 05:00:00,17.6,975.7,46,AWS-RAN-103,Bundu,RAN,neighbor
2025-03-09 06:00:00,18.0,976.7,50,AWS-RAN-103,Bundu,RAN,neighbor
2025-03-09 07:00:00,21.5,978.2,44,AWS-RAN-103,Bundu,RAN,neighbor
2025-03-09 08:00:00,24.3,979.5,39,AWS-RAN-103,Bundu,RAN,neighbor
2025-03-09 09:00:00,26.3,979.8,39,AWS-RAN-103,Bundu,RAN,neighbor
2025-03-09 10:00:00,28.1,980.0,36,AWS-RAN-103,Bundu,RAN,neighbor
2025-03-09 11:00:00,29.7,979.4,31,AWS-RAN-103,Bundu,RAN,neighbor
2025-03-09 12:00:00,30.9,978.3,27,AWS-RAN-103,Bundu,RAN,neighbor
2025-03-09 13:00:00,31.6,977.3,23,AWS-RAN-103,Bundu,RAN,neighbor
2025-03-09 14:00:00,32.1,976.4,22,AWS-RAN-103,Bundu,RAN,neighbor
2025-03-09 15:00:00,32.3,975.9,20,AWS-RAN-103,Bundu,RAN,neighbor
2025-03-09 16:00:00,32.2,975.8,19,AWS-RAN-103,Bundu,RAN,neighbor
2025-03-09 17:00:00,28.6,976.0,32,AWS-RAN-103,Bundu,RAN,neighbor
2025-03-09 18:00:00,25.9,976.5,38,AWS-RAN-103,Bundu,RAN,neighbor
2025-03-09 19:00:00,25.1,977.6,37,AWS-RAN-103,Bundu,RAN,neighbor
2025-03-09 20:00:00,24.0,978.3,37,AWS-RAN-103,Bundu,RAN,neighbor
2025-03-09 21:00:00,23.6,978.6,39,AWS-RAN-103,Bundu,RAN,neighbor
2025-03-09 22:00:00,22.1,979.1,44,AWS-RAN-103,Bundu,RAN,neighbor
2025-03-09 23:00:00,21.8,979.1,48,AWS-RAN-103,Bundu,RAN,neighbor
2025-03-10 00:00:00,21.4,979.6,48,AWS-RAN-103,Bundu,RAN,neighbor
2025-03-10 01:00:00,20.3,979.2,50,AWS-RAN-103,Bundu,RAN,neighbor
2025-03-10 02:00:00,19.8,978.8,52,AWS-RAN-103,Bundu,RAN,neighbor
2025-03-10 03:00:00,19.1,978.6,55,AWS-RAN-103,Bundu,RAN,neighbor
2025-03-10 04:00:00,18.8,979.0,58,AWS-RAN-103,Bundu,RAN,neighbor
2025-03-10 05:00:00,18.5,979.5,60,AWS-RAN-103,Bundu,RAN,neighbor
2025-03-10 06:00:00,19.5,980.7,70,AWS-RAN-103,Bundu,RAN,neighbor
2025-03-10 07:00:00,22.2,981.5,61,AWS-RAN-103,Bundu,RAN,neighbor
2025-03-10 08:00:00,24.9,982.3,53,AWS-RAN-103,Bundu,RAN,neighbor
2025-03-10 09:00:00,27.5,982.6,43,AWS-RAN-103,Bundu,RAN,neighbor
2025-03-10 10:00:00,29.9,982.6,35,AWS-RAN-103,Bundu,RAN,neighbor
2025-03-10 11:00:00,31.5,981.4,32,AWS-RAN-103,Bundu,RAN,neighbor
2025-03-10 12:00:00,32.9,980.0,27,AWS-RAN-103,Bundu,RAN,neighbor
2025-03-10 13:00:00,33.9,978.8,22,AWS-RAN-103,Bundu,RAN,neighbor
2025-03-10 14:00:00,34.1,977.7,20,AWS-RAN-103,Bundu,RAN,neighbor
2025-03-10 15:00:00,33.8,977.2,20,AWS-RAN-103,Bundu,RAN,neighbor
2025-03-10 16:00:00,32.6,977.1,22,AWS-RAN-103,Bundu,RAN,neighbor
2025-03-10 17:00:00,30.4,977.1,26,AWS-RAN-103,Bundu,RAN,neighbor
2025-03-10 18:00:00,28.4,977.1,28,AWS-RAN-103,Bundu,RAN,neighbor
2025-03-10 19:00:00,26.4,977.6,34,AWS-RAN-103,Bundu,RAN,neighbor
2025-03-10 20:00:00,25.1,978.6,38,AWS-RAN-103,Bundu,RAN,neighbor
2025-03-10 21:00:00,25.7,979.2,40,AWS-RAN-103,Bundu,RAN,neighbor
2025-03-10 22:00:00,23.5,979.0,53,AWS-RAN-103,Bundu,RAN,neighbor
2025-03-10 23:00:00,22.4,978.9,58,AWS-RAN-103,Bundu,RAN,neighbor
2025-03-11 00:00:00,21.3,978.6,62,AWS-RAN-103,Bundu,RAN,neighbor
2025-03-11 01:00:00,20.4,978.0,67,AWS-RAN-103,Bundu,RAN,neighbor
2025-03-11 02:00:00,20.2,977.4,69,AWS-RAN-103,Bundu,RAN,neighbor
2025-03-11 03:00:00,19.9,977.6,71,AWS-RAN-103,Bundu,RAN,neighbor
2025-03-11 04:00:00,20.1,978.1,70,AWS-RAN-103,Bundu,RAN,neighbor
2025-03-11 05:00:00,19.8,978.3,72,AWS-RAN-103,Bundu,RAN,neighbor
2025-03-11 06:00:00,20.0,979.3,77,AWS-RAN-103,Bundu,RAN,neighbor
2025-03-11 07:00:00,23.2,980.5,64,AWS-RAN-103,Bundu,RAN,neighbor
2025-03-11 08:00:00,27.1,981.5,48,AWS-RAN-103,Bundu,RAN,neighbor
2025-03-11 09:00:00,29.5,981.6,33,AWS-RAN-103,Bundu,RAN,neighbor
2025-03-11 10:00:00,31.3,980.9,25,AWS-RAN-103,Bundu,RAN,neighbor
2025-03-11 11:00:00,32.8,979.7,19,AWS-RAN-103,Bundu,RAN,neighbor
2025-03-11 12:00:00,33.8,978.2,17,AWS-RAN-103,Bundu,RAN,neighbor
2025-03-11 13:00:00,34.4,976.8,16,AWS-RAN-103,Bundu,RAN,neighbor
2025-03-11 14:00:00,34.4,975.9,16,AWS-RAN-103,Bundu,RAN,neighbor
2025-03-11 15:00:00,33.7,975.6,16,AWS-RAN-103,Bundu,RAN,neighbor
2025-03-11 16:00:00,32.7,975.5,18,AWS-RAN-103,Bundu,RAN,neighbor
2025-03-11 17:00:00,30.3,975.8,23,AWS-RAN-103,Bundu,RAN,neighbor
2025-03-11 18:00:00,27.3,976.0,28,AWS-RAN-103,Bundu,RAN,neighbor
2025-03-11 19:00:00,26.2,976.6,29,AWS-RAN-103,Bundu,RAN,neighbor
2025-03-11 20:00:00,25.7,977.0,30,AWS-RAN-103,Bundu,RAN,neighbor
2025-03-11 21:00:00,25.2,977.1,33,AWS-RAN-103,Bundu,RAN,neighbor
2025-03-11 22:00:00,24.0,976.8,36,AWS-RAN-103,Bundu,RAN,neighbor
2025-03-11 23:00:00,23.1,976.0,38,AWS-RAN-103,Bundu,RAN,neighbor
2025-03-12 00:00:00,22.3,975.6,39,AWS-RAN-103,Bundu,RAN,neighbor
2025-03-12 01:00:00,21.3,974.9,42,AWS-RAN-103,Bundu,RAN,neighbor
2025-03-12 02:00:00,20.3,974.3,45,AWS-RAN-103,Bundu,RAN,neighbor
2025-03-12 03:00:00,19.8,973.8,47,AWS-RAN-103,Bundu,RAN,neighbor
2025-03-12 04:00:00,19.3,973.7,49,AWS-RAN-103,Bundu,RAN,neighbor
2025-03-12 05:00:00,19.2,974.2,49,AWS-RAN-103,Bundu,RAN,neighbor
2025-03-12 06:00:00,19.6,975.6,51,AWS-RAN-103,Bundu,RAN,neighbor
2025-03-12 07:00:00,23.3,976.4,41,AWS-RAN-103,Bundu,RAN,neighbor
2025-03-12 08:00:00,27.1,977.2,34,AWS-RAN-103,Bundu,RAN,neighbor
2025-03-12 09:00:00,30.3,977.4,28,AWS-RAN-103,Bundu,RAN,neighbor
2025-03-12 10:00:00,32.9,976.8,23,AWS-RAN-103,Bundu,RAN,neighbor
2025-03-12 11:00:00,35.0,975.4,18,AWS-RAN-103,Bundu,RAN,neighbor
2025-03-12 12:00:00,36.6,973.8,14,AWS-RAN-103,Bundu,RAN,neighbor
2025-03-12 13:00:00,37.0,972.4,12,AWS-RAN-103,Bundu,RAN,neighbor
2025-03-12 14:00:00,36.6,971.6,13,AWS-RAN-103,Bundu,RAN,neighbor
2025-03-12 15:00:00,36.0,971.1,13,AWS-RAN-103,Bundu,RAN,neighbor
2025-03-12 16:00:00,35.5,970.8,14,AWS-RAN-103,Bundu,RAN,neighbor
2025-03-12 17:00:00,32.9,970.7,17,AWS-RAN-103,Bundu,RAN,neighbor
2025-03-12 18:00:00,29.4,971.5,21,AWS-RAN-103,Bundu,RAN,neighbor
2025-03-12 19:00:00,27.7,972.0,24,AWS-RAN-103,Bundu,RAN,neighbor
2025-03-12 20:00:00,26.4,972.9,27,AWS-RAN-103,Bundu,RAN,neighbor
2025-03-12 21:00:00,25.6,973.1,29,AWS-RAN-103,Bundu,RAN,neighbor
2025-03-12 22:00:00,24.6,973.6,31,AWS-RAN-103,Bundu,RAN,neighbor
2025-03-12 23:00:00,23.4,973.3,33,AWS-RAN-103,Bundu,RAN,neighbor
2025-03-13 00:00:00,22.7,972.8,35,AWS-RAN-103,Bundu,RAN,neighbor
2025-03-13 01:00:00,21.6,971.9,37,AWS-RAN-103,Bundu,RAN,neighbor
2025-03-13 02:00:00,20.7,971.4,38,AWS-RAN-103,Bundu,RAN,neighbor
2025-03-13 03:00:00,20.7,971.4,38,AWS-RAN-103,Bundu,RAN,neighbor
2025-03-13 04:00:00,21.7,971.8,35,AWS-RAN-103,Bundu,RAN,neighbor
2025-03-13 05:00:00,21.4,972.2,36,AWS-RAN-103,Bundu,RAN,neighbor
2025-03-13 06:00:00,22.5,973.2,38,AWS-RAN-103,Bundu,RAN,neighbor
2025-03-13 07:00:00,26.1,974.5,32,AWS-RAN-103,Bundu,RAN,neighbor
2025-03-13 08:00:00,30.7,975.6,26,AWS-RAN-103,Bundu,RAN,neighbor
2025-03-13 09:00:00,33.3,975.9,22,AWS-RAN-103,Bundu,RAN,neighbor
2025-03-13 10:00:00,35.1,975.3,19,AWS-RAN-103,Bundu,RAN,neighbor
2025-03-13 11:00:00,36.4,974.4,16,AWS-RAN-103,Bundu,RAN,neighbor
2025-03-13 12:00:00,37.4,972.9,13,AWS-RAN-103,Bundu,RAN,neighbor
2025-03-13 13:00:00,37.5,971.6,13,AWS-RAN-103,Bundu,RAN,neighbor
2025-03-13 14:00:00,38.0,970.4,11,AWS-RAN-103,Bundu,RAN,neighbor
2025-03-13 15:00:00,36.4,969.9,13,AWS-RAN-103,Bundu,RAN,neighbor
2025-03-13 16:00:00,35.9,969.8,14,AWS-RAN-103,Bundu,RAN,neighbor
2025-03-13 17:00:00,33.6,970.0,17,AWS-RAN-103,Bundu,RAN,neighbor
2025-03-13 18:00:00,30.6,970.8,21,AWS-RAN-103,Bundu,RAN,neighbor
2025-03-13 19:00:00,28.4,971.3,24,AWS-RAN-103,Bundu,RAN,neighbor
2025-03-13 20:00:00,26.7,972.2,26,AWS-RAN-103,Bundu,RAN,neighbor
2025-03-13 21:00:00,24.9,973.0,30,AWS-RAN-103,Bundu,RAN,neighbor
2025-03-13 22:00:00,23.9,973.4,32,AWS-RAN-103,Bundu,RAN,neighbor
2025-03-13 23:00:00,23.5,973.3,33,AWS-RAN-103,Bundu,RAN,neighbor
2025-03-14 00:00:00,22.9,973.0,37,AWS-RAN-103,Bundu,RAN,neighbor
2025-03-14 01:00:00,21.7,972.4,42,AWS-RAN-103,Bundu,RAN,neighbor
2025-03-14 02:00:00,20.4,972.0,47,AWS-RAN-103,Bundu,RAN,neighbor
2025-03-14 03:00:00,19.2,972.0,51,AWS-RAN-103,Bundu,RAN,neighbor
2025-03-14 04:00:00,18.3,972.2,56,AWS-RAN-103,Bundu,RAN,neighbor
2025-03-14 05:00:00,17.8,972.9,59,AWS-RAN-103,Bundu,RAN,neighbor
2025-03-14 06:00:00,18.2,973.9,70,AWS-RAN-103,Bundu,RAN,neighbor
2025-03-14 07:00:00,24.3,975.5,50,AWS-RAN-103,Bundu,RAN,neighbor
2025-03-14 08:00:00,29.7,976.9,35,AWS-RAN-103,Bundu,RAN,neighbor
2025-03-14 09:00:00,31.9,977.0,30,AWS-RAN-103,Bundu,RAN,neighbor
2025-03-14 10:00:00,33.5,977.0,26,AWS-RAN-103,Bundu,RAN,neighbor
2025-03-14 11:00:00,34.7,976.2,23,AWS-RAN-103,Bundu,RAN,neighbor
2025-03-14 12:00:00,35.6,975.1,21,AWS-RAN-103,Bundu,RAN,neighbor
2025-03-14 13:00:00,36.6,973.8,18,AWS-RAN-103,Bundu,RAN,neighbor
2025-03-14 14:00:00,37.5,972.6,15,AWS-RAN-103,Bundu,RAN,neighbor
2025-03-14 15:00:00,36.5,971.8,16,AWS-RAN-103,Bundu,RAN,neighbor
2025-03-14 16:00:00,35.3,971.7,17,AWS-RAN-103,Bundu,RAN,neighbor
2025-03-14 17:00:00,33.2,971.7,22,AWS-RAN-103,Bundu,RAN,neighbor
2025-03-14 18:00:00,30.0,972.5,27,AWS-RAN-103,Bundu,RAN,neighbor
2025-03-14 19:00:00,28.4,973.2,28,AWS-RAN-103,Bundu,RAN,neighbor
2025-03-14 20:00:00,27.0,973.9,25,AWS-RAN-103,Bundu,RAN,neighbor
2025-03-14 21:00:00,26.4,974.7,26,AWS-RAN-103,Bundu,RAN,neighbor
2025-03-14 22:00:00,25.5,975.1,32,AWS-RAN-103,Bundu,RAN,neighbor
2025-03-14 23:00:00,25.0,975.3,35,AWS-RAN-103,Bundu,RAN,neighbor
2025-03-15 00:00:00,23.2,974.6,41,AWS-RAN-103,Bundu,RAN,neighbor
2025-03-15 01:00:00,21.8,973.9,45,AWS-RAN-103,Bundu,RAN,neighbor
2025-03-15 02:00:00,20.6,973.2,50,AWS-RAN-103,Bundu,RAN,neighbor
2025-03-15 03:00:00,19.7,972.9,54,AWS-RAN-103,Bundu,RAN,neighbor
2025-03-15 04:00:00,19.7,973.1,54,AWS-RAN-103,Bundu,RAN,neighbor
2025-03-15 05:00:00,19.0,973.7,57,AWS-RAN-103,Bundu,RAN,neighbor
2025-03-15 06:00:00,19.8,974.9,65,AWS-RAN-103,Bundu,RAN,neighbor
2025-03-15 07:00:00,24.8,976.8,51,AWS-RAN-103,Bundu,RAN,neighbor
2025-03-15 08:00:00,29.7,978.0,36,AWS-RAN-103,Bundu,RAN,neighbor
2025-03-15 09:00:00,31.7,978.5,32,AWS-RAN-103,Bundu,RAN,neighbor
2025-03-15 10:00:00,33.2,978.3,29,AWS-RAN-103,Bundu,RAN,neighbor
2025-03-15 11:00:00,34.7,977.7,25,AWS-RAN-103,Bundu,RAN,neighbor
2025-03-15 12:00:00,35.8,976.6,22,AWS-RAN-103,Bundu,RAN,neighbor
2025-03-15 13:00:00,37.0,975.4,19,AWS-RAN-103,Bundu,RAN,neighbor
2025-03-15 14:00:00,37.9,974.4,16,AWS-RAN-103,Bundu,RAN,neighbor
2025-03-15 15:00:00,37.9,973.4,15,AWS-RAN-103,Bundu,RAN,neighbor
2025-03-15 16:00:00,37.0,973.3,15,AWS-RAN-103,Bundu,RAN,neighbor
2025-03-15 17:00:00,33.7,973.5,26,AWS-RAN-103,Bundu,RAN,neighbor
2025-03-15 18:00:00,31.2,974.4,26,AWS-RAN-103,Bundu,RAN,neighbor
2025-03-15 19:00:00,30.5,975.3,26,AWS-RAN-103,Bundu,RAN,neighbor
2025-03-15 20:00:00,28.8,976.1,27,AWS-RAN-103,Bundu,RAN,neighbor
2025-03-15 21:00:00,26.7,976.4,29,AWS-RAN-103,Bundu,RAN,neighbor
2025-03-15 22:00:00,26.5,976.4,27,AWS-RAN-103,Bundu,RAN,neighbor
2025-03-15 23:00:00,24.7,976.5,31,AWS-RAN-103,Bundu,RAN,neighbor
2025-03-16 00:00:00,23.9,976.1,35,AWS-RAN-103,Bundu,RAN,neighbor
2025-03-16 01:00:00,24.0,975.5,37,AWS-RAN-103,Bundu,RAN,neighbor
2025-03-16 02:00:00,25.0,974.9,36,AWS-RAN-103,Bundu,RAN,neighbor
2025-03-16 03:00:00,24.3,974.4,38,AWS-RAN-103,Bundu,RAN,neighbor
2025-03-16 04:00:00,23.9,974.6,40,AWS-RAN-103,Bundu,RAN,neighbor
2025-03-16 05:00:00,23.5,974.9,41,AWS-RAN-103,Bundu,RAN,neighbor
2025-03-16 06:00:00,24.1,975.3,48,AWS-RAN-103,Bundu,RAN,neighbor
2025-03-16 07:00:00,27.2,976.3,44,AWS-RAN-103,Bundu,RAN,neighbor
2025-03-16 08:00:00,30.8,977.2,36,AWS-RAN-103,Bundu,RAN,neighbor
2025-03-16 09:00:00,32.4,977.3,34,AWS-RAN-103,Bundu,RAN,neighbor
2025-03-16 10:00:00,34.7,977.4,27,AWS-RAN-103,Bundu,RAN,neighbor
2025-03-16 11:00:00,36.2,976.5,21,AWS-RAN-103,Bundu,RAN,neighbor
2025-03-16 12:00:00,38.0,975.1,16,AWS-RAN-103,Bundu,RAN,neighbor
2025-03-16 13:00:00,38.2,973.9,15,AWS-RAN-103,Bundu,RAN,neighbor
2025-03-16 14:00:00,38.0,972.7,16,AWS-RAN-103,Bundu,RAN,neighbor
2025-03-16 15:00:00,37.5,972.2,16,AWS-RAN-103,Bundu,RAN,neighbor
2025-03-16 16:00:00,36.9,972.1,17,AWS-RAN-103,Bundu,RAN,neighbor
2025-03-16 17:00:00,33.9,972.1,26,AWS-RAN-103,Bundu,RAN,neighbor
2025-03-16 18:00:00,31.8,974.0,26,AWS-RAN-103,Bundu,RAN,neighbor
2025-03-16 19:00:00,29.3,974.7,36,AWS-RAN-103,Bundu,RAN,neighbor
2025-03-16 20:00:00,27.9,975.2,41,AWS-RAN-103,Bundu,RAN,neighbor
2025-03-16 21:00:00,26.5,975.0,44,AWS-RAN-103,Bundu,RAN,neighbor
2025-03-16 22:00:00,26.1,975.1,45,AWS-RAN-103,Bundu,RAN,neighbor
2025-03-16 23:00:00,25.2,974.9,47,AWS-RAN-103,Bundu,RAN,neighbor
2025-03-17 00:00:00,25.1,974.2,47,AWS-RAN-103,Bundu,RAN,neighbor
2025-03-17 01:00:00,25.0,973.9,47,AWS-RAN-103,Bundu,RAN,neighbor
2025-03-17 02:00:00,24.5,973.6,49,AWS-RAN-103,Bundu,RAN,neighbor
2025-03-17 03:00:00,23.9,973.2,50,AWS-RAN-103,Bundu,RAN,neighbor
2025-03-17 04:00:00,23.3,973.1,51,AWS-RAN-103,Bundu,RAN,neighbor
2025-03-17 05:00:00,22.3,973.6,56,AWS-RAN-103,Bundu,RAN,neighbor
2025-03-17 06:00:00,23.9,974.8,55,AWS-RAN-103,Bundu,RAN,neighbor
2025-03-17 07:00:00,26.5,976.2,49,AWS-RAN-103,Bundu,RAN,neighbor
2025-03-17 08:00:00,28.6,977.0,45,AWS-RAN-103,Bundu,RAN,neighbor
2025-03-17 09:00:00,30.1,977.1,41,AWS-RAN-103,Bundu,RAN,neighbor
2025-03-17 10:00:00,31.7,977.3,36,AWS-RAN-103,Bundu,RAN,neighbor
2025-03-17 11:00:00,32.1,977.1,34,AWS-RAN-103,Bundu,RAN,neighbor
2025-03-17 12:00:00,33.2,976.3,32,AWS-RAN-103,Bundu,RAN,neighbor
2025-03-17 13:00:00,31.6,975.5,37,AWS-RAN-103,Bundu,RAN,neighbor
2025-03-17 14:00:00,33.0,973.6,33,AWS-RAN-103,Bundu,RAN,neighbor
2025-03-17 15:00:00,32.2,973.6,35,AWS-RAN-103,Bundu,RAN,neighbor
2025-03-17 16:00:00,31.4,973.4,36,AWS-RAN-103,Bundu,RAN,neighbor
2025-03-17 17:00:00,30.4,973.4,40,AWS-RAN-103,Bundu,RAN,neighbor
2025-03-17 18:00:00,28.3,973.8,45,AWS-RAN-103,Bundu,RAN,neighbor
2025-03-17 19:00:00,26.7,974.1,50,AWS-RAN-103,Bundu,RAN,neighbor
2025-03-17 20:00:00,25.5,974.6,54,AWS-RAN-103,Bundu,RAN,neighbor
2025-03-17 21:00:00,24.8,975.0,57,AWS-RAN-103,Bundu,RAN,neighbor
2025-03-17 22:00:00,23.5,975.5,62,AWS-RAN-103,Bundu,RAN,neighbor
2025-03-17 23:00:00,23.7,975.8,57,AWS-RAN-103,Bundu,RAN,neighbor
2025-03-18 00:00:00,24.0,975.8,52,AWS-RAN-103,Bundu,RAN,neighbor
2025-03-18 01:00:00,23.7,975.4,50,AWS-RAN-103,Bundu,RAN,neighbor
2025-03-18 02:00:00,23.5,975.0,49,AWS-RAN-103,Bundu,RAN,neighbor
2025-03-18 03:00:00,23.1,974.6,48,AWS-RAN-103,Bundu,RAN,neighbor
2025-03-18 04:00:00,22.7,974.8,47,AWS-RAN-103,Bundu,RAN,neighbor
2025-03-18 05:00:00,22.1,975.1,47,AWS-RAN-103,Bundu,RAN,neighbor
2025-03-18 06:00:00,22.9,976.5,46,AWS-RAN-103,Bundu,RAN,neighbor
2025-03-18 07:00:00,25.1,977.6,39,AWS-RAN-103,Bundu,RAN,neighbor
2025-03-18 08:00:00,27.9,978.2,30,AWS-RAN-103,Bundu,RAN,neighbor
2025-03-18 09:00:00,30.1,978.3,26,AWS-RAN-103,Bundu,RAN,neighbor
2025-03-18 10:00:00,31.7,977.9,24,AWS-RAN-103,Bundu,RAN,neighbor
2025-03-18 11:00:00,33.1,977.0,22,AWS-RAN-103,Bundu,RAN,neighbor
2025-03-18 12:00:00,34.1,976.1,21,AWS-RAN-103,Bundu,RAN,neighbor
2025-03-18 13:00:00,35.0,974.8,20,AWS-RAN-103,Bundu,RAN,neighbor
2025-03-18 14:00:00,35.2,974.1,19,AWS-RAN-103,Bundu,RAN,neighbor
2025-03-18 15:00:00,34.5,973.8,21,AWS-RAN-103,Bundu,RAN,neighbor
2025-03-18 16:00:00,34.4,973.4,19,AWS-RAN-103,Bundu,RAN,neighbor
2025-03-18 17:00:00,32.5,973.5,20,AWS-RAN-103,Bundu,RAN,neighbor
2025-03-18 18:00:00,29.3,974.8,25,AWS-RAN-103,Bundu,RAN,neighbor
2025-03-18 19:00:00,27.4,976.0,30,AWS-RAN-103,Bundu,RAN,neighbor
2025-03-18 20:00:00,25.8,976.8,34,AWS-RAN-103,Bundu,RAN,neighbor
2025-03-18 21:00:00,24.3,976.9,36,AWS-RAN-103,Bundu,RAN,neighbor
2025-03-18 22:00:00,23.2,977.1,36,AWS-RAN-103,Bundu,RAN,neighbor
2025-03-18 23:00:00,22.5,977.1,35,AWS-RAN-103,Bundu,RAN,neighbor
2025-03-19 00:00:00,21.9,977.0,37,AWS-RAN-103,Bundu,RAN,neighbor
2025-03-19 01:00:00,21.3,976.6,39,AWS-RAN-103,Bundu,RAN,neighbor
2025-03-19 02:00:00,20.4,976.4,42,AWS-RAN-103,Bundu,RAN,neighbor
2025-03-19 03:00:00,19.8,976.4,44,AWS-RAN-103,Bundu,RAN,neighbor
2025-03-19 04:00:00,19.2,976.5,44,AWS-RAN-103,Bundu,RAN,neighbor
2025-03-19 05:00:00,20.0,977.1,41,AWS-RAN-103,Bundu,RAN,neighbor
2025-03-19 06:00:00,20.0,978.3,49,AWS-RAN-103,Bundu,RAN,neighbor
2025-03-19 07:00:00,24.8,979.6,39,AWS-RAN-103,Bundu,RAN,neighbor
2025-03-19 08:00:00,27.7,980.6,30,AWS-RAN-103,Bundu,RAN,neighbor
2025-03-19 09:00:00,29.7,980.8,25,AWS-RAN-103,Bundu,RAN,neighbor
2025-03-19 10:00:00,31.4,980.8,23,AWS-RAN-103,Bundu,RAN,neighbor
2025-03-19 11:00:00,32.7,980.1,22,AWS-RAN-103,Bundu,RAN,neighbor
2025-03-19 12:00:00,33.7,979.1,21,AWS-RAN-103,Bundu,RAN,neighbor
2025-03-19 13:00:00,34.5,978.1,21,AWS-RAN-103,Bundu,RAN,neighbor
2025-03-19 14:00:00,34.9,977.0,22,AWS-RAN-103,Bundu,RAN,neighbor
2025-03-19 15:00:00,35.1,976.3,21,AWS-RAN-103,Bundu,RAN,neighbor
2025-03-19 16:00:00,35.0,975.8,19,AWS-RAN-103,Bundu,RAN,neighbor
2025-03-19 17:00:00,32.7,975.8,24,AWS-RAN-103,Bundu,RAN,neighbor
2025-03-19 18:00:00,29.2,976.7,35,AWS-RAN-103,Bundu,RAN,neighbor
2025-03-19 19:00:00,28.2,977.6,35,AWS-RAN-103,Bundu,RAN,neighbor
2025-03-19 20:00:00,26.8,978.5,37,AWS-RAN-103,Bundu,RAN,neighbor
2025-03-19 21:00:00,26.4,979.3,39,AWS-RAN-103,Bundu,RAN,neighbor
2025-03-19 22:00:00,25.6,979.4,45,AWS-RAN-103,Bundu,RAN,neighbor
2025-03-19 23:00:00,24.8,979.2,46,AWS-RAN-103,Bundu,RAN,neighbor
2025-03-20 00:00:00,24.5,979.1,47,AWS-RAN-103,Bundu,RAN,neighbor
2025-03-20 01:00:00,24.2,978.4,47,AWS-RAN-103,Bundu,RAN,neighbor
2025-03-20 02:00:00,23.9,978.1,47,AWS-RAN-103,Bundu,RAN,neighbor
2025-03-20 03:00:00,23.0,978.0,50,AWS-RAN-103,Bundu,RAN,neighbor
2025-03-20 04:00:00,22.3,978.3,54,AWS-RAN-103,Bundu,RAN,neighbor
2025-03-20 05:00:00,21.8,978.7,59,AWS-RAN-103,Bundu,RAN,neighbor
2025-03-20 06:00:00,23.7,980.1,56,AWS-RAN-103,Bundu,RAN,neighbor
2025-03-20 07:00:00,26.5,981.3,48,AWS-RAN-103,Bundu,RAN,neighbor
2025-03-20 08:00:00,28.6,982.0,32,AWS-RAN-103,Bundu,RAN,neighbor
2025-03-20 09:00:00,30.3,982.1,26,AWS-RAN-103,Bundu,RAN,neighbor
2025-03-20 10:00:00,31.6,981.9,26,AWS-RAN-103,Bundu,RAN,neighbor
2025-03-20 11:00:00,32.4,980.9,28,AWS-RAN-103,Bundu,RAN,neighbor
2025-03-20 12:00:00,33.2,979.9,28,AWS-RAN-103,Bundu,RAN,neighbor
2025-03-20 13:00:00,33.1,978.7,29,AWS-RAN-103,Bundu,RAN,neighbor
2025-03-20 14:00:00,31.9,978.0,32,AWS-RAN-103,Bundu,RAN,neighbor
2025-03-20 15:00:00,30.3,978.0,37,AWS-RAN-103,Bundu,RAN,neighbor
2025-03-20 16:00:00,28.2,977.6,54,AWS-RAN-103,Bundu,RAN,neighbor
2025-03-20 17:00:00,27.7,977.9,54,AWS-RAN-103,Bundu,RAN,neighbor
2025-03-20 18:00:00,24.3,978.4,77,AWS-RAN-103,Bundu,RAN,neighbor
2025-03-20 19:00:00,23.0,979.8,86,AWS-RAN-103,Bundu,RAN,neighbor
2025-03-20 20:00:00,23.1,980.3,81,AWS-RAN-103,Bundu,RAN,neighbor
2025-03-20 21:00:00,23.1,980.3,78,AWS-RAN-103,Bundu,RAN,neighbor
2025-03-20 22:00:00,22.6,980.3,79,AWS-RAN-103,Bundu,RAN,neighbor
2025-03-20 23:00:00,22.7,980.7,76,AWS-RAN-103,Bundu,RAN,neighbor
2025-03-21 00:00:00,22.3,980.3,80,AWS-RAN-103,Bundu,RAN,neighbor
2025-03-21 01:00:00,21.5,979.7,86,AWS-RAN-103,Bundu,RAN,neighbor
2025-03-21 02:00:00,21.1,979.0,88,AWS-RAN-103,Bundu,RAN,neighbor
2025-03-21 03:00:00,21.2,978.7,82,AWS-RAN-103,Bundu,RAN,neighbor
2025-03-21 04:00:00,21.3,979.4,79,AWS-RAN-103,Bundu,RAN,neighbor
2025-03-21 05:00:00,20.8,979.5,85,AWS-RAN-103,Bundu,RAN,neighbor
2025-03-21 06:00:00,21.0,980.4,83,AWS-RAN-103,Bundu,RAN,neighbor
2025-03-21 07:00:00,23.3,981.3,73,AWS-RAN-103,Bundu,RAN,neighbor
2025-03-21 08:00:00,25.4,982.1,64,AWS-RAN-103,Bundu,RAN,neighbor
2025-03-21 09:00:00,26.8,982.2,60,AWS-RAN-103,Bundu,RAN,neighbor
2025-03-21 10:00:00,27.9,982.2,56,AWS-RAN-103,Bundu,RAN,neighbor
2025-03-21 11:00:00,28.9,981.6,51,AWS-RAN-103,Bundu,RAN,neighbor
2025-03-21 12:00:00,27.1,980.9,56,AWS-RAN-103,Bundu,RAN,neighbor
2025-03-21 13:00:00,24.0,979.5,71,AWS-RAN-103,Bundu,RAN,neighbor
2025-03-21 14:00:00,23.0,978.0,89,AWS-RAN-103,Bundu,RAN,neighbor
2025-03-21 15:00:00,23.5,978.3,79,AWS-RAN-103,Bundu,RAN,neighbor
2025-03-21 16:00:00,24.5,977.5,69,AWS-RAN-103,Bundu,RAN,neighbor
2025-03-21 17:00:00,23.6,977.6,74,AWS-RAN-103,Bundu,RAN,neighbor
2025-03-21 18:00:00,20.9,979.7,91,AWS-RAN-103,Bundu,RAN,neighbor
2025-03-21 19:00:00,20.7,979.7,93,AWS-RAN-103,Bundu,RAN,neighbor
2025-03-21 20:00:00,20.3,979.8,95,AWS-RAN-103,Bundu,RAN,neighbor
2025-03-21 21:00:00,19.6,979.6,96,AWS-RAN-103,Bundu,RAN,neighbor
2025-03-21 22:00:00,19.9,980.3,94,AWS-RAN-103,Bundu,RAN,neighbor
2025-03-21 23:00:00,19.6,980.2,93,AWS-RAN-103,Bundu,RAN,neighbor
2025-03-22 00:00:00,19.5,979.6,94,AWS-RAN-103,Bundu,RAN,neighbor
2025-03-22 01:00:00,19.4,977.6,95,AWS-RAN-103,Bundu,RAN,neighbor
2025-03-22 02:00:00,18.8,978.9,95,AWS-RAN-103,Bundu,RAN,neighbor
2025-03-22 03:00:00,19.3,977.9,96,AWS-RAN-103,Bundu,RAN,neighbor
2025-03-22 04:00:00,19.0,977.4,96,AWS-RAN-103,Bundu,RAN,neighbor
2025-03-22 05:00:00,18.4,977.9,95,AWS-RAN-103,Bundu,RAN,neighbor
2025-03-22 06:00:00,18.1,979.4,94,AWS-RAN-103,Bundu,RAN,neighbor
2025-03-22 07:00:00,19.4,980.8,84,AWS-RAN-103,Bundu,RAN,neighbor
2025-03-22 08:00:00,19.9,981.7,83,AWS-RAN-103,Bundu,RAN,neighbor
2025-03-22 09:00:00,22.8,981.7,70,AWS-RAN-103,Bundu,RAN,neighbor
2025-03-22 10:00:00,27.1,981.3,51,AWS-RAN-103,Bundu,RAN,neighbor
2025-03-22 11:00:00,28.8,980.3,45,AWS-RAN-103,Bundu,RAN,neighbor
2025-03-22 12:00:00,29.6,979.0,44,AWS-RAN-103,Bundu,RAN,neighbor
2025-03-22 13:00:00,30.2,977.8,42,AWS-RAN-103,Bundu,RAN,neighbor
2025-03-22 14:00:00,30.3,976.8,41,AWS-RAN-103,Bundu,RAN,neighbor
2025-03-22 15:00:00,27.4,976.2,48,AWS-RAN-103,Bundu,RAN,neighbor
2025-03-22 16:00:00,23.0,977.4,69,AWS-RAN-103,Bundu,RAN,neighbor
2025-03-22 17:00:00,22.6,977.5,68,AWS-RAN-103,Bundu,RAN,neighbor
2025-03-22 18:00:00,21.0,978.6,74,AWS-RAN-103,Bundu,RAN,neighbor
2025-03-22 19:00:00,20.0,979.2,82,AWS-RAN-103,Bundu,RAN,neighbor
2025-03-22 20:00:00,18.8,980.2,90,AWS-RAN-103,Bundu,RAN,neighbor
2025-03-22 21:00:00,19.0,980.5,90,AWS-RAN-103,Bundu,RAN,neighbor
2025-03-22 22:00:00,18.6,980.4,85,AWS-RAN-103,Bundu,RAN,neighbor
2025-03-22 23:00:00,18.7,980.0,80,AWS-RAN-103,Bundu,RAN,neighbor
2025-03-23 00:00:00,19.0,979.5,81,AWS-RAN-103,Bundu,RAN,neighbor
2025-03-23 01:00:00,18.7,978.4,88,AWS-RAN-103,Bundu,RAN,neighbor
2025-03-23 02:00:00,18.3,977.4,90,AWS-RAN-103,Bundu,RAN,neighbor
2025-03-23 03:00:00,18.2,977.7,89,AWS-RAN-103,Bundu,RAN,neighbor
2025-03-23 04:00:00,18.7,978.3,83,AWS-RAN-103,Bundu,RAN,neighbor
2025-03-23 05:00:00,19.7,978.8,72,AWS-RAN-103,Bundu,RAN,neighbor
2025-03-23 06:00:00,21.2,979.9,60,AWS-RAN-103,Bundu,RAN,neighbor
2025-03-23 07:00:00,22.9,981.0,53,AWS-RAN-103,Bundu,RAN,neighbor
2025-03-23 08:00:00,24.8,981.5,50,AWS-RAN-103,Bundu,RAN,neighbor
2025-03-23 09:00:00,27.4,981.4,41,AWS-RAN-103,Bundu,RAN,neighbor
2025-03-23 10:00:00,29.4,981.2,30,AWS-RAN-103,Bundu,RAN,neighbor
2025-03-23 11:00:00,28.6,980.5,33,AWS-RAN-103,Bundu,RAN,neighbor
2025-03-23 12:00:00,28.8,979.7,32,AWS-RAN-103,Bundu,RAN,neighbor
2025-03-23 13:00:00,29.0,978.6,31,AWS-RAN-103,Bundu,RAN,neighbor
2025-03-23 14:00:00,29.9,977.4,28,AWS-RAN-103,Bundu,RAN,neighbor
2025-03-23 15:00:00,30.1,976.8,26,AWS-RAN-103,Bundu,RAN,neighbor
2025-03-23 16:00:00,28.4,976.6,31,AWS-RAN-103,Bundu,RAN,neighbor
2025-03-23 17:00:00,26.0,976.9,36,AWS-RAN-103,Bundu,RAN,neighbor
2025-03-23 18:00:00,23.0,978.3,52,AWS-RAN-103,Bundu,RAN,neighbor
2025-03-23 19:00:00,22.4,979.1,56,AWS-RAN-103,Bundu,RAN,neighbor
2025-03-23 20:00:00,21.5,979.8,62,AWS-RAN-103,Bundu,RAN,neighbor
2025-03-23 21:00:00,20.3,980.0,73,AWS-RAN-103,Bundu,RAN,neighbor
2025-03-23 22:00:00,20.0,980.1,74,AWS-RAN-103,Bundu,RAN,neighbor
2025-03-23 23:00:00,19.1,979.8,78,AWS-RAN-103,Bundu,RAN,neighbor
2025-03-24 00:00:00,18.7,979.5,80,AWS-RAN-103,Bundu,RAN,neighbor
2025-03-24 01:00:00,18.3,978.7,81,AWS-RAN-103,Bundu,RAN,neighbor
2025-03-24 02:00:00,17.5,978.1,84,AWS-RAN-103,Bundu,RAN,neighbor
2025-03-24 03:00:00,17.3,977.9,83,AWS-RAN-103,Bundu,RAN,neighbor
2025-03-24 04:00:00,17.6,978.1,80,AWS-RAN-103,Bundu,RAN,neighbor
2025-03-24 05:00:00,17.7,978.9,79,AWS-RAN-103,Bundu,RAN,neighbor
2025-03-24 06:00:00,19.7,979.8,76,AWS-RAN-103,Bundu,RAN,neighbor
2025-03-24 07:00:00,23.5,981.3,63,AWS-RAN-103,Bundu,RAN,neighbor
2025-03-24 08:00:00,26.3,982.1,53,AWS-RAN-103,Bundu,RAN,neighbor
2025-03-24 09:00:00,28.6,982.0,41,AWS-RAN-103,Bundu,RAN,neighbor
2025-03-24 10:00:00,30.1,981.5,32,AWS-RAN-103,Bundu,RAN,neighbor
2025-03-24 11:00:00,31.1,980.3,29,AWS-RAN-103,Bundu,RAN,neighbor
2025-03-24 12:00:00,31.8,978.8,28,AWS-RAN-103,Bundu,RAN,neighbor
2025-03-24 13:00:00,32.4,977.3,26,AWS-RAN-103,Bundu,RAN,neighbor
2025-03-24 14:00:00,32.4,976.2,25,AWS-RAN-103,Bundu,RAN,neighbor
2025-03-24 15:00:00,32.2,975.7,24,AWS-RAN-103,Bundu,RAN,neighbor
2025-03-24 16:00:00,31.5,975.8,25,AWS-RAN-103,Bundu,RAN,neighbor
2025-03-24 17:00:00,29.3,975.6,40,AWS-RAN-103,Bundu,RAN,neighbor
2025-03-24 18:00:00,26.1,976.2,39,AWS-RAN-103,Bundu,RAN,neighbor
2025-03-24 19:00:00,25.6,977.2,40,AWS-RAN-103,Bundu,RAN,neighbor
2025-03-24 20:00:00,24.2,977.8,43,AWS-RAN-103,Bundu,RAN,neighbor
2025-03-24 21:00:00,23.1,978.1,47,AWS-RAN-103,Bundu,RAN,neighbor
2025-03-24 22:00:00,22.8,978.1,48,AWS-RAN-103,Bundu,RAN,neighbor
2025-03-24 23:00:00,21.4,977.4,53,AWS-RAN-103,Bundu,RAN,neighbor
2025-03-25 00:00:00,21.5,976.9,52,AWS-RAN-103,Bundu,RAN,neighbor
2025-03-25 01:00:00,21.2,976.2,52,AWS-RAN-103,Bundu,RAN,neighbor
2025-03-25 02:00:00,20.7,975.7,53,AWS-RAN-103,Bundu,RAN,neighbor
2025-03-25 03:00:00,20.4,975.3,54,AWS-RAN-103,Bundu,RAN,neighbor
2025-03-25 04:00:00,19.5,975.1,58,AWS-RAN-103,Bundu,RAN,neighbor
2025-03-25 05:00:00,17.8,975.0,66,AWS-RAN-103,Bundu,RAN,neighbor
2025-03-25 06:00:00,19.3,975.7,70,AWS-RAN-103,Bundu,RAN,neighbor
2025-03-25 07:00:00,23.9,976.9,58,AWS-RAN-103,Bundu,RAN,neighbor
2025-03-25 08:00:00,27.2,977.7,46,AWS-RAN-103,Bundu,RAN,neighbor
2025-03-25 09:00:00,29.4,977.7,40,AWS-RAN-103,Bundu,RAN,neighbor
2025-03-25 10:00:00,31.2,977.0,31,AWS-RAN-103,Bundu,RAN,neighbor
2025-03-25 11:00:00,32.6,976.1,25,AWS-RAN-103,Bundu,RAN,neighbor
2025-03-25 12:00:00,33.4,974.7,23,AWS-RAN-103,Bundu,RAN,neighbor
2025-03-25 13:00:00,33.7,973.5,21,AWS-RAN-103,Bundu,RAN,neighbor
2025-03-25 14:00:00,33.8,972.4,21,AWS-RAN-103,Bundu,RAN,neighbor
2025-03-25 15:00:00,33.6,971.9,21,AWS-RAN-103,Bundu,RAN,neighbor
2025-03-25 16:00:00,33.0,971.7,21,AWS-RAN-103,Bundu,RAN,neighbor
2025-03-25 17:00:00,29.9,971.7,31,AWS-RAN-103,Bundu,RAN,neighbor
2025-03-25 18:00:00,26.8,972.0,31,AWS-RAN-103,Bundu,RAN,neighbor
2025-03-25 19:00:00,25.0,972.7,32,AWS-RAN-103,Bundu,RAN,neighbor
2025-03-25 20:00:00,23.0,973.4,36,AWS-RAN-103,Bundu,RAN,neighbor
2025-03-25 21:00:00,21.4,973.8,40,AWS-RAN-103,Bundu,RAN,neighbor
2025-03-25 22:00:00,21.0,973.6,40,AWS-RAN-103,Bundu,RAN,neighbor
2025-03-25 23:00:00,20.7,973.1,42,AWS-RAN-103,Bundu,RAN,neighbor
2025-03-26 00:00:00,20.1,972.5,47,AWS-RAN-103,Bundu,RAN,neighbor
2025-03-26 01:00:00,19.1,971.8,53,AWS-RAN-103,Bundu,RAN,neighbor
2025-03-26 02:00:00,18.4,971.1,57,AWS-RAN-103,Bundu,RAN,neighbor
2025-03-26 03:00:00,18.3,970.8,58,AWS-RAN-103,Bundu,RAN,neighbor
2025-03-26 04:00:00,17.6,971.1,62,AWS-RAN-103,Bundu,RAN,neighbor
2025-03-26 05:00:00,16.8,971.6,68,AWS-RAN-103,Bundu,RAN,neighbor
2025-03-26 06:00:00,19.5,972.9,61,AWS-RAN-103,Bundu,RAN,neighbor
2025-03-26 07:00:00,24.9,974.4,51,AWS-RAN-103,Bundu,RAN,neighbor
2025-03-26 08:00:00,28.4,975.3,37,AWS-RAN-103,Bundu,RAN,neighbor
2025-03-26 09:00:00,30.4,975.4,33,AWS-RAN-103,Bundu,RAN,neighbor
2025-03-26 10:00:00,32.2,975.1,27,AWS-RAN-103,Bundu,RAN,neighbor
2025-03-26 11:00:00,33.8,974.1,22,AWS-RAN-103,Bundu,RAN,neighbor
2025-03-26 12:00:00,35.0,972.9,17,AWS-RAN-103,Bundu,RAN,neighbor
2025-03-26 13:00:00,35.4,971.7,16,AWS-RAN-103,Bundu,RAN,neighbor
2025-03-26 14:00:00,35.2,971.0,15,AWS-RAN-103,Bundu,RAN,neighbor
2025-03-26 15:00:00,35.2,970.5,14,AWS-RAN-103,Bundu,RAN,neighbor
2025-03-26 16:00:00,34.1,970.4,15,AWS-RAN-103,Bundu,RAN,neighbor
2025-03-26 17:00:00,30.7,970.4,22,AWS-RAN-103,Bundu,RAN,neighbor
2025-03-26 18:00:00,28.0,970.7,23,AWS-RAN-103,Bundu,RAN,neighbor
2025-03-26 19:00:00,26.9,971.3,25,AWS-RAN-103,Bundu,RAN,neighbor
2025-03-26 20:00:00,26.2,972.1,28,AWS-RAN-103,Bundu,RAN,neighbor
2025-03-26 21:00:00,25.1,972.3,33,AWS-RAN-103,Bundu,RAN,neighbor
2025-03-26 22:00:00,24.5,972.3,34,AWS-RAN-103,Bundu,RAN,neighbor
2025-03-26 23:00:00,24.3,972.0,33,AWS-RAN-103,Bundu,RAN,neighbor
2025-03-27 00:00:00,23.1,971.6,35,AWS-RAN-103,Bundu,RAN,neighbor
2025-03-27 01:00:00,22.1,970.9,38,AWS-RAN-103,Bundu,RAN,neighbor
2025-03-27 02:00:00,21.2,970.2,41,AWS-RAN-103,Bundu,RAN,neighbor
2025-03-27 03:00:00,20.6,969.8,44,AWS-RAN-103,Bundu,RAN,neighbor
2025-03-27 04:00:00,20.3,970.2,46,AWS-RAN-103,Bundu,RAN,neighbor
2025-03-27 05:00:00,20.5,970.8,45,AWS-RAN-103,Bundu,RAN,neighbor
2025-03-27 06:00:00,22.5,971.7,43,AWS-RAN-103,Bundu,RAN,neighbor
2025-03-27 07:00:00,26.8,972.9,36,AWS-RAN-103,Bundu,RAN,neighbor
2025-03-27 08:00:00,31.6,973.9,29,AWS-RAN-103,Bundu,RAN,neighbor
2025-03-27 09:00:00,34.6,974.2,17,AWS-RAN-103,Bundu,RAN,neighbor
2025-03-27 10:00:00,35.6,973.8,15,AWS-RAN-103,Bundu,RAN,neighbor
2025-03-27 11:00:00,36.4,972.9,14,AWS-RAN-103,Bundu,RAN,neighbor
2025-03-27 12:00:00,37.5,971.6,12,AWS-RAN-103,Bundu,RAN,neighbor
2025-03-27 13:00:00,37.4,970.4,13,AWS-RAN-103,Bundu,RAN,neighbor
2025-03-27 14:00:00,37.6,969.6,13,AWS-RAN-103,Bundu,RAN,neighbor
2025-03-27 15:00:00,37.3,968.9,12,AWS-RAN-103,Bundu,RAN,neighbor
2025-03-27 16:00:00,35.9,968.8,14,AWS-RAN-103,Bundu,RAN,neighbor
2025-03-27 17:00:00,32.7,968.8,19,AWS-RAN-103,Bundu,RAN,neighbor
2025-03-27 18:00:00,29.7,968.6,22,AWS-RAN-103,Bundu,RAN,neighbor
2025-03-27 19:00:00,29.5,969.4,20,AWS-RAN-103,Bundu,RAN,neighbor
2025-03-27 20:00:00,29.7,970.2,20,AWS-RAN-103,Bundu,RAN,neighbor
2025-03-27 21:00:00,27.7,970.7,24,AWS-RAN-103,Bundu,RAN,neighbor
2025-03-27 22:00:00,26.9,971.0,26,AWS-RAN-103,Bundu,RAN,neighbor
2025-03-27 23:00:00,25.9,970.4,28,AWS-RAN-103,Bundu,RAN,neighbor
2025-03-28 00:00:00,25.8,970.0,28,AWS-RAN-103,Bundu,RAN,neighbor
2025-03-28 01:00:00,25.3,969.6,29,AWS-RAN-103,Bundu,RAN,neighbor
2025-03-28 02:00:00,24.8,969.0,30,AWS-RAN-103,Bundu,RAN,neighbor
2025-03-28 03:00:00,25.2,969.0,29,AWS-RAN-103,Bundu,RAN,neighbor
2025-03-28 04:00:00,25.4,969.6,29,AWS-RAN-103,Bundu,RAN,neighbor
2025-03-28 05:00:00,25.3,970.3,29,AWS-RAN-103,Bundu,RAN,neighbor
2025-03-28 06:00:00,25.0,971.1,35,AWS-RAN-103,Bundu,RAN,neighbor
2025-03-28 07:00:00,28.4,972.5,33,AWS-RAN-103,Bundu,RAN,neighbor
2025-03-28 08:00:00,32.8,973.4,26,AWS-RAN-103,Bundu,RAN,neighbor
2025-03-28 09:00:00,35.2,973.8,20,AWS-RAN-103,Bundu,RAN,neighbor
2025-03-28 10:00:00,36.5,973.6,18,AWS-RAN-103,Bundu,RAN,neighbor
2025-03-28 11:00:00,37.4,972.9,17,AWS-RAN-103,Bundu,RAN,neighbor
2025-03-28 12:00:00,37.9,972.0,16,AWS-RAN-103,Bundu,RAN,neighbor
2025-03-28 13:00:00,37.8,971.0,16,AWS-RAN-103,Bundu,RAN,neighbor
2025-03-28 14:00:00,37.8,970.0,16,AWS-RAN-103,Bundu,RAN,neighbor
2025-03-28 15:00:00,37.3,969.4,17,AWS-RAN-103,Bundu,RAN,neighbor
2025-03-28 16:00:00,36.4,969.4,18,AWS-RAN-103,Bundu,RAN,neighbor
2025-03-28 17:00:00,33.8,969.6,22,AWS-RAN-103,Bundu,RAN,neighbor
2025-03-28 18:00:00,31.7,969.5,24,AWS-RAN-103,Bundu,RAN,neighbor
2025-03-28 19:00:00,30.3,970.2,25,AWS-RAN-103,Bundu,RAN,neighbor
2025-03-28 20:00:00,29.8,971.0,26,AWS-RAN-103,Bundu,RAN,neighbor
2025-03-28 21:00:00,29.6,971.4,26,AWS-RAN-103,Bundu,RAN,neighbor
2025-03-28 22:00:00,27.8,971.7,30,AWS-RAN-103,Bundu,RAN,neighbor
2025-03-28 23:00:00,26.6,971.5,34,AWS-RAN-103,Bundu,RAN,neighbor
2025-03-29 00:00:00,26.2,970.9,35,AWS-RAN-103,Bundu,RAN,neighbor
2025-03-29 01:00:00,26.7,970.2,33,AWS-RAN-103,Bundu,RAN,neighbor
2025-03-29 02:00:00,26.6,969.8,34,AWS-RAN-103,Bundu,RAN,neighbor
2025-03-29 03:00:00,26.0,969.9,36,AWS-RAN-103,Bundu,RAN,neighbor
2025-03-29 04:00:00,25.6,970.2,37,AWS-RAN-103,Bundu,RAN,neighbor
2025-03-29 05:00:00,25.1,971.2,38,AWS-RAN-103,Bundu,RAN,neighbor
2025-03-29 06:00:00,25.6,972.6,41,AWS-RAN-103,Bundu,RAN,neighbor
2025-03-29 07:00:00,27.7,973.8,37,AWS-RAN-103,Bundu,RAN,neighbor
2025-03-29 08:00:00,29.9,974.8,32,AWS-RAN-103,Bundu,RAN,neighbor
2025-03-29 09:00:00,32.2,975.3,22,AWS-RAN-103,Bundu,RAN,neighbor
2025-03-29 10:00:00,33.9,975.4,19,AWS-RAN-103,Bundu,RAN,neighbor
2025-03-29 11:00:00,35.2,974.8,17,AWS-RAN-103,Bundu,RAN,neighbor
2025-03-29 12:00:00,36.3,973.5,16,AWS-RAN-103,Bundu,RAN,neighbor
2025-03-29 13:00:00,36.9,972.2,15,AWS-RAN-103,Bundu,RAN,neighbor
2025-03-29 14:00:00,37.1,971.4,15,AWS-RAN-103,Bundu,RAN,neighbor
2025-03-29 15:00:00,36.9,970.8,15,AWS-RAN-103,Bundu,RAN,neighbor
2025-03-29 16:00:00,36.2,970.5,15,AWS-RAN-103,Bundu,RAN,neighbor
2025-03-29 17:00:00,33.1,970.5,19,AWS-RAN-103,Bundu,RAN,neighbor
2025-03-29 18:00:00,29.6,970.8,23,AWS-RAN-103,Bundu,RAN,neighbor
2025-03-29 19:00:00,26.8,971.8,28,AWS-RAN-103,Bundu,RAN,neighbor
2025-03-29 20:00:00,25.1,972.8,33,AWS-RAN-103,Bundu,RAN,neighbor
2025-03-29 21:00:00,23.5,973.3,37,AWS-RAN-103,Bundu,RAN,neighbor
2025-03-29 22:00:00,22.2,973.9,37,AWS-RAN-103,Bundu,RAN,neighbor
2025-03-29 23:00:00,21.9,973.6,35,AWS-RAN-103,Bundu,RAN,neighbor
2025-03-30 00:00:00,21.3,973.2,33,AWS-RAN-103,Bundu,RAN,neighbor
2025-03-30 01:00:00,20.5,972.6,35,AWS-RAN-103,Bundu,RAN,neighbor
2025-03-30 02:00:00,20.0,972.4,37,AWS-RAN-103,Bundu,RAN,neighbor
2025-03-30 03:00:00,19.9,972.2,37,AWS-RAN-103,Bundu,RAN,neighbor
2025-03-30 04:00:00,18.8,972.7,40,AWS-RAN-103,Bundu,RAN,neighbor
2025-03-30 05:00:00,18.1,973.8,41,AWS-RAN-103,Bundu,RAN,neighbor
2025-03-30 06:00:00,20.5,974.9,39,AWS-RAN-103,Bundu,RAN,neighbor
2025-03-30 07:00:00,25.5,976.3,30,AWS-RAN-103,Bundu,RAN,neighbor
2025-03-30 08:00:00,28.8,977.3,21,AWS-RAN-103,Bundu,RAN,neighbor
2025-03-30 09:00:00,31.4,977.7,15,AWS-RAN-103,Bundu,RAN,neighbor
2025-03-30 10:00:00,33.1,977.6,14,AWS-RAN-103,Bundu,RAN,neighbor
2025-03-30 11:00:00,34.2,977.1,15,AWS-RAN-103,Bundu,RAN,neighbor
2025-03-30 12:00:00,34.8,976.0,16,AWS-RAN-103,Bundu,RAN,neighbor
2025-03-30 13:00:00,35.4,975.0,16,AWS-RAN-103,Bundu,RAN,neighbor
2025-03-30 14:00:00,35.9,973.8,16,AWS-RAN-103,Bundu,RAN,neighbor
2025-03-30 15:00:00,36.3,972.9,15,AWS-RAN-103,Bundu,RAN,neighbor
2025-03-30 16:00:00,36.0,972.5,13,AWS-RAN-103,Bundu,RAN,neighbor
2025-03-30 17:00:00,32.2,972.4,26,AWS-RAN-103,Bundu,RAN,neighbor
2025-03-30 18:00:00,28.6,972.7,29,AWS-RAN-103,Bundu,RAN,neighbor
2025-03-30 19:00:00,27.7,973.4,25,AWS-RAN-103,Bundu,RAN,neighbor
2025-03-30 20:00:00,25.5,974.1,28,AWS-RAN-103,Bundu,RAN,neighbor
2025-03-30 21:00:00,24.3,975.0,30,AWS-RAN-103,Bundu,RAN,neighbor
2025-03-30 22:00:00,22.9,975.1,33,AWS-RAN-103,Bundu,RAN,neighbor
2025-03-30 23:00:00,20.6,974.8,40,AWS-RAN-103,Bundu,RAN,neighbor
2025-03-31 00:00:00,19.9,974.3,39,AWS-RAN-103,Bundu,RAN,neighbor
2025-03-31 01:00:00,19.5,973.6,37,AWS-RAN-103,Bundu,RAN,neighbor
2025-03-31 02:00:00,19.1,973.3,37,AWS-RAN-103,Bundu,RAN,neighbor
2025-03-31 03:00:00,18.6,973.0,39,AWS-RAN-103,Bundu,RAN,neighbor
2025-03-31 04:00:00,19.3,973.3,35,AWS-RAN-103,Bundu,RAN,neighbor
2025-03-31 05:00:00,19.3,973.8,32,AWS-RAN-103,Bundu,RAN,neighbor
2025-03-31 06:00:00,21.1,974.9,33,AWS-RAN-103,Bundu,RAN,neighbor
2025-03-31 07:00:00,25.6,976.3,29,AWS-RAN-103,Bundu,RAN,neighbor
2025-03-31 08:00:00,29.6,977.1,22,AWS-RAN-103,Bundu,RAN,neighbor
2025-03-31 09:00:00,32.0,977.5,19,AWS-RAN-103,Bundu,RAN,neighbor
2025-03-31 10:00:00,33.6,977.2,17,AWS-RAN-103,Bundu,RAN,neighbor
2025-03-31 11:00:00,34.9,976.6,16,AWS-RAN-103,Bundu,RAN,neighbor
2025-03-31 12:00:00,35.8,975.5,15,AWS-RAN-103,Bundu,RAN,neighbor
2025-03-31 13:00:00,36.4,974.4,14,AWS-RAN-103,Bundu,RAN,neighbor
2025-03-31 14:00:00,36.7,973.2,14,AWS-RAN-103,Bundu,RAN,neighbor
2025-03-31 15:00:00,36.6,972.4,13,AWS-RAN-103,Bundu,RAN,neighbor
2025-03-31 16:00:00,35.9,972.0,13,AWS-RAN-103,Bundu,RAN,neighbor
2025-03-31 17:00:00,31.6,971.8,23,AWS-RAN-103,Bundu,RAN,neighbor
2025-03-31 18:00:00,28.4,972.0,26,AWS-RAN-103,Bundu,RAN,neighbor
2025-03-31 19:00:00,27.8,972.8,26,AWS-RAN-103,Bundu,RAN,neighbor
2025-03-31 20:00:00,26.0,973.3,28,AWS-RAN-103,Bundu,RAN,neighbor
2025-03-31 21:00:00,23.7,973.3,33,AWS-RAN-103,Bundu,RAN,neighbor
2025-03-31 22:00:00,21.9,973.3,35,AWS-RAN-103,Bundu,RAN,neighbor
2025-03-31 23:00:00,22.2,973.0,28,AWS-RAN-103,Bundu,RAN,neighbor
