timestamp,temperature_c,pressure_hpa,humidity_pct,station_id,station_name,cluster_id,role,is_anomaly,fault_type
2025-01-01 00:00:00,7.2,992.5,100,AWS-DEL-102,Gurugram,DEL,neighbor,False,
2025-01-01 01:00:00,7.1,992.0,100,AWS-DEL-102,Gurugram,DEL,neighbor,False,
2025-01-01 02:00:00,6.6,991.6,100,AWS-DEL-102,Gurugram,DEL,neighbor,False,
2025-01-01 03:00:00,6.4,991.4,100,AWS-DEL-102,Gurugram,DEL,neighbor,False,
2025-01-01 04:00:00,6.2,991.1,100,AWS-DEL-102,Gurugram,DEL,neighbor,False,
2025-01-01 05:00:00,6.3,991.2,100,AWS-DEL-102,Gurugram,DEL,neighbor,False,
2025-01-01 06:00:00,7.1,992.1,99,AWS-DEL-102,Gurugram,DEL,neighbor,False,
2025-01-01 07:00:00,7.4,992.6,100,AWS-DEL-102,Gurugram,DEL,neighbor,False,
2025-01-01 08:00:00,8.0,993.2,100,AWS-DEL-102,Gurugram,DEL,neighbor,False,
2025-01-01 09:00:00,9.1,993.6,97,AWS-DEL-102,Gurugram,DEL,neighbor,False,
2025-01-01 10:00:00,10.5,993.7,91,AWS-DEL-102,Gurugram,DEL,neighbor,False,
2025-01-01 11:00:00,12.6,993.4,83,AWS-DEL-102,Gurugram,DEL,neighbor,False,
2025-01-01 12:00:00,14.3,992.2,77,AWS-DEL-102,Gurugram,DEL,neighbor,False,
2025-01-01 13:00:00,15.7,991.1,73,AWS-DEL-102,Gurugram,DEL,neighbor,False,
2025-01-01 14:00:00,16.4,990.2,71,AWS-DEL-102,Gurugram,DEL,neighbor,False,
2025-01-01 15:00:00,16.5,989.9,70,AWS-DEL-102,Gurugram,DEL,neighbor,False,
2025-01-01 16:00:00,15.9,989.7,73,AWS-DEL-102,Gurugram,DEL,neighbor,False,
2025-01-01 17:00:00,14.2,989.7,80,AWS-DEL-102,Gurugram,DEL,neighbor,False,
2025-01-01 18:00:00,11.5,991.3,90,AWS-DEL-102,Gurugram,DEL,neighbor,False,
2025-01-01 19:00:00,10.9,991.6,91,AWS-DEL-102,Gurugram,DEL,neighbor,False,
2025-01-01 20:00:00,10.2,991.9,93,AWS-DEL-102,Gurugram,DEL,neighbor,False,
2025-01-01 21:00:00,9.5,992.1,95,AWS-DEL-102,Gurugram,DEL,neighbor,False,
2025-01-01 22:00:00,9.0,991.7,96,AWS-DEL-102,Gurugram,DEL,neighbor,False,
2025-01-01 23:00:00,8.7,991.5,98,AWS-DEL-102,Gurugram,DEL,neighbor,False,
2025-01-02 00:00:00,7.7,990.8,99,AWS-DEL-102,Gurugram,DEL,neighbor,False,
2025-01-02 01:00:00,7.0,990.2,100,AWS-DEL-102,Gurugram,DEL,neighbor,False,
2025-01-02 02:00:00,7.1,989.9,100,AWS-DEL-102,Gurugram,DEL,neighbor,False,
2025-01-02 03:00:00,7.2,989.8,100,AWS-DEL-102,Gurugram,DEL,neighbor,False,
2025-01-02 04:00:00,7.6,989.7,100,AWS-DEL-102,Gurugram,DEL,neighbor,False,
2025-01-02 05:00:00,7.8,989.8,100,AWS-DEL-102,Gurugram,DEL,neighbor,False,
2025-01-02 06:00:00,7.9,990.5,100,AWS-DEL-102,Gurugram,DEL,neighbor,False,
2025-01-02 07:00:00,7.6,991.0,100,AWS-DEL-102,Gurugram,DEL,neighbor,False,
2025-01-02 08:00:00,8.5,992.1,99,AWS-DEL-102,Gurugram,DEL,neighbor,False,
2025-01-02 09:00:00,10.6,992.9,94,AWS-DEL-102,Gurugram,DEL,neighbor,False,
2025-01-02 10:00:00,13.1,993.2,85,AWS-DEL-102,Gurugram,DEL,neighbor,False,
2025-01-02 11:00:00,15.1,992.8,76,AWS-DEL-102,Gurugram,DEL,neighbor,False,
2025-01-02 12:00:00,16.6,991.9,69,AWS-DEL-102,Gurugram,DEL,neighbor,False,
2025-01-02 13:00:00,17.6,991.1,63,AWS-DEL-102,Gurugram,DEL,neighbor,False,
2025-01-02 14:00:00,18.0,990.3,60,AWS-DEL-102,Gurugram,DEL,neighbor,False,
2025-01-02 15:00:00,18.0,990.1,61,AWS-DEL-102,Gurugram,DEL,neighbor,False,
2025-01-02 16:00:00,17.2,990.1,68,AWS-DEL-102,Gurugram,DEL,neighbor,False,
2025-01-02 17:00:00,15.5,989.9,76,AWS-DEL-102,Gurugram,DEL,neighbor,False,
2025-01-02 18:00:00,13.5,990.9,80,AWS-DEL-102,Gurugram,DEL,neighbor,False,
2025-01-02 19:00:00,12.8,990.9,82,AWS-DEL-102,Gurugram,DEL,neighbor,False,
2025-01-02 20:00:00,11.7,991.3,85,AWS-DEL-102,Gurugram,DEL,neighbor,False,
2025-01-02 21:00:00,11.3,991.5,87,AWS-DEL-102,Gurugram,DEL,neighbor,False,
2025-01-02 22:00:00,10.0,991.6,91,AWS-DEL-102,Gurugram,DEL,neighbor,False,
2025-01-02 23:00:00,9.4,991.1,93,AWS-DEL-102,Gurugram,DEL,neighbor,False,
2025-01-03 00:00:00,8.5,990.5,94,AWS-DEL-102,Gurugram,DEL,neighbor,False,
2025-01-03 01:00:00,8.0,990.1,95,AWS-DEL-102,Gurugram,DEL,neighbor,False,
2025-01-03 02:00:00,7.5,989.8,97,AWS-DEL-102,Gurugram,DEL,neighbor,False,
2025-01-03 03:00:00,7.4,989.9,97,AWS-DEL-102,Gurugram,DEL,neighbor,False,
2025-01-03 04:00:00,7.0,989.8,97,AWS-DEL-102,Gurugram,DEL,neighbor,False,
2025-01-03 05:00:00,6.7,990.0,98,AWS-DEL-102,Gurugram,DEL,neighbor,False,
2025-01-03 06:00:00,6.6,990.7,100,AWS-DEL-102,Gurugram,DEL,neighbor,False,
2025-01-03 07:00:00,6.4,991.3,100,AWS-DEL-102,Gurugram,DEL,neighbor,False,
2025-01-03 08:00:00,7.5,992.3,100,AWS-DEL-102,Gurugram,DEL,neighbor,False,
2025-01-03 09:00:00,10.1,993.1,97,AWS-DEL-102,Gurugram,DEL,neighbor,False,
2025-01-03 10:00:00,13.8,993.4,82,AWS-DEL-102,Gurugram,DEL,neighbor,False,
2025-01-03 11:00:00,16.2,993.1,72,AWS-DEL-102,Gurugram,DEL,neighbor,False,
2025-01-03 12:00:00,18.0,992.1,64,AWS-DEL-102,Gurugram,DEL,neighbor,False,
2025-01-03 13:00:00,19.1,991.1,59,AWS-DEL-102,Gurugram,DEL,neighbor,False,
2025-01-03 14:00:00,19.6,990.3,59,AWS-DEL-102,Gurugram,DEL,neighbor,False,
2025-01-03 15:00:00,19.6,989.8,60,AWS-DEL-102,Gurugram,DEL,neighbor,False,
2025-01-03 16:00:00,18.6,989.3,73,AWS-DEL-102,Gurugram,DEL,neighbor,False,
2025-01-03 17:00:00,16.3,989.1,80,AWS-DEL-102,Gurugram,DEL,neighbor,False,
2025-01-03 18:00:00,14.0,990.0,82,AWS-DEL-102,Gurugram,DEL,neighbor,False,
2025-01-03 19:00:00,13.1,990.2,86,AWS-DEL-102,Gurugram,DEL,neighbor,False,
2025-01-03 20:00:00,12.3,990.2,88,AWS-DEL-102,Gurugram,DEL,neighbor,False,
2025-01-03 21:00:00,11.6,990.0,90,AWS-DEL-102,Gurugram,DEL,neighbor,False,
2025-01-03 22:00:00,10.9,989.7,89,AWS-DEL-102,Gurugram,DEL,neighbor,False,
2025-01-03 23:00:00,10.6,989.2,88,AWS-DEL-102,Gurugram,DEL,neighbor,False,
2025-01-04 00:00:00,10.1,988.8,88,AWS-DEL-102,Gurugram,DEL,neighbor,False,
2025-01-04 01:00:00,9.4,988.4,89,AWS-DEL-102,Gurugram,DEL,neighbor,False,
2025-01-04 02:00:00,8.7,987.9,91,AWS-DEL-102,Gurugram,DEL,neighbor,False,
2025-01-04 03:00:00,8.0,987.2,95,AWS-DEL-102,Gurugram,DEL,neighbor,False,
2025-01-04 04:00:00,7.1,986.9,100,AWS-DEL-102,Gurugram,DEL,neighbor,False,
2025-01-04 05:00:00,7.1,987.1,100,AWS-DEL-102,Gurugram,DEL,neighbor,False,
2025-01-04 06:00:00,7.9,988.3,100,AWS-DEL-102,Gurugram,DEL,neighbor,False,
2025-01-04 07:00:00,8.2,989.1,99,AWS-DEL-102,Gurugram,DEL,neighbor,False,
2025-01-04 08:00:00,9.1,989.9,100,AWS-DEL-102,Gurugram,DEL,neighbor,False,
2025-01-04 09:00:00,11.1,990.6,99,AWS-DEL-102,Gurugram,DEL,neighbor,False,
2025-01-04 10:00:00,15.2,990.9,85,AWS-DEL-102,Gurugram,DEL,neighbor,False,
2025-01-04 11:00:00,18.2,990.6,78,AWS-DEL-102,Gurugram,DEL,neighbor,False,
2025-01-04 12:00:00,20.2,989.4,72,AWS-DEL-102,Gurugram,DEL,neighbor,False,
2025-01-04 13:00:00,21.3,988.5,68,AWS-DEL-102,Gurugram,DEL,neighbor,False,
2025-01-04 14:00:00,21.8,987.6,65,AWS-DEL-102,Gurugram,DEL,neighbor,False,
2025-01-04 15:00:00,21.4,987.1,65,AWS-DEL-102,Gurugram,DEL,neighbor,False,
2025-01-04 16:00:00,20.1,986.9,74,AWS-DEL-102,Gurugram,DEL,neighbor,False,
2025-01-04 17:00:00,17.5,986.9,86,AWS-DEL-102,Gurugram,DEL,neighbor,False,
2025-01-04 18:00:00,14.5,987.9,94,AWS-DEL-102,Gurugram,DEL,neighbor,False,
2025-01-04 19:00:00,13.7,988.6,95,AWS-DEL-102,Gurugram,DEL,neighbor,False,
2025-01-04 20:00:00,12.9,989.0,96,AWS-DEL-102,Gurugram,DEL,neighbor,False,
2025-01-04 21:00:00,12.5,989.1,98,AWS-DEL-102,Gurugram,DEL,neighbor,False,
2025-01-04 22:00:00,12.1,988.9,99,AWS-DEL-102,Gurugram,DEL,neighbor,False,
2025-01-04 23:00:00,11.7,988.5,100,AWS-DEL-102,Gurugram,DEL,neighbor,False,
2025-01-05 00:00:00,11.3,988.0,100,AWS-DEL-102,Gurugram,DEL,neighbor,False,
2025-01-05 01:00:00,10.9,987.8,100,AWS-DEL-102,Gurugram,DEL,neighbor,False,
2025-01-05 02:00:00,11.0,987.9,100,AWS-DEL-102,Gurugram,DEL,neighbor,False,
2025-01-05 03:00:00,11.0,987.9,100,AWS-DEL-102,Gurugram,DEL,neighbor,False,
2025-01-05 04:00:00,10.8,987.7,100,AWS-DEL-102,Gurugram,DEL,neighbor,False,
2025-01-05 05:00:00,10.8,987.9,100,AWS-DEL-102,Gurugram,DEL,neighbor,False,
2025-01-05 06:00:00,10.6,988.8,100,AWS-DEL-102,Gurugram,DEL,neighbor,False,
2025-01-05 07:00:00,10.4,989.1,100,AWS-DEL-102,Gurugram,DEL,neighbor,False,
2025-01-05 08:00:00,10.5,990.0,98,AWS-DEL-102,Gurugram,DEL,neighbor,False,
2025-01-05 09:00:00,10.9,990.8,97,AWS-DEL-102,Gurugram,DEL,neighbor,False,
2025-01-05 10:00:00,12.4,991.1,90,AWS-DEL-102,Gurugram,DEL,neighbor,False,
2025-01-05 11:00:00,14.8,990.5,82,AWS-DEL-102,Gurugram,DEL,neighbor,False,
2025-01-05 12:00:00,16.4,989.5,76,AWS-DEL-102,Gurugram,DEL,neighbor,False,
2025-01-05 13:00:00,17.7,988.4,71,AWS-DEL-102,Gurugram,DEL,neighbor,False,
2025-01-05 14:00:00,18.5,987.8,68,AWS-DEL-102,Gurugram,DEL,neighbor,False,
2025-01-05 15:00:00,18.6,987.5,68,AWS-DEL-102,Gurugram,DEL,neighbor,False,
2025-01-05 16:00:00,17.9,987.0,73,AWS-DEL-102,Gurugram,DEL,neighbor,False,
2025-01-05 17:00:00,15.9,986.7,82,AWS-DEL-102,Gurugram,DEL,neighbor,False,
2025-01-05 18:00:00,13.4,987.7,90,AWS-DEL-102,Gurugram,DEL,neighbor,False,
2025-01-05 19:00:00,12.8,988.1,93,AWS-DEL-102,Gurugram,DEL,neighbor,False,
2025-01-05 20:00:00,12.3,988.9,93,AWS-DEL-102,Gurugram,DEL,neighbor,False,
2025-01-05 21:00:00,11.8,989.3,95,AWS-DEL-102,Gurugram,DEL,neighbor,False,
2025-01-05 22:00:00,11.4,989.4,95,AWS-DEL-102,Gurugram,DEL,neighbor,False,
2025-01-05 23:00:00,11.0,989.3,96,AWS-DEL-102,Gurugram,DEL,neighbor,False,
2025-01-06 00:00:00,10.3,988.8,97,AWS-DEL-102,Gurugram,DEL,neighbor,False,
2025-01-06 01:00:00,10.0,988.5,98,AWS-DEL-102,Gurugram,DEL,neighbor,False,
2025-01-06 02:00:00,9.8,988.2,99,AWS-DEL-102,Gurugram,DEL,neighbor,False,
2025-01-06 03:00:00,9.6,987.6,99,AWS-DEL-102,Gurugram,DEL,neighbor,False,
2025-01-06 04:00:00,8.9,988.0,100,AWS-DEL-102,Gurugram,DEL,neighbor,False,
2025-01-06 05:00:00,8.7,988.5,100,AWS-DEL-102,Gurugram,DEL,neighbor,False,
2025-01-06 06:00:00,10.1,989.9,99,AWS-DEL-102,Gurugram,DEL,neighbor,False,
2025-01-06 07:00:00,10.1,989.0,99,AWS-DEL-102,Gurugram,DEL,neighbor,False,
2025-01-06 08:00:00,10.5,990.7,99,AWS-DEL-102,Gurugram,DEL,neighbor,False,
2025-01-06 09:00:00,11.8,992.1,94,AWS-DEL-102,Gurugram,DEL,neighbor,False,
2025-01-06 10:00:00,13.9,992.2,88,AWS-DEL-102,Gurugram,DEL,neighbor,False,
2025-01-06 11:00:00,15.7,991.6,80,AWS-DEL-102,Gurugram,DEL,neighbor,False,
2025-01-06 12:00:00,16.9,990.6,75,AWS-DEL-102,Gurugram,DEL,neighbor,False,
2025-01-06 13:00:00,17.6,989.8,74,AWS-DEL-102,Gurugram,DEL,neighbor,False,
2025-01-06 14:00:00,17.8,989.3,73,AWS-DEL-102,Gurugram,DEL,neighbor,False,
2025-01-06 15:00:00,17.8,989.1,73,AWS-DEL-102,Gurugram,DEL,neighbor,False,
2025-01-06 16:00:00,17.1,988.9,74,AWS-DEL-102,Gurugram,DEL,neighbor,False,
2025-01-06 17:00:00,15.7,988.9,82,AWS-DEL-102,Gurugram,DEL,neighbor,False,
2025-01-06 18:00:00,13.7,989.8,87,AWS-DEL-102,Gurugram,DEL,neighbor,False,
2025-01-06 19:00:00,13.1,990.1,89,AWS-DEL-102,Gurugram,DEL,neighbor,False,
2025-01-06 20:00:00,12.4,990.6,92,AWS-DEL-102,Gurugram,DEL,neighbor,False,
2025-01-06 21:00:00,11.7,990.8,95,AWS-DEL-102,Gurugram,DEL,neighbor,False,
2025-01-06 22:00:00,11.3,991.1,96,AWS-DEL-102,Gurugram,DEL,neighbor,False,
2025-01-06 23:00:00,10.8,990.9,97,AWS-DEL-102,Gurugram,DEL,neighbor,False,
2025-01-07 00:00:00,10.4,990.6,98,AWS-DEL-102,Gurugram,DEL,neighbor,False,
2025-01-07 01:00:00,10.1,990.4,98,AWS-DEL-102,Gurugram,DEL,neighbor,False,
2025-01-07 02:00:00,10.0,990.2,98,AWS-DEL-102,Gurugram,DEL,neighbor,False,
2025-01-07 03:00:00,9.7,990.0,99,AWS-DEL-102,Gurugram,DEL,neighbor,False,
2025-01-07 04:00:00,9.5,990.0,99,AWS-DEL-102,Gurugram,DEL,neighbor,False,
2025-01-07 05:00:00,9.5,990.0,99,AWS-DEL-102,Gurugram,DEL,neighbor,False,
2025-01-07 06:00:00,10.6,991.3,99,AWS-DEL-102,Gurugram,DEL,neighbor,False,
2025-01-07 07:00:00,10.3,992.0,100,AWS-DEL-102,Gurugram,DEL,neighbor,False,
2025-01-07 08:00:00,10.6,992.9,99,AWS-DEL-102,Gurugram,DEL,neighbor,False,
2025-01-07 09:00:00,11.1,993.5,98,AWS-DEL-102,Gurugram,DEL,neighbor,False,
2025-01-07 10:00:00,12.4,993.4,93,AWS-DEL-102,Gurugram,DEL,neighbor,False,
2025-01-07 11:00:00,14.0,992.9,87,AWS-DEL-102,Gurugram,DEL,neighbor,False,
2025-01-07 12:00:00,15.2,991.8,80,AWS-DEL-102,Gurugram,DEL,neighbor,False,
2025-01-07 13:00:00,16.6,990.6,71,AWS-DEL-102,Gurugram,DEL,neighbor,False,
2025-01-07 14:00:00,17.2,989.5,68,AWS-DEL-102,Gurugram,DEL,neighbor,False,
2025-01-07 15:00:00,17.2,988.8,69,AWS-DEL-102,Gurugram,DEL,neighbor,False,
2025-01-07 16:00:00,16.5,988.6,74,AWS-DEL-102,Gurugram,DEL,neighbor,False,
2025-01-07 17:00:00,14.9,988.6,80,AWS-DEL-102,Gurugram,DEL,neighbor,False,
2025-01-07 18:00:00,13.2,990.0,89,AWS-DEL-102,Gurugram,DEL,neighbor,False,
2025-01-07 19:00:00,12.4,989.9,91,AWS-DEL-102,Gurugram,DEL,neighbor,False,
2025-01-07 20:00:00,11.9,990.2,92,AWS-DEL-102,Gurugram,DEL,neighbor,False,
2025-01-07 21:00:00,11.4,990.3,93,AWS-DEL-102,Gurugram,DEL,neighbor,False,
2025-01-07 22:00:00,10.7,990.0,94,AWS-DEL-102,Gurugram,DEL,neighbor,False,
2025-01-07 23:00:00,10.0,989.3,94,AWS-DEL-102,Gurugram,DEL,neighbor,False,
2025-01-08 00:00:00,9.5,988.7,94,AWS-DEL-102,Gurugram,DEL,neighbor,False,
2025-01-08 01:00:00,9.0,987.9,93,AWS-DEL-102,Gurugram,DEL,neighbor,False,
2025-01-08 02:00:00,8.5,987.5,94,AWS-DEL-102,Gurugram,DEL,neighbor,False,
2025-01-08 03:00:00,8.2,987.2,93,AWS-DEL-102,Gurugram,DEL,neighbor,False,
2025-01-08 04:00:00,7.9,987.0,92,AWS-DEL-102,Gurugram,DEL,neighbor,False,
2025-01-08 05:00:00,7.8,987.1,91,AWS-DEL-102,Gurugram,DEL,neighbor,False,
2025-01-08 06:00:00,7.6,987.8,93,AWS-DEL-102,Gurugram,DEL,neighbor,False,
2025-01-08 07:00:00,7.3,988.5,93,AWS-DEL-102,Gurugram,DEL,neighbor,False,
2025-01-08 08:00:00,8.6,989.6,89,AWS-DEL-102,Gurugram,DEL,neighbor,False,
2025-01-08 09:00:00,10.7,990.8,82,AWS-DEL-102,Gurugram,DEL,neighbor,False,
2025-01-08 10:00:00,13.0,991.2,72,AWS-DEL-102,Gurugram,DEL,neighbor,False,
2025-01-08 11:00:00,15.1,990.5,65,AWS-DEL-102,Gurugram,DEL,neighbor,False,
2025-01-08 12:00:00,16.7,989.9,59,AWS-DEL-102,Gurugram,DEL,neighbor,False,
2025-01-08 13:00:00,17.7,989.0,55,AWS-DEL-102,Gurugram,DEL,neighbor,False,
2025-01-08 14:00:00,18.2,988.5,52,AWS-DEL-102,Gurugram,DEL,neighbor,False,
2025-01-08 15:00:00,18.0,988.4,52,AWS-DEL-102,Gurugram,DEL,neighbor,False,
2025-01-08 16:00:00,17.1,988.2,60,AWS-DEL-102,Gurugram,DEL,neighbor,False,
2025-01-08 17:00:00,15.1,988.0,67,AWS-DEL-102,Gurugram,DEL,neighbor,False,
2025-01-08 18:00:00,14.4,988.2,71,AWS-DEL-102,Gurugram,DEL,neighbor,False,
2025-01-08 19:00:00,13.5,988.7,72,AWS-DEL-102,Gurugram,DEL,neighbor,False,
2025-01-08 20:00:00,12.3,989.1,75,AWS-DEL-102,Gurugram,DEL,neighbor,False,
2025-01-08 21:00:00,11.1,989.5,78,AWS-DEL-102,Gurugram,DEL,neighbor,False,
2025-01-08 22:00:00,10.5,989.5,78,AWS-DEL-102,Gurugram,DEL,neighbor,False,
2025-01-08 23:00:00,9.8,989.3,80,AWS-DEL-102,Gurugram,DEL,neighbor,False,
2025-01-09 00:00:00,9.0,988.9,85,AWS-DEL-102,Gurugram,DEL,neighbor,False,
2025-01-09 01:00:00,8.4,988.7,88,AWS-DEL-102,Gurugram,DEL,neighbor,False,
2025-01-09 02:00:00,7.9,988.9,89,AWS-DEL-102,Gurugram,DEL,neighbor,False,
2025-01-09 03:00:00,7.3,988.7,91,AWS-DEL-102,Gurugram,DEL,neighbor,False,
2025-01-09 04:00:00,7.1,988.6,91,AWS-DEL-102,Gurugram,DEL,neighbor,False,
2025-01-09 05:00:00,7.1,988.6,90,AWS-DEL-102,Gurugram,DEL,neighbor,False,
2025-01-09 06:00:00,7.3,989.5,93,AWS-DEL-102,Gurugram,DEL,neighbor,False,
2025-01-09 07:00:00,7.2,990.2,93,AWS-DEL-102,Gurugram,DEL,neighbor,False,
2025-01-09 08:00:00,8.8,991.5,89,AWS-DEL-102,Gurugram,DEL,neighbor,False,
2025-01-09 09:00:00,12.1,992.8,82,AWS-DEL-102,Gurugram,DEL,neighbor,False,
2025-01-09 10:00:00,15.1,993.5,71,AWS-DEL-102,Gurugram,DEL,neighbor,False,
2025-01-09 11:00:00,17.1,993.0,63,AWS-DEL-102,Gurugram,DEL,neighbor,False,
2025-01-09 12:00:00,18.4,991.9,57,AWS-DEL-102,Gurugram,DEL,neighbor,False,
2025-01-09 13:00:00,19.2,991.1,54,AWS-DEL-102,Gurugram,DEL,neighbor,False,
2025-01-09 14:00:00,19.5,990.5,52,AWS-DEL-102,Gurugram,DEL,neighbor,False,
2025-01-09 15:00:00,19.3,990.2,53,AWS-DEL-102,Gurugram,DEL,neighbor,False,
2025-01-09 16:00:00,18.6,990.3,63,AWS-DEL-102,Gurugram,DEL,neighbor,False,
2025-01-09 17:00:00,15.9,990.2,74,AWS-DEL-102,Gurugram,DEL,neighbor,False,
2025-01-09 18:00:00,14.1,991.0,80,AWS-DEL-102,Gurugram,DEL,neighbor,False,
2025-01-09 19:00:00,13.4,991.3,82,AWS-DEL-102,Gurugram,DEL,neighbor,False,
2025-01-09 20:00:00,12.7,992.0,81,AWS-DEL-102,Gurugram,DEL,neighbor,False,
2025-01-09 21:00:00,12.0,992.4,82,AWS-DEL-102,Gurugram,DEL,neighbor,False,
2025-01-09 22:00:00,11.3,992.4,84,AWS-DEL-102,Gurugram,DEL,neighbor,False,
2025-01-09 23:00:00,10.6,992.2,87,AWS-DEL-102,Gurugram,DEL,neighbor,False,
2025-01-10 00:00:00,9.9,991.8,89,AWS-DEL-102,Gurugram,DEL,neighbor,False,
2025-01-10 01:00:00,9.1,991.5,92,AWS-DEL-102,Gurugram,DEL,neighbor,False,
2025-01-10 02:00:00,8.4,991.3,94,AWS-DEL-102,Gurugram,DEL,neighbor,False,
2025-01-10 03:00:00,7.9,991.2,96,AWS-DEL-102,Gurugram,DEL,neighbor,False,
2025-01-10 04:00:00,7.5,991.1,97,AWS-DEL-102,Gurugram,DEL,neighbor,False,
2025-01-10 05:00:00,7.8,991.4,96,AWS-DEL-102,Gurugram,DEL,neighbor,False,
2025-01-10 06:00:00,8.1,992.5,99,AWS-DEL-102,Gurugram,DEL,neighbor,False,
2025-01-10 07:00:00,7.7,993.3,100,AWS-DEL-102,Gurugram,DEL,neighbor,False,
2025-01-10 08:00:00,8.4,994.3,99,AWS-DEL-102,Gurugram,DEL,neighbor,False,
2025-01-10 09:00:00,10.7,995.3,95,AWS-DEL-102,Gurugram,DEL,neighbor,False,
2025-01-10 10:00:00,12.5,995.7,94,AWS-DEL-102,Gurugram,DEL,neighbor,False,
2025-01-10 11:00:00,15.3,995.0,80,AWS-DEL-102,Gurugram,DEL,neighbor,False,
2025-01-10 12:00:00,17.1,993.9,68,AWS-DEL-102,Gurugram,DEL,neighbor,False,
2025-01-10 13:00:00,18.0,992.7,60,AWS-DEL-102,Gurugram,DEL,neighbor,False,
2025-01-10 14:00:00,18.4,992.0,57,AWS-DEL-102,Gurugram,DEL,neighbor,False,
2025-01-10 15:00:00,18.2,991.5,57,AWS-DEL-102,Gurugram,DEL,neighbor,False,
2025-01-10 16:00:00,17.4,991.2,64,AWS-DEL-102,Gurugram,DEL,neighbor,False,
2025-01-10 17:00:00,15.4,991.0,75,AWS-DEL-102,Gurugram,DEL,neighbor,False,
2025-01-10 18:00:00,13.5,991.1,83,AWS-DEL-102,Gurugram,DEL,neighbor,False,
2025-01-10 19:00:00,12.4,991.5,86,AWS-DEL-102,Gurugram,DEL,neighbor,False,
2025-01-10 20:00:00,11.6,991.9,89,AWS-DEL-102,Gurugram,DEL,neighbor,False,
2025-01-10 21:00:00,11.1,992.1,90,AWS-DEL-102,Gurugram,DEL,neighbor,False,
2025-01-10 22:00:00,10.7,992.1,92,AWS-DEL-102,Gurugram,DEL,neighbor,False,
2025-01-10 23:00:00,10.3,991.8,93,AWS-DEL-102,Gurugram,DEL,neighbor,False,
2025-01-11 00:00:00,10.0,991.2,94,AWS-DEL-102,Gurugram,DEL,neighbor,False,
2025-01-11 01:00:00,9.7,991.0,94,AWS-DEL-102,Gurugram,DEL,neighbor,False,
2025-01-11 02:00:00,9.3,990.9,95,AWS-DEL-102,Gurugram,DEL,neighbor,False,
2025-01-11 03:00:00,9.0,990.8,95,AWS-DEL-102,Gurugram,DEL,neighbor,False,
2025-01-11 04:00:00,8.7,990.6,95,AWS-DEL-102,Gurugram,DEL,neighbor,False,
2025-01-11 05:00:00,8.6,991.0,95,AWS-DEL-102,Gurugram,DEL,neighbor,False,
2025-01-11 06:00:00,9.4,991.4,97,AWS-DEL-102,Gurugram,DEL,neighbor,False,
2025-01-11 07:00:00,9.5,992.0,97,AWS-DEL-102,Gurugram,DEL,neighbor,False,
2025-01-11 08:00:00,10.4,992.9,95,AWS-DEL-102,Gurugram,DEL,neighbor,False,
2025-01-11 09:00:00,12.1,993.4,91,AWS-DEL-102,Gurugram,DEL,neighbor,False,
2025-01-11 10:00:00,14.1,993.3,83,AWS-DEL-102,Gurugram,DEL,neighbor,False,
2025-01-11 11:00:00,15.7,993.1,76,AWS-DEL-102,Gurugram,DEL,neighbor,False,
2025-01-11 12:00:00,16.1,992.1,74,AWS-DEL-102,Gurugram,DEL,neighbor,False,
2025-01-11 13:00:00,16.2,990.9,73,AWS-DEL-102,Gurugram,DEL,neighbor,False,
2025-01-11 14:00:00,15.8,989.9,75,AWS-DEL-102,Gurugram,DEL,neighbor,False,
2025-01-11 15:00:00,15.4,989.2,81,AWS-DEL-102,Gurugram,DEL,neighbor,False,
2025-01-11 16:00:00,15.2,989.1,84,AWS-DEL-102,Gurugram,DEL,neighbor,False,
2025-01-11 17:00:00,14.2,988.8,89,AWS-DEL-102,Gurugram,DEL,neighbor,False,
2025-01-11 18:00:00,12.9,989.9,97,AWS-DEL-102,Gurugram,DEL,neighbor,False,
2025-01-11 19:00:00,12.9,989.6,94,AWS-DEL-102,Gurugram,DEL,neighbor,False,
2025-01-11 20:00:00,12.6,990.3,93,AWS-DEL-102,Gurugram,DEL,neighbor,False,
2025-01-11 21:00:00,12.0,990.5,93,AWS-DEL-102,Gurugram,DEL,neighbor,False,
2025-01-11 22:00:00,11.3,990.8,92,AWS-DEL-102,Gurugram,DEL,neighbor,False,
2025-01-11 23:00:00,11.4,991.1,92,AWS-DEL-102,Gurugram,DEL,neighbor,False,
2025-01-12 00:00:00,10.3,990.6,95,AWS-DEL-102,Gurugram,DEL,neighbor,False,
2025-01-12 01:00:00,10.1,990.4,96,AWS-DEL-102,Gurugram,DEL,neighbor,False,
2025-01-12 02:00:00,10.1,990.2,96,AWS-DEL-102,Gurugram,DEL,neighbor,False,
2025-01-12 03:00:00,9.8,990.1,96,AWS-DEL-102,Gurugram,DEL,neighbor,False,
2025-01-12 04:00:00,9.9,989.9,96,AWS-DEL-102,Gurugram,DEL,neighbor,False,
2025-01-12 05:00:00,10.2,990.1,95,AWS-DEL-102,Gurugram,DEL,neighbor,False,
2025-01-12 06:00:00,9.8,991.2,99,AWS-DEL-102,Gurugram,DEL,neighbor,False,
2025-01-12 07:00:00,9.8,991.6,99,AWS-DEL-102,Gurugram,DEL,neighbor,False,
2025-01-12 08:00:00,11.1,992.6,100,AWS-DEL-102,Gurugram,DEL,neighbor,False,
2025-01-12 09:00:00,13.5,993.8,93,AWS-DEL-102,Gurugram,DEL,neighbor,False,
2025-01-12 10:00:00,15.0,994.2,88,AWS-DEL-102,Gurugram,DEL,neighbor,False,
2025-01-12 11:00:00,16.2,993.6,78,AWS-DEL-102,Gurugram,DEL,neighbor,False,
2025-01-12 12:00:00,17.0,992.5,73,AWS-DEL-102,Gurugram,DEL,neighbor,False,
2025-01-12 13:00:00,17.5,991.4,69,AWS-DEL-102,Gurugram,DEL,neighbor,False,
2025-01-12 14:00:00,17.7,990.7,67,AWS-DEL-102,Gurugram,DEL,neighbor,False,
2025-01-12 15:00:00,17.5,990.5,67,AWS-DEL-102,Gurugram,DEL,neighbor,False,
2025-01-12 16:00:00,16.8,990.8,71,AWS-DEL-102,Gurugram,DEL,neighbor,False,
2025-01-12 17:00:00,15.1,990.9,83,AWS-DEL-102,Gurugram,DEL,neighbor,False,
2025-01-12 18:00:00,12.9,992.1,93,AWS-DEL-102,Gurugram,DEL,neighbor,False,
2025-01-12 19:00:00,12.3,992.5,95,AWS-DEL-102,Gurugram,DEL,neighbor,False,
2025-01-12 20:00:00,11.9,993.2,95,AWS-DEL-102,Gurugram,DEL,neighbor,False,
2025-01-12 21:00:00,11.3,993.7,96,AWS-DEL-102,Gurugram,DEL,neighbor,False,
2025-01-12 22:00:00,10.8,993.5,96,AWS-DEL-102,Gurugram,DEL,neighbor,False,
2025-01-12 23:00:00,10.2,993.2,98,AWS-DEL-102,Gurugram,DEL,neighbor,False,
2025-01-13 00:00:00,9.7,992.7,99,AWS-DEL-102,Gurugram,DEL,neighbor,False,
2025-01-13 01:00:00,9.1,992.3,100,AWS-DEL-102,Gurugram,DEL,neighbor,False,
2025-01-13 02:00:00,8.8,991.7,100,AWS-DEL-102,Gurugram,DEL,neighbor,False,
2025-01-13 03:00:00,8.8,991.6,100,AWS-DEL-102,Gurugram,DEL,neighbor,False,
2025-01-13 04:00:00,8.6,991.6,100,AWS-DEL-102,Gurugram,DEL,neighbor,False,
2025-01-13 05:00:00,8.7,991.7,100,AWS-DEL-102,Gurugram,DEL,neighbor,False,
2025-01-13 06:00:00,9.5,992.1,100,AWS-DEL-102,Gurugram,DEL,neighbor,False,
2025-01-13 07:00:00,9.4,992.6,100,AWS-DEL-102,Gurugram,DEL,neighbor,False,
2025-01-13 08:00:00,9.7,993.4,98,AWS-DEL-102,Gurugram,DEL,neighbor,False,
2025-01-13 09:00:00,10.8,993.9,95,AWS-DEL-102,Gurugram,DEL,neighbor,False,
2025-01-13 10:00:00,13.1,994.1,88,AWS-DEL-102,Gurugram,DEL,neighbor,False,
2025-01-13 11:00:00,15.1,993.3,80,AWS-DEL-102,Gurugram,DEL,neighbor,False,
2025-01-13 12:00:00,16.6,992.0,75,AWS-DEL-102,Gurugram,DEL,neighbor,False,
2025-01-13 13:00:00,17.7,991.0,72,AWS-DEL-102,Gurugram,DEL,neighbor,False,
2025-01-13 14:00:00,18.3,990.2,69,AWS-DEL-102,Gurugram,DEL,neighbor,False,
2025-01-13 15:00:00,18.4,990.0,68,AWS-DEL-102,Gurugram,DEL,neighbor,False,
2025-01-13 16:00:00,17.9,989.7,70,AWS-DEL-102,Gurugram,DEL,neighbor,False,
2025-01-13 17:00:00,16.1,989.9,80,AWS-DEL-102,Gurugram,DEL,neighbor,False,
2025-01-13 18:00:00,14.4,990.5,86,AWS-DEL-102,Gurugram,DEL,neighbor,False,
2025-01-13 19:00:00,13.3,990.8,90,AWS-DEL-102,Gurugram,DEL,neighbor,False,
2025-01-13 20:00:00,12.5,991.0,91,AWS-DEL-102,Gurugram,DEL,neighbor,False,
2025-01-13 21:00:00,11.9,991.4,92,AWS-DEL-102,Gurugram,DEL,neighbor,False,
2025-01-13 22:00:00,11.3,991.3,93,AWS-DEL-102,Gurugram,DEL,neighbor,False,
2025-01-13 23:00:00,10.8,990.9,94,AWS-DEL-102,Gurugram,DEL,neighbor,False,
2025-01-14 00:00:00,10.3,990.5,95,AWS-DEL-102,Gurugram,DEL,neighbor,False,
2025-01-14 01:00:00,9.7,990.3,96,AWS-DEL-102,Gurugram,DEL,neighbor,False,
2025-01-14 02:00:00,9.2,989.9,97,AWS-DEL-102,Gurugram,DEL,neighbor,False,
2025-01-14 03:00:00,8.7,989.7,98,AWS-DEL-102,Gurugram,DEL,neighbor,False,
2025-01-14 04:00:00,8.3,989.5,98,AWS-DEL-102,Gurugram,DEL,neighbor,False,
2025-01-14 05:00:00,7.9,989.8,98,AWS-DEL-102,Gurugram,DEL,neighbor,False,
2025-01-14 06:00:00,7.9,991.3,99,AWS-DEL-102,Gurugram,DEL,neighbor,False,
2025-01-14 07:00:00,8.0,991.9,100,AWS-DEL-102,Gurugram,DEL,neighbor,False,
2025-01-14 08:00:00,9.0,992.9,99,AWS-DEL-102,Gurugram,DEL,neighbor,False,
2025-01-14 09:00:00,11.1,993.9,93,AWS-DEL-102,Gurugram,DEL,neighbor,False,
2025-01-14 10:00:00,13.2,994.5,87,AWS-DEL-102,Gurugram,DEL,neighbor,False,
2025-01-14 11:00:00,15.2,994.1,77,AWS-DEL-102,Gurugram,DEL,neighbor,False,
2025-01-14 12:00:00,16.6,993.2,71,AWS-DEL-102,Gurugram,DEL,neighbor,False,
2025-01-14 13:00:00,17.6,992.3,67,AWS-DEL-102,Gurugram,DEL,neighbor,False,
2025-01-14 14:00:00,18.1,991.7,64,AWS-DEL-102,Gurugram,DEL,neighbor,False,
2025-01-14 15:00:00,18.2,991.4,63,AWS-DEL-102,Gurugram,DEL,neighbor,False,
2025-01-14 16:00:00,17.6,991.3,65,AWS-DEL-102,Gurugram,DEL,neighbor,False,
2025-01-14 17:00:00,15.6,991.3,77,AWS-DEL-102,Gurugram,DEL,neighbor,False,
2025-01-14 18:00:00,14.1,991.8,83,AWS-DEL-102,Gurugram,DEL,neighbor,False,
2025-01-14 19:00:00,13.4,992.1,83,AWS-DEL-102,Gurugram,DEL,neighbor,False,
2025-01-14 20:00:00,12.3,992.5,87,AWS-DEL-102,Gurugram,DEL,neighbor,False,
2025-01-14 21:00:00,11.6,992.5,91,AWS-DEL-102,Gurugram,DEL,neighbor,False,
2025-01-14 22:00:00,11.1,992.9,92,AWS-DEL-102,Gurugram,DEL,neighbor,False,
2025-01-14 23:00:00,10.7,992.8,94,AWS-DEL-102,Gurugram,DEL,neighbor,False,
2025-01-15 00:00:00,10.1,992.5,96,AWS-DEL-102,Gurugram,DEL,neighbor,False,
2025-01-15 01:00:00,9.7,992.5,97,AWS-DEL-102,Gurugram,DEL,neighbor,False,
2025-01-15 02:00:00,9.3,992.1,99,AWS-DEL-102,Gurugram,DEL,neighbor,False,
2025-01-15 03:00:00,8.6,992.1,100,AWS-DEL-102,Gurugram,DEL,neighbor,False,
2025-01-15 04:00:00,7.6,992.2,100,AWS-DEL-102,Gurugram,DEL,neighbor,False,
2025-01-15 05:00:00,7.0,992.4,100,AWS-DEL-102,Gurugram,DEL,neighbor,False,
2025-01-15 06:00:00,7.5,993.2,100,AWS-DEL-102,Gurugram,DEL,neighbor,False,
2025-01-15 07:00:00,7.6,993.8,100,AWS-DEL-102,Gurugram,DEL,neighbor,False,
2025-01-15 08:00:00,8.8,994.5,98,AWS-DEL-102,Gurugram,DEL,neighbor,False,
2025-01-15 09:00:00,10.8,995.2,95,AWS-DEL-102,Gurugram,DEL,neighbor,False,
2025-01-15 10:00:00,13.1,995.6,94,AWS-DEL-102,Gurugram,DEL,neighbor,False,
2025-01-15 11:00:00,16.5,995.0,82,AWS-DEL-102,Gurugram,DEL,neighbor,False,
2025-01-15 12:00:00,17.9,993.5,69,AWS-DEL-102,Gurugram,DEL,neighbor,False,
2025-01-15 13:00:00,18.3,992.0,66,AWS-DEL-102,Gurugram,DEL,neighbor,False,
2025-01-15 14:00:00,18.5,991.2,64,AWS-DEL-102,Gurugram,DEL,neighbor,False,
2025-01-15 15:00:00,18.1,990.7,65,AWS-DEL-102,Gurugram,DEL,neighbor,False,
2025-01-15 16:00:00,17.5,990.7,68,AWS-DEL-102,Gurugram,DEL,neighbor,False,
2025-01-15 17:00:00,15.8,990.3,78,AWS-DEL-102,Gurugram,DEL,neighbor,False,
2025-01-15 18:00:00,13.5,991.7,85,AWS-DEL-102,Gurugram,DEL,neighbor,False,
2025-01-15 19:00:00,13.3,991.7,86,AWS-DEL-102,Gurugram,DEL,neighbor,False,
2025-01-15 20:00:00,13.0,992.8,89,AWS-DEL-102,Gurugram,DEL,neighbor,False,
2025-01-15 21:00:00,12.4,992.6,94,AWS-DEL-102,Gurugram,DEL,neighbor,False,
2025-01-15 22:00:00,11.9,992.6,95,AWS-DEL-102,Gurugram,DEL,neighbor,False,
2025-01-15 23:00:00,12.5,992.3,93,AWS-DEL-102,Gurugram,DEL,neighbor,False,
2025-01-16 00:00:00,11.5,991.9,95,AWS-DEL-102,Gurugram,DEL,neighbor,False,
2025-01-16 01:00:00,11.1,991.8,95,AWS-DEL-102,Gurugram,DEL,neighbor,False,
2025-01-16 02:00:00,10.6,991.3,97,AWS-DEL-102,Gurugram,DEL,neighbor,False,
2025-01-16 03:00:00,11.4,991.4,95,AWS-DEL-102,Gurugram,DEL,neighbor,False,
2025-01-16 04:00:00,11.6,991.4,95,AWS-DEL-102,Gurugram,DEL,neighbor,False,
2025-01-16 05:00:00,11.6,991.5,96,AWS-DEL-102,Gurugram,DEL,neighbor,False,
2025-01-16 06:00:00,12.0,992.5,97,AWS-DEL-102,Gurugram,DEL,neighbor,False,
2025-01-16 07:00:00,12.0,993.5,98,AWS-DEL-102,Gurugram,DEL,neighbor,False,
2025-01-16 08:00:00,12.2,994.0,96,AWS-DEL-102,Gurugram,DEL,neighbor,False,
2025-01-16 09:00:00,13.3,995.2,92,AWS-DEL-102,Gurugram,DEL,neighbor,False,
2025-01-16 10:00:00,15.1,995.6,84,AWS-DEL-102,Gurugram,DEL,neighbor,False,
2025-01-16 11:00:00,16.8,995.3,71,AWS-DEL-102,Gurugram,DEL,neighbor,False,
2025-01-16 12:00:00,17.3,994.5,68,AWS-DEL-102,Gurugram,DEL,neighbor,False,
2025-01-16 13:00:00,17.7,993.6,65,AWS-DEL-102,Gurugram,DEL,neighbor,False,
2025-01-16 14:00:00,18.2,993.1,63,AWS-DEL-102,Gurugram,DEL,neighbor,False,
2025-01-16 15:00:00,18.2,993.0,62,AWS-DEL-102,Gurugram,DEL,neighbor,False,
2025-01-16 16:00:00,17.8,992.9,64,AWS-DEL-102,Gurugram,DEL,neighbor,False,
2025-01-16 17:00:00,16.4,993.0,76,AWS-DEL-102,Gurugram,DEL,neighbor,False,
2025-01-16 18:00:00,14.3,994.3,83,AWS-DEL-102,Gurugram,DEL,neighbor,False,
2025-01-16 19:00:00,13.2,994.7,86,AWS-DEL-102,Gurugram,DEL,neighbor,False,
2025-01-16 20:00:00,12.3,995.2,88,AWS-DEL-102,Gurugram,DEL,neighbor,False,
2025-01-16 21:00:00,11.5,995.6,91,AWS-DEL-102,Gurugram,DEL,neighbor,False,
2025-01-16 22:00:00,11.0,995.8,93,AWS-DEL-102,Gurugram,DEL,neighbor,False,
2025-01-16 23:00:00,10.3,995.5,94,AWS-DEL-102,Gurugram,DEL,neighbor,False,
2025-01-17 00:00:00,10.3,995.0,94,AWS-DEL-102,Gurugram,DEL,neighbor,False,
2025-01-17 01:00:00,9.6,994.5,96,AWS-DEL-102,Gurugram,DEL,neighbor,False,
2025-01-17 02:00:00,9.2,994.2,97,AWS-DEL-102,Gurugram,DEL,neighbor,False,
2025-01-17 03:00:00,8.7,993.7,97,AWS-DEL-102,Gurugram,DEL,neighbor,False,
2025-01-17 04:00:00,8.5,993.5,97,AWS-DEL-102,Gurugram,DEL,neighbor,False,
2025-01-17 05:00:00,8.2,993.7,97,AWS-DEL-102,Gurugram,DEL,neighbor,False,
2025-01-17 06:00:00,8.6,994.4,98,AWS-DEL-102,Gurugram,DEL,neighbor,False,
2025-01-17 07:00:00,8.2,994.7,98,AWS-DEL-102,Gurugram,DEL,neighbor,False,
2025-01-17 08:00:00,9.4,995.2,97,AWS-DEL-102,Gurugram,DEL,neighbor,False,
2025-01-17 09:00:00,11.6,996.1,91,AWS-DEL-102,Gurugram,DEL,neighbor,False,
2025-01-17 10:00:00,13.7,996.2,83,AWS-DEL-102,Gurugram,DEL,neighbor,False,
2025-01-17 11:00:00,15.7,995.2,76,AWS-DEL-102,Gurugram,DEL,neighbor,False,
2025-01-17 12:00:00,17.2,993.7,68,AWS-DEL-102,Gurugram,DEL,neighbor,False,
2025-01-17 13:00:00,18.1,992.4,60,AWS-DEL-102,Gurugram,DEL,neighbor,False,
2025-01-17 14:00:00,18.4,991.3,58,AWS-DEL-102,Gurugram,DEL,neighbor,False,
2025-01-17 15:00:00,18.2,990.9,59,AWS-DEL-102,Gurugram,DEL,neighbor,False,
2025-01-17 16:00:00,17.5,990.8,64,AWS-DEL-102,Gurugram,DEL,neighbor,False,
2025-01-17 17:00:00,15.4,990.5,74,AWS-DEL-102,Gurugram,DEL,neighbor,False,
2025-01-17 18:00:00,13.0,991.2,82,AWS-DEL-102,Gurugram,DEL,neighbor,False,
2025-01-17 19:00:00,12.0,991.4,84,AWS-DEL-102,Gurugram,DEL,neighbor,False,
2025-01-17 20:00:00,11.1,991.8,87,AWS-DEL-102,Gurugram,DEL,neighbor,False,
2025-01-17 21:00:00,10.5,992.0,90,AWS-DEL-102,Gurugram,DEL,neighbor,False,
2025-01-17 22:00:00,9.9,992.0,91,AWS-DEL-102,Gurugram,DEL,neighbor,False,
2025-01-17 23:00:00,9.2,992.2,94,AWS-DEL-102,Gurugram,DEL,neighbor,False,
2025-01-18 00:00:00,8.4,991.9,97,AWS-DEL-102,Gurugram,DEL,neighbor,False,
2025-01-18 01:00:00,7.2,991.1,100,AWS-DEL-102,Gurugram,DEL,neighbor,False,
2025-01-18 02:00:00,7.1,990.6,100,AWS-DEL-102,Gurugram,DEL,neighbor,False,
2025-01-18 03:00:00,6.3,990.6,100,AWS-DEL-102,Gurugram,DEL,neighbor,False,
2025-01-18 04:00:00,6.3,990.8,100,AWS-DEL-102,Gurugram,DEL,neighbor,False,
2025-01-18 05:00:00,6.1,990.8,100,AWS-DEL-102,Gurugram,DEL,neighbor,False,
2025-01-18 06:00:00,8.0,991.5,100,AWS-DEL-102,Gurugram,DEL,neighbor,False,
2025-01-18 07:00:00,7.9,992.7,100,AWS-DEL-102,Gurugram,DEL,neighbor,False,
2025-01-18 08:00:00,8.6,993.7,100,AWS-DEL-102,Gurugram,DEL,neighbor,False,
2025-01-18 09:00:00,9.7,994.6,97,AWS-DEL-102,Gurugram,DEL,neighbor,False,
2025-01-18 10:00:00,11.8,994.4,91,AWS-DEL-102,Gurugram,DEL,neighbor,False,
2025-01-18 11:00:00,13.0,993.7,86,AWS-DEL-102,Gurugram,DEL,neighbor,False,
2025-01-18 12:00:00,14.8,992.4,78,AWS-DEL-102,Gurugram,DEL,neighbor,False,
2025-01-18 13:00:00,16.6,991.3,69,AWS-DEL-102,Gurugram,DEL,neighbor,False,
2025-01-18 14:00:00,17.2,990.7,64,AWS-DEL-102,Gurugram,DEL,neighbor,False,
2025-01-18 15:00:00,17.2,989.9,61,AWS-DEL-102,Gurugram,DEL,neighbor,False,
2025-01-18 16:00:00,17.0,989.4,63,AWS-DEL-102,Gurugram,DEL,neighbor,False,
2025-01-18 17:00:00,14.8,989.2,76,AWS-DEL-102,Gurugram,DEL,neighbor,False,
2025-01-18 18:00:00,13.7,989.9,85,AWS-DEL-102,Gurugram,DEL,neighbor,False,
2025-01-18 19:00:00,12.4,990.0,89,AWS-DEL-102,Gurugram,DEL,neighbor,False,
2025-01-18 20:00:00,11.6,990.1,92,AWS-DEL-102,Gurugram,DEL,neighbor,False,
2025-01-18 21:00:00,10.8,990.1,95,AWS-DEL-102,Gurugram,DEL,neighbor,False,
2025-01-18 22:00:00,10.0,990.3,99,AWS-DEL-102,Gurugram,DEL,neighbor,False,
2025-01-18 23:00:00,9.4,990.2,100,AWS-DEL-102,Gurugram,DEL,neighbor,False,
2025-01-19 00:00:00,8.3,990.1,100,AWS-DEL-102,Gurugram,DEL,neighbor,False,
2025-01-19 01:00:00,7.5,989.9,99,AWS-DEL-102,Gurugram,DEL,neighbor,False,
2025-01-19 02:00:00,6.9,989.5,100,AWS-DEL-102,Gurugram,DEL,neighbor,False,
2025-01-19 03:00:00,6.7,989.2,100,AWS-DEL-102,Gurugram,DEL,neighbor,False,
2025-01-19 04:00:00,6.9,989.2,100,AWS-DEL-102,Gurugram,DEL,neighbor,False,
2025-01-19 05:00:00,6.9,989.4,100,AWS-DEL-102,Gurugram,DEL,neighbor,False,
2025-01-19 06:00:00,7.6,989.9,100,AWS-DEL-102,Gurugram,DEL,neighbor,False,
2025-01-19 07:00:00,7.4,990.7,100,AWS-DEL-102,Gurugram,DEL,neighbor,False,
2025-01-19 08:00:00,9.1,991.3,98,AWS-DEL-102,Gurugram,DEL,neighbor,False,
2025-01-19 09:00:00,12.3,992.3,95,AWS-DEL-102,Gurugram,DEL,neighbor,False,
2025-01-19 10:00:00,15.9,992.8,82,AWS-DEL-102,Gurugram,DEL,neighbor,False,
2025-01-19 11:00:00,18.6,992.5,71,AWS-DEL-102,Gurugram,DEL,neighbor,False,
2025-01-19 12:00:00,20.3,991.6,65,AWS-DEL-102,Gurugram,DEL,neighbor,False,
2025-01-19 13:00:00,21.4,990.3,62,AWS-DEL-102,Gurugram,DEL,neighbor,False,
2025-01-19 14:00:00,21.9,989.5,61,AWS-DEL-102,Gurugram,DEL,neighbor,False,
2025-01-19 15:00:00,21.7,988.8,63,AWS-DEL-102,Gurugram,DEL,neighbor,False,
2025-01-19 16:00:00,20.8,988.5,69,AWS-DEL-102,Gurugram,DEL,neighbor,False,
2025-01-19 17:00:00,18.9,988.3,81,AWS-DEL-102,Gurugram,DEL,neighbor,False,
2025-01-19 18:00:00,17.8,988.7,84,AWS-DEL-102,Gurugram,DEL,neighbor,False,
2025-01-19 19:00:00,17.0,988.7,87,AWS-DEL-102,Gurugram,DEL,neighbor,False,
2025-01-19 20:00:00,16.3,989.1,89,AWS-DEL-102,Gurugram,DEL,neighbor,False,
2025-01-19 21:00:00,15.3,989.2,92,AWS-DEL-102,Gurugram,DEL,neighbor,False,
2025-01-19 22:00:00,14.4,989.1,96,AWS-DEL-102,Gurugram,DEL,neighbor,False,
2025-01-19 23:00:00,13.1,988.8,100,AWS-DEL-102,Gurugram,DEL,neighbor,False,
2025-01-20 00:00:00,12.4,988.3,100,AWS-DEL-102,Gurugram,DEL,neighbor,False,
2025-01-20 01:00:00,12.0,987.9,100,AWS-DEL-102,Gurugram,DEL,neighbor,False,
2025-01-20 02:00:00,11.4,987.6,100,AWS-DEL-102,Gurugram,DEL,neighbor,False,
2025-01-20 03:00:00,11.2,987.4,100,AWS-DEL-102,Gurugram,DEL,neighbor,False,
2025-01-20 04:00:00,10.9,987.2,100,AWS-DEL-102,Gurugram,DEL,neighbor,False,
2025-01-20 05:00:00,10.7,987.3,100,AWS-DEL-102,Gurugram,DEL,neighbor,False,
2025-01-20 06:00:00,10.0,988.3,100,AWS-DEL-102,Gurugram,DEL,neighbor,False,
2025-01-20 07:00:00,10.0,988.9,100,AWS-DEL-102,Gurugram,DEL,neighbor,False,
2025-01-20 08:00:00,10.7,989.5,98,AWS-DEL-102,Gurugram,DEL,neighbor,False,
2025-01-20 09:00:00,12.4,990.6,97,AWS-DEL-102,Gurugram,DEL,neighbor,False,
2025-01-20 10:00:00,14.8,991.1,92,AWS-DEL-102,Gurugram,DEL,neighbor,False,
2025-01-20 11:00:00,17.5,990.8,82,AWS-DEL-102,Gurugram,DEL,neighbor,False,
2025-01-20 12:00:00,19.4,990.1,75,AWS-DEL-102,Gurugram,DEL,neighbor,False,
2025-01-20 13:00:00,20.8,989.0,71,AWS-DEL-102,Gurugram,DEL,neighbor,False,
2025-01-20 14:00:00,21.6,988.1,68,AWS-DEL-102,Gurugram,DEL,neighbor,False,
2025-01-20 15:00:00,21.7,987.5,67,AWS-DEL-102,Gurugram,DEL,neighbor,False,
2025-01-20 16:00:00,20.9,987.4,72,AWS-DEL-102,Gurugram,DEL,neighbor,False,
2025-01-20 17:00:00,19.0,987.0,81,AWS-DEL-102,Gurugram,DEL,neighbor,False,
2025-01-20 18:00:00,17.8,987.3,84,AWS-DEL-102,Gurugram,DEL,neighbor,False,
2025-01-20 19:00:00,16.6,987.6,87,AWS-DEL-102,Gurugram,DEL,neighbor,False,
2025-01-20 20:00:00,15.7,987.8,88,AWS-DEL-102,Gurugram,DEL,neighbor,False,
2025-01-20 21:00:00,14.8,988.1,90,AWS-DEL-102,Gurugram,DEL,neighbor,False,
2025-01-20 22:00:00,14.0,988.1,93,AWS-DEL-102,Gurugram,DEL,neighbor,False,
2025-01-20 23:00:00,13.5,988.0,95,AWS-DEL-102,Gurugram,DEL,neighbor,False,
2025-01-21 00:00:00,12.9,987.4,96,AWS-DEL-102,Gurugram,DEL,neighbor,False,
2025-01-21 01:00:00,12.4,987.3,96,AWS-DEL-102,Gurugram,DEL,neighbor,False,
2025-01-21 02:00:00,11.9,986.8,97,AWS-DEL-102,Gurugram,DEL,neighbor,False,
2025-01-21 03:00:00,11.6,986.7,97,AWS-DEL-102,Gurugram,DEL,neighbor,False,
2025-01-21 04:00:00,11.0,986.5,98,AWS-DEL-102,Gurugram,DEL,neighbor,False,
2025-01-21 05:00:00,10.6,986.3,98,AWS-DEL-102,Gurugram,DEL,neighbor,False,
2025-01-21 06:00:00,10.0,986.9,97,AWS-DEL-102,Gurugram,DEL,neighbor,False,
2025-01-21 07:00:00,9.7,987.5,97,AWS-DEL-102,Gurugram,DEL,neighbor,False,
2025-01-21 08:00:00,11.0,988.4,94,AWS-DEL-102,Gurugram,DEL,neighbor,False,
2025-01-21 09:00:00,13.4,989.2,89,AWS-DEL-102,Gurugram,DEL,neighbor,False,
2025-01-21 10:00:00,16.0,989.7,80,AWS-DEL-102,Gurugram,DEL,neighbor,False,
2025-01-21 11:00:00,18.4,989.6,70,AWS-DEL-102,Gurugram,DEL,neighbor,False,
2025-01-21 12:00:00,20.2,988.4,62,AWS-DEL-102,Gurugram,DEL,neighbor,False,
2025-01-21 13:00:00,21.2,987.4,56,AWS-DEL-102,Gurugram,DEL,neighbor,False,
2025-01-21 14:00:00,21.6,986.7,54,AWS-DEL-102,Gurugram,DEL,neighbor,False,
2025-01-21 15:00:00,21.4,986.1,54,AWS-DEL-102,Gurugram,DEL,neighbor,False,
2025-01-21 16:00:00,20.4,985.9,63,AWS-DEL-102,Gurugram,DEL,neighbor,False,
2025-01-21 17:00:00,18.3,985.6,73,AWS-DEL-102,Gurugram,DEL,neighbor,False,
2025-01-21 18:00:00,17.0,985.8,78,AWS-DEL-102,Gurugram,DEL,neighbor,False,
2025-01-21 19:00:00,15.7,986.4,83,AWS-DEL-102,Gurugram,DEL,neighbor,False,
2025-01-21 20:00:00,14.6,986.9,85,AWS-DEL-102,Gurugram,DEL,neighbor,False,
2025-01-21 21:00:00,13.9,987.3,86,AWS-DEL-102,Gurugram,DEL,neighbor,False,
2025-01-21 22:00:00,13.2,987.2,87,AWS-DEL-102,Gurugram,DEL,neighbor,False,
2025-01-21 23:00:00,12.7,986.9,88,AWS-DEL-102,Gurugram,DEL,neighbor,False,
2025-01-22 00:00:00,12.1,986.6,89,AWS-DEL-102,Gurugram,DEL,neighbor,False,
2025-01-22 01:00:00,11.6,986.5,90,AWS-DEL-102,Gurugram,DEL,neighbor,False,
2025-01-22 02:00:00,11.3,986.2,92,AWS-DEL-102,Gurugram,DEL,neighbor,False,
2025-01-22 03:00:00,11.0,985.9,94,AWS-DEL-102,Gurugram,DEL,neighbor,False,
2025-01-22 04:00:00,9.5,985.5,97,AWS-DEL-102,Gurugram,DEL,neighbor,False,
2025-01-22 05:00:00,8.9,985.7,98,AWS-DEL-102,Gurugram,DEL,neighbor,False,
2025-01-22 06:00:00,8.2,986.4,100,AWS-DEL-102,Gurugram,DEL,neighbor,False,
2025-01-22 07:00:00,8.0,986.9,100,AWS-DEL-102,Gurugram,DEL,neighbor,False,
2025-01-22 08:00:00,10.2,987.7,99,AWS-DEL-102,Gurugram,DEL,neighbor,False,
2025-01-22 09:00:00,13.4,988.5,92,AWS-DEL-102,Gurugram,DEL,neighbor,False,
2025-01-22 10:00:00,16.5,989.0,79,AWS-DEL-102,Gurugram,DEL,neighbor,False,
2025-01-22 11:00:00,19.1,988.7,69,AWS-DEL-102,Gurugram,DEL,neighbor,False,
2025-01-22 12:00:00,20.9,987.8,63,AWS-DEL-102,Gurugram,DEL,neighbor,False,
2025-01-22 13:00:00,22.0,986.7,56,AWS-DEL-102,Gurugram,DEL,neighbor,False,
2025-01-22 14:00:00,22.5,985.9,52,AWS-DEL-102,Gurugram,DEL,neighbor,False,
2025-01-22 15:00:00,22.4,985.5,52,AWS-DEL-102,Gurugram,DEL,neighbor,False,
2025-01-22 16:00:00,21.5,985.3,60,AWS-DEL-102,Gurugram,DEL,neighbor,False,
2025-01-22 17:00:00,19.4,985.2,71,AWS-DEL-102,Gurugram,DEL,neighbor,False,
2025-01-22 18:00:00,17.5,985.9,78,AWS-DEL-102,Gurugram,DEL,neighbor,False,
2025-01-22 19:00:00,16.8,986.5,78,AWS-DEL-102,Gurugram,DEL,neighbor,False,
2025-01-22 20:00:00,16.4,987.1,78,AWS-DEL-102,Gurugram,DEL,neighbor,False,
2025-01-22 21:00:00,15.4,987.3,83,AWS-DEL-102,Gurugram,DEL,neighbor,False,
2025-01-22 22:00:00,15.1,987.3,83,AWS-DEL-102,Gurugram,DEL,neighbor,False,
2025-01-22 23:00:00,14.7,987.3,86,AWS-DEL-102,Gurugram,DEL,neighbor,False,
2025-01-23 00:00:00,14.4,987.7,86,AWS-DEL-102,Gurugram,DEL,neighbor,False,
2025-01-23 01:00:00,13.8,987.4,87,AWS-DEL-102,Gurugram,DEL,neighbor,False,
2025-01-23 02:00:00,13.4,987.5,88,AWS-DEL-102,Gurugram,DEL,neighbor,False,
2025-01-23 03:00:00,13.0,986.7,95,AWS-DEL-102,Gurugram,DEL,neighbor,False,
2025-01-23 04:00:00,12.5,986.5,96,AWS-DEL-102,Gurugram,DEL,neighbor,False,
2025-01-23 05:00:00,11.8,986.4,97,AWS-DEL-102,Gurugram,DEL,neighbor,False,
2025-01-23 06:00:00,11.4,987.3,98,AWS-DEL-102,Gurugram,DEL,neighbor,False,
2025-01-23 07:00:00,10.7,988.0,99,AWS-DEL-102,Gurugram,DEL,neighbor,False,
2025-01-23 08:00:00,12.5,988.9,97,AWS-DEL-102,Gurugram,DEL,neighbor,False,
2025-01-23 09:00:00,14.6,989.9,92,AWS-DEL-102,Gurugram,DEL,neighbor,False,
2025-01-23 10:00:00,17.1,990.7,79,AWS-DEL-102,Gurugram,DEL,neighbor,False,
2025-01-23 11:00:00,19.0,990.5,69,AWS-DEL-102,Gurugram,DEL,neighbor,False,
2025-01-23 12:00:00,20.4,989.6,61,AWS-DEL-102,Gurugram,DEL,neighbor,False,
2025-01-23 13:00:00,21.3,988.9,53,AWS-DEL-102,Gurugram,DEL,neighbor,False,
2025-01-23 14:00:00,21.5,988.3,47,AWS-DEL-102,Gurugram,DEL,neighbor,False,
2025-01-23 15:00:00,21.3,988.0,43,AWS-DEL-102,Gurugram,DEL,neighbor,False,
2025-01-23 16:00:00,20.3,987.8,53,AWS-DEL-102,Gurugram,DEL,neighbor,False,
2025-01-23 17:00:00,18.1,987.9,63,AWS-DEL-102,Gurugram,DEL,neighbor,False,
2025-01-23 18:00:00,16.4,988.1,68,AWS-DEL-102,Gurugram,DEL,neighbor,False,
2025-01-23 19:00:00,15.2,988.9,70,AWS-DEL-102,Gurugram,DEL,neighbor,False,
2025-01-23 20:00:00,14.3,989.2,73,AWS-DEL-102,Gurugram,DEL,neighbor,False,
2025-01-23 21:00:00,13.7,989.4,74,AWS-DEL-102,Gurugram,DEL,neighbor,False,
2025-01-23 22:00:00,13.1,989.5,76,AWS-DEL-102,Gurugram,DEL,neighbor,False,
2025-01-23 23:00:00,12.6,989.3,77,AWS-DEL-102,Gurugram,DEL,neighbor,False,
2025-01-24 00:00:00,12.2,988.8,77,AWS-DEL-102,Gurugram,DEL,neighbor,False,
2025-01-24 01:00:00,11.5,988.4,79,AWS-DEL-102,Gurugram,DEL,neighbor,False,
2025-01-24 02:00:00,10.9,987.7,81,AWS-DEL-102,Gurugram,DEL,neighbor,False,
2025-01-24 03:00:00,10.3,987.6,84,AWS-DEL-102,Gurugram,DEL,neighbor,False,
2025-01-24 04:00:00,9.6,987.5,87,AWS-DEL-102,Gurugram,DEL,neighbor,False,
2025-01-24 05:00:00,9.1,987.6,89,AWS-DEL-102,Gurugram,DEL,neighbor,False,
2025-01-24 06:00:00,9.3,988.2,92,AWS-DEL-102,Gurugram,DEL,neighbor,False,
2025-01-24 07:00:00,9.0,989.1,92,AWS-DEL-102,Gurugram,DEL,neighbor,False,
2025-01-24 08:00:00,10.3,989.8,88,AWS-DEL-102,Gurugram,DEL,neighbor,False,
2025-01-24 09:00:00,12.8,990.6,80,AWS-DEL-102,Gurugram,DEL,neighbor,False,
2025-01-24 10:00:00,15.4,991.0,72,AWS-DEL-102,Gurugram,DEL,neighbor,False,
2025-01-24 11:00:00,17.6,990.8,65,AWS-DEL-102,Gurugram,DEL,neighbor,False,
2025-01-24 12:00:00,19.2,989.9,57,AWS-DEL-102,Gurugram,DEL,neighbor,False,
2025-01-24 13:00:00,20.1,988.9,49,AWS-DEL-102,Gurugram,DEL,neighbor,False,
2025-01-24 14:00:00,20.4,988.4,44,AWS-DEL-102,Gurugram,DEL,neighbor,False,
2025-01-24 15:00:00,20.1,988.0,44,AWS-DEL-102,Gurugram,DEL,neighbor,False,
2025-01-24 16:00:00,19.2,987.7,53,AWS-DEL-102,Gurugram,DEL,neighbor,False,
2025-01-24 17:00:00,17.1,987.7,62,AWS-DEL-102,Gurugram,DEL,neighbor,False,
2025-01-24 18:00:00,15.8,988.0,63,AWS-DEL-102,Gurugram,DEL,neighbor,False,
2025-01-24 19:00:00,14.6,988.4,66,AWS-DEL-102,Gurugram,DEL,neighbor,False,
2025-01-24 20:00:00,13.6,988.6,69,AWS-DEL-102,Gurugram,DEL,neighbor,False,
2025-01-24 21:00:00,12.8,988.8,71,AWS-DEL-102,Gurugram,DEL,neighbor,False,
2025-01-24 22:00:00,12.0,988.8,73,AWS-DEL-102,Gurugram,DEL,neighbor,False,
2025-01-24 23:00:00,11.3,988.3,75,AWS-DEL-102,Gurugram,DEL,neighbor,False,
2025-01-25 00:00:00,10.6,988.0,75,AWS-DEL-102,Gurugram,DEL,neighbor,False,
2025-01-25 01:00:00,10.0,987.7,76,AWS-DEL-102,Gurugram,DEL,neighbor,False,
2025-01-25 02:00:00,9.6,987.3,77,AWS-DEL-102,Gurugram,DEL,neighbor,False,
2025-01-25 03:00:00,9.0,987.1,78,AWS-DEL-102,Gurugram,DEL,neighbor,False,
2025-01-25 04:00:00,8.5,987.1,78,AWS-DEL-102,Gurugram,DEL,neighbor,False,
2025-01-25 05:00:00,8.1,987.3,78,AWS-DEL-102,Gurugram,DEL,neighbor,False,
2025-01-25 06:00:00,8.0,987.8,82,AWS-DEL-102,Gurugram,DEL,neighbor,False,
2025-01-25 07:00:00,7.6,988.5,81,AWS-DEL-102,Gurugram,DEL,neighbor,False,
2025-01-25 08:00:00,9.0,989.2,75,AWS-DEL-102,Gurugram,DEL,neighbor,False,
2025-01-25 09:00:00,11.5,990.2,68,AWS-DEL-102,Gurugram,DEL,neighbor,False,
2025-01-25 10:00:00,14.0,990.9,61,AWS-DEL-102,Gurugram,DEL,neighbor,False,
2025-01-25 11:00:00,16.4,990.4,55,AWS-DEL-102,Gurugram,DEL,neighbor,False,
2025-01-25 12:00:00,18.3,989.5,51,AWS-DEL-102,Gurugram,DEL,neighbor,False,
2025-01-25 13:00:00,19.5,988.4,46,AWS-DEL-102,Gurugram,DEL,neighbor,False,
2025-01-25 14:00:00,20.0,987.7,44,AWS-DEL-102,Gurugram,DEL,neighbor,False,
2025-01-25 15:00:00,19.9,987.4,46,AWS-DEL-102,Gurugram,DEL,neighbor,False,
2025-01-25 16:00:00,19.0,987.2,54,AWS-DEL-102,Gurugram,DEL,neighbor,False,
2025-01-25 17:00:00,16.9,987.1,64,AWS-DEL-102,Gurugram,DEL,neighbor,False,
2025-01-25 18:00:00,15.9,987.4,69,AWS-DEL-102,Gurugram,DEL,neighbor,False,
2025-01-25 19:00:00,14.6,988.0,70,AWS-DEL-102,Gurugram,DEL,neighbor,False,
2025-01-25 20:00:00,13.3,988.2,71,AWS-DEL-102,Gurugram,DEL,neighbor,False,
2025-01-25 21:00:00,12.3,988.4,71,AWS-DEL-102,Gurugram,DEL,neighbor,False,
2025-01-25 22:00:00,11.4,988.4,72,AWS-DEL-102,Gurugram,DEL,neighbor,False,
2025-01-25 23:00:00,10.6,988.2,72,AWS-DEL-102,Gurugram,DEL,neighbor,False,
2025-01-26 00:00:00,9.9,987.5,73,AWS-DEL-102,Gurugram,DEL,neighbor,False,
2025-01-26 01:00:00,9.3,987.3,74,AWS-DEL-102,Gurugram,DEL,neighbor,False,
2025-01-26 02:00:00,8.7,986.9,75,AWS-DEL-102,Gurugram,DEL,neighbor,False,
2025-01-26 03:00:00,8.2,986.7,77,AWS-DEL-102,Gurugram,DEL,neighbor,False,
2025-01-26 04:00:00,7.7,986.7,78,AWS-DEL-102,Gurugram,DEL,neighbor,False,
2025-01-26 05:00:00,7.2,987.0,79,AWS-DEL-102,Gurugram,DEL,neighbor,False,
2025-01-26 06:00:00,6.8,987.8,84,AWS-DEL-102,Gurugram,DEL,neighbor,False,
2025-01-26 07:00:00,6.4,988.2,82,AWS-DEL-102,Gurugram,DEL,neighbor,False,
2025-01-26 08:00:00,8.0,989.4,75,AWS-DEL-102,Gurugram,DEL,neighbor,False,
2025-01-26 09:00:00,10.9,990.3,67,AWS-DEL-102,Gurugram,DEL,neighbor,False,
2025-01-26 10:00:00,13.9,991.0,59,AWS-DEL-102,Gurugram,DEL,neighbor,False,
2025-01-26 11:00:00,16.5,990.5,54,AWS-DEL-102,Gurugram,DEL,neighbor,False,
2025-01-26 12:00:00,18.3,989.2,48,AWS-DEL-102,Gurugram,DEL,neighbor,False,
2025-01-26 13:00:00,19.4,988.1,46,AWS-DEL-102,Gurugram,DEL,neighbor,False,
2025-01-26 14:00:00,19.9,987.4,44,AWS-DEL-102,Gurugram,DEL,neighbor,False,
2025-01-26 15:00:00,19.8,987.0,46,AWS-DEL-102,Gurugram,DEL,neighbor,False,
2025-01-26 16:00:00,19.1,986.8,52,AWS-DEL-102,Gurugram,DEL,neighbor,False,
2025-01-26 17:00:00,17.0,986.4,65,AWS-DEL-102,Gurugram,DEL,neighbor,False,
2025-01-26 18:00:00,15.8,986.6,70,AWS-DEL-102,Gurugram,DEL,neighbor,False,
2025-01-26 19:00:00,14.4,987.0,72,AWS-DEL-102,Gurugram,DEL,neighbor,False,
2025-01-26 20:00:00,12.7,987.1,77,AWS-DEL-102,Gurugram,DEL,neighbor,False,
2025-01-26 21:00:00,11.4,987.3,79,AWS-DEL-102,Gurugram,DEL,neighbor,False,
2025-01-26 22:00:00,10.4,987.6,81,AWS-DEL-102,Gurugram,DEL,neighbor,False,
2025-01-26 23:00:00,9.5,987.3,83,AWS-DEL-102,Gurugram,DEL,neighbor,False,
2025-01-27 00:00:00,9.1,987.0,84,AWS-DEL-102,Gurugram,DEL,neighbor,False,
2025-01-27 01:00:00,8.4,986.6,85,AWS-DEL-102,Gurugram,DEL,neighbor,False,
2025-01-27 02:00:00,7.6,986.2,85,AWS-DEL-102,Gurugram,DEL,neighbor,False,
2025-01-27 03:00:00,7.2,985.9,84,AWS-DEL-102,Gurugram,DEL,neighbor,False,
2025-01-27 04:00:00,6.9,985.8,83,AWS-DEL-102,Gurugram,DEL,neighbor,False,
2025-01-27 05:00:00,6.4,985.7,84,AWS-DEL-102,Gurugram,DEL,neighbor,False,
2025-01-27 06:00:00,6.1,986.6,95,AWS-DEL-102,Gurugram,DEL,neighbor,False,
2025-01-27 07:00:00,5.7,987.3,94,AWS-DEL-102,Gurugram,DEL,neighbor,False,
2025-01-27 08:00:00,7.4,988.2,88,AWS-DEL-102,Gurugram,DEL,neighbor,False,
2025-01-27 09:00:00,10.8,989.1,77,AWS-DEL-102,Gurugram,DEL,neighbor,False,
2025-01-27 10:00:00,14.1,989.8,64,AWS-DEL-102,Gurugram,DEL,neighbor,False,
2025-01-27 11:00:00,16.7,989.3,56,AWS-DEL-102,Gurugram,DEL,neighbor,False,
2025-01-27 12:00:00,18.4,988.1,49,AWS-DEL-102,Gurugram,DEL,neighbor,False,
2025-01-27 13:00:00,19.5,987.0,44,AWS-DEL-102,Gurugram,DEL,neighbor,False,
2025-01-27 14:00:00,20.0,985.9,43,AWS-DEL-102,Gurugram,DEL,neighbor,False,
2025-01-27 15:00:00,19.9,985.3,44,AWS-DEL-102,Gurugram,DEL,neighbor,False,
2025-01-27 16:00:00,19.1,985.1,48,AWS-DEL-102,Gurugram,DEL,neighbor,False,
2025-01-27 17:00:00,17.0,984.9,63,AWS-DEL-102,Gurugram,DEL,neighbor,False,
2025-01-27 18:00:00,15.7,984.9,71,AWS-DEL-102,Gurugram,DEL,neighbor,False,
2025-01-27 19:00:00,14.2,985.2,76,AWS-DEL-102,Gurugram,DEL,neighbor,False,
2025-01-27 20:00:00,13.1,985.7,77,AWS-DEL-102,Gurugram,DEL,neighbor,False,
2025-01-27 21:00:00,12.5,985.7,75,AWS-DEL-102,Gurugram,DEL,neighbor,False,
2025-01-27 22:00:00,11.7,985.7,76,AWS-DEL-102,Gurugram,DEL,neighbor,False,
2025-01-27 23:00:00,10.8,985.4,79,AWS-DEL-102,Gurugram,DEL,neighbor,False,
2025-01-28 00:00:00,10.1,984.7,81,AWS-DEL-102,Gurugram,DEL,neighbor,False,
2025-01-28 01:00:00,9.4,984.7,82,AWS-DEL-102,Gurugram,DEL,neighbor,False,
2025-01-28 02:00:00,8.8,984.2,82,AWS-DEL-102,Gurugram,DEL,neighbor,False,
2025-01-28 03:00:00,8.3,984.0,82,AWS-DEL-102,Gurugram,DEL,neighbor,False,
2025-01-28 04:00:00,7.8,983.7,81,AWS-DEL-102,Gurugram,DEL,neighbor,False,
2025-01-28 05:00:00,7.4,984.1,81,AWS-DEL-102,Gurugram,DEL,neighbor,False,
2025-01-28 06:00:00,6.7,985.6,86,AWS-DEL-102,Gurugram,DEL,neighbor,False,
2025-01-28 07:00:00,6.3,986.4,86,AWS-DEL-102,Gurugram,DEL,neighbor,False,
2025-01-28 08:00:00,7.8,987.5,81,AWS-DEL-102,Gurugram,DEL,neighbor,False,
2025-01-28 09:00:00,11.1,988.5,71,AWS-DEL-102,Gurugram,DEL,neighbor,False,
2025-01-28 10:00:00,14.4,989.0,61,AWS-DEL-102,Gurugram,DEL,neighbor,False,
2025-01-28 11:00:00,17.2,988.6,54,AWS-DEL-102,Gurugram,DEL,neighbor,False,
2025-01-28 12:00:00,19.1,987.7,46,AWS-DEL-102,Gurugram,DEL,neighbor,False,
2025-01-28 13:00:00,20.3,986.7,42,AWS-DEL-102,Gurugram,DEL,neighbor,False,
2025-01-28 14:00:00,20.8,986.2,41,AWS-DEL-102,Gurugram,DEL,neighbor,False,
2025-01-28 15:00:00,20.8,985.7,40,AWS-DEL-102,Gurugram,DEL,neighbor,False,
2025-01-28 16:00:00,20.1,985.4,45,AWS-DEL-102,Gurugram,DEL,neighbor,False,
2025-01-28 17:00:00,17.7,985.1,67,AWS-DEL-102,Gurugram,DEL,neighbor,False,
2025-01-28 18:00:00,16.4,985.2,69,AWS-DEL-102,Gurugram,DEL,neighbor,False,
2025-01-28 19:00:00,14.9,985.8,74,AWS-DEL-102,Gurugram,DEL,neighbor,False,
2025-01-28 20:00:00,13.8,986.2,77,AWS-DEL-102,Gurugram,DEL,neighbor,False,
2025-01-28 21:00:00,14.0,986.6,73,AWS-DEL-102,Gurugram,DEL,neighbor,False,
2025-01-28 22:00:00,12.8,986.7,77,AWS-DEL-102,Gurugram,DEL,neighbor,False,
2025-01-28 23:00:00,11.8,986.8,78,AWS-DEL-102,Gurugram,DEL,neighbor,False,
2025-01-29 00:00:00,11.5,986.6,80,AWS-DEL-102,Gurugram,DEL,neighbor,False,
2025-01-29 01:00:00,11.0,986.6,84,AWS-DEL-102,Gurugram,DEL,neighbor,False,
2025-01-29 02:00:00,10.6,986.3,86,AWS-DEL-102,Gurugram,DEL,neighbor,False,
2025-01-29 03:00:00,10.3,986.3,87,AWS-DEL-102,Gurugram,DEL,neighbor,False,
2025-01-29 04:00:00,10.1,986.3,87,AWS-DEL-102,Gurugram,DEL,neighbor,False,
2025-01-29 05:00:00,9.8,986.4,88,AWS-DEL-102,Gurugram,DEL,neighbor,False,
2025-01-29 06:00:00,9.5,987.6,92,AWS-DEL-102,Gurugram,DEL,neighbor,False,
2025-01-29 07:00:00,9.4,988.3,92,AWS-DEL-102,Gurugram,DEL,neighbor,False,
2025-01-29 08:00:00,11.3,989.2,85,AWS-DEL-102,Gurugram,DEL,neighbor,False,
2025-01-29 09:00:00,14.5,990.2,75,AWS-DEL-102,Gurugram,DEL,neighbor,False,
2025-01-29 10:00:00,17.5,990.7,65,AWS-DEL-102,Gurugram,DEL,neighbor,False,
2025-01-29 11:00:00,19.6,990.3,54,AWS-DEL-102,Gurugram,DEL,neighbor,False,
2025-01-29 12:00:00,21.0,989.3,47,AWS-DEL-102,Gurugram,DEL,neighbor,False,
2025-01-29 13:00:00,21.9,987.9,45,AWS-DEL-102,Gurugram,DEL,neighbor,False,
2025-01-29 14:00:00,22.3,987.1,44,AWS-DEL-102,Gurugram,DEL,neighbor,False,
2025-01-29 15:00:00,22.1,986.3,45,AWS-DEL-102,Gurugram,DEL,neighbor,False,
2025-01-29 16:00:00,21.3,986.0,48,AWS-DEL-102,Gurugram,DEL,neighbor,False,
2025-01-29 17:00:00,19.2,985.7,60,AWS-DEL-102,Gurugram,DEL,neighbor,False,
2025-01-29 18:00:00,17.4,985.8,70,AWS-DEL-102,Gurugram,DEL,neighbor,False,
2025-01-29 19:00:00,16.5,986.1,75,AWS-DEL-102,Gurugram,DEL,neighbor,False,
2025-01-29 20:00:00,15.8,986.6,78,AWS-DEL-102,Gurugram,DEL,neighbor,False,
2025-01-29 21:00:00,15.2,986.7,80,AWS-DEL-102,Gurugram,DEL,neighbor,False,
2025-01-29 22:00:00,14.7,986.7,79,AWS-DEL-102,Gurugram,DEL,neighbor,False,
2025-01-29 23:00:00,14.2,986.5,79,AWS-DEL-102,Gurugram,DEL,neighbor,False,
2025-01-30 00:00:00,13.6,985.9,80,AWS-DEL-102,Gurugram,DEL,neighbor,False,
2025-01-30 01:00:00,13.0,985.5,83,AWS-DEL-102,Gurugram,DEL,neighbor,False,
2025-01-30 02:00:00,12.4,984.9,85,AWS-DEL-102,Gurugram,DEL,neighbor,False,
2025-01-30 03:00:00,11.9,984.3,87,AWS-DEL-102,Gurugram,DEL,neighbor,False,
2025-01-30 04:00:00,11.5,984.1,89,AWS-DEL-102,Gurugram,DEL,neighbor,False,
2025-01-30 05:00:00,11.1,983.8,91,AWS-DEL-102,Gurugram,DEL,neighbor,False,
2025-01-30 06:00:00,10.7,984.5,93,AWS-DEL-102,Gurugram,DEL,neighbor,False,
2025-01-30 07:00:00,10.6,985.3,94,AWS-DEL-102,Gurugram,DEL,neighbor,False,
2025-01-30 08:00:00,12.3,985.9,87,AWS-DEL-102,Gurugram,DEL,neighbor,False,
2025-01-30 09:00:00,15.1,986.5,77,AWS-DEL-102,Gurugram,DEL,neighbor,False,
2025-01-30 10:00:00,17.9,987.0,66,AWS-DEL-102,Gurugram,DEL,neighbor,False,
2025-01-30 11:00:00,19.9,986.6,58,AWS-DEL-102,Gurugram,DEL,neighbor,False,
2025-01-30 12:00:00,21.3,985.5,53,AWS-DEL-102,Gurugram,DEL,neighbor,False,
2025-01-30 13:00:00,22.2,984.4,51,AWS-DEL-102,Gurugram,DEL,neighbor,False,
2025-01-30 14:00:00,22.7,983.5,49,AWS-DEL-102,Gurugram,DEL,neighbor,False,
2025-01-30 15:00:00,22.6,983.1,51,AWS-DEL-102,Gurugram,DEL,neighbor,False,
2025-01-30 16:00:00,22.0,982.8,55,AWS-DEL-102,Gurugram,DEL,neighbor,False,
2025-01-30 17:00:00,20.2,982.6,66,AWS-DEL-102,Gurugram,DEL,neighbor,False,
2025-01-30 18:00:00,18.5,982.6,79,AWS-DEL-102,Gurugram,DEL,neighbor,False,
2025-01-30 19:00:00,17.4,982.8,84,AWS-DEL-102,Gurugram,DEL,neighbor,False,
2025-01-30 20:00:00,16.7,983.2,86,AWS-DEL-102,Gurugram,DEL,neighbor,False,
2025-01-30 21:00:00,16.2,983.6,87,AWS-DEL-102,Gurugram,DEL,neighbor,False,
2025-01-30 22:00:00,15.7,983.8,89,AWS-DEL-102,Gurugram,DEL,neighbor,False,
2025-01-30 23:00:00,15.1,983.7,91,AWS-DEL-102,Gurugram,DEL,neighbor,False,
2025-01-31 00:00:00,14.8,983.1,91,AWS-DEL-102,Gurugram,DEL,neighbor,False,
2025-01-31 01:00:00,14.4,982.9,91,AWS-DEL-102,Gurugram,DEL,neighbor,False,
2025-01-31 02:00:00,13.3,982.7,94,AWS-DEL-102,Gurugram,DEL,neighbor,False,
2025-01-31 03:00:00,12.6,982.4,96,AWS-DEL-102,Gurugram,DEL,neighbor,False,
2025-01-31 04:00:00,12.3,982.1,96,AWS-DEL-102,Gurugram,DEL,neighbor,False,
2025-01-31 05:00:00,11.7,982.2,98,AWS-DEL-102,Gurugram,DEL,neighbor,False,
2025-01-31 06:00:00,11.2,983.0,100,AWS-DEL-102,Gurugram,DEL,neighbor,False,
2025-01-31 07:00:00,10.6,983.7,100,AWS-DEL-102,Gurugram,DEL,neighbor,False,
2025-01-31 08:00:00,12.2,984.8,98,AWS-DEL-102,Gurugram,DEL,neighbor,False,
2025-01-31 09:00:00,14.1,985.9,96,AWS-DEL-102,Gurugram,DEL,neighbor,False,
2025-01-31 10:00:00,16.5,986.5,88,AWS-DEL-102,Gurugram,DEL,neighbor,False,
2025-01-31 11:00:00,19.6,986.1,75,AWS-DEL-102,Gurugram,DEL,neighbor,False,
2025-01-31 12:00:00,22.1,985.4,64,AWS-DEL-102,Gurugram,DEL,neighbor,False,
2025-01-31 13:00:00,23.5,984.6,54,AWS-DEL-102,Gurugram,DEL,neighbor,False,
2025-01-31 14:00:00,24.4,984.1,44,AWS-DEL-102,Gurugram,DEL,neighbor,False,
2025-01-31 15:00:00,24.5,983.5,38,AWS-DEL-102,Gurugram,DEL,neighbor,False,
2025-01-31 16:00:00,23.6,983.3,40,AWS-DEL-102,Gurugram,DEL,neighbor,False,
2025-01-31 17:00:00,21.4,983.2,56,AWS-DEL-102,Gurugram,DEL,neighbor,False,
2025-01-31 18:00:00,19.3,983.6,78,AWS-DEL-102,Gurugram,DEL,neighbor,False,
2025-01-31 19:00:00,18.1,984.1,85,AWS-DEL-102,Gurugram,DEL,neighbor,False,
2025-01-31 20:00:00,17.3,984.5,89,AWS-DEL-102,Gurugram,DEL,neighbor,False,
2025-01-31 21:00:00,16.5,984.9,90,AWS-DEL-102,Gurugram,DEL,neighbor,False,
2025-01-31 22:00:00,16.3,985.4,88,AWS-DEL-102,Gurugram,DEL,neighbor,False,
2025-01-31 23:00:00,16.2,985.2,85,AWS-DEL-102,Gurugram,DEL,neighbor,False,
2025-02-01 00:00:00,15.8,984.8,86,AWS-DEL-102,Gurugram,DEL,neighbor,False,
2025-02-01 01:00:00,15.3,984.3,87,AWS-DEL-102,Gurugram,DEL,neighbor,False,
2025-02-01 02:00:00,14.8,984.1,85,AWS-DEL-102,Gurugram,DEL,neighbor,False,
2025-02-01 03:00:00,14.3,983.7,83,AWS-DEL-102,Gurugram,DEL,neighbor,False,
2025-02-01 04:00:00,13.8,983.9,83,AWS-DEL-102,Gurugram,DEL,neighbor,False,
2025-02-01 05:00:00,13.4,983.8,83,AWS-DEL-102,Gurugram,DEL,neighbor,False,
2025-02-01 06:00:00,12.3,985.1,95,AWS-DEL-102,Gurugram,DEL,neighbor,False,
2025-02-01 07:00:00,12.1,986.0,95,AWS-DEL-102,Gurugram,DEL,neighbor,False,
2025-02-01 08:00:00,13.8,986.9,89,AWS-DEL-102,Gurugram,DEL,neighbor,False,
2025-02-01 09:00:00,16.7,987.8,79,AWS-DEL-102,Gurugram,DEL,neighbor,False,
2025-02-01 10:00:00,19.6,988.5,68,AWS-DEL-102,Gurugram,DEL,neighbor,False,
2025-02-01 11:00:00,21.7,988.4,59,AWS-DEL-102,Gurugram,DEL,neighbor,False,
2025-02-01 12:00:00,23.0,987.9,51,AWS-DEL-102,Gurugram,DEL,neighbor,False,
2025-02-01 13:00:00,23.7,986.9,45,AWS-DEL-102,Gurugram,DEL,neighbor,False,
2025-02-01 14:00:00,24.0,986.1,42,AWS-DEL-102,Gurugram,DEL,neighbor,False,
2025-02-01 15:00:00,23.8,985.7,42,AWS-DEL-102,Gurugram,DEL,neighbor,False,
2025-02-01 16:00:00,23.2,985.5,45,AWS-DEL-102,Gurugram,DEL,neighbor,False,
2025-02-01 17:00:00,21.5,985.7,57,AWS-DEL-102,Gurugram,DEL,neighbor,False,
2025-02-01 18:00:00,19.5,986.0,74,AWS-DEL-102,Gurugram,DEL,neighbor,False,
2025-02-01 19:00:00,18.3,986.3,79,AWS-DEL-102,Gurugram,DEL,neighbor,False,
2025-02-01 20:00:00,16.7,987.6,84,AWS-DEL-102,Gurugram,DEL,neighbor,False,
2025-02-01 21:00:00,16.1,988.3,87,AWS-DEL-102,Gurugram,DEL,neighbor,False,
2025-02-01 22:00:00,16.4,987.9,85,AWS-DEL-102,Gurugram,DEL,neighbor,False,
2025-02-01 23:00:00,15.4,988.0,89,AWS-DEL-102,Gurugram,DEL,neighbor,False,
2025-02-02 00:00:00,15.0,987.9,91,AWS-DEL-102,Gurugram,DEL,neighbor,False,
2025-02-02 01:00:00,14.6,987.8,91,AWS-DEL-102,Gurugram,DEL,neighbor,False,
2025-02-02 02:00:00,14.4,987.4,91,AWS-DEL-102,Gurugram,DEL,neighbor,False,
2025-02-02 03:00:00,14.5,987.1,88,AWS-DEL-102,Gurugram,DEL,neighbor,False,
2025-02-02 04:00:00,14.5,987.1,86,AWS-DEL-102,Gurugram,DEL,neighbor,False,
2025-02-02 05:00:00,14.0,987.2,88,AWS-DEL-102,Gurugram,DEL,neighbor,False,
2025-02-02 06:00:00,12.7,988.0,96,AWS-DEL-102,Gurugram,DEL,neighbor,False,
2025-02-02 07:00:00,12.4,988.6,97,AWS-DEL-102,Gurugram,DEL,neighbor,False,
2025-02-02 08:00:00,13.6,989.8,93,AWS-DEL-102,Gurugram,DEL,neighbor,False,
2025-02-02 09:00:00,15.7,990.7,86,AWS-DEL-102,Gurugram,DEL,neighbor,False,
2025-02-02 10:00:00,18.2,991.3,76,AWS-DEL-102,Gurugram,DEL,neighbor,False,
2025-02-02 11:00:00,20.3,990.9,66,AWS-DEL-102,Gurugram,DEL,neighbor,False,
2025-02-02 12:00:00,21.6,990.1,57,AWS-DEL-102,Gurugram,DEL,neighbor,False,
2025-02-02 13:00:00,22.3,989.1,53,AWS-DEL-102,Gurugram,DEL,neighbor,False,
2025-02-02 14:00:00,22.6,988.3,50,AWS-DEL-102,Gurugram,DEL,neighbor,False,
2025-02-02 15:00:00,22.4,987.9,48,AWS-DEL-102,Gurugram,DEL,neighbor,False,
2025-02-02 16:00:00,21.6,987.8,51,AWS-DEL-102,Gurugram,DEL,neighbor,False,
2025-02-02 17:00:00,19.8,987.8,63,AWS-DEL-102,Gurugram,DEL,neighbor,False,
2025-02-02 18:00:00,17.7,987.9,76,AWS-DEL-102,Gurugram,DEL,neighbor,False,
2025-02-02 19:00:00,16.6,988.3,82,AWS-DEL-102,Gurugram,DEL,neighbor,False,
2025-02-02 20:00:00,15.7,988.9,86,AWS-DEL-102,Gurugram,DEL,neighbor,False,
2025-02-02 21:00:00,14.7,989.1,88,AWS-DEL-102,Gurugram,DEL,neighbor,False,
2025-02-02 22:00:00,14.1,989.2,88,AWS-DEL-102,Gurugram,DEL,neighbor,False,
2025-02-02 23:00:00,13.5,988.8,88,AWS-DEL-102,Gurugram,DEL,neighbor,False,
2025-02-03 00:00:00,12.6,988.2,89,AWS-DEL-102,Gurugram,DEL,neighbor,False,
2025-02-03 01:00:00,11.9,987.5,90,AWS-DEL-102,Gurugram,DEL,neighbor,False,
2025-02-03 02:00:00,11.3,987.1,90,AWS-DEL-102,Gurugram,DEL,neighbor,False,
2025-02-03 03:00:00,10.8,986.7,91,AWS-DEL-102,Gurugram,DEL,neighbor,False,
2025-02-03 04:00:00,10.3,986.6,92,AWS-DEL-102,Gurugram,DEL,neighbor,False,
2025-02-03 05:00:00,9.4,986.6,94,AWS-DEL-102,Gurugram,DEL,neighbor,False,
2025-02-03 06:00:00,9.6,987.4,99,AWS-DEL-102,Gurugram,DEL,neighbor,False,
2025-02-03 07:00:00,9.4,988.1,99,AWS-DEL-102,Gurugram,DEL,neighbor,False,
2025-02-03 08:00:00,10.8,989.0,95,AWS-DEL-102,Gurugram,DEL,neighbor,False,
2025-02-03 09:00:00,13.6,989.8,85,AWS-DEL-102,Gurugram,DEL,neighbor,False,
2025-02-03 10:00:00,16.4,990.2,73,AWS-DEL-102,Gurugram,DEL,neighbor,False,
2025-02-03 11:00:00,19.0,989.5,57,AWS-DEL-102,Gurugram,DEL,neighbor,False,
2025-02-03 12:00:00,20.5,988.3,47,AWS-DEL-102,Gurugram,DEL,neighbor,False,
2025-02-03 13:00:00,21.4,987.4,44,AWS-DEL-102,Gurugram,DEL,neighbor,False,
2025-02-03 14:00:00,21.8,986.7,43,AWS-DEL-102,Gurugram,DEL,neighbor,False,
2025-02-03 15:00:00,21.8,986.5,43,AWS-DEL-102,Gurugram,DEL,neighbor,False,
2025-02-03 16:00:00,21.3,986.4,46,AWS-DEL-102,Gurugram,DEL,neighbor,False,
2025-02-03 17:00:00,19.7,986.5,66,AWS-DEL-102,Gurugram,DEL,neighbor,False,
2025-02-03 18:00:00,17.5,987.2,67,AWS-DEL-102,Gurugram,DEL,neighbor,False,
2025-02-03 19:00:00,16.9,987.8,66,AWS-DEL-102,Gurugram,DEL,neighbor,False,
2025-02-03 20:00:00,16.3,988.3,68,AWS-DEL-102,Gurugram,DEL,neighbor,False,
2025-02-03 21:00:00,15.9,988.4,70,AWS-DEL-102,Gurugram,DEL,neighbor,False,
2025-02-03 22:00:00,15.5,988.3,71,AWS-DEL-102,Gurugram,DEL,neighbor,False,
2025-02-03 23:00:00,14.7,988.5,72,AWS-DEL-102,Gurugram,DEL,neighbor,False,
2025-02-04 00:00:00,14.1,987.9,75,AWS-DEL-102,Gurugram,DEL,neighbor,False,
2025-02-04 01:00:00,14.2,987.6,75,AWS-DEL-102,Gurugram,DEL,neighbor,False,
2025-02-04 02:00:00,13.4,987.4,79,AWS-DEL-102,Gurugram,DEL,neighbor,False,
2025-02-04 03:00:00,13.2,987.0,80,AWS-DEL-102,Gurugram,DEL,neighbor,False,
2025-02-04 04:00:00,13.4,986.7,79,AWS-DEL-102,Gurugram,DEL,neighbor,False,
2025-02-04 05:00:00,13.0,987.2,78,AWS-DEL-102,Gurugram,DEL,neighbor,False,
2025-02-04 06:00:00,14.4,988.3,77,AWS-DEL-102,Gurugram,DEL,neighbor,False,
2025-02-04 07:00:00,14.4,988.8,76,AWS-DEL-102,Gurugram,DEL,neighbor,False,
2025-02-04 08:00:00,15.3,989.3,72,AWS-DEL-102,Gurugram,DEL,neighbor,False,
2025-02-04 09:00:00,16.3,990.3,70,AWS-DEL-102,Gurugram,DEL,neighbor,False,
2025-02-04 10:00:00,18.5,990.7,61,AWS-DEL-102,Gurugram,DEL,neighbor,False,
2025-02-04 11:00:00,20.1,990.1,57,AWS-DEL-102,Gurugram,DEL,neighbor,False,
2025-02-04 12:00:00,21.3,989.1,58,AWS-DEL-102,Gurugram,DEL,neighbor,False,
2025-02-04 13:00:00,22.0,987.8,58,AWS-DEL-102,Gurugram,DEL,neighbor,False,
2025-02-04 14:00:00,22.6,987.0,57,AWS-DEL-102,Gurugram,DEL,neighbor,False,
2025-02-04 15:00:00,22.0,986.8,62,AWS-DEL-102,Gurugram,DEL,neighbor,False,
2025-02-04 16:00:00,21.8,986.4,64,AWS-DEL-102,Gurugram,DEL,neighbor,False,
2025-02-04 17:00:00,20.7,986.1,72,AWS-DEL-102,Gurugram,DEL,neighbor,False,
2025-02-04 18:00:00,18.7,986.4,82,AWS-DEL-102,Gurugram,DEL,neighbor,False,
2025-02-04 19:00:00,17.9,986.8,86,AWS-DEL-102,Gurugram,DEL,neighbor,False,
2025-02-04 20:00:00,17.4,986.9,90,AWS-DEL-102,Gurugram,DEL,neighbor,False,
2025-02-04 21:00:00,16.8,987.0,92,AWS-DEL-102,Gurugram,DEL,neighbor,False,
2025-02-04 22:00:00,16.4,986.8,92,AWS-DEL-102,Gurugram,DEL,neighbor,False,
2025-02-04 23:00:00,15.2,987.3,94,AWS-DEL-102,Gurugram,DEL,neighbor,False,
2025-02-05 00:00:00,14.5,987.0,96,AWS-DEL-102,Gurugram,DEL,neighbor,False,
2025-02-05 01:00:00,14.0,986.9,96,AWS-DEL-102,Gurugram,DEL,neighbor,False,
2025-02-05 02:00:00,13.7,986.5,96,AWS-DEL-102,Gurugram,DEL,neighbor,False,
2025-02-05 03:00:00,13.2,986.4,99,AWS-DEL-102,Gurugram,DEL,neighbor,False,
2025-02-05 04:00:00,12.4,986.7,100,AWS-DEL-102,Gurugram,DEL,neighbor,False,
2025-02-05 05:00:00,11.8,987.1,100,AWS-DEL-102,Gurugram,DEL,neighbor,False,
2025-02-05 06:00:00,10.8,987.7,99,AWS-DEL-102,Gurugram,DEL,neighbor,False,
2025-02-05 07:00:00,10.5,988.4,99,AWS-DEL-102,Gurugram,DEL,neighbor,False,
2025-02-05 08:00:00,11.9,989.4,93,AWS-DEL-102,Gurugram,DEL,neighbor,False,
2025-02-05 09:00:00,14.0,990.5,85,AWS-DEL-102,Gurugram,DEL,neighbor,False,
2025-02-05 10:00:00,16.4,991.1,73,AWS-DEL-102,Gurugram,DEL,neighbor,False,
2025-02-05 11:00:00,18.5,991.0,62,AWS-DEL-102,Gurugram,DEL,neighbor,False,
2025-02-05 12:00:00,20.0,990.1,49,AWS-DEL-102,Gurugram,DEL,neighbor,False,
2025-02-05 13:00:00,20.6,989.4,41,AWS-DEL-102,Gurugram,DEL,neighbor,False,
2025-02-05 14:00:00,20.8,988.7,37,AWS-DEL-102,Gurugram,DEL,neighbor,False,
2025-02-05 15:00:00,20.5,988.4,38,AWS-DEL-102,Gurugram,DEL,neighbor,False,
2025-02-05 16:00:00,19.9,988.4,40,AWS-DEL-102,Gurugram,DEL,neighbor,False,
2025-02-05 17:00:00,18.0,988.4,55,AWS-DEL-102,Gurugram,DEL,neighbor,False,
2025-02-05 18:00:00,16.4,988.8,62,AWS-DEL-102,Gurugram,DEL,neighbor,False,
2025-02-05 19:00:00,15.1,989.4,66,AWS-DEL-102,Gurugram,DEL,neighbor,False,
2025-02-05 20:00:00,13.9,989.7,72,AWS-DEL-102,Gurugram,DEL,neighbor,False,
2025-02-05 21:00:00,12.6,990.2,78,AWS-DEL-102,Gurugram,DEL,neighbor,False,
2025-02-05 22:00:00,11.7,990.6,79,AWS-DEL-102,Gurugram,DEL,neighbor,False,
2025-02-05 23:00:00,11.6,990.3,77,AWS-DEL-102,Gurugram,DEL,neighbor,False,
2025-02-06 00:00:00,11.2,990.0,76,AWS-DEL-102,Gurugram,DEL,neighbor,False,
2025-02-06 01:00:00,11.6,989.8,67,AWS-DEL-102,Gurugram,DEL,neighbor,False,
2025-02-06 02:00:00,11.5,989.3,66,AWS-DEL-102,Gurugram,DEL,neighbor,False,
2025-02-06 03:00:00,11.3,989.0,66,AWS-DEL-102,Gurugram,DEL,neighbor,False,
2025-02-06 04:00:00,11.3,988.9,65,AWS-DEL-102,Gurugram,DEL,neighbor,False,
2025-02-06 05:00:00,11.1,989.0,66,AWS-DEL-102,Gurugram,DEL,neighbor,False,
2025-02-06 06:00:00,10.3,990.2,81,AWS-DEL-102,Gurugram,DEL,neighbor,False,
2025-02-06 07:00:00,10.0,990.8,82,AWS-DEL-102,Gurugram,DEL,neighbor,False,
2025-02-06 08:00:00,11.6,991.6,76,AWS-DEL-102,Gurugram,DEL,neighbor,False,
2025-02-06 09:00:00,14.2,992.3,69,AWS-DEL-102,Gurugram,DEL,neighbor,False,
2025-02-06 10:00:00,17.1,992.8,62,AWS-DEL-102,Gurugram,DEL,neighbor,False,
2025-02-06 11:00:00,19.1,992.4,48,AWS-DEL-102,Gurugram,DEL,neighbor,False,
2025-02-06 12:00:00,20.2,991.4,35,AWS-DEL-102,Gurugram,DEL,neighbor,False,
2025-02-06 13:00:00,20.6,990.4,31,AWS-DEL-102,Gurugram,DEL,neighbor,False,
2025-02-06 14:00:00,20.5,989.7,33,AWS-DEL-102,Gurugram,DEL,neighbor,False,
2025-02-06 15:00:00,20.1,989.2,35,AWS-DEL-102,Gurugram,DEL,neighbor,False,
2025-02-06 16:00:00,19.2,989.0,40,AWS-DEL-102,Gurugram,DEL,neighbor,False,
2025-02-06 17:00:00,17.4,988.9,52,AWS-DEL-102,Gurugram,DEL,neighbor,False,
2025-02-06 18:00:00,15.8,989.1,59,AWS-DEL-102,Gurugram,DEL,neighbor,False,
2025-02-06 19:00:00,14.6,989.8,60,AWS-DEL-102,Gurugram,DEL,neighbor,False,
2025-02-06 20:00:00,13.7,990.3,61,AWS-DEL-102,Gurugram,DEL,neighbor,False,
2025-02-06 21:00:00,12.9,990.7,63,AWS-DEL-102,Gurugram,DEL,neighbor,False,
2025-02-06 22:00:00,12.3,990.7,63,AWS-DEL-102,Gurugram,DEL,neighbor,False,
2025-02-06 23:00:00,11.8,990.8,63,AWS-DEL-102,Gurugram,DEL,neighbor,False,
2025-02-07 00:00:00,11.5,990.8,64,AWS-DEL-102,Gurugram,DEL,neighbor,False,
2025-02-07 01:00:00,11.0,990.3,66,AWS-DEL-102,Gurugram,DEL,neighbor,False,
2025-02-07 02:00:00,10.6,989.9,68,AWS-DEL-102,Gurugram,DEL,neighbor,False,
2025-02-07 03:00:00,10.0,989.5,70,AWS-DEL-102,Gurugram,DEL,neighbor,False,
2025-02-07 04:00:00,9.5,989.5,72,AWS-DEL-102,Gurugram,DEL,neighbor,False,
2025-02-07 05:00:00,9.0,989.6,74,AWS-DEL-102,Gurugram,DEL,neighbor,False,
2025-02-07 06:00:00,9.3,990.1,79,AWS-DEL-102,Gurugram,DEL,neighbor,False,
2025-02-07 07:00:00,9.2,990.5,77,AWS-DEL-102,Gurugram,DEL,neighbor,False,
2025-02-07 08:00:00,10.8,991.2,72,AWS-DEL-102,Gurugram,DEL,neighbor,False,
2025-02-07 09:00:00,13.3,991.9,65,AWS-DEL-102,Gurugram,DEL,neighbor,False,
2025-02-07 10:00:00,15.7,992.1,58,AWS-DEL-102,Gurugram,DEL,neighbor,False,
2025-02-07 11:00:00,17.7,991.8,51,AWS-DEL-102,Gurugram,DEL,neighbor,False,
2025-02-07 12:00:00,19.1,991.3,46,AWS-DEL-102,Gurugram,DEL,neighbor,False,
2025-02-07 13:00:00,20.0,990.5,39,AWS-DEL-102,Gurugram,DEL,neighbor,False,
2025-02-07 14:00:00,20.2,989.7,36,AWS-DEL-102,Gurugram,DEL,neighbor,False,
2025-02-07 15:00:00,20.0,989.3,37,AWS-DEL-102,Gurugram,DEL,neighbor,False,
2025-02-07 16:00:00,19.4,989.0,39,AWS-DEL-102,Gurugram,DEL,neighbor,False,
2025-02-07 17:00:00,17.6,988.8,48,AWS-DEL-102,Gurugram,DEL,neighbor,False,
2025-02-07 18:00:00,16.1,988.9,53,AWS-DEL-102,Gurugram,DEL,neighbor,False,
2025-02-07 19:00:00,15.0,989.6,55,AWS-DEL-102,Gurugram,DEL,neighbor,False,
2025-02-07 20:00:00,14.2,989.9,55,AWS-DEL-102,Gurugram,DEL,neighbor,False,
2025-02-07 21:00:00,13.5,989.9,56,AWS-DEL-102,Gurugram,DEL,neighbor,False,
2025-02-07 22:00:00,12.9,989.8,58,AWS-DEL-102,Gurugram,DEL,neighbor,False,
2025-02-07 23:00:00,12.3,989.6,60,AWS-DEL-102,Gurugram,DEL,neighbor,False,
2025-02-08 00:00:00,12.1,988.5,61,AWS-DEL-102,Gurugram,DEL,neighbor,False,
2025-02-08 01:00:00,11.5,988.2,63,AWS-DEL-102,Gurugram,DEL,neighbor,False,
2025-02-08 02:00:00,11.4,987.5,63,AWS-DEL-102,Gurugram,DEL,neighbor,False,
2025-02-08 03:00:00,11.0,987.4,65,AWS-DEL-102,Gurugram,DEL,neighbor,False,
2025-02-08 04:00:00,10.8,987.2,65,AWS-DEL-102,Gurugram,DEL,neighbor,False,
2025-02-08 05:00:00,10.2,987.4,67,AWS-DEL-102,Gurugram,DEL,neighbor,False,
2025-02-08 06:00:00,9.8,988.5,73,AWS-DEL-102,Gurugram,DEL,neighbor,False,
2025-02-08 07:00:00,9.7,989.2,73,AWS-DEL-102,Gurugram,DEL,neighbor,False,
2025-02-08 08:00:00,11.1,990.2,68,AWS-DEL-102,Gurugram,DEL,neighbor,False,
2025-02-08 09:00:00,13.6,991.0,62,AWS-DEL-102,Gurugram,DEL,neighbor,False,
2025-02-08 10:00:00,16.4,991.6,55,AWS-DEL-102,Gurugram,DEL,neighbor,False,
2025-02-08 11:00:00,18.9,991.3,49,AWS-DEL-102,Gurugram,DEL,neighbor,False,
2025-02-08 12:00:00,20.7,990.3,44,AWS-DEL-102,Gurugram,DEL,neighbor,False,
2025-02-08 13:00:00,21.8,989.1,39,AWS-DEL-102,Gurugram,DEL,neighbor,False,
2025-02-08 14:00:00,22.2,988.2,38,AWS-DEL-102,Gurugram,DEL,neighbor,False,
2025-02-08 15:00:00,22.0,987.7,40,AWS-DEL-102,Gurugram,DEL,neighbor,False,
2025-02-08 16:00:00,21.3,987.4,43,AWS-DEL-102,Gurugram,DEL,neighbor,False,
2025-02-08 17:00:00,19.6,987.3,57,AWS-DEL-102,Gurugram,DEL,neighbor,False,
2025-02-08 18:00:00,18.1,987.5,64,AWS-DEL-102,Gurugram,DEL,neighbor,False,
2025-02-08 19:00:00,16.4,988.4,74,AWS-DEL-102,Gurugram,DEL,neighbor,False,
2025-02-08 20:00:00,15.3,988.8,76,AWS-DEL-102,Gurugram,DEL,neighbor,False,
2025-02-08 21:00:00,14.8,989.1,72,AWS-DEL-102,Gurugram,DEL,neighbor,False,
2025-02-08 22:00:00,14.2,989.4,73,AWS-DEL-102,Gurugram,DEL,neighbor,False,
2025-02-08 23:00:00,13.6,989.2,74,AWS-DEL-102,Gurugram,DEL,neighbor,False,
2025-02-09 00:00:00,13.0,988.8,75,AWS-DEL-102,Gurugram,DEL,neighbor,False,
2025-02-09 01:00:00,12.5,988.2,76,AWS-DEL-102,Gurugram,DEL,neighbor,False,
2025-02-09 02:00:00,11.9,987.6,79,AWS-DEL-102,Gurugram,DEL,neighbor,False,
2025-02-09 03:00:00,10.9,987.2,83,AWS-DEL-102,Gurugram,DEL,neighbor,False,
2025-02-09 04:00:00,10.1,987.0,85,AWS-DEL-102,Gurugram,DEL,neighbor,False,
2025-02-09 05:00:00,9.5,986.8,86,AWS-DEL-102,Gurugram,DEL,neighbor,False,
2025-02-09 06:00:00,8.8,987.5,91,AWS-DEL-102,Gurugram,DEL,neighbor,False,
2025-02-09 07:00:00,8.6,988.0,92,AWS-DEL-102,Gurugram,DEL,neighbor,False,
2025-02-09 08:00:00,10.8,989.0,84,AWS-DEL-102,Gurugram,DEL,neighbor,False,
2025-02-09 09:00:00,14.4,990.1,70,AWS-DEL-102,Gurugram,DEL,neighbor,False,
2025-02-09 10:00:00,17.9,990.5,58,AWS-DEL-102,Gurugram,DEL,neighbor,False,
2025-02-09 11:00:00,20.5,990.1,47,AWS-DEL-102,Gurugram,DEL,neighbor,False,
2025-02-09 12:00:00,22.3,989.2,40,AWS-DEL-102,Gurugram,DEL,neighbor,False,
2025-02-09 13:00:00,23.3,988.2,36,AWS-DEL-102,Gurugram,DEL,neighbor,False,
2025-02-09 14:00:00,23.7,987.3,35,AWS-DEL-102,Gurugram,DEL,neighbor,False,
2025-02-09 15:00:00,23.5,986.8,37,AWS-DEL-102,Gurugram,DEL,neighbor,False,
2025-02-09 16:00:00,22.8,986.6,40,AWS-DEL-102,Gurugram,DEL,neighbor,False,
2025-02-09 17:00:00,21.0,986.2,51,AWS-DEL-102,Gurugram,DEL,neighbor,False,
2025-02-09 18:00:00,18.8,986.3,67,AWS-DEL-102,Gurugram,DEL,neighbor,False,
2025-02-09 19:00:00,17.3,986.6,73,AWS-DEL-102,Gurugram,DEL,neighbor,False,
2025-02-09 20:00:00,16.2,987.0,76,AWS-DEL-102,Gurugram,DEL,neighbor,False,
2025-02-09 21:00:00,15.5,987.4,78,AWS-DEL-102,Gurugram,DEL,neighbor,False,
2025-02-09 22:00:00,14.3,987.2,83,AWS-DEL-102,Gurugram,DEL,neighbor,False,
2025-02-09 23:00:00,13.6,986.8,85,AWS-DEL-102,Gurugram,DEL,neighbor,False,
2025-02-10 00:00:00,13.2,986.5,85,AWS-DEL-102,Gurugram,DEL,neighbor,False,
2025-02-10 01:00:00,12.4,986.1,88,AWS-DEL-102,Gurugram,DEL,neighbor,False,
2025-02-10 02:00:00,11.1,985.7,93,AWS-DEL-102,Gurugram,DEL,neighbor,False,
2025-02-10 03:00:00,10.4,985.4,96,AWS-DEL-102,Gurugram,DEL,neighbor,False,
2025-02-10 04:00:00,9.8,985.0,98,AWS-DEL-102,Gurugram,DEL,neighbor,False,
2025-02-10 05:00:00,9.2,985.0,100,AWS-DEL-102,Gurugram,DEL,neighbor,False,
2025-02-10 06:00:00,9.2,986.5,99,AWS-DEL-102,Gurugram,DEL,neighbor,False,
2025-02-10 07:00:00,9.2,986.9,98,AWS-DEL-102,Gurugram,DEL,neighbor,False,
2025-02-10 08:00:00,11.9,988.1,87,AWS-DEL-102,Gurugram,DEL,neighbor,False,
2025-02-10 09:00:00,16.1,989.4,71,AWS-DEL-102,Gurugram,DEL,neighbor,False,
2025-02-10 10:00:00,19.8,990.0,56,AWS-DEL-102,Gurugram,DEL,neighbor,False,
2025-02-10 11:00:00,22.7,989.9,43,AWS-DEL-102,Gurugram,DEL,neighbor,False,
2025-02-10 12:00:00,24.3,989.1,37,AWS-DEL-102,Gurugram,DEL,neighbor,False,
2025-02-10 13:00:00,25.0,988.1,36,AWS-DEL-102,Gurugram,DEL,neighbor,False,
2025-02-10 14:00:00,25.1,987.3,36,AWS-DEL-102,Gurugram,DEL,neighbor,False,
2025-02-10 15:00:00,25.2,986.8,36,AWS-DEL-102,Gurugram,DEL,neighbor,False,
2025-02-10 16:00:00,24.6,986.6,37,AWS-DEL-102,Gurugram,DEL,neighbor,False,
2025-02-10 17:00:00,22.8,986.4,47,AWS-DEL-102,Gurugram,DEL,neighbor,False,
2025-02-10 18:00:00,20.1,986.3,66,AWS-DEL-102,Gurugram,DEL,neighbor,False,
2025-02-10 19:00:00,18.9,986.8,68,AWS-DEL-102,Gurugram,DEL,neighbor,False,
2025-02-10 20:00:00,18.4,987.2,64,AWS-DEL-102,Gurugram,DEL,neighbor,False,
2025-02-10 21:00:00,17.5,987.4,68,AWS-DEL-102,Gurugram,DEL,neighbor,False,
2025-02-10 22:00:00,16.6,987.8,75,AWS-DEL-102,Gurugram,DEL,neighbor,False,
2025-02-10 23:00:00,15.9,987.6,78,AWS-DEL-102,Gurugram,DEL,neighbor,False,
2025-02-11 00:00:00,14.8,987.0,83,AWS-DEL-102,Gurugram,DEL,neighbor,False,
2025-02-11 01:00:00,14.3,986.4,85,AWS-DEL-102,Gurugram,DEL,neighbor,False,
2025-02-11 02:00:00,13.5,985.7,88,AWS-DEL-102,Gurugram,DEL,neighbor,False,
2025-02-11 03:00:00,13.0,985.6,90,AWS-DEL-102,Gurugram,DEL,neighbor,False,
2025-02-11 04:00:00,12.4,985.5,90,AWS-DEL-102,Gurugram,DEL,neighbor,False,
2025-02-11 05:00:00,12.0,985.7,89,AWS-DEL-102,Gurugram,DEL,neighbor,False,
2025-02-11 06:00:00,11.5,986.3,88,AWS-DEL-102,Gurugram,DEL,neighbor,False,
2025-02-11 07:00:00,11.2,986.7,90,AWS-DEL-102,Gurugram,DEL,neighbor,False,
2025-02-11 08:00:00,13.5,987.7,80,AWS-DEL-102,Gurugram,DEL,neighbor,False,
2025-02-11 09:00:00,17.7,988.7,65,AWS-DEL-102,Gurugram,DEL,neighbor,False,
2025-02-11 10:00:00,21.5,989.5,52,AWS-DEL-102,Gurugram,DEL,neighbor,False,
2025-02-11 11:00:00,24.0,989.1,46,AWS-DEL-102,Gurugram,DEL,neighbor,False,
2025-02-11 12:00:00,25.6,988.3,42,AWS-DEL-102,Gurugram,DEL,neighbor,False,
2025-02-11 13:00:00,26.4,987.3,39,AWS-DEL-102,Gurugram,DEL,neighbor,False,
2025-02-11 14:00:00,26.6,986.3,39,AWS-DEL-102,Gurugram,DEL,neighbor,False,
2025-02-11 15:00:00,26.3,985.7,40,AWS-DEL-102,Gurugram,DEL,neighbor,False,
2025-02-11 16:00:00,25.4,985.5,43,AWS-DEL-102,Gurugram,DEL,neighbor,False,
2025-02-11 17:00:00,23.3,985.4,56,AWS-DEL-102,Gurugram,DEL,neighbor,False,
2025-02-11 18:00:00,21.5,985.2,57,AWS-DEL-102,Gurugram,DEL,neighbor,False,
2025-02-11 19:00:00,19.9,985.5,65,AWS-DEL-102,Gurugram,DEL,neighbor,False,
2025-02-11 20:00:00,19.6,985.9,63,AWS-DEL-102,Gurugram,DEL,neighbor,False,
2025-02-11 21:00:00,19.2,986.2,64,AWS-DEL-102,Gurugram,DEL,neighbor,False,
2025-02-11 22:00:00,17.9,986.8,68,AWS-DEL-102,Gurugram,DEL,neighbor,False,
2025-02-11 23:00:00,16.8,986.7,74,AWS-DEL-102,Gurugram,DEL,neighbor,False,
2025-02-12 00:00:00,16.3,986.4,77,AWS-DEL-102,Gurugram,DEL,neighbor,False,
2025-02-12 01:00:00,15.6,986.0,80,AWS-DEL-102,Gurugram,DEL,neighbor,False,
2025-02-12 02:00:00,15.2,985.8,79,AWS-DEL-102,Gurugram,DEL,neighbor,False,
2025-02-12 03:00:00,14.1,985.4,82,AWS-DEL-102,Gurugram,DEL,neighbor,False,
2025-02-12 04:00:00,12.9,985.5,85,AWS-DEL-102,Gurugram,DEL,neighbor,False,
2025-02-12 05:00:00,12.1,986.0,85,AWS-DEL-102,Gurugram,DEL,neighbor,False,
2025-02-12 06:00:00,12.0,986.7,95,AWS-DEL-102,Gurugram,DEL,neighbor,False,
2025-02-12 07:00:00,11.8,987.4,92,AWS-DEL-102,Gurugram,DEL,neighbor,False,
2025-02-12 08:00:00,13.5,988.6,83,AWS-DEL-102,Gurugram,DEL,neighbor,False,
2025-02-12 09:00:00,16.2,989.9,71,AWS-DEL-102,Gurugram,DEL,neighbor,False,
2025-02-12 10:00:00,19.0,990.1,61,AWS-DEL-102,Gurugram,DEL,neighbor,False,
2025-02-12 11:00:00,21.5,990.0,52,AWS-DEL-102,Gurugram,DEL,neighbor,False,
2025-02-12 12:00:00,23.4,989.4,40,AWS-DEL-102,Gurugram,DEL,neighbor,False,
2025-02-12 13:00:00,24.0,988.4,31,AWS-DEL-102,Gurugram,DEL,neighbor,False,
2025-02-12 14:00:00,24.0,987.4,30,AWS-DEL-102,Gurugram,DEL,neighbor,False,
2025-02-12 15:00:00,23.6,987.5,33,AWS-DEL-102,Gurugram,DEL,neighbor,False,
2025-02-12 16:00:00,22.8,987.5,36,AWS-DEL-102,Gurugram,DEL,neighbor,False,
2025-02-12 17:00:00,20.9,987.5,48,AWS-DEL-102,Gurugram,DEL,neighbor,False,
2025-02-12 18:00:00,19.2,988.0,55,AWS-DEL-102,Gurugram,DEL,neighbor,False,
2025-02-12 19:00:00,18.3,988.5,53,AWS-DEL-102,Gurugram,DEL,neighbor,False,
2025-02-12 20:00:00,18.0,988.9,50,AWS-DEL-102,Gurugram,DEL,neighbor,False,
2025-02-12 21:00:00,17.7,989.0,47,AWS-DEL-102,Gurugram,DEL,neighbor,False,
2025-02-12 22:00:00,17.0,989.3,46,AWS-DEL-102,Gurugram,DEL,neighbor,False,
2025-02-12 23:00:00,16.2,989.0,46,AWS-DEL-102,Gurugram,DEL,neighbor,False,
2025-02-13 00:00:00,15.6,988.6,47,AWS-DEL-102,Gurugram,DEL,neighbor,False,
2025-02-13 01:00:00,14.9,988.5,50,AWS-DEL-102,Gurugram,DEL,neighbor,False,
2025-02-13 02:00:00,13.9,988.2,55,AWS-DEL-102,Gurugram,DEL,neighbor,False,
2025-02-13 03:00:00,13.2,987.6,58,AWS-DEL-102,Gurugram,DEL,neighbor,False,
2025-02-13 04:00:00,12.6,987.3,60,AWS-DEL-102,Gurugram,DEL,neighbor,False,
2025-02-13 05:00:00,11.7,987.6,64,AWS-DEL-102,Gurugram,DEL,neighbor,False,
2025-02-13 06:00:00,11.6,987.7,77,AWS-DEL-102,Gurugram,DEL,neighbor,False,
2025-02-13 07:00:00,11.3,988.6,79,AWS-DEL-102,Gurugram,DEL,neighbor,False,
2025-02-13 08:00:00,12.7,989.7,76,AWS-DEL-102,Gurugram,DEL,neighbor,False,
2025-02-13 09:00:00,15.3,990.6,68,AWS-DEL-102,Gurugram,DEL,neighbor,False,
2025-02-13 10:00:00,17.9,990.8,60,AWS-DEL-102,Gurugram,DEL,neighbor,False,
2025-02-13 11:00:00,20.1,990.6,48,AWS-DEL-102,Gurugram,DEL,neighbor,False,
2025-02-13 12:00:00,21.5,989.6,42,AWS-DEL-102,Gurugram,DEL,neighbor,False,
2025-02-13 13:00:00,22.2,988.5,37,AWS-DEL-102,Gurugram,DEL,neighbor,False,
2025-02-13 14:00:00,22.5,987.8,37,AWS-DEL-102,Gurugram,DEL,neighbor,False,
2025-02-13 15:00:00,22.3,987.1,37,AWS-DEL-102,Gurugram,DEL,neighbor,False,
2025-02-13 16:00:00,21.6,987.0,39,AWS-DEL-102,Gurugram,DEL,neighbor,False,
2025-02-13 17:00:00,19.9,987.0,49,AWS-DEL-102,Gurugram,DEL,neighbor,False,
2025-02-13 18:00:00,18.2,987.4,59,AWS-DEL-102,Gurugram,DEL,neighbor,False,
2025-02-13 19:00:00,17.0,987.8,59,AWS-DEL-102,Gurugram,DEL,neighbor,False,
2025-02-13 20:00:00,16.4,988.2,56,AWS-DEL-102,Gurugram,DEL,neighbor,False,
2025-02-13 21:00:00,15.9,988.1,52,AWS-DEL-102,Gurugram,DEL,neighbor,False,
2025-02-13 22:00:00,15.4,988.1,49,AWS-DEL-102,Gurugram,DEL,neighbor,False,
2025-02-13 23:00:00,14.7,987.8,49,AWS-DEL-102,Gurugram,DEL,neighbor,False,
2025-02-14 00:00:00,13.7,987.2,52,AWS-DEL-102,Gurugram,DEL,neighbor,False,
2025-02-14 01:00:00,13.0,986.9,54,AWS-DEL-102,Gurugram,DEL,neighbor,False,
2025-02-14 02:00:00,12.2,986.6,57,AWS-DEL-102,Gurugram,DEL,neighbor,False,
2025-02-14 03:00:00,11.5,986.3,59,AWS-DEL-102,Gurugram,DEL,neighbor,False,
2025-02-14 04:00:00,10.9,986.0,62,AWS-DEL-102,Gurugram,DEL,neighbor,False,
2025-02-14 05:00:00,10.4,985.8,65,AWS-DEL-102,Gurugram,DEL,neighbor,False,
2025-02-14 06:00:00,9.9,986.8,72,AWS-DEL-102,Gurugram,DEL,neighbor,False,
2025-02-14 07:00:00,10.0,987.2,72,AWS-DEL-102,Gurugram,DEL,neighbor,False,
2025-02-14 08:00:00,12.0,988.1,66,AWS-DEL-102,Gurugram,DEL,neighbor,False,
2025-02-14 09:00:00,15.1,989.2,58,AWS-DEL-102,Gurugram,DEL,neighbor,False,
2025-02-14 10:00:00,17.9,989.5,50,AWS-DEL-102,Gurugram,DEL,neighbor,False,
2025-02-14 11:00:00,20.2,989.0,45,AWS-DEL-102,Gurugram,DEL,neighbor,False,
2025-02-14 12:00:00,21.8,987.9,39,AWS-DEL-102,Gurugram,DEL,neighbor,False,
2025-02-14 13:00:00,22.8,986.7,36,AWS-DEL-102,Gurugram,DEL,neighbor,False,
2025-02-14 14:00:00,23.2,985.9,38,AWS-DEL-102,Gurugram,DEL,neighbor,False,
2025-02-14 15:00:00,23.1,985.1,39,AWS-DEL-102,Gurugram,DEL,neighbor,False,
2025-02-14 16:00:00,22.6,984.7,43,AWS-DEL-102,Gurugram,DEL,neighbor,False,
2025-02-14 17:00:00,21.1,984.6,52,AWS-DEL-102,Gurugram,DEL,neighbor,False,
2025-02-14 18:00:00,19.8,984.5,60,AWS-DEL-102,Gurugram,DEL,neighbor,False,
2025-02-14 19:00:00,18.6,985.1,64,AWS-DEL-102,Gurugram,DEL,neighbor,False,
2025-02-14 20:00:00,17.4,985.5,67,AWS-DEL-102,Gurugram,DEL,neighbor,False,
2025-02-14 21:00:00,16.1,985.7,71,AWS-DEL-102,Gurugram,DEL,neighbor,False,
2025-02-14 22:00:00,16.2,985.8,67,AWS-DEL-102,Gurugram,DEL,neighbor,False,
2025-02-14 23:00:00,15.3,985.2,69,AWS-DEL-102,Gurugram,DEL,neighbor,False,
2025-02-15 00:00:00,14.4,984.2,72,AWS-DEL-102,Gurugram,DEL,neighbor,False,
2025-02-15 01:00:00,13.4,983.7,77,AWS-DEL-102,Gurugram,DEL,neighbor,False,
2025-02-15 02:00:00,13.3,983.0,75,AWS-DEL-102,Gurugram,DEL,neighbor,False,
2025-02-15 03:00:00,12.9,982.5,77,AWS-DEL-102,Gurugram,DEL,neighbor,False,
2025-02-15 04:00:00,12.4,982.1,78,AWS-DEL-102,Gurugram,DEL,neighbor,False,
2025-02-15 05:00:00,12.1,982.0,77,AWS-DEL-102,Gurugram,DEL,neighbor,False,
2025-02-15 06:00:00,11.7,983.3,80,AWS-DEL-102,Gurugram,DEL,neighbor,False,
2025-02-15 07:00:00,11.9,984.1,78,AWS-DEL-102,Gurugram,DEL,neighbor,False,
2025-02-15 08:00:00,14.6,984.9,67,AWS-DEL-102,Gurugram,DEL,neighbor,False,
2025-02-15 09:00:00,18.9,985.9,49,AWS-DEL-102,Gurugram,DEL,neighbor,False,
2025-02-15 10:00:00,22.1,986.2,38,AWS-DEL-102,Gurugram,DEL,neighbor,False,
2025-02-15 11:00:00,24.4,985.8,31,AWS-DEL-102,Gurugram,DEL,neighbor,False,
2025-02-15 12:00:00,25.8,985.1,28,AWS-DEL-102,Gurugram,DEL,neighbor,False,
2025-02-15 13:00:00,26.3,984.2,27,AWS-DEL-102,Gurugram,DEL,neighbor,False,
2025-02-15 14:00:00,26.2,983.4,26,AWS-DEL-102,Gurugram,DEL,neighbor,False,
2025-02-15 15:00:00,25.9,982.9,27,AWS-DEL-102,Gurugram,DEL,neighbor,False,
2025-02-15 16:00:00,25.2,983.1,28,AWS-DEL-102,Gurugram,DEL,neighbor,False,
2025-02-15 17:00:00,23.8,983.4,31,AWS-DEL-102,Gurugram,DEL,neighbor,False,
2025-02-15 18:00:00,21.5,983.5,51,AWS-DEL-102,Gurugram,DEL,neighbor,False,
2025-02-15 19:00:00,19.8,984.3,56,AWS-DEL-102,Gurugram,DEL,neighbor,False,
2025-02-15 20:00:00,19.1,985.0,53,AWS-DEL-102,Gurugram,DEL,neighbor,False,
2025-02-15 21:00:00,18.7,985.1,53,AWS-DEL-102,Gurugram,DEL,neighbor,False,
2025-02-15 22:00:00,18.1,985.0,54,AWS-DEL-102,Gurugram,DEL,neighbor,False,
2025-02-15 23:00:00,17.0,984.9,59,AWS-DEL-102,Gurugram,DEL,neighbor,False,
2025-02-16 00:00:00,16.2,984.5,64,AWS-DEL-102,Gurugram,DEL,neighbor,False,
2025-02-16 01:00:00,15.1,984.5,71,AWS-DEL-102,Gurugram,DEL,neighbor,False,
2025-02-16 02:00:00,13.7,984.0,78,AWS-DEL-102,Gurugram,DEL,neighbor,False,
2025-02-16 03:00:00,12.7,983.7,83,AWS-DEL-102,Gurugram,DEL,neighbor,False,
2025-02-16 04:00:00,12.5,983.8,81,AWS-DEL-102,Gurugram,DEL,neighbor,False,
2025-02-16 05:00:00,12.8,983.7,78,AWS-DEL-102,Gurugram,DEL,neighbor,False,
2025-02-16 06:00:00,12.9,985.3,81,AWS-DEL-102,Gurugram,DEL,neighbor,False,
2025-02-16 07:00:00,12.9,985.8,81,AWS-DEL-102,Gurugram,DEL,neighbor,False,
2025-02-16 08:00:00,14.9,986.7,76,AWS-DEL-102,Gurugram,DEL,neighbor,False,
2025-02-16 09:00:00,18.4,987.8,64,AWS-DEL-102,Gurugram,DEL,neighbor,False,
2025-02-16 10:00:00,21.3,988.0,54,AWS-DEL-102,Gurugram,DEL,neighbor,False,
2025-02-16 11:00:00,23.3,987.7,45,AWS-DEL-102,Gurugram,DEL,neighbor,False,
2025-02-16 12:00:00,24.3,987.2,41,AWS-DEL-102,Gurugram,DEL,neighbor,False,
2025-02-16 13:00:00,24.7,985.9,40,AWS-DEL-102,Gurugram,DEL,neighbor,False,
2025-02-16 14:00:00,24.9,985.1,40,AWS-DEL-102,Gurugram,DEL,neighbor,False,
2025-02-16 15:00:00,25.0,984.6,40,AWS-DEL-102,Gurugram,DEL,neighbor,False,
2025-02-16 16:00:00,24.6,984.7,41,AWS-DEL-102,Gurugram,DEL,neighbor,False,
2025-02-16 17:00:00,23.5,985.1,46,AWS-DEL-102,Gurugram,DEL,neighbor,False,
2025-02-16 18:00:00,21.3,985.5,50,AWS-DEL-102,Gurugram,DEL,neighbor,False,
2025-02-16 19:00:00,20.2,986.4,56,AWS-DEL-102,Gurugram,DEL,neighbor,False,
2025-02-16 20:00:00,20.5,986.9,58,AWS-DEL-102,Gurugram,DEL,neighbor,False,
2025-02-16 21:00:00,19.5,987.4,62,AWS-DEL-102,Gurugram,DEL,neighbor,False,
2025-02-16 22:00:00,18.9,987.7,65,AWS-DEL-102,Gurugram,DEL,neighbor,False,
2025-02-16 23:00:00,18.0,987.7,68,AWS-DEL-102,Gurugram,DEL,neighbor,False,
2025-02-17 00:00:00,17.3,987.6,71,AWS-DEL-102,Gurugram,DEL,neighbor,False,
2025-02-17 01:00:00,16.7,987.3,74,AWS-DEL-102,Gurugram,DEL,neighbor,False,
2025-02-17 02:00:00,15.7,987.0,79,AWS-DEL-102,Gurugram,DEL,neighbor,False,
2025-02-17 03:00:00,16.2,986.8,76,AWS-DEL-102,Gurugram,DEL,neighbor,False,
2025-02-17 04:00:00,15.7,986.8,79,AWS-DEL-102,Gurugram,DEL,neighbor,False,
2025-02-17 05:00:00,15.3,986.7,84,AWS-DEL-102,Gurugram,DEL,neighbor,False,
2025-02-17 06:00:00,14.7,987.9,86,AWS-DEL-102,Gurugram,DEL,neighbor,False,
2025-02-17 07:00:00,14.6,988.6,88,AWS-DEL-102,Gurugram,DEL,neighbor,False,
2025-02-17 08:00:00,16.2,989.6,81,AWS-DEL-102,Gurugram,DEL,neighbor,False,
2025-02-17 09:00:00,19.7,990.6,63,AWS-DEL-102,Gurugram,DEL,neighbor,False,
2025-02-17 10:00:00,22.6,990.9,49,AWS-DEL-102,Gurugram,DEL,neighbor,False,
2025-02-17 11:00:00,24.6,990.8,39,AWS-DEL-102,Gurugram,DEL,neighbor,False,
2025-02-17 12:00:00,25.9,990.3,34,AWS-DEL-102,Gurugram,DEL,neighbor,False,
2025-02-17 13:00:00,26.4,989.3,32,AWS-DEL-102,Gurugram,DEL,neighbor,False,
2025-02-17 14:00:00,26.9,988.4,30,AWS-DEL-102,Gurugram,DEL,neighbor,False,
2025-02-17 15:00:00,26.7,988.1,30,AWS-DEL-102,Gurugram,DEL,neighbor,False,
2025-02-17 16:00:00,25.9,987.9,33,AWS-DEL-102,Gurugram,DEL,neighbor,False,
2025-02-17 17:00:00,24.6,987.6,38,AWS-DEL-102,Gurugram,DEL,neighbor,False,
2025-02-17 18:00:00,22.4,988.1,47,AWS-DEL-102,Gurugram,DEL,neighbor,False,
2025-02-17 19:00:00,20.7,988.6,55,AWS-DEL-102,Gurugram,DEL,neighbor,False,
2025-02-17 20:00:00,19.6,988.8,62,AWS-DEL-102,Gurugram,DEL,neighbor,False,
2025-02-17 21:00:00,18.2,989.0,70,AWS-DEL-102,Gurugram,DEL,neighbor,False,
2025-02-17 22:00:00,17.2,989.1,75,AWS-DEL-102,Gurugram,DEL,neighbor,False,
2025-02-17 23:00:00,17.3,989.3,76,AWS-DEL-102,Gurugram,DEL,neighbor,False,
2025-02-18 00:00:00,17.7,988.7,73,AWS-DEL-102,Gurugram,DEL,neighbor,False,
2025-02-18 01:00:00,17.5,988.0,73,AWS-DEL-102,Gurugram,DEL,neighbor,False,
2025-02-18 02:00:00,17.0,987.2,75,AWS-DEL-102,Gurugram,DEL,neighbor,False,
2025-02-18 03:00:00,17.2,986.9,71,AWS-DEL-102,Gurugram,DEL,neighbor,False,
2025-02-18 04:00:00,16.9,986.8,70,AWS-DEL-102,Gurugram,DEL,neighbor,False,
2025-02-18 05:00:00,16.4,986.6,71,AWS-DEL-102,Gurugram,DEL,neighbor,False,
2025-02-18 06:00:00,15.4,987.6,81,AWS-DEL-102,Gurugram,DEL,neighbor,False,
2025-02-18 07:00:00,14.9,988.2,84,AWS-DEL-102,Gurugram,DEL,neighbor,False,
2025-02-18 08:00:00,16.6,988.8,75,AWS-DEL-102,Gurugram,DEL,neighbor,False,
2025-02-18 09:00:00,17.8,990.0,71,AWS-DEL-102,Gurugram,DEL,neighbor,False,
2025-02-18 10:00:00,19.8,990.9,62,AWS-DEL-102,Gurugram,DEL,neighbor,False,
2025-02-18 11:00:00,22.1,990.8,53,AWS-DEL-102,Gurugram,DEL,neighbor,False,
2025-02-18 12:00:00,24.1,989.7,45,AWS-DEL-102,Gurugram,DEL,neighbor,False,
2025-02-18 13:00:00,24.5,988.5,41,AWS-DEL-102,Gurugram,DEL,neighbor,False,
2025-02-18 14:00:00,25.8,987.5,35,AWS-DEL-102,Gurugram,DEL,neighbor,False,
2025-02-18 15:00:00,25.7,987.0,36,AWS-DEL-102,Gurugram,DEL,neighbor,False,
2025-02-18 16:00:00,25.1,986.8,40,AWS-DEL-102,Gurugram,DEL,neighbor,False,
2025-02-18 17:00:00,23.5,986.8,47,AWS-DEL-102,Gurugram,DEL,neighbor,False,
2025-02-18 18:00:00,22.1,987.2,49,AWS-DEL-102,Gurugram,DEL,neighbor,False,
2025-02-18 19:00:00,21.0,987.7,51,AWS-DEL-102,Gurugram,DEL,neighbor,False,
2025-02-18 20:00:00,19.5,987.8,61,AWS-DEL-102,Gurugram,DEL,neighbor,False,
2025-02-18 21:00:00,18.6,988.0,65,AWS-DEL-102,Gurugram,DEL,neighbor,False,
2025-02-18 22:00:00,17.8,988.3,68,AWS-DEL-102,Gurugram,DEL,neighbor,False,
2025-02-18 23:00:00,16.7,987.9,72,AWS-DEL-102,Gurugram,DEL,neighbor,False,
2025-02-19 00:00:00,15.8,987.4,74,AWS-DEL-102,Gurugram,DEL,neighbor,False,
2025-02-19 01:00:00,14.8,987.0,80,AWS-DEL-102,Gurugram,DEL,neighbor,False,
2025-02-19 02:00:00,14.1,986.5,83,AWS-DEL-102,Gurugram,DEL,neighbor,False,
2025-02-19 03:00:00,13.4,986.0,87,AWS-DEL-102,Gurugram,DEL,neighbor,False,
2025-02-19 04:00:00,12.8,985.8,89,AWS-DEL-102,Gurugram,DEL,neighbor,False,
2025-02-19 05:00:00,12.3,985.9,91,AWS-DEL-102,Gurugram,DEL,neighbor,False,
2025-02-19 06:00:00,12.5,986.9,92,AWS-DEL-102,Gurugram,DEL,neighbor,False,
2025-02-19 07:00:00,12.4,987.5,92,AWS-DEL-102,Gurugram,DEL,neighbor,False,
2025-02-19 08:00:00,14.6,988.2,80,AWS-DEL-102,Gurugram,DEL,neighbor,False,
2025-02-19 09:00:00,18.1,989.1,65,AWS-DEL-102,Gurugram,DEL,neighbor,False,
2025-02-19 10:00:00,21.0,989.2,52,AWS-DEL-102,Gurugram,DEL,neighbor,False,
2025-02-19 11:00:00,23.5,988.8,41,AWS-DEL-102,Gurugram,DEL,neighbor,False,
2025-02-19 12:00:00,24.6,987.4,35,AWS-DEL-102,Gurugram,DEL,neighbor,False,
2025-02-19 13:00:00,25.4,985.8,32,AWS-DEL-102,Gurugram,DEL,neighbor,False,
2025-02-19 14:00:00,26.0,984.5,30,AWS-DEL-102,Gurugram,DEL,neighbor,False,
2025-02-19 15:00:00,26.1,984.1,31,AWS-DEL-102,Gurugram,DEL,neighbor,False,
2025-02-19 16:00:00,25.3,984.0,33,AWS-DEL-102,Gurugram,DEL,neighbor,False,
2025-02-19 17:00:00,24.0,984.0,41,AWS-DEL-102,Gurugram,DEL,neighbor,False,
2025-02-19 18:00:00,21.8,984.9,53,AWS-DEL-102,Gurugram,DEL,neighbor,False,
2025-02-19 19:00:00,21.2,985.6,53,AWS-DEL-102,Gurugram,DEL,neighbor,False,
2025-02-19 20:00:00,20.3,986.3,56,AWS-DEL-102,Gurugram,DEL,neighbor,False,
2025-02-19 21:00:00,18.8,987.3,64,AWS-DEL-102,Gurugram,DEL,neighbor,False,
2025-02-19 22:00:00,17.3,986.5,78,AWS-DEL-102,Gurugram,DEL,neighbor,False,
2025-02-19 23:00:00,16.6,986.2,83,AWS-DEL-102,Gurugram,DEL,neighbor,False,
2025-02-20 00:00:00,15.8,986.3,88,AWS-DEL-102,Gurugram,DEL,neighbor,False,
2025-02-20 01:00:00,15.4,984.9,90,AWS-DEL-102,Gurugram,DEL,neighbor,False,
2025-02-20 02:00:00,15.2,984.7,90,AWS-DEL-102,Gurugram,DEL,neighbor,False,
2025-02-20 03:00:00,14.5,985.6,91,AWS-DEL-102,Gurugram,DEL,neighbor,False,
2025-02-20 04:00:00,14.8,984.9,90,AWS-DEL-102,Gurugram,DEL,neighbor,False,
2025-02-20 05:00:00,14.5,985.2,90,AWS-DEL-102,Gurugram,DEL,neighbor,False,
2025-02-20 06:00:00,15.7,985.6,88,AWS-DEL-102,Gurugram,DEL,neighbor,False,
2025-02-20 07:00:00,15.7,986.6,82,AWS-DEL-102,Gurugram,DEL,neighbor,False,
2025-02-20 08:00:00,17.1,987.7,78,AWS-DEL-102,Gurugram,DEL,neighbor,False,
2025-02-20 09:00:00,18.6,988.3,70,AWS-DEL-102,Gurugram,DEL,neighbor,False,
2025-02-20 10:00:00,20.4,989.5,65,AWS-DEL-102,Gurugram,DEL,neighbor,False,
2025-02-20 11:00:00,20.1,989.4,63,AWS-DEL-102,Gurugram,DEL,neighbor,False,
2025-02-20 12:00:00,22.3,988.9,55,AWS-DEL-102,Gurugram,DEL,neighbor,False,
2025-02-20 13:00:00,23.4,987.7,49,AWS-DEL-102,Gurugram,DEL,neighbor,False,
2025-02-20 14:00:00,23.3,986.7,50,AWS-DEL-102,Gurugram,DEL,neighbor,False,
2025-02-20 15:00:00,22.9,986.4,53,AWS-DEL-102,Gurugram,DEL,neighbor,False,
2025-02-20 16:00:00,22.4,986.4,55,AWS-DEL-102,Gurugram,DEL,neighbor,False,
2025-02-20 17:00:00,21.6,986.3,59,AWS-DEL-102,Gurugram,DEL,neighbor,False,
2025-02-20 18:00:00,20.1,986.1,71,AWS-DEL-102,Gurugram,DEL,neighbor,False,
2025-02-20 19:00:00,19.1,986.3,75,AWS-DEL-102,Gurugram,DEL,neighbor,False,
2025-02-20 20:00:00,18.4,987.2,75,AWS-DEL-102,Gurugram,DEL,neighbor,False,
2025-02-20 21:00:00,16.8,988.7,82,AWS-DEL-102,Gurugram,DEL,neighbor,False,
2025-02-20 22:00:00,16.0,989.0,88,AWS-DEL-102,Gurugram,DEL,neighbor,False,
2025-02-20 23:00:00,15.6,989.0,88,AWS-DEL-102,Gurugram,DEL,neighbor,False,
2025-02-21 00:00:00,15.2,989.4,89,AWS-DEL-102,Gurugram,DEL,neighbor,False,
2025-02-21 01:00:00,14.7,989.3,93,AWS-DEL-102,Gurugram,DEL,neighbor,False,
2025-02-21 02:00:00,14.2,989.3,95,AWS-DEL-102,Gurugram,DEL,neighbor,False,
2025-02-21 03:00:00,14.0,989.1,94,AWS-DEL-102,Gurugram,DEL,neighbor,False,
2025-02-21 04:00:00,13.8,989.0,95,AWS-DEL-102,Gurugram,DEL,neighbor,False,
2025-02-21 05:00:00,13.6,989.0,94,AWS-DEL-102,Gurugram,DEL,neighbor,False,
2025-02-21 06:00:00,13.8,989.8,93,AWS-DEL-102,Gurugram,DEL,neighbor,False,
2025-02-21 07:00:00,13.6,990.6,94,AWS-DEL-102,Gurugram,DEL,neighbor,False,
2025-02-21 08:00:00,15.4,991.4,86,AWS-DEL-102,Gurugram,DEL,neighbor,False,
2025-02-21 09:00:00,17.9,992.3,74,AWS-DEL-102,Gurugram,DEL,neighbor,False,
2025-02-21 10:00:00,20.2,992.6,64,AWS-DEL-102,Gurugram,DEL,neighbor,False,
2025-02-21 11:00:00,22.1,992.3,57,AWS-DEL-102,Gurugram,DEL,neighbor,False,
2025-02-21 12:00:00,23.1,991.5,54,AWS-DEL-102,Gurugram,DEL,neighbor,False,
2025-02-21 13:00:00,23.9,990.3,51,AWS-DEL-102,Gurugram,DEL,neighbor,False,
2025-02-21 14:00:00,24.0,989.5,50,AWS-DEL-102,Gurugram,DEL,neighbor,False,
2025-02-21 15:00:00,23.6,989.0,51,AWS-DEL-102,Gurugram,DEL,neighbor,False,
2025-02-21 16:00:00,23.0,988.8,49,AWS-DEL-102,Gurugram,DEL,neighbor,False,
2025-02-21 17:00:00,21.8,988.9,56,AWS-DEL-102,Gurugram,DEL,neighbor,False,
2025-02-21 18:00:00,20.0,989.3,67,AWS-DEL-102,Gurugram,DEL,neighbor,False,
2025-02-21 19:00:00,18.9,989.8,74,AWS-DEL-102,Gurugram,DEL,neighbor,False,
2025-02-21 20:00:00,18.1,990.3,79,AWS-DEL-102,Gurugram,DEL,neighbor,False,
2025-02-21 21:00:00,17.0,990.5,84,AWS-DEL-102,Gurugram,DEL,neighbor,False,
2025-02-21 22:00:00,16.1,990.6,89,AWS-DEL-102,Gurugram,DEL,neighbor,False,
2025-02-21 23:00:00,15.3,990.2,90,AWS-DEL-102,Gurugram,DEL,neighbor,False,
2025-02-22 00:00:00,14.7,989.5,92,AWS-DEL-102,Gurugram,DEL,neighbor,False,
2025-02-22 01:00:00,14.1,989.3,92,AWS-DEL-102,Gurugram,DEL,neighbor,False,
2025-02-22 02:00:00,13.4,988.6,94,AWS-DEL-102,Gurugram,DEL,neighbor,False,
2025-02-22 03:00:00,12.9,988.6,95,AWS-DEL-102,Gurugram,DEL,neighbor,False,
2025-02-22 04:00:00,12.4,988.6,96,AWS-DEL-102,Gurugram,DEL,neighbor,False,
2025-02-22 05:00:00,12.0,988.7,96,AWS-DEL-102,Gurugram,DEL,neighbor,False,
2025-02-22 06:00:00,12.1,989.2,98,AWS-DEL-102,Gurugram,DEL,neighbor,False,
2025-02-22 07:00:00,12.1,990.1,97,AWS-DEL-102,Gurugram,DEL,neighbor,False,
2025-02-22 08:00:00,13.9,990.9,88,AWS-DEL-102,Gurugram,DEL,neighbor,False,
2025-02-22 09:00:00,16.5,991.9,75,AWS-DEL-102,Gurugram,DEL,neighbor,False,
2025-02-22 10:00:00,19.1,992.0,64,AWS-DEL-102,Gurugram,DEL,neighbor,False,
2025-02-22 11:00:00,20.9,991.8,55,AWS-DEL-102,Gurugram,DEL,neighbor,False,
2025-02-22 12:00:00,22.3,991.3,48,AWS-DEL-102,Gurugram,DEL,neighbor,False,
2025-02-22 13:00:00,22.9,990.5,44,AWS-DEL-102,Gurugram,DEL,neighbor,False,
2025-02-22 14:00:00,23.2,989.8,41,AWS-DEL-102,Gurugram,DEL,neighbor,False,
2025-02-22 15:00:00,23.0,989.2,42,AWS-DEL-102,Gurugram,DEL,neighbor,False,
2025-02-22 16:00:00,22.4,989.1,45,AWS-DEL-102,Gurugram,DEL,neighbor,False,
2025-02-22 17:00:00,21.3,989.0,49,AWS-DEL-102,Gurugram,DEL,neighbor,False,
2025-02-22 18:00:00,19.4,989.6,63,AWS-DEL-102,Gurugram,DEL,neighbor,False,
2025-02-22 19:00:00,18.4,990.3,68,AWS-DEL-102,Gurugram,DEL,neighbor,False,
2025-02-22 20:00:00,17.6,990.9,70,AWS-DEL-102,Gurugram,DEL,neighbor,False,
2025-02-22 21:00:00,17.0,991.1,71,AWS-DEL-102,Gurugram,DEL,neighbor,False,
2025-02-22 22:00:00,16.4,991.2,75,AWS-DEL-102,Gurugram,DEL,neighbor,False,
2025-02-22 23:00:00,15.7,990.8,79,AWS-DEL-102,Gurugram,DEL,neighbor,False,
2025-02-23 00:00:00,14.9,990.2,82,AWS-DEL-102,Gurugram,DEL,neighbor,False,
2025-02-23 01:00:00,14.5,990.2,83,AWS-DEL-102,Gurugram,DEL,neighbor,False,
2025-02-23 02:00:00,13.7,989.8,86,AWS-DEL-102,Gurugram,DEL,neighbor,False,
2025-02-23 03:00:00,13.1,989.4,87,AWS-DEL-102,Gurugram,DEL,neighbor,False,
2025-02-23 04:00:00,12.8,989.4,87,AWS-DEL-102,Gurugram,DEL,neighbor,False,
2025-02-23 05:00:00,11.9,989.9,91,AWS-DEL-102,Gurugram,DEL,neighbor,False,
2025-02-23 06:00:00,11.7,990.3,93,AWS-DEL-102,Gurugram,DEL,neighbor,False,
2025-02-23 07:00:00,11.5,991.2,95,AWS-DEL-102,Gurugram,DEL,neighbor,False,
2025-02-23 08:00:00,14.1,992.2,84,AWS-DEL-102,Gurugram,DEL,neighbor,False,
2025-02-23 09:00:00,17.4,993.1,71,AWS-DEL-102,Gurugram,DEL,neighbor,False,
2025-02-23 10:00:00,20.0,993.7,60,AWS-DEL-102,Gurugram,DEL,neighbor,False,
2025-02-23 11:00:00,21.8,993.3,52,AWS-DEL-102,Gurugram,DEL,neighbor,False,
2025-02-23 12:00:00,23.0,992.3,45,AWS-DEL-102,Gurugram,DEL,neighbor,False,
2025-02-23 13:00:00,23.7,991.2,42,AWS-DEL-102,Gurugram,DEL,neighbor,False,
2025-02-23 14:00:00,24.0,990.3,41,AWS-DEL-102,Gurugram,DEL,neighbor,False,
2025-02-23 15:00:00,23.9,989.7,40,AWS-DEL-102,Gurugram,DEL,neighbor,False,
2025-02-23 16:00:00,23.4,989.4,43,AWS-DEL-102,Gurugram,DEL,neighbor,False,
2025-02-23 17:00:00,22.1,989.6,48,AWS-DEL-102,Gurugram,DEL,neighbor,False,
2025-02-23 18:00:00,20.2,989.7,58,AWS-DEL-102,Gurugram,DEL,neighbor,False,
2025-02-23 19:00:00,18.7,990.1,65,AWS-DEL-102,Gurugram,DEL,neighbor,False,
2025-02-23 20:00:00,18.0,991.1,67,AWS-DEL-102,Gurugram,DEL,neighbor,False,
2025-02-23 21:00:00,16.8,991.6,74,AWS-DEL-102,Gurugram,DEL,neighbor,False,
2025-02-23 22:00:00,16.0,991.7,79,AWS-DEL-102,Gurugram,DEL,neighbor,False,
2025-02-23 23:00:00,15.2,991.3,82,AWS-DEL-102,Gurugram,DEL,neighbor,False,
2025-02-24 00:00:00,14.7,990.9,82,AWS-DEL-102,Gurugram,DEL,neighbor,False,
2025-02-24 01:00:00,14.1,990.4,84,AWS-DEL-102,Gurugram,DEL,neighbor,False,
2025-02-24 02:00:00,13.4,990.0,85,AWS-DEL-102,Gurugram,DEL,neighbor,False,
2025-02-24 03:00:00,12.6,989.9,87,AWS-DEL-102,Gurugram,DEL,neighbor,False,
2025-02-24 04:00:00,11.7,989.8,91,AWS-DEL-102,Gurugram,DEL,neighbor,False,
2025-02-24 05:00:00,11.2,990.3,93,AWS-DEL-102,Gurugram,DEL,neighbor,False,
2025-02-24 06:00:00,11.6,991.5,95,AWS-DEL-102,Gurugram,DEL,neighbor,False,
2025-02-24 07:00:00,11.4,992.1,97,AWS-DEL-102,Gurugram,DEL,neighbor,False,
2025-02-24 08:00:00,14.3,993.2,83,AWS-DEL-102,Gurugram,DEL,neighbor,False,
2025-02-24 09:00:00,18.2,994.4,67,AWS-DEL-102,Gurugram,DEL,neighbor,False,
2025-02-24 10:00:00,21.5,994.6,53,AWS-DEL-102,Gurugram,DEL,neighbor,False,
2025-02-24 11:00:00,23.5,994.2,43,AWS-DEL-102,Gurugram,DEL,neighbor,False,
2025-02-24 12:00:00,24.7,993.4,36,AWS-DEL-102,Gurugram,DEL,neighbor,False,
2025-02-24 13:00:00,25.3,992.2,34,AWS-DEL-102,Gurugram,DEL,neighbor,False,
2025-02-24 14:00:00,25.7,990.8,32,AWS-DEL-102,Gurugram,DEL,neighbor,False,
2025-02-24 15:00:00,25.5,990.3,33,AWS-DEL-102,Gurugram,DEL,neighbor,False,
2025-02-24 16:00:00,24.7,990.2,36,AWS-DEL-102,Gurugram,DEL,neighbor,False,
2025-02-24 17:00:00,23.4,990.4,41,AWS-DEL-102,Gurugram,DEL,neighbor,False,
2025-02-24 18:00:00,21.5,991.1,58,AWS-DEL-102,Gurugram,DEL,neighbor,False,
2025-02-24 19:00:00,20.1,991.9,66,AWS-DEL-102,Gurugram,DEL,neighbor,False,
2025-02-24 20:00:00,19.4,992.4,67,AWS-DEL-102,Gurugram,DEL,neighbor,False,
2025-02-24 21:00:00,19.2,992.5,66,AWS-DEL-102,Gurugram,DEL,neighbor,False,
2025-02-24 22:00:00,18.6,992.3,69,AWS-DEL-102,Gurugram,DEL,neighbor,False,
2025-02-24 23:00:00,17.5,992.1,75,AWS-DEL-102,Gurugram,DEL,neighbor,False,
2025-02-25 00:00:00,16.5,991.4,78,AWS-DEL-102,Gurugram,DEL,neighbor,False,
2025-02-25 01:00:00,15.7,991.1,80,AWS-DEL-102,Gurugram,DEL,neighbor,False,
2025-02-25 02:00:00,14.7,990.3,84,AWS-DEL-102,Gurugram,DEL,neighbor,False,
2025-02-25 03:00:00,13.6,989.9,89,AWS-DEL-102,Gurugram,DEL,neighbor,False,
2025-02-25 04:00:00,13.2,989.6,89,AWS-DEL-102,Gurugram,DEL,neighbor,False,
2025-02-25 05:00:00,13.3,989.7,89,AWS-DEL-102,Gurugram,DEL,neighbor,False,
2025-02-25 06:00:00,13.4,990.5,90,AWS-DEL-102,Gurugram,DEL,neighbor,False,
2025-02-25 07:00:00,14.0,991.1,88,AWS-DEL-102,Gurugram,DEL,neighbor,False,
2025-02-25 08:00:00,16.6,992.3,79,AWS-DEL-102,Gurugram,DEL,neighbor,False,
2025-02-25 09:00:00,20.6,993.7,62,AWS-DEL-102,Gurugram,DEL,neighbor,False,
2025-02-25 10:00:00,23.2,994.1,48,AWS-DEL-102,Gurugram,DEL,neighbor,False,
2025-02-25 11:00:00,25.0,993.9,39,AWS-DEL-102,Gurugram,DEL,neighbor,False,
2025-02-25 12:00:00,26.2,993.7,34,AWS-DEL-102,Gurugram,DEL,neighbor,False,
2025-02-25 13:00:00,26.8,992.5,32,AWS-DEL-102,Gurugram,DEL,neighbor,False,
2025-02-25 14:00:00,26.7,992.0,32,AWS-DEL-102,Gurugram,DEL,neighbor,False,
2025-02-25 15:00:00,25.9,991.4,34,AWS-DEL-102,Gurugram,DEL,neighbor,False,
2025-02-25 16:00:00,25.9,991.7,35,AWS-DEL-102,Gurugram,DEL,neighbor,False,
2025-02-25 17:00:00,24.6,991.4,42,AWS-DEL-102,Gurugram,DEL,neighbor,False,
2025-02-25 18:00:00,21.8,991.6,59,AWS-DEL-102,Gurugram,DEL,neighbor,False,
2025-02-25 19:00:00,20.7,992.3,61,AWS-DEL-102,Gurugram,DEL,neighbor,False,
2025-02-25 20:00:00,20.0,992.6,68,AWS-DEL-102,Gurugram,DEL,neighbor,False,
2025-02-25 21:00:00,19.4,992.7,69,AWS-DEL-102,Gurugram,DEL,neighbor,False,
2025-02-25 22:00:00,18.9,992.8,65,AWS-DEL-102,Gurugram,DEL,neighbor,False,
2025-02-25 23:00:00,17.6,992.2,69,AWS-DEL-102,Gurugram,DEL,neighbor,False,
2025-02-26 00:00:00,17.7,991.8,68,AWS-DEL-102,Gurugram,DEL,neighbor,False,
2025-02-26 01:00:00,18.0,991.2,68,AWS-DEL-102,Gurugram,DEL,neighbor,False,
2025-02-26 02:00:00,17.4,990.8,72,AWS-DEL-102,Gurugram,DEL,neighbor,False,
2025-02-26 03:00:00,17.3,990.6,73,AWS-DEL-102,Gurugram,DEL,neighbor,False,
2025-02-26 04:00:00,16.6,991.2,77,AWS-DEL-102,Gurugram,DEL,neighbor,False,
2025-02-26 05:00:00,16.5,990.5,78,AWS-DEL-102,Gurugram,DEL,neighbor,False,
2025-02-26 06:00:00,17.5,992.0,79,AWS-DEL-102,Gurugram,DEL,neighbor,False,
2025-02-26 07:00:00,17.5,992.6,80,AWS-DEL-102,Gurugram,DEL,neighbor,False,
2025-02-26 08:00:00,19.6,993.5,72,AWS-DEL-102,Gurugram,DEL,neighbor,False,
2025-02-26 09:00:00,22.9,994.1,62,AWS-DEL-102,Gurugram,DEL,neighbor,False,
2025-02-26 10:00:00,25.0,994.7,55,AWS-DEL-102,Gurugram,DEL,neighbor,False,
2025-02-26 11:00:00,26.7,994.6,48,AWS-DEL-102,Gurugram,DEL,neighbor,False,
2025-02-26 12:00:00,27.6,993.6,44,AWS-DEL-102,Gurugram,DEL,neighbor,False,
2025-02-26 13:00:00,28.2,992.3,42,AWS-DEL-102,Gurugram,DEL,neighbor,False,
2025-02-26 14:00:00,28.2,991.1,42,AWS-DEL-102,Gurugram,DEL,neighbor,False,
2025-02-26 15:00:00,28.1,990.2,43,AWS-DEL-102,Gurugram,DEL,neighbor,False,
2025-02-26 16:00:00,27.6,990.2,45,AWS-DEL-102,Gurugram,DEL,neighbor,False,
2025-02-26 17:00:00,26.4,990.0,51,AWS-DEL-102,Gurugram,DEL,neighbor,False,
2025-02-26 18:00:00,25.1,990.4,59,AWS-DEL-102,Gurugram,DEL,neighbor,False,
2025-02-26 19:00:00,23.2,990.7,66,AWS-DEL-102,Gurugram,DEL,neighbor,False,
2025-02-26 20:00:00,22.4,990.9,67,AWS-DEL-102,Gurugram,DEL,neighbor,False,
2025-02-26 21:00:00,22.1,991.0,68,AWS-DEL-102,Gurugram,DEL,neighbor,False,
2025-02-26 22:00:00,21.0,990.6,74,AWS-DEL-102,Gurugram,DEL,neighbor,False,
2025-02-26 23:00:00,20.7,990.1,75,AWS-DEL-102,Gurugram,DEL,neighbor,False,
2025-02-27 00:00:00,20.3,989.6,74,AWS-DEL-102,Gurugram,DEL,neighbor,False,
2025-02-27 01:00:00,19.8,989.1,75,AWS-DEL-102,Gurugram,DEL,neighbor,False,
2025-02-27 02:00:00,19.9,988.5,73,AWS-DEL-102,Gurugram,DEL,neighbor,False,
2025-02-27 03:00:00,19.1,988.1,78,AWS-DEL-102,Gurugram,DEL,neighbor,False,
2025-02-27 04:00:00,18.3,988.5,83,AWS-DEL-102,Gurugram,DEL,neighbor,False,
2025-02-27 05:00:00,19.0,988.8,78,AWS-DEL-102,Gurugram,DEL,neighbor,False,
2025-02-27 06:00:00,19.8,988.4,76,AWS-DEL-102,Gurugram,DEL,neighbor,False,
2025-02-27 07:00:00,19.7,990.9,77,AWS-DEL-102,Gurugram,DEL,neighbor,False,
2025-02-27 08:00:00,18.3,991.0,77,AWS-DEL-102,Gurugram,DEL,neighbor,False,
2025-02-27 09:00:00,19.6,991.0,72,AWS-DEL-102,Gurugram,DEL,neighbor,False,
2025-02-27 10:00:00,20.4,991.1,73,AWS-DEL-102,Gurugram,DEL,neighbor,False,
2025-02-27 11:00:00,21.4,991.0,74,AWS-DEL-102,Gurugram,DEL,neighbor,False,
2025-02-27 12:00:00,22.0,990.5,71,AWS-DEL-102,Gurugram,DEL,neighbor,False,
2025-02-27 13:00:00,22.9,989.1,61,AWS-DEL-102,Gurugram,DEL,neighbor,False,
2025-02-27 14:00:00,24.3,987.9,55,AWS-DEL-102,Gurugram,DEL,neighbor,False,
2025-02-27 15:00:00,23.7,987.4,58,AWS-DEL-102,Gurugram,DEL,neighbor,False,
2025-02-27 16:00:00,22.8,987.0,61,AWS-DEL-102,Gurugram,DEL,neighbor,False,
2025-02-27 17:00:00,22.2,986.7,65,AWS-DEL-102,Gurugram,DEL,neighbor,False,
2025-02-27 18:00:00,21.7,987.7,64,AWS-DEL-102,Gurugram,DEL,neighbor,False,
2025-02-27 19:00:00,21.2,987.7,63,AWS-DEL-102,Gurugram,DEL,neighbor,False,
2025-02-27 20:00:00,20.1,988.1,66,AWS-DEL-102,Gurugram,DEL,neighbor,False,
2025-02-27 21:00:00,19.9,988.0,67,AWS-DEL-102,Gurugram,DEL,neighbor,False,
2025-02-27 22:00:00,19.7,987.5,69,AWS-DEL-102,Gurugram,DEL,neighbor,False,
2025-02-27 23:00:00,19.8,987.0,64,AWS-DEL-102,Gurugram,DEL,neighbor,False,
2025-02-28 00:00:00,19.5,986.2,61,AWS-DEL-102,Gurugram,DEL,neighbor,False,
2025-02-28 01:00:00,19.2,985.8,61,AWS-DEL-102,Gurugram,DEL,neighbor,False,
2025-02-28 02:00:00,19.0,984.9,63,AWS-DEL-102,Gurugram,DEL,neighbor,False,
2025-02-28 03:00:00,18.9,984.4,66,AWS-DEL-102,Gurugram,DEL,neighbor,False,
2025-02-28 04:00:00,19.0,983.8,66,AWS-DEL-102,Gurugram,DEL,neighbor,False,
2025-02-28 05:00:00,19.0,983.9,66,AWS-DEL-102,Gurugram,DEL,neighbor,False,
2025-02-28 06:00:00,19.3,984.5,71,AWS-DEL-102,Gurugram,DEL,neighbor,False,
2025-02-28 07:00:00,19.2,985.3,72,AWS-DEL-102,Gurugram,DEL,neighbor,False,
2025-02-28 08:00:00,19.4,986.7,70,AWS-DEL-102,Gurugram,DEL,neighbor,False,
2025-02-28 09:00:00,19.5,988.0,67,AWS-DEL-102,Gurugram,DEL,neighbor,False,
2025-02-28 10:00:00,18.9,988.1,75,AWS-DEL-102,Gurugram,DEL,neighbor,False,
2025-02-28 11:00:00,20.3,988.1,73,AWS-DEL-102,Gurugram,DEL,neighbor,False,
2025-02-28 12:00:00,21.1,987.0,69,AWS-DEL-102,Gurugram,DEL,neighbor,False,
2025-02-28 13:00:00,22.2,985.9,68,AWS-DEL-102,Gurugram,DEL,neighbor,False,
2025-02-28 14:00:00,22.0,984.4,72,AWS-DEL-102,Gurugram,DEL,neighbor,False,
2025-02-28 15:00:00,24.0,983.7,62,AWS-DEL-102,Gurugram,DEL,neighbor,False,
2025-02-28 16:00:00,23.7,983.4,63,AWS-DEL-102,Gurugram,DEL,neighbor,False,
2025-02-28 17:00:00,23.0,983.3,67,AWS-DEL-102,Gurugram,DEL,neighbor,False,
2025-02-28 18:00:00,22.3,984.2,72,AWS-DEL-102,Gurugram,DEL,neighbor,False,
2025-02-28 19:00:00,21.2,984.6,82,AWS-DEL-102,Gurugram,DEL,neighbor,False,
2025-02-28 20:00:00,20.3,985.3,90,AWS-DEL-102,Gurugram,DEL,neighbor,False,
2025-02-28 21:00:00,18.6,986.3,95,AWS-DEL-102,Gurugram,DEL,neighbor,False,
2025-02-28 22:00:00,18.2,986.3,90,AWS-DEL-102,Gurugram,DEL,neighbor,False,
2025-02-28 23:00:00,18.2,986.1,91,AWS-DEL-102,Gurugram,DEL,neighbor,False,
2025-03-01 00:00:00,17.7,986.2,94,AWS-DEL-102,Gurugram,DEL,neighbor,False,
2025-03-01 01:00:00,16.7,985.9,93,AWS-DEL-102,Gurugram,DEL,neighbor,False,
2025-03-01 02:00:00,16.0,985.6,91,AWS-DEL-102,Gurugram,DEL,neighbor,False,
2025-03-01 03:00:00,15.7,985.4,90,AWS-DEL-102,Gurugram,DEL,neighbor,False,
2025-03-01 04:00:00,15.4,985.2,91,AWS-DEL-102,Gurugram,DEL,neighbor,False,
2025-03-01 05:00:00,15.2,985.5,90,AWS-DEL-102,Gurugram,DEL,neighbor,False,
2025-03-01 06:00:00,16.5,986.5,94,AWS-DEL-102,Gurugram,DEL,neighbor,False,
2025-03-01 07:00:00,16.4,986.8,93,AWS-DEL-102,Gurugram,DEL,neighbor,False,
2025-03-01 08:00:00,17.3,987.9,88,AWS-DEL-102,Gurugram,DEL,neighbor,False,
2025-03-01 09:00:00,18.3,988.8,84,AWS-DEL-102,Gurugram,DEL,neighbor,False,
2025-03-01 10:00:00,20.0,988.9,78,AWS-DEL-102,Gurugram,DEL,neighbor,False,
2025-03-01 11:00:00,21.7,988.8,71,AWS-DEL-102,Gurugram,DEL,neighbor,False,
2025-03-01 12:00:00,23.2,987.8,65,AWS-DEL-102,Gurugram,DEL,neighbor,False,
2025-03-01 13:00:00,24.5,986.5,59,AWS-DEL-102,Gurugram,DEL,neighbor,False,
2025-03-01 14:00:00,24.8,985.6,59,AWS-DEL-102,Gurugram,DEL,neighbor,False,
2025-03-01 15:00:00,24.6,985.1,60,AWS-DEL-102,Gurugram,DEL,neighbor,False,
2025-03-01 16:00:00,23.3,985.1,66,AWS-DEL-102,Gurugram,DEL,neighbor,False,
2025-03-01 17:00:00,23.1,985.0,68,AWS-DEL-102,Gurugram,DEL,neighbor,False,
2025-03-01 18:00:00,21.8,985.9,76,AWS-DEL-102,Gurugram,DEL,neighbor,False,
2025-03-01 19:00:00,20.8,986.5,79,AWS-DEL-102,Gurugram,DEL,neighbor,False,
2025-03-01 20:00:00,20.0,987.4,85,AWS-DEL-102,Gurugram,DEL,neighbor,False,
2025-03-01 21:00:00,19.4,987.6,88,AWS-DEL-102,Gurugram,DEL,neighbor,False,
2025-03-01 22:00:00,18.8,987.5,90,AWS-DEL-102,Gurugram,DEL,neighbor,False,
2025-03-01 23:00:00,18.1,987.3,92,AWS-DEL-102,Gurugram,DEL,neighbor,False,
2025-03-02 00:00:00,17.4,986.7,93,AWS-DEL-102,Gurugram,DEL,neighbor,False,
2025-03-02 01:00:00,16.8,986.2,94,AWS-DEL-102,Gurugram,DEL,neighbor,False,
2025-03-02 02:00:00,16.3,985.5,95,AWS-DEL-102,Gurugram,DEL,neighbor,False,
2025-03-02 03:00:00,15.8,985.2,95,AWS-DEL-102,Gurugram,DEL,neighbor,False,
2025-03-02 04:00:00,15.2,984.8,95,AWS-DEL-102,Gurugram,DEL,neighbor,False,
2025-03-02 05:00:00,14.6,985.2,95,AWS-DEL-102,Gurugram,DEL,neighbor,False,
2025-03-02 06:00:00,15.2,986.2,95,AWS-DEL-102,Gurugram,DEL,neighbor,False,
2025-03-02 07:00:00,15.0,987.0,95,AWS-DEL-102,Gurugram,DEL,neighbor,False,
2025-03-02 08:00:00,16.5,987.8,88,AWS-DEL-102,Gurugram,DEL,neighbor,False,
2025-03-02 09:00:00,18.7,988.5,76,AWS-DEL-102,Gurugram,DEL,neighbor,False,
2025-03-02 10:00:00,21.1,988.6,64,AWS-DEL-102,Gurugram,DEL,neighbor,False,
2025-03-02 11:00:00,23.1,988.3,48,AWS-DEL-102,Gurugram,DEL,neighbor,False,
2025-03-02 12:00:00,24.1,987.3,36,AWS-DEL-102,Gurugram,DEL,neighbor,False,
2025-03-02 13:00:00,24.4,986.3,35,AWS-DEL-102,Gurugram,DEL,neighbor,False,
2025-03-02 14:00:00,24.4,985.3,37,AWS-DEL-102,Gurugram,DEL,neighbor,False,
2025-03-02 15:00:00,24.0,984.5,36,AWS-DEL-102,Gurugram,DEL,neighbor,False,
2025-03-02 16:00:00,23.2,984.3,40,AWS-DEL-102,Gurugram,DEL,neighbor,False,
2025-03-02 17:00:00,21.6,984.3,51,AWS-DEL-102,Gurugram,DEL,neighbor,False,
2025-03-02 18:00:00,19.3,984.8,62,AWS-DEL-102,Gurugram,DEL,neighbor,False,
2025-03-02 19:00:00,17.9,985.1,69,AWS-DEL-102,Gurugram,DEL,neighbor,False,
2025-03-02 20:00:00,16.9,985.2,73,AWS-DEL-102,Gurugram,DEL,neighbor,False,
2025-03-02 21:00:00,15.8,985.8,76,AWS-DEL-102,Gurugram,DEL,neighbor,False,
2025-03-02 22:00:00,14.7,985.9,79,AWS-DEL-102,Gurugram,DEL,neighbor,False,
2025-03-02 23:00:00,14.0,985.8,81,AWS-DEL-102,Gurugram,DEL,neighbor,False,
2025-03-03 00:00:00,13.6,985.6,79,AWS-DEL-102,Gurugram,DEL,neighbor,False,
2025-03-03 01:00:00,13.7,985.3,75,AWS-DEL-102,Gurugram,DEL,neighbor,False,
2025-03-03 02:00:00,13.3,984.7,73,AWS-DEL-102,Gurugram,DEL,neighbor,False,
2025-03-03 03:00:00,12.2,984.3,79,AWS-DEL-102,Gurugram,DEL,neighbor,False,
2025-03-03 04:00:00,12.0,984.5,78,AWS-DEL-102,Gurugram,DEL,neighbor,False,
2025-03-03 05:00:00,11.7,984.9,79,AWS-DEL-102,Gurugram,DEL,neighbor,False,
2025-03-03 06:00:00,12.0,985.5,82,AWS-DEL-102,Gurugram,DEL,neighbor,False,
2025-03-03 07:00:00,12.9,986.1,80,AWS-DEL-102,Gurugram,DEL,neighbor,False,
2025-03-03 08:00:00,15.7,987.0,70,AWS-DEL-102,Gurugram,DEL,neighbor,False,
2025-03-03 09:00:00,19.2,987.9,59,AWS-DEL-102,Gurugram,DEL,neighbor,False,
2025-03-03 10:00:00,22.1,988.0,45,AWS-DEL-102,Gurugram,DEL,neighbor,False,
2025-03-03 11:00:00,24.1,987.4,39,AWS-DEL-102,Gurugram,DEL,neighbor,False,
2025-03-03 12:00:00,25.1,986.6,38,AWS-DEL-102,Gurugram,DEL,neighbor,False,
2025-03-03 13:00:00,25.5,985.5,38,AWS-DEL-102,Gurugram,DEL,neighbor,False,
2025-03-03 14:00:00,25.8,984.4,41,AWS-DEL-102,Gurugram,DEL,neighbor,False,
2025-03-03 15:00:00,25.6,983.4,44,AWS-DEL-102,Gurugram,DEL,neighbor,False,
2025-03-03 16:00:00,25.2,982.9,47,AWS-DEL-102,Gurugram,DEL,neighbor,False,
2025-03-03 17:00:00,23.9,982.5,56,AWS-DEL-102,Gurugram,DEL,neighbor,False,
2025-03-03 18:00:00,22.6,983.0,61,AWS-DEL-102,Gurugram,DEL,neighbor,False,
2025-03-03 19:00:00,21.6,982.9,65,AWS-DEL-102,Gurugram,DEL,neighbor,False,
2025-03-03 20:00:00,21.1,983.4,66,AWS-DEL-102,Gurugram,DEL,neighbor,False,
2025-03-03 21:00:00,20.9,983.6,64,AWS-DEL-102,Gurugram,DEL,neighbor,False,
2025-03-03 22:00:00,20.1,983.6,65,AWS-DEL-102,Gurugram,DEL,neighbor,False,
2025-03-03 23:00:00,19.3,983.4,69,AWS-DEL-102,Gurugram,DEL,neighbor,False,
2025-03-04 00:00:00,18.7,983.2,72,AWS-DEL-102,Gurugram,DEL,neighbor,False,
2025-03-04 01:00:00,18.3,982.7,73,AWS-DEL-102,Gurugram,DEL,neighbor,False,
2025-03-04 02:00:00,17.5,982.6,69,AWS-DEL-102,Gurugram,DEL,neighbor,False,
2025-03-04 03:00:00,15.7,982.9,71,AWS-DEL-102,Gurugram,DEL,neighbor,False,
2025-03-04 04:00:00,14.5,982.9,78,AWS-DEL-102,Gurugram,DEL,neighbor,False,
2025-03-04 05:00:00,14.1,983.2,82,AWS-DEL-102,Gurugram,DEL,neighbor,False,
2025-03-04 06:00:00,15.4,984.3,86,AWS-DEL-102,Gurugram,DEL,neighbor,False,
2025-03-04 07:00:00,15.5,985.3,86,AWS-DEL-102,Gurugram,DEL,neighbor,False,
2025-03-04 08:00:00,17.6,986.9,76,AWS-DEL-102,Gurugram,DEL,neighbor,False,
2025-03-04 09:00:00,19.4,987.9,61,AWS-DEL-102,Gurugram,DEL,neighbor,False,
2025-03-04 10:00:00,21.0,988.5,49,AWS-DEL-102,Gurugram,DEL,neighbor,False,
2025-03-04 11:00:00,22.3,988.8,49,AWS-DEL-102,Gurugram,DEL,neighbor,False,
2025-03-04 12:00:00,23.6,988.3,48,AWS-DEL-102,Gurugram,DEL,neighbor,False,
2025-03-04 13:00:00,24.0,987.6,44,AWS-DEL-102,Gurugram,DEL,neighbor,False,
2025-03-04 14:00:00,24.1,987.1,42,AWS-DEL-102,Gurugram,DEL,neighbor,False,
2025-03-04 15:00:00,23.7,986.8,41,AWS-DEL-102,Gurugram,DEL,neighbor,False,
2025-03-04 16:00:00,23.1,987.0,42,AWS-DEL-102,Gurugram,DEL,neighbor,False,
2025-03-04 17:00:00,21.6,987.2,51,AWS-DEL-102,Gurugram,DEL,neighbor,False,
2025-03-04 18:00:00,20.1,988.1,55,AWS-DEL-102,Gurugram,DEL,neighbor,False,
2025-03-04 19:00:00,19.1,988.6,56,AWS-DEL-102,Gurugram,DEL,neighbor,False,
2025-03-04 20:00:00,18.1,989.0,55,AWS-DEL-102,Gurugram,DEL,neighbor,False,
2025-03-04 21:00:00,16.9,989.4,55,AWS-DEL-102,Gurugram,DEL,neighbor,False,
2025-03-04 22:00:00,16.0,989.8,57,AWS-DEL-102,Gurugram,DEL,neighbor,False,
2025-03-04 23:00:00,15.3,989.6,59,AWS-DEL-102,Gurugram,DEL,neighbor,False,
2025-03-05 00:00:00,14.6,989.2,63,AWS-DEL-102,Gurugram,DEL,neighbor,False,
2025-03-05 01:00:00,14.0,989.1,66,AWS-DEL-102,Gurugram,DEL,neighbor,False,
2025-03-05 02:00:00,13.4,988.6,67,AWS-DEL-102,Gurugram,DEL,neighbor,False,
2025-03-05 03:00:00,12.7,988.3,68,AWS-DEL-102,Gurugram,DEL,neighbor,False,
2025-03-05 04:00:00,12.2,987.9,65,AWS-DEL-102,Gurugram,DEL,neighbor,False,
2025-03-05 05:00:00,11.9,988.1,60,AWS-DEL-102,Gurugram,DEL,neighbor,False,
2025-03-05 06:00:00,11.5,988.6,71,AWS-DEL-102,Gurugram,DEL,neighbor,False,
2025-03-05 07:00:00,11.7,988.9,69,AWS-DEL-102,Gurugram,DEL,neighbor,False,
2025-03-05 08:00:00,13.3,989.1,64,AWS-DEL-102,Gurugram,DEL,neighbor,False,
2025-03-05 09:00:00,15.5,989.9,56,AWS-DEL-102,Gurugram,DEL,neighbor,False,
2025-03-05 10:00:00,17.7,989.9,50,AWS-DEL-102,Gurugram,DEL,neighbor,False,
2025-03-05 11:00:00,19.5,989.6,42,AWS-DEL-102,Gurugram,DEL,neighbor,False,
2025-03-05 12:00:00,20.8,988.6,36,AWS-DEL-102,Gurugram,DEL,neighbor,False,
2025-03-05 13:00:00,21.7,987.7,32,AWS-DEL-102,Gurugram,DEL,neighbor,False,
2025-03-05 14:00:00,22.2,986.9,30,AWS-DEL-102,Gurugram,DEL,neighbor,False,
2025-03-05 15:00:00,22.4,986.0,29,AWS-DEL-102,Gurugram,DEL,neighbor,False,
2025-03-05 16:00:00,22.2,985.6,30,AWS-DEL-102,Gurugram,DEL,neighbor,False,
2025-03-05 17:00:00,21.2,985.5,33,AWS-DEL-102,Gurugram,DEL,neighbor,False,
2025-03-05 18:00:00,19.8,986.2,38,AWS-DEL-102,Gurugram,DEL,neighbor,False,
2025-03-05 19:00:00,19.0,986.4,36,AWS-DEL-102,Gurugram,DEL,neighbor,False,
2025-03-05 20:00:00,18.7,986.7,31,AWS-DEL-102,Gurugram,DEL,neighbor,False,
2025-03-05 21:00:00,17.8,987.1,31,AWS-DEL-102,Gurugram,DEL,neighbor,False,
2025-03-05 22:00:00,16.6,987.2,37,AWS-DEL-102,Gurugram,DEL,neighbor,False,
2025-03-05 23:00:00,15.6,986.9,43,AWS-DEL-102,Gurugram,DEL,neighbor,False,
2025-03-06 00:00:00,14.6,986.5,46,AWS-DEL-102,Gurugram,DEL,neighbor,False,
2025-03-06 01:00:00,13.9,986.2,46,AWS-DEL-102,Gurugram,DEL,neighbor,False,
2025-03-06 02:00:00,13.4,985.5,46,AWS-DEL-102,Gurugram,DEL,neighbor,False,
2025-03-06 03:00:00,13.0,984.7,46,AWS-DEL-102,Gurugram,DEL,neighbor,False,
2025-03-06 04:00:00,12.7,984.6,47,AWS-DEL-102,Gurugram,DEL,neighbor,False,
2025-03-06 05:00:00,12.3,984.3,49,AWS-DEL-102,Gurugram,DEL,neighbor,False,
2025-03-06 06:00:00,11.5,984.7,58,AWS-DEL-102,Gurugram,DEL,neighbor,False,
2025-03-06 07:00:00,11.9,985.3,57,AWS-DEL-102,Gurugram,DEL,neighbor,False,
2025-03-06 08:00:00,14.1,987.0,55,AWS-DEL-102,Gurugram,DEL,neighbor,False,
2025-03-06 09:00:00,16.9,987.5,48,AWS-DEL-102,Gurugram,DEL,neighbor,False,
2025-03-06 10:00:00,19.7,987.4,43,AWS-DEL-102,Gurugram,DEL,neighbor,False,
2025-03-06 11:00:00,22.1,987.2,37,AWS-DEL-102,Gurugram,DEL,neighbor,False,
2025-03-06 12:00:00,23.8,986.5,32,AWS-DEL-102,Gurugram,DEL,neighbor,False,
2025-03-06 13:00:00,24.8,985.9,30,AWS-DEL-102,Gurugram,DEL,neighbor,False,
2025-03-06 14:00:00,25.6,985.4,29,AWS-DEL-102,Gurugram,DEL,neighbor,False,
2025-03-06 15:00:00,25.9,985.1,28,AWS-DEL-102,Gurugram,DEL,neighbor,False,
2025-03-06 16:00:00,25.6,984.9,28,AWS-DEL-102,Gurugram,DEL,neighbor,False,
2025-03-06 17:00:00,24.0,984.6,53,AWS-DEL-102,Gurugram,DEL,neighbor,False,
2025-03-06 18:00:00,21.6,984.9,50,AWS-DEL-102,Gurugram,DEL,neighbor,False,
2025-03-06 19:00:00,20.6,985.1,50,AWS-DEL-102,Gurugram,DEL,neighbor,False,
2025-03-06 20:00:00,19.2,985.7,53,AWS-DEL-102,Gurugram,DEL,neighbor,False,
2025-03-06 21:00:00,18.6,985.9,52,AWS-DEL-102,Gurugram,DEL,neighbor,False,
2025-03-06 22:00:00,18.3,985.7,49,AWS-DEL-102,Gurugram,DEL,neighbor,False,
2025-03-06 23:00:00,17.1,985.7,52,AWS-DEL-102,Gurugram,DEL,neighbor,False,
2025-03-07 00:00:00,15.4,985.2,60,AWS-DEL-102,Gurugram,DEL,neighbor,False,
2025-03-07 01:00:00,14.7,984.7,61,AWS-DEL-102,Gurugram,DEL,neighbor,False,
2025-03-07 02:00:00,13.8,984.1,64,AWS-DEL-102,Gurugram,DEL,neighbor,False,
2025-03-07 03:00:00,13.0,983.6,70,AWS-DEL-102,Gurugram,DEL,neighbor,False,
2025-03-07 04:00:00,12.9,983.5,70,AWS-DEL-102,Gurugram,DEL,neighbor,False,
2025-03-07 05:00:00,12.2,983.6,70,AWS-DEL-102,Gurugram,DEL,neighbor,False,
2025-03-07 06:00:00,10.8,984.6,86,AWS-DEL-102,Gurugram,DEL,neighbor,False,
2025-03-07 07:00:00,11.2,985.0,84,AWS-DEL-102,Gurugram,DEL,neighbor,False,
2025-03-07 08:00:00,14.9,985.8,69,AWS-DEL-102,Gurugram,DEL,neighbor,False,
2025-03-07 09:00:00,19.0,986.3,56,AWS-DEL-102,Gurugram,DEL,neighbor,False,
2025-03-07 10:00:00,22.3,986.2,42,AWS-DEL-102,Gurugram,DEL,neighbor,False,
2025-03-07 11:00:00,24.6,985.9,33,AWS-DEL-102,Gurugram,DEL,neighbor,False,
2025-03-07 12:00:00,25.9,985.0,28,AWS-DEL-102,Gurugram,DEL,neighbor,False,
2025-03-07 13:00:00,26.6,984.0,26,AWS-DEL-102,Gurugram,DEL,neighbor,False,
2025-03-07 14:00:00,27.0,983.3,24,AWS-DEL-102,Gurugram,DEL,neighbor,False,
2025-03-07 15:00:00,26.8,982.8,24,AWS-DEL-102,Gurugram,DEL,neighbor,False,
2025-03-07 16:00:00,26.2,982.8,26,AWS-DEL-102,Gurugram,DEL,neighbor,False,
2025-03-07 17:00:00,24.6,982.3,35,AWS-DEL-102,Gurugram,DEL,neighbor,False,
2025-03-07 18:00:00,22.4,982.8,46,AWS-DEL-102,Gurugram,DEL,neighbor,False,
2025-03-07 19:00:00,20.8,982.6,55,AWS-DEL-102,Gurugram,DEL,neighbor,False,
2025-03-07 20:00:00,20.1,983.0,56,AWS-DEL-102,Gurugram,DEL,neighbor,False,
2025-03-07 21:00:00,19.0,983.2,57,AWS-DEL-102,Gurugram,DEL,neighbor,False,
2025-03-07 22:00:00,17.7,983.1,60,AWS-DEL-102,Gurugram,DEL,neighbor,False,
2025-03-07 23:00:00,17.2,983.0,58,AWS-DEL-102,Gurugram,DEL,neighbor,False,
2025-03-08 00:00:00,16.0,983.3,64,AWS-DEL-102,Gurugram,DEL,neighbor,False,
2025-03-08 01:00:00,15.1,983.1,69,AWS-DEL-102,Gurugram,DEL,neighbor,False,
2025-03-08 02:00:00,14.5,982.3,70,AWS-DEL-102,Gurugram,DEL,neighbor,False,
2025-03-08 03:00:00,13.8,981.3,73,AWS-DEL-102,Gurugram,DEL,neighbor,False,
2025-03-08 04:00:00,13.2,981.0,74,AWS-DEL-102,Gurugram,DEL,neighbor,False,
2025-03-08 05:00:00,12.9,981.3,73,AWS-DEL-102,Gurugram,DEL,neighbor,False,
2025-03-08 06:00:00,12.9,981.9,78,AWS-DEL-102,Gurugram,DEL,neighbor,False,
2025-03-08 07:00:00,13.4,982.8,76,AWS-DEL-102,Gurugram,DEL,neighbor,False,
2025-03-08 08:00:00,16.4,983.6,65,AWS-DEL-102,Gurugram,DEL,neighbor,False,
2025-03-08 09:00:00,19.9,984.4,53,AWS-DEL-102,Gurugram,DEL,neighbor,False,
2025-03-08 10:00:00,23.2,984.6,44,AWS-DEL-102,Gurugram,DEL,neighbor,False,
2025-03-08 11:00:00,25.8,984.1,37,AWS-DEL-102,Gurugram,DEL,neighbor,False,
2025-03-08 12:00:00,27.5,983.6,31,AWS-DEL-102,Gurugram,DEL,neighbor,False,
2025-03-08 13:00:00,28.4,982.7,25,AWS-DEL-102,Gurugram,DEL,neighbor,False,
2025-03-08 14:00:00,28.6,982.0,26,AWS-DEL-102,Gurugram,DEL,neighbor,False,
2025-03-08 15:00:00,28.4,981.6,27,AWS-DEL-102,Gurugram,DEL,neighbor,False,
2025-03-08 16:00:00,27.7,981.5,30,AWS-DEL-102,Gurugram,DEL,neighbor,False,
2025-03-08 17:00:00,26.2,981.5,37,AWS-DEL-102,Gurugram,DEL,neighbor,False,
2025-03-08 18:00:00,23.5,981.9,54,AWS-DEL-102,Gurugram,DEL,neighbor,False,
2025-03-08 19:00:00,22.4,982.2,51,AWS-DEL-102,Gurugram,DEL,neighbor,False,
2025-03-08 20:00:00,20.7,982.8,60,AWS-DEL-102,Gurugram,DEL,neighbor,False,
2025-03-08 21:00:00,20.7,983.2,55,AWS-DEL-102,Gurugram,DEL,neighbor,False,
2025-03-08 22:00:00,19.6,983.7,59,AWS-DEL-102,Gurugram,DEL,neighbor,False,
2025-03-08 23:00:00,18.7,983.6,59,AWS-DEL-102,Gurugram,DEL,neighbor,False,
2025-03-09 00:00:00,18.2,983.3,61,AWS-DEL-102,Gurugram,DEL,neighbor,False,
2025-03-09 01:00:00,17.4,983.4,62,AWS-DEL-102,Gurugram,DEL,neighbor,False,
2025-03-09 02:00:00,16.4,983.3,63,AWS-DEL-102,Gurugram,DEL,neighbor,False,
2025-03-09 03:00:00,15.7,982.8,66,AWS-DEL-102,Gurugram,DEL,neighbor,False,
2025-03-09 04:00:00,15.7,982.8,67,AWS-DEL-102,Gurugram,DEL,neighbor,False,
2025-03-09 05:00:00,15.7,983.1,67,AWS-DEL-102,Gurugram,DEL,neighbor,False,
2025-03-09 06:00:00,16.2,984.2,72,AWS-DEL-102,Gurugram,DEL,neighbor,False,
2025-03-09 07:00:00,16.4,985.2,72,AWS-DEL-102,Gurugram,DEL,neighbor,False,
2025-03-09 08:00:00,19.8,986.5,61,AWS-DEL-102,Gurugram,DEL,neighbor,False,
2025-03-09 09:00:00,23.5,987.5,51,AWS-DEL-102,Gurugram,DEL,neighbor,False,
2025-03-09 10:00:00,26.0,987.9,42,AWS-DEL-102,Gurugram,DEL,neighbor,False,
2025-03-09 11:00:00,27.8,987.8,35,AWS-DEL-102,Gurugram,DEL,neighbor,False,
2025-03-09 12:00:00,29.1,987.4,30,AWS-DEL-102,Gurugram,DEL,neighbor,False,
2025-03-09 13:00:00,30.0,986.3,28,AWS-DEL-102,Gurugram,DEL,neighbor,False,
2025-03-09 14:00:00,30.4,985.6,27,AWS-DEL-102,Gurugram,DEL,neighbor,False,
2025-03-09 15:00:00,30.4,985.4,27,AWS-DEL-102,Gurugram,DEL,neighbor,False,
2025-03-09 16:00:00,29.9,985.3,28,AWS-DEL-102,Gurugram,DEL,neighbor,False,
2025-03-09 17:00:00,28.5,985.4,33,AWS-DEL-102,Gurugram,DEL,neighbor,False,
2025-03-09 18:00:00,25.7,986.1,43,AWS-DEL-102,Gurugram,DEL,neighbor,False,
2025-03-09 19:00:00,24.3,986.6,45,AWS-DEL-102,Gurugram,DEL,neighbor,False,
2025-03-09 20:00:00,23.5,987.4,46,AWS-DEL-102,Gurugram,DEL,neighbor,False,
2025-03-09 21:00:00,23.2,987.5,50,AWS-DEL-102,Gurugram,DEL,neighbor,False,
2025-03-09 22:00:00,22.0,987.6,55,AWS-DEL-102,Gurugram,DEL,neighbor,False,
2025-03-09 23:00:00,20.9,987.8,60,AWS-DEL-102,Gurugram,DEL,neighbor,False,
2025-03-10 00:00:00,20.0,987.8,62,AWS-DEL-102,Gurugram,DEL,neighbor,False,
2025-03-10 01:00:00,19.7,987.5,62,AWS-DEL-102,Gurugram,DEL,neighbor,False,
2025-03-10 02:00:00,19.2,987.2,64,AWS-DEL-102,Gurugram,DEL,neighbor,False,
2025-03-10 03:00:00,18.7,986.8,66,AWS-DEL-102,Gurugram,DEL,neighbor,False,
2025-03-10 04:00:00,18.3,986.9,67,AWS-DEL-102,Gurugram,DEL,neighbor,False,
2025-03-10 05:00:00,18.0,987.6,68,AWS-DEL-102,Gurugram,DEL,neighbor,False,
2025-03-10 06:00:00,18.2,989.0,69,AWS-DEL-102,Gurugram,DEL,neighbor,False,
2025-03-10 07:00:00,18.7,989.8,67,AWS-DEL-102,Gurugram,DEL,neighbor,False,
2025-03-10 08:00:00,20.9,990.9,61,AWS-DEL-102,Gurugram,DEL,neighbor,False,
2025-03-10 09:00:00,23.6,991.9,53,AWS-DEL-102,Gurugram,DEL,neighbor,False,
2025-03-10 10:00:00,26.0,992.2,46,AWS-DEL-102,Gurugram,DEL,neighbor,False,
2025-03-10 11:00:00,28.0,991.8,40,AWS-DEL-102,Gurugram,DEL,neighbor,False,
2025-03-10 12:00:00,29.3,990.9,35,AWS-DEL-102,Gurugram,DEL,neighbor,False,
2025-03-10 13:00:00,30.2,990.0,32,AWS-DEL-102,Gurugram,DEL,neighbor,False,
2025-03-10 14:00:00,30.8,988.8,30,AWS-DEL-102,Gurugram,DEL,neighbor,False,
2025-03-10 15:00:00,30.8,988.1,29,AWS-DEL-102,Gurugram,DEL,neighbor,False,
2025-03-10 16:00:00,30.3,987.4,30,AWS-DEL-102,Gurugram,DEL,neighbor,False,
2025-03-10 17:00:00,29.1,987.5,34,AWS-DEL-102,Gurugram,DEL,neighbor,False,
2025-03-10 18:00:00,27.1,987.9,40,AWS-DEL-102,Gurugram,DEL,neighbor,False,
2025-03-10 19:00:00,25.6,988.2,44,AWS-DEL-102,Gurugram,DEL,neighbor,False,
2025-03-10 20:00:00,25.0,988.8,45,AWS-DEL-102,Gurugram,DEL,neighbor,False,
2025-03-10 21:00:00,23.8,988.8,48,AWS-DEL-102,Gurugram,DEL,neighbor,False,
2025-03-10 22:00:00,22.9,988.8,54,AWS-DEL-102,Gurugram,DEL,neighbor,False,
2025-03-10 23:00:00,22.5,988.3,56,AWS-DEL-102,Gurugram,DEL,neighbor,False,
2025-03-11 00:00:00,21.6,987.8,59,AWS-DEL-102,Gurugram,DEL,neighbor,False,
2025-03-11 01:00:00,20.7,987.3,62,AWS-DEL-102,Gurugram,DEL,neighbor,False,
2025-03-11 02:00:00,19.7,986.8,66,AWS-DEL-102,Gurugram,DEL,neighbor,False,
2025-03-11 03:00:00,19.3,986.2,68,AWS-DEL-102,Gurugram,DEL,neighbor,False,
2025-03-11 04:00:00,18.9,986.2,69,AWS-DEL-102,Gurugram,DEL,neighbor,False,
2025-03-11 05:00:00,18.2,986.5,72,AWS-DEL-102,Gurugram,DEL,neighbor,False,
2025-03-11 06:00:00,18.3,987.1,75,AWS-DEL-102,Gurugram,DEL,neighbor,False,
2025-03-11 07:00:00,18.7,987.9,72,AWS-DEL-102,Gurugram,DEL,neighbor,False,
2025-03-11 08:00:00,22.0,989.0,59,AWS-DEL-102,Gurugram,DEL,neighbor,False,
2025-03-11 09:00:00,25.9,989.5,46,AWS-DEL-102,Gurugram,DEL,neighbor,False,
2025-03-11 10:00:00,28.9,989.6,38,AWS-DEL-102,Gurugram,DEL,neighbor,False,
2025-03-11 11:00:00,30.7,989.5,34,AWS-DEL-102,Gurugram,DEL,neighbor,False,
2025-03-11 12:00:00,32.1,988.4,29,AWS-DEL-102,Gurugram,DEL,neighbor,False,
2025-03-11 13:00:00,32.8,987.2,26,AWS-DEL-102,Gurugram,DEL,neighbor,False,
2025-03-11 14:00:00,32.9,986.1,24,AWS-DEL-102,Gurugram,DEL,neighbor,False,
2025-03-11 15:00:00,33.1,985.5,23,AWS-DEL-102,Gurugram,DEL,neighbor,False,
2025-03-11 16:00:00,31.9,985.0,27,AWS-DEL-102,Gurugram,DEL,neighbor,False,
2025-03-11 17:00:00,30.5,984.9,31,AWS-DEL-102,Gurugram,DEL,neighbor,False,
2025-03-11 18:00:00,28.1,985.5,46,AWS-DEL-102,Gurugram,DEL,neighbor,False,
2025-03-11 19:00:00,26.9,985.3,47,AWS-DEL-102,Gurugram,DEL,neighbor,False,
2025-03-11 20:00:00,26.2,985.8,49,AWS-DEL-102,Gurugram,DEL,neighbor,False,
2025-03-11 21:00:00,24.9,986.0,57,AWS-DEL-102,Gurugram,DEL,neighbor,False,
2025-03-11 22:00:00,23.8,985.9,62,AWS-DEL-102,Gurugram,DEL,neighbor,False,
2025-03-11 23:00:00,21.9,985.0,72,AWS-DEL-102,Gurugram,DEL,neighbor,False,
2025-03-12 00:00:00,20.8,984.9,77,AWS-DEL-102,Gurugram,DEL,neighbor,False,
2025-03-12 01:00:00,19.8,984.4,82,AWS-DEL-102,Gurugram,DEL,neighbor,False,
2025-03-12 02:00:00,19.1,983.5,86,AWS-DEL-102,Gurugram,DEL,neighbor,False,
2025-03-12 03:00:00,18.6,983.0,87,AWS-DEL-102,Gurugram,DEL,neighbor,False,
2025-03-12 04:00:00,18.1,982.5,88,AWS-DEL-102,Gurugram,DEL,neighbor,False,
2025-03-12 05:00:00,18.0,982.5,87,AWS-DEL-102,Gurugram,DEL,neighbor,False,
2025-03-12 06:00:00,17.4,983.4,95,AWS-DEL-102,Gurugram,DEL,neighbor,False,
2025-03-12 07:00:00,17.9,984.0,94,AWS-DEL-102,Gurugram,DEL,neighbor,False,
2025-03-12 08:00:00,20.7,984.7,81,AWS-DEL-102,Gurugram,DEL,neighbor,False,
2025-03-12 09:00:00,24.1,985.1,65,AWS-DEL-102,Gurugram,DEL,neighbor,False,
2025-03-12 10:00:00,27.2,985.3,50,AWS-DEL-102,Gurugram,DEL,neighbor,False,
2025-03-12 11:00:00,29.1,985.1,41,AWS-DEL-102,Gurugram,DEL,neighbor,False,
2025-03-12 12:00:00,30.3,984.4,35,AWS-DEL-102,Gurugram,DEL,neighbor,False,
2025-03-12 13:00:00,31.1,983.5,32,AWS-DEL-102,Gurugram,DEL,neighbor,False,
2025-03-12 14:00:00,31.4,982.3,30,AWS-DEL-102,Gurugram,DEL,neighbor,False,
2025-03-12 15:00:00,31.2,981.9,30,AWS-DEL-102,Gurugram,DEL,neighbor,False,
2025-03-12 16:00:00,30.4,981.4,33,AWS-DEL-102,Gurugram,DEL,neighbor,False,
2025-03-12 17:00:00,29.0,980.9,38,AWS-DEL-102,Gurugram,DEL,neighbor,False,
2025-03-12 18:00:00,27.5,981.1,46,AWS-DEL-102,Gurugram,DEL,neighbor,False,
2025-03-12 19:00:00,26.5,981.5,51,AWS-DEL-102,Gurugram,DEL,neighbor,False,
2025-03-12 20:00:00,25.3,982.1,56,AWS-DEL-102,Gurugram,DEL,neighbor,False,
2025-03-12 21:00:00,24.0,982.4,61,AWS-DEL-102,Gurugram,DEL,neighbor,False,
2025-03-12 22:00:00,23.2,982.5,63,AWS-DEL-102,Gurugram,DEL,neighbor,False,
2025-03-12 23:00:00,22.5,982.3,64,AWS-DEL-102,Gurugram,DEL,neighbor,False,
2025-03-13 00:00:00,22.3,981.9,62,AWS-DEL-102,Gurugram,DEL,neighbor,False,
2025-03-13 01:00:00,22.0,981.2,61,AWS-DEL-102,Gurugram,DEL,neighbor,False,
2025-03-13 02:00:00,21.8,980.5,59,AWS-DEL-102,Gurugram,DEL,neighbor,False,
2025-03-13 03:00:00,20.7,980.3,63,AWS-DEL-102,Gurugram,DEL,neighbor,False,
2025-03-13 04:00:00,19.9,980.3,66,AWS-DEL-102,Gurugram,DEL,neighbor,False,
2025-03-13 05:00:00,19.2,980.2,70,AWS-DEL-102,Gurugram,DEL,neighbor,False,
2025-03-13 06:00:00,18.2,981.6,87,AWS-DEL-102,Gurugram,DEL,neighbor,False,
2025-03-13 07:00:00,19.0,982.2,84,AWS-DEL-102,Gurugram,DEL,neighbor,False,
2025-03-13 08:00:00,22.1,983.2,71,AWS-DEL-102,Gurugram,DEL,neighbor,False,
2025-03-13 09:00:00,25.5,984.1,56,AWS-DEL-102,Gurugram,DEL,neighbor,False,
2025-03-13 10:00:00,27.3,984.1,49,AWS-DEL-102,Gurugram,DEL,neighbor,False,
2025-03-13 11:00:00,27.9,984.0,49,AWS-DEL-102,Gurugram,DEL,neighbor,False,
2025-03-13 12:00:00,29.4,982.7,40,AWS-DEL-102,Gurugram,DEL,neighbor,False,
2025-03-13 13:00:00,30.8,981.6,37,AWS-DEL-102,Gurugram,DEL,neighbor,False,
2025-03-13 14:00:00,30.5,980.5,39,AWS-DEL-102,Gurugram,DEL,neighbor,False,
2025-03-13 15:00:00,29.8,980.1,38,AWS-DEL-102,Gurugram,DEL,neighbor,False,
2025-03-13 16:00:00,28.1,980.3,43,AWS-DEL-102,Gurugram,DEL,neighbor,False,
2025-03-13 17:00:00,23.9,980.3,63,AWS-DEL-102,Gurugram,DEL,neighbor,False,
2025-03-13 18:00:00,27.2,979.5,38,AWS-DEL-102,Gurugram,DEL,neighbor,False,
2025-03-13 19:00:00,25.9,980.0,40,AWS-DEL-102,Gurugram,DEL,neighbor,False,
2025-03-13 20:00:00,25.0,980.8,45,AWS-DEL-102,Gurugram,DEL,neighbor,False,
2025-03-13 21:00:00,23.9,981.5,52,AWS-DEL-102,Gurugram,DEL,neighbor,False,
2025-03-13 22:00:00,23.1,981.3,54,AWS-DEL-102,Gurugram,DEL,neighbor,False,
2025-03-13 23:00:00,22.7,981.0,54,AWS-DEL-102,Gurugram,DEL,neighbor,False,
2025-03-14 00:00:00,21.9,980.8,57,AWS-DEL-102,Gurugram,DEL,neighbor,False,
2025-03-14 01:00:00,21.4,980.8,60,AWS-DEL-102,Gurugram,DEL,neighbor,False,
2025-03-14 02:00:00,20.6,980.5,63,AWS-DEL-102,Gurugram,DEL,neighbor,False,
2025-03-14 03:00:00,19.9,980.4,67,AWS-DEL-102,Gurugram,DEL,neighbor,False,
2025-03-14 04:00:00,18.6,980.5,71,AWS-DEL-102,Gurugram,DEL,neighbor,False,
2025-03-14 05:00:00,18.0,980.8,73,AWS-DEL-102,Gurugram,DEL,neighbor,False,
2025-03-14 06:00:00,18.2,982.1,86,AWS-DEL-102,Gurugram,DEL,neighbor,False,
2025-03-14 07:00:00,18.8,982.9,84,AWS-DEL-102,Gurugram,DEL,neighbor,False,
2025-03-14 08:00:00,22.3,984.1,71,AWS-DEL-102,Gurugram,DEL,neighbor,False,
2025-03-14 09:00:00,26.0,985.1,55,AWS-DEL-102,Gurugram,DEL,neighbor,False,
2025-03-14 10:00:00,28.5,985.0,47,AWS-DEL-102,Gurugram,DEL,neighbor,False,
2025-03-14 11:00:00,30.4,984.8,40,AWS-DEL-102,Gurugram,DEL,neighbor,False,
2025-03-14 12:00:00,32.1,983.9,26,AWS-DEL-102,Gurugram,DEL,neighbor,False,
2025-03-14 13:00:00,32.7,982.9,21,AWS-DEL-102,Gurugram,DEL,neighbor,False,
2025-03-14 14:00:00,32.8,981.9,20,AWS-DEL-102,Gurugram,DEL,neighbor,False,
2025-03-14 15:00:00,31.7,981.7,22,AWS-DEL-102,Gurugram,DEL,neighbor,False,
2025-03-14 16:00:00,31.4,981.3,22,AWS-DEL-102,Gurugram,DEL,neighbor,False,
2025-03-14 17:00:00,30.1,981.2,25,AWS-DEL-102,Gurugram,DEL,neighbor,False,
2025-03-14 18:00:00,26.3,982.1,49,AWS-DEL-102,Gurugram,DEL,neighbor,False,
2025-03-14 19:00:00,25.0,982.6,50,AWS-DEL-102,Gurugram,DEL,neighbor,False,
2025-03-14 20:00:00,25.0,982.7,47,AWS-DEL-102,Gurugram,DEL,neighbor,False,
2025-03-14 21:00:00,22.6,983.8,58,AWS-DEL-102,Gurugram,DEL,neighbor,False,
2025-03-14 22:00:00,22.3,983.4,64,AWS-DEL-102,Gurugram,DEL,neighbor,False,
2025-03-14 23:00:00,21.7,982.9,63,AWS-DEL-102,Gurugram,DEL,neighbor,False,
2025-03-15 00:00:00,21.3,983.4,63,AWS-DEL-102,Gurugram,DEL,neighbor,False,
2025-03-15 01:00:00,20.5,982.3,67,AWS-DEL-102,Gurugram,DEL,neighbor,False,
2025-03-15 02:00:00,19.9,982.0,69,AWS-DEL-102,Gurugram,DEL,neighbor,False,
2025-03-15 03:00:00,19.4,982.0,70,AWS-DEL-102,Gurugram,DEL,neighbor,False,
2025-03-15 04:00:00,18.7,982.2,72,AWS-DEL-102,Gurugram,DEL,neighbor,False,
2025-03-15 05:00:00,18.4,982.8,72,AWS-DEL-102,Gurugram,DEL,neighbor,False,
2025-03-15 06:00:00,18.8,984.1,70,AWS-DEL-102,Gurugram,DEL,neighbor,False,
2025-03-15 07:00:00,19.2,984.9,69,AWS-DEL-102,Gurugram,DEL,neighbor,False,
2025-03-15 08:00:00,20.9,985.6,62,AWS-DEL-102,Gurugram,DEL,neighbor,False,
2025-03-15 09:00:00,23.1,985.9,54,AWS-DEL-102,Gurugram,DEL,neighbor,False,
2025-03-15 10:00:00,25.4,986.0,46,AWS-DEL-102,Gurugram,DEL,neighbor,False,
2025-03-15 11:00:00,27.4,985.7,40,AWS-DEL-102,Gurugram,DEL,neighbor,False,
2025-03-15 12:00:00,28.9,985.0,38,AWS-DEL-102,Gurugram,DEL,neighbor,False,
2025-03-15 13:00:00,30.0,984.2,36,AWS-DEL-102,Gurugram,DEL,neighbor,False,
2025-03-15 14:00:00,30.4,983.6,37,AWS-DEL-102,Gurugram,DEL,neighbor,False,
2025-03-15 15:00:00,30.4,983.3,36,AWS-DEL-102,Gurugram,DEL,neighbor,False,
2025-03-15 16:00:00,28.7,983.1,37,AWS-DEL-102,Gurugram,DEL,neighbor,False,
2025-03-15 17:00:00,28.5,982.8,37,AWS-DEL-102,Gurugram,DEL,neighbor,False,
2025-03-15 18:00:00,26.4,983.5,56,AWS-DEL-102,Gurugram,DEL,neighbor,False,
2025-03-15 19:00:00,25.1,984.3,61,AWS-DEL-102,Gurugram,DEL,neighbor,False,
2025-03-15 20:00:00,23.3,984.9,62,AWS-DEL-102,Gurugram,DEL,neighbor,False,
2025-03-15 21:00:00,22.4,985.5,65,AWS-DEL-102,Gurugram,DEL,neighbor,False,
2025-03-15 22:00:00,21.2,985.7,67,AWS-DEL-102,Gurugram,DEL,neighbor,False,
2025-03-15 23:00:00,20.4,985.7,69,AWS-DEL-102,Gurugram,DEL,neighbor,False,
2025-03-16 00:00:00,19.6,985.6,71,AWS-DEL-102,Gurugram,DEL,neighbor,False,
2025-03-16 01:00:00,18.9,985.4,74,AWS-DEL-102,Gurugram,DEL,neighbor,False,
2025-03-16 02:00:00,18.1,985.1,76,AWS-DEL-102,Gurugram,DEL,neighbor,False,
2025-03-16 03:00:00,17.6,985.0,77,AWS-DEL-102,Gurugram,DEL,neighbor,False,
2025-03-16 04:00:00,17.1,985.3,79,AWS-DEL-102,Gurugram,DEL,neighbor,False,
2025-03-16 05:00:00,16.8,985.7,79,AWS-DEL-102,Gurugram,DEL,neighbor,False,
2025-03-16 06:00:00,17.6,985.6,82,AWS-DEL-102,Gurugram,DEL,neighbor,False,
2025-03-16 07:00:00,18.0,986.3,80,AWS-DEL-102,Gurugram,DEL,neighbor,False,
2025-03-16 08:00:00,20.1,987.1,70,AWS-DEL-102,Gurugram,DEL,neighbor,False,
2025-03-16 09:00:00,22.9,987.8,59,AWS-DEL-102,Gurugram,DEL,neighbor,False,
2025-03-16 10:00:00,25.3,988.0,48,AWS-DEL-102,Gurugram,DEL,neighbor,False,
2025-03-16 11:00:00,27.4,987.7,39,AWS-DEL-102,Gurugram,DEL,neighbor,False,
2025-03-16 12:00:00,28.6,986.8,33,AWS-DEL-102,Gurugram,DEL,neighbor,False,
2025-03-16 13:00:00,29.0,986.2,29,AWS-DEL-102,Gurugram,DEL,neighbor,False,
2025-03-16 14:00:00,28.5,985.2,28,AWS-DEL-102,Gurugram,DEL,neighbor,False,
2025-03-16 15:00:00,27.9,984.5,31,AWS-DEL-102,Gurugram,DEL,neighbor,False,
2025-03-16 16:00:00,27.2,984.0,33,AWS-DEL-102,Gurugram,DEL,neighbor,False,
2025-03-16 17:00:00,26.0,983.9,36,AWS-DEL-102,Gurugram,DEL,neighbor,False,
2025-03-16 18:00:00,24.3,984.2,45,AWS-DEL-102,Gurugram,DEL,neighbor,False,
2025-03-16 19:00:00,23.0,984.6,48,AWS-DEL-102,Gurugram,DEL,neighbor,False,
2025-03-16 20:00:00,22.1,985.1,48,AWS-DEL-102,Gurugram,DEL,neighbor,False,
2025-03-16 21:00:00,21.5,985.6,47,AWS-DEL-102,Gurugram,DEL,neighbor,False,
2025-03-16 22:00:00,20.8,985.8,47,AWS-DEL-102,Gurugram,DEL,neighbor,False,
2025-03-16 23:00:00,19.7,985.5,51,AWS-DEL-102,Gurugram,DEL,neighbor,False,
2025-03-17 00:00:00,18.9,985.3,53,AWS-DEL-102,Gurugram,DEL,neighbor,False,
2025-03-17 01:00:00,18.2,985.3,54,AWS-DEL-102,Gurugram,DEL,neighbor,False,
2025-03-17 02:00:00,17.5,985.0,56,AWS-DEL-102,Gurugram,DEL,neighbor,False,
2025-03-17 03:00:00,16.7,984.7,59,AWS-DEL-102,Gurugram,DEL,neighbor,False,
2025-03-17 04:00:00,16.0,984.9,62,AWS-DEL-102,Gurugram,DEL,neighbor,False,
2025-03-17 05:00:00,15.1,985.3,67,AWS-DEL-102,Gurugram,DEL,neighbor,False,
2025-03-17 06:00:00,16.7,985.9,84,AWS-DEL-102,Gurugram,DEL,neighbor,False,
2025-03-17 07:00:00,16.9,986.7,82,AWS-DEL-102,Gurugram,DEL,neighbor,False,
2025-03-17 08:00:00,19.6,987.6,70,AWS-DEL-102,Gurugram,DEL,neighbor,False,
2025-03-17 09:00:00,22.3,988.3,60,AWS-DEL-102,Gurugram,DEL,neighbor,False,
2025-03-17 10:00:00,24.6,988.5,50,AWS-DEL-102,Gurugram,DEL,neighbor,False,
2025-03-17 11:00:00,26.3,988.4,39,AWS-DEL-102,Gurugram,DEL,neighbor,False,
2025-03-17 12:00:00,26.9,987.7,34,AWS-DEL-102,Gurugram,DEL,neighbor,False,
2025-03-17 13:00:00,26.8,986.8,35,AWS-DEL-102,Gurugram,DEL,neighbor,False,
2025-03-17 14:00:00,26.9,986.1,33,AWS-DEL-102,Gurugram,DEL,neighbor,False,
2025-03-17 15:00:00,26.8,985.4,33,AWS-DEL-102,Gurugram,DEL,neighbor,False,
2025-03-17 16:00:00,26.3,985.3,34,AWS-DEL-102,Gurugram,DEL,neighbor,False,
2025-03-17 17:00:00,25.4,985.4,36,AWS-DEL-102,Gurugram,DEL,neighbor,False,
2025-03-17 18:00:00,23.7,986.1,43,AWS-DEL-102,Gurugram,DEL,neighbor,False,
2025-03-17 19:00:00,22.6,986.9,47,AWS-DEL-102,Gurugram,DEL,neighbor,False,
2025-03-17 20:00:00,21.9,987.5,48,AWS-DEL-102,Gurugram,DEL,neighbor,False,
2025-03-17 21:00:00,21.1,987.9,49,AWS-DEL-102,Gurugram,DEL,neighbor,False,
2025-03-17 22:00:00,20.2,987.9,52,AWS-DEL-102,Gurugram,DEL,neighbor,False,
2025-03-17 23:00:00,19.4,987.3,55,AWS-DEL-102,Gurugram,DEL,neighbor,False,
2025-03-18 00:00:00,18.7,987.1,57,AWS-DEL-102,Gurugram,DEL,neighbor,False,
2025-03-18 01:00:00,16.9,986.7,64,AWS-DEL-102,Gurugram,DEL,neighbor,False,
2025-03-18 02:00:00,16.0,985.9,68,AWS-DEL-102,Gurugram,DEL,neighbor,False,
2025-03-18 03:00:00,15.3,985.3,72,AWS-DEL-102,Gurugram,DEL,neighbor,False,
2025-03-18 04:00:00,14.9,985.2,74,AWS-DEL-102,Gurugram,DEL,neighbor,False,
2025-03-18 05:00:00,14.7,985.1,74,AWS-DEL-102,Gurugram,DEL,neighbor,False,
2025-03-18 06:00:00,15.1,986.3,88,AWS-DEL-102,Gurugram,DEL,neighbor,False,
2025-03-18 07:00:00,15.8,987.2,84,AWS-DEL-102,Gurugram,DEL,neighbor,False,
2025-03-18 08:00:00,18.8,987.8,69,AWS-DEL-102,Gurugram,DEL,neighbor,False,
2025-03-18 09:00:00,21.8,988.3,57,AWS-DEL-102,Gurugram,DEL,neighbor,False,
2025-03-18 10:00:00,24.5,988.5,46,AWS-DEL-102,Gurugram,DEL,neighbor,False,
2025-03-18 11:00:00,26.5,988.0,35,AWS-DEL-102,Gurugram,DEL,neighbor,False,
2025-03-18 12:00:00,27.6,987.3,32,AWS-DEL-102,Gurugram,DEL,neighbor,False,
2025-03-18 13:00:00,28.3,986.4,30,AWS-DEL-102,Gurugram,DEL,neighbor,False,
2025-03-18 14:00:00,28.5,985.6,29,AWS-DEL-102,Gurugram,DEL,neighbor,False,
2025-03-18 15:00:00,28.3,985.3,29,AWS-DEL-102,Gurugram,DEL,neighbor,False,
2025-03-18 16:00:00,27.7,985.1,30,AWS-DEL-102,Gurugram,DEL,neighbor,False,
2025-03-18 17:00:00,26.6,985.1,32,AWS-DEL-102,Gurugram,DEL,neighbor,False,
2025-03-18 18:00:00,24.5,985.7,44,AWS-DEL-102,Gurugram,DEL,neighbor,False,
2025-03-18 19:00:00,22.8,985.9,51,AWS-DEL-102,Gurugram,DEL,neighbor,False,
2025-03-18 20:00:00,22.1,986.0,51,AWS-DEL-102,Gurugram,DEL,neighbor,False,
2025-03-18 21:00:00,21.5,986.5,48,AWS-DEL-102,Gurugram,DEL,neighbor,False,
2025-03-18 22:00:00,21.1,986.5,46,AWS-DEL-102,Gurugram,DEL,neighbor,False,
2025-03-18 23:00:00,21.0,986.7,45,AWS-DEL-102,Gurugram,DEL,neighbor,False,
2025-03-19 00:00:00,19.7,986.6,49,AWS-DEL-102,Gurugram,DEL,neighbor,False,
2025-03-19 01:00:00,17.8,986.4,58,AWS-DEL-102,Gurugram,DEL,neighbor,False,
2025-03-19 02:00:00,16.7,985.7,65,AWS-DEL-102,Gurugram,DEL,neighbor,False,
2025-03-19 03:00:00,16.1,985.4,68,AWS-DEL-102,Gurugram,DEL,neighbor,False,
2025-03-19 04:00:00,15.9,985.1,70,AWS-DEL-102,Gurugram,DEL,neighbor,False,
2025-03-19 05:00:00,15.3,985.2,72,AWS-DEL-102,Gurugram,DEL,neighbor,False,
2025-03-19 06:00:00,16.2,986.2,75,AWS-DEL-102,Gurugram,DEL,neighbor,False,
2025-03-19 07:00:00,17.2,987.0,69,AWS-DEL-102,Gurugram,DEL,neighbor,False,
2025-03-19 08:00:00,21.0,987.7,54,AWS-DEL-102,Gurugram,DEL,neighbor,False,
2025-03-19 09:00:00,24.8,988.7,42,AWS-DEL-102,Gurugram,DEL,neighbor,False,
2025-03-19 10:00:00,27.5,989.0,32,AWS-DEL-102,Gurugram,DEL,neighbor,False,
2025-03-19 11:00:00,29.1,988.8,27,AWS-DEL-102,Gurugram,DEL,neighbor,False,
2025-03-19 12:00:00,30.1,988.4,24,AWS-DEL-102,Gurugram,DEL,neighbor,False,
2025-03-19 13:00:00,30.6,987.5,24,AWS-DEL-102,Gurugram,DEL,neighbor,False,
2025-03-19 14:00:00,30.6,986.8,25,AWS-DEL-102,Gurugram,DEL,neighbor,False,
2025-03-19 15:00:00,30.1,986.4,26,AWS-DEL-102,Gurugram,DEL,neighbor,False,
2025-03-19 16:00:00,29.4,986.2,29,AWS-DEL-102,Gurugram,DEL,neighbor,False,
2025-03-19 17:00:00,28.0,986.4,34,AWS-DEL-102,Gurugram,DEL,neighbor,False,
2025-03-19 18:00:00,26.9,986.6,37,AWS-DEL-102,Gurugram,DEL,neighbor,False,
2025-03-19 19:00:00,25.6,987.3,37,AWS-DEL-102,Gurugram,DEL,neighbor,False,
2025-03-19 20:00:00,24.7,987.7,37,AWS-DEL-102,Gurugram,DEL,neighbor,False,
2025-03-19 21:00:00,23.5,988.4,40,AWS-DEL-102,Gurugram,DEL,neighbor,False,
2025-03-19 22:00:00,23.5,988.5,39,AWS-DEL-102,Gurugram,DEL,neighbor,False,
2025-03-19 23:00:00,22.0,988.5,41,AWS-DEL-102,Gurugram,DEL,neighbor,False,
2025-03-20 00:00:00,20.7,988.3,44,AWS-DEL-102,Gurugram,DEL,neighbor,False,
2025-03-20 01:00:00,19.9,988.0,46,AWS-DEL-102,Gurugram,DEL,neighbor,False,
2025-03-20 02:00:00,19.8,987.5,46,AWS-DEL-102,Gurugram,DEL,neighbor,False,
2025-03-20 03:00:00,19.4,987.0,46,AWS-DEL-102,Gurugram,DEL,neighbor,False,
2025-03-20 04:00:00,18.9,986.9,47,AWS-DEL-102,Gurugram,DEL,neighbor,False,
2025-03-20 05:00:00,17.6,987.3,51,AWS-DEL-102,Gurugram,DEL,neighbor,False,
2025-03-20 06:00:00,18.2,988.1,70,AWS-DEL-102,Gurugram,DEL,neighbor,False,
2025-03-20 07:00:00,18.7,988.8,65,AWS-DEL-102,Gurugram,DEL,neighbor,False,
2025-03-20 08:00:00,21.9,989.7,54,AWS-DEL-102,Gurugram,DEL,neighbor,False,
2025-03-20 09:00:00,25.7,990.3,41,AWS-DEL-102,Gurugram,DEL,neighbor,False,
2025-03-20 10:00:00,28.6,990.9,31,AWS-DEL-102,Gurugram,DEL,neighbor,False,
2025-03-20 11:00:00,30.2,990.7,25,AWS-DEL-102,Gurugram,DEL,neighbor,False,
2025-03-20 12:00:00,31.1,989.9,22,AWS-DEL-102,Gurugram,DEL,neighbor,False,
2025-03-20 13:00:00,31.3,988.8,22,AWS-DEL-102,Gurugram,DEL,neighbor,False,
2025-03-20 14:00:00,31.1,987.9,25,AWS-DEL-102,Gurugram,DEL,neighbor,False,
2025-03-20 15:00:00,30.7,987.1,27,AWS-DEL-102,Gurugram,DEL,neighbor,False,
2025-03-20 16:00:00,29.8,986.9,28,AWS-DEL-102,Gurugram,DEL,neighbor,False,
2025-03-20 17:00:00,28.5,986.7,30,AWS-DEL-102,Gurugram,DEL,neighbor,False,
2025-03-20 18:00:00,26.6,986.7,37,AWS-DEL-102,Gurugram,DEL,neighbor,False,
2025-03-20 19:00:00,24.0,987.0,53,AWS-DEL-102,Gurugram,DEL,neighbor,False,
2025-03-20 20:00:00,23.1,987.8,57,AWS-DEL-102,Gurugram,DEL,neighbor,False,
2025-03-20 21:00:00,22.6,988.5,54,AWS-DEL-102,Gurugram,DEL,neighbor,False,
2025-03-20 22:00:00,21.5,988.6,54,AWS-DEL-102,Gurugram,DEL,neighbor,False,
2025-03-20 23:00:00,21.2,988.7,48,AWS-DEL-102,Gurugram,DEL,neighbor,False,
2025-03-21 00:00:00,20.5,988.3,42,AWS-DEL-102,Gurugram,DEL,neighbor,False,
2025-03-21 01:00:00,19.9,987.9,41,AWS-DEL-102,Gurugram,DEL,neighbor,False,
2025-03-21 02:00:00,19.6,987.3,41,AWS-DEL-102,Gurugram,DEL,neighbor,False,
2025-03-21 03:00:00,19.2,986.8,42,AWS-DEL-102,Gurugram,DEL,neighbor,False,
2025-03-21 04:00:00,18.7,986.8,44,AWS-DEL-102,Gurugram,DEL,neighbor,False,
2025-03-21 05:00:00,18.0,987.1,46,AWS-DEL-102,Gurugram,DEL,neighbor,False,
2025-03-21 06:00:00,16.4,987.9,71,AWS-DEL-102,Gurugram,DEL,neighbor,False,
2025-03-21 07:00:00,17.1,988.7,69,AWS-DEL-102,Gurugram,DEL,neighbor,False,
2025-03-21 08:00:00,20.2,989.6,59,AWS-DEL-102,Gurugram,DEL,neighbor,False,
2025-03-21 09:00:00,23.3,990.6,50,AWS-DEL-102,Gurugram,DEL,neighbor,False,
2025-03-21 10:00:00,26.1,990.6,42,AWS-DEL-102,Gurugram,DEL,neighbor,False,
2025-03-21 11:00:00,28.3,990.3,36,AWS-DEL-102,Gurugram,DEL,neighbor,False,
2025-03-21 12:00:00,29.8,989.4,28,AWS-DEL-102,Gurugram,DEL,neighbor,False,
2025-03-21 13:00:00,30.6,988.4,24,AWS-DEL-102,Gurugram,DEL,neighbor,False,
2025-03-21 14:00:00,30.7,987.2,21,AWS-DEL-102,Gurugram,DEL,neighbor,False,
2025-03-21 15:00:00,30.4,986.5,20,AWS-DEL-102,Gurugram,DEL,neighbor,False,
2025-03-21 16:00:00,29.4,986.0,22,AWS-DEL-102,Gurugram,DEL,neighbor,False,
2025-03-21 17:00:00,28.2,985.8,25,AWS-DEL-102,Gurugram,DEL,neighbor,False,
2025-03-21 18:00:00,25.8,986.4,36,AWS-DEL-102,Gurugram,DEL,neighbor,False,
2025-03-21 19:00:00,24.1,986.8,40,AWS-DEL-102,Gurugram,DEL,neighbor,False,
2025-03-21 20:00:00,23.0,987.2,38,AWS-DEL-102,Gurugram,DEL,neighbor,False,
2025-03-21 21:00:00,22.1,987.4,35,AWS-DEL-102,Gurugram,DEL,neighbor,False,
2025-03-21 22:00:00,21.3,987.2,35,AWS-DEL-102,Gurugram,DEL,neighbor,False,
2025-03-21 23:00:00,20.5,987.1,38,AWS-DEL-102,Gurugram,DEL,neighbor,False,
2025-03-22 00:00:00,20.0,986.4,40,AWS-DEL-102,Gurugram,DEL,neighbor,False,
2025-03-22 01:00:00,20.0,985.7,39,AWS-DEL-102,Gurugram,DEL,neighbor,False,
2025-03-22 02:00:00,17.4,985.2,48,AWS-DEL-102,Gurugram,DEL,neighbor,False,
2025-03-22 03:00:00,16.5,984.7,52,AWS-DEL-102,Gurugram,DEL,neighbor,False,
2025-03-22 04:00:00,16.2,984.6,53,AWS-DEL-102,Gurugram,DEL,neighbor,False,
2025-03-22 05:00:00,15.9,984.9,54,AWS-DEL-102,Gurugram,DEL,neighbor,False,
2025-03-22 06:00:00,17.2,986.0,60,AWS-DEL-102,Gurugram,DEL,neighbor,False,
2025-03-22 07:00:00,18.4,986.7,56,AWS-DEL-102,Gurugram,DEL,neighbor,False,
2025-03-22 08:00:00,22.3,987.8,45,AWS-DEL-102,Gurugram,DEL,neighbor,False,
2025-03-22 09:00:00,25.7,988.8,36,AWS-DEL-102,Gurugram,DEL,neighbor,False,
2025-03-22 10:00:00,28.2,988.7,30,AWS-DEL-102,Gurugram,DEL,neighbor,False,
2025-03-22 11:00:00,29.7,988.4,26,AWS-DEL-102,Gurugram,DEL,neighbor,False,
2025-03-22 12:00:00,30.5,987.6,22,AWS-DEL-102,Gurugram,DEL,neighbor,False,
2025-03-22 13:00:00,30.9,986.9,19,AWS-DEL-102,Gurugram,DEL,neighbor,False,
2025-03-22 14:00:00,30.3,986.4,19,AWS-DEL-102,Gurugram,DEL,neighbor,False,
2025-03-22 15:00:00,30.2,986.1,19,AWS-DEL-102,Gurugram,DEL,neighbor,False,
2025-03-22 16:00:00,29.7,986.0,20,AWS-DEL-102,Gurugram,DEL,neighbor,False,
2025-03-22 17:00:00,28.7,985.7,22,AWS-DEL-102,Gurugram,DEL,neighbor,False,
2025-03-22 18:00:00,26.7,986.0,29,AWS-DEL-102,Gurugram,DEL,neighbor,False,
2025-03-22 19:00:00,25.5,986.7,30,AWS-DEL-102,Gurugram,DEL,neighbor,False,
2025-03-22 20:00:00,23.7,987.2,35,AWS-DEL-102,Gurugram,DEL,neighbor,False,
2025-03-22 21:00:00,22.5,987.4,40,AWS-DEL-102,Gurugram,DEL,neighbor,False,
2025-03-22 22:00:00,22.0,987.4,43,AWS-DEL-102,Gurugram,DEL,neighbor,False,
2025-03-22 23:00:00,21.8,987.3,44,AWS-DEL-102,Gurugram,DEL,neighbor,False,
2025-03-23 00:00:00,20.4,987.2,49,AWS-DEL-102,Gurugram,DEL,neighbor,False,
2025-03-23 01:00:00,19.6,987.0,50,AWS-DEL-102,Gurugram,DEL,neighbor,False,
2025-03-23 02:00:00,17.8,986.3,56,AWS-DEL-102,Gurugram,DEL,neighbor,False,
2025-03-23 03:00:00,17.7,986.3,56,AWS-DEL-102,Gurugram,DEL,neighbor,False,
2025-03-23 04:00:00,17.2,986.4,58,AWS-DEL-102,Gurugram,DEL,neighbor,False,
2025-03-23 05:00:00,16.6,986.8,59,AWS-DEL-102,Gurugram,DEL,neighbor,False,
2025-03-23 06:00:00,17.2,987.5,62,AWS-DEL-102,Gurugram,DEL,neighbor,False,
2025-03-23 07:00:00,18.4,988.6,58,AWS-DEL-102,Gurugram,DEL,neighbor,False,
2025-03-23 08:00:00,22.7,989.9,45,AWS-DEL-102,Gurugram,DEL,neighbor,False,
2025-03-23 09:00:00,26.3,990.8,35,AWS-DEL-102,Gurugram,DEL,neighbor,False,
2025-03-23 10:00:00,28.4,990.8,29,AWS-DEL-102,Gurugram,DEL,neighbor,False,
2025-03-23 11:00:00,29.6,990.4,25,AWS-DEL-102,Gurugram,DEL,neighbor,False,
2025-03-23 12:00:00,30.5,989.8,24,AWS-DEL-102,Gurugram,DEL,neighbor,False,
2025-03-23 13:00:00,31.3,988.9,22,AWS-DEL-102,Gurugram,DEL,neighbor,False,
2025-03-23 14:00:00,31.7,988.1,21,AWS-DEL-102,Gurugram,DEL,neighbor,False,
2025-03-23 15:00:00,31.6,987.5,20,AWS-DEL-102,Gurugram,DEL,neighbor,False,
2025-03-23 16:00:00,31.2,987.4,19,AWS-DEL-102,Gurugram,DEL,neighbor,False,
2025-03-23 17:00:00,30.0,987.2,22,AWS-DEL-102,Gurugram,DEL,neighbor,False,
2025-03-23 18:00:00,27.6,987.7,30,AWS-DEL-102,Gurugram,DEL,neighbor,False,
2025-03-23 19:00:00,26.3,987.9,29,AWS-DEL-102,Gurugram,DEL,neighbor,False,
2025-03-23 20:00:00,25.2,988.2,31,AWS-DEL-102,Gurugram,DEL,neighbor,False,
2025-03-23 21:00:00,24.2,988.3,32,AWS-DEL-102,Gurugram,DEL,neighbor,False,
2025-03-23 22:00:00,24.0,988.4,32,AWS-DEL-102,Gurugram,DEL,neighbor,False,
2025-03-23 23:00:00,23.4,988.2,34,AWS-DEL-102,Gurugram,DEL,neighbor,False,
2025-03-24 00:00:00,21.5,987.6,39,AWS-DEL-102,Gurugram,DEL,neighbor,False,
2025-03-24 01:00:00,20.6,987.1,43,AWS-DEL-102,Gurugram,DEL,neighbor,False,
2025-03-24 02:00:00,19.8,986.2,45,AWS-DEL-102,Gurugram,DEL,neighbor,False,
2025-03-24 03:00:00,19.1,985.8,48,AWS-DEL-102,Gurugram,DEL,neighbor,False,
2025-03-24 04:00:00,18.3,986.1,52,AWS-DEL-102,Gurugram,DEL,neighbor,False,
2025-03-24 05:00:00,16.7,986.5,58,AWS-DEL-102,Gurugram,DEL,neighbor,False,
2025-03-24 06:00:00,17.8,988.1,62,AWS-DEL-102,Gurugram,DEL,neighbor,False,
2025-03-24 07:00:00,19.1,988.9,58,AWS-DEL-102,Gurugram,DEL,neighbor,False,
2025-03-24 08:00:00,23.1,989.9,46,AWS-DEL-102,Gurugram,DEL,neighbor,False,
2025-03-24 09:00:00,26.8,990.5,36,AWS-DEL-102,Gurugram,DEL,neighbor,False,
2025-03-24 10:00:00,29.4,990.4,27,AWS-DEL-102,Gurugram,DEL,neighbor,False,
2025-03-24 11:00:00,31.0,990.2,23,AWS-DEL-102,Gurugram,DEL,neighbor,False,
2025-03-24 12:00:00,32.1,989.2,21,AWS-DEL-102,Gurugram,DEL,neighbor,False,
2025-03-24 13:00:00,32.8,987.9,19,AWS-DEL-102,Gurugram,DEL,neighbor,False,
2025-03-24 14:00:00,33.1,986.8,17,AWS-DEL-102,Gurugram,DEL,neighbor,False,
2025-03-24 15:00:00,33.1,986.3,17,AWS-DEL-102,Gurugram,DEL,neighbor,False,
2025-03-24 16:00:00,32.7,985.9,16,AWS-DEL-102,Gurugram,DEL,neighbor,False,
2025-03-24 17:00:00,31.8,985.8,16,AWS-DEL-102,Gurugram,DEL,neighbor,False,
2025-03-24 18:00:00,29.5,985.6,22,AWS-DEL-102,Gurugram,DEL,neighbor,False,
2025-03-24 19:00:00,27.3,985.8,23,AWS-DEL-102,Gurugram,DEL,neighbor,False,
2025-03-24 20:00:00,26.9,986.5,24,AWS-DEL-102,Gurugram,DEL,neighbor,False,
2025-03-24 21:00:00,26.5,987.1,27,AWS-DEL-102,Gurugram,DEL,neighbor,False,
2025-03-24 22:00:00,25.6,987.0,30,AWS-DEL-102,Gurugram,DEL,neighbor,False,
2025-03-24 23:00:00,25.0,986.5,34,AWS-DEL-102,Gurugram,DEL,neighbor,False,
2025-03-25 00:00:00,23.9,985.6,39,AWS-DEL-102,Gurugram,DEL,neighbor,False,
2025-03-25 01:00:00,22.9,985.0,43,AWS-DEL-102,Gurugram,DEL,neighbor,False,
2025-03-25 02:00:00,21.9,984.2,47,AWS-DEL-102,Gurugram,DEL,neighbor,False,
2025-03-25 03:00:00,21.2,983.9,50,AWS-DEL-102,Gurugram,DEL,neighbor,False,
2025-03-25 04:00:00,20.3,983.5,54,AWS-DEL-102,Gurugram,DEL,neighbor,False,
2025-03-25 05:00:00,19.7,983.5,56,AWS-DEL-102,Gurugram,DEL,neighbor,False,
2025-03-25 06:00:00,19.2,984.3,60,AWS-DEL-102,Gurugram,DEL,neighbor,False,
2025-03-25 07:00:00,20.6,984.9,54,AWS-DEL-102,Gurugram,DEL,neighbor,False,
2025-03-25 08:00:00,24.2,985.6,43,AWS-DEL-102,Gurugram,DEL,neighbor,False,
2025-03-25 09:00:00,27.9,986.3,34,AWS-DEL-102,Gurugram,DEL,neighbor,False,
2025-03-25 10:00:00,30.8,986.3,25,AWS-DEL-102,Gurugram,DEL,neighbor,False,
2025-03-25 11:00:00,32.7,985.5,21,AWS-DEL-102,Gurugram,DEL,neighbor,False,
2025-03-25 12:00:00,33.9,984.7,19,AWS-DEL-102,Gurugram,DEL,neighbor,False,
2025-03-25 13:00:00,34.7,983.6,19,AWS-DEL-102,Gurugram,DEL,neighbor,False,
2025-03-25 14:00:00,35.1,982.5,17,AWS-DEL-102,Gurugram,DEL,neighbor,False,
2025-03-25 15:00:00,35.1,981.7,17,AWS-DEL-102,Gurugram,DEL,neighbor,False,
2025-03-25 16:00:00,34.6,981.2,17,AWS-DEL-102,Gurugram,DEL,neighbor,False,
2025-03-25 17:00:00,33.5,981.0,19,AWS-DEL-102,Gurugram,DEL,neighbor,False,
2025-03-25 18:00:00,31.2,981.2,22,AWS-DEL-102,Gurugram,DEL,neighbor,False,
2025-03-25 19:00:00,29.5,981.5,25,AWS-DEL-102,Gurugram,DEL,neighbor,False,
2025-03-25 20:00:00,29.0,982.1,27,AWS-DEL-102,Gurugram,DEL,neighbor,False,
2025-03-25 21:00:00,27.8,982.5,29,AWS-DEL-102,Gurugram,DEL,neighbor,False,
2025-03-25 22:00:00,27.1,982.2,32,AWS-DEL-102,Gurugram,DEL,neighbor,False,
2025-03-25 23:00:00,25.4,981.5,38,AWS-DEL-102,Gurugram,DEL,neighbor,False,
2025-03-26 00:00:00,23.6,981.2,42,AWS-DEL-102,Gurugram,DEL,neighbor,False,
2025-03-26 01:00:00,23.0,980.3,44,AWS-DEL-102,Gurugram,DEL,neighbor,False,
2025-03-26 02:00:00,22.3,979.9,46,AWS-DEL-102,Gurugram,DEL,neighbor,False,
2025-03-26 03:00:00,21.7,979.3,48,AWS-DEL-102,Gurugram,DEL,neighbor,False,
2025-03-26 04:00:00,20.8,979.4,52,AWS-DEL-102,Gurugram,DEL,neighbor,False,
2025-03-26 05:00:00,20.2,979.6,54,AWS-DEL-102,Gurugram,DEL,neighbor,False,
2025-03-26 06:00:00,20.2,980.3,57,AWS-DEL-102,Gurugram,DEL,neighbor,False,
2025-03-26 07:00:00,21.8,981.1,52,AWS-DEL-102,Gurugram,DEL,neighbor,False,
2025-03-26 08:00:00,26.1,982.4,41,AWS-DEL-102,Gurugram,DEL,neighbor,False,
2025-03-26 09:00:00,29.6,983.3,34,AWS-DEL-102,Gurugram,DEL,neighbor,False,
2025-03-26 10:00:00,32.6,983.5,26,AWS-DEL-102,Gurugram,DEL,neighbor,False,
2025-03-26 11:00:00,34.5,983.1,20,AWS-DEL-102,Gurugram,DEL,neighbor,False,
2025-03-26 12:00:00,35.7,982.4,18,AWS-DEL-102,Gurugram,DEL,neighbor,False,
2025-03-26 13:00:00,36.5,981.3,15,AWS-DEL-102,Gurugram,DEL,neighbor,False,
2025-03-26 14:00:00,37.0,980.2,13,AWS-DEL-102,Gurugram,DEL,neighbor,False,
2025-03-26 15:00:00,36.8,979.6,12,AWS-DEL-102,Gurugram,DEL,neighbor,False,
2025-03-26 16:00:00,36.3,979.3,13,AWS-DEL-102,Gurugram,DEL,neighbor,False,
2025-03-26 17:00:00,35.0,979.3,16,AWS-DEL-102,Gurugram,DEL,neighbor,False,
2025-03-26 18:00:00,32.9,979.1,17,AWS-DEL-102,Gurugram,DEL,neighbor,False,
2025-03-26 19:00:00,31.0,979.5,21,AWS-DEL-102,Gurugram,DEL,neighbor,False,
2025-03-26 20:00:00,29.2,980.2,25,AWS-DEL-102,Gurugram,DEL,neighbor,False,
2025-03-26 21:00:00,27.6,980.8,27,AWS-DEL-102,Gurugram,DEL,neighbor,False,
2025-03-26 22:00:00,27.4,981.0,25,AWS-DEL-102,Gurugram,DEL,neighbor,False,
2025-03-26 23:00:00,26.6,980.7,29,AWS-DEL-102,Gurugram,DEL,neighbor,False,
2025-03-27 00:00:00,25.5,980.7,33,AWS-DEL-102,Gurugram,DEL,neighbor,False,
2025-03-27 01:00:00,24.3,980.2,37,AWS-DEL-102,Gurugram,DEL,neighbor,False,
2025-03-27 02:00:00,23.8,979.4,39,AWS-DEL-102,Gurugram,DEL,neighbor,False,
2025-03-27 03:00:00,23.1,979.4,41,AWS-DEL-102,Gurugram,DEL,neighbor,False,
2025-03-27 04:00:00,22.5,979.4,41,AWS-DEL-102,Gurugram,DEL,neighbor,False,
2025-03-27 05:00:00,22.0,979.9,40,AWS-DEL-102,Gurugram,DEL,neighbor,False,
2025-03-27 06:00:00,21.0,980.7,48,AWS-DEL-102,Gurugram,DEL,neighbor,False,
2025-03-27 07:00:00,22.2,981.5,44,AWS-DEL-102,Gurugram,DEL,neighbor,False,
2025-03-27 08:00:00,25.4,982.4,36,AWS-DEL-102,Gurugram,DEL,neighbor,False,
2025-03-27 09:00:00,28.8,983.1,30,AWS-DEL-102,Gurugram,DEL,neighbor,False,
2025-03-27 10:00:00,31.4,983.3,27,AWS-DEL-102,Gurugram,DEL,neighbor,False,
2025-03-27 11:00:00,33.2,983.0,25,AWS-DEL-102,Gurugram,DEL,neighbor,False,
2025-03-27 12:00:00,34.2,982.4,22,AWS-DEL-102,Gurugram,DEL,neighbor,False,
2025-03-27 13:00:00,34.8,981.7,20,AWS-DEL-102,Gurugram,DEL,neighbor,False,
2025-03-27 14:00:00,34.9,980.6,19,AWS-DEL-102,Gurugram,DEL,neighbor,False,
2025-03-27 15:00:00,34.8,979.6,19,AWS-DEL-102,Gurugram,DEL,neighbor,False,
2025-03-27 16:00:00,34.6,979.2,19,AWS-DEL-102,Gurugram,DEL,neighbor,False,
2025-03-27 17:00:00,33.7,978.9,20,AWS-DEL-102,Gurugram,DEL,neighbor,False,
2025-03-27 18:00:00,31.1,978.8,25,AWS-DEL-102,Gurugram,DEL,neighbor,False,
2025-03-27 19:00:00,29.5,979.0,27,AWS-DEL-102,Gurugram,DEL,neighbor,False,
2025-03-27 20:00:00,28.3,979.5,30,AWS-DEL-102,Gurugram,DEL,neighbor,False,
2025-03-27 21:00:00,28.3,979.9,30,AWS-DEL-102,Gurugram,DEL,neighbor,False,
2025-03-27 22:00:00,26.3,980.1,33,AWS-DEL-102,Gurugram,DEL,neighbor,False,
2025-03-27 23:00:00,23.6,980.3,42,AWS-DEL-102,Gurugram,DEL,neighbor,False,
2025-03-28 00:00:00,21.8,980.2,51,AWS-DEL-102,Gurugram,DEL,neighbor,False,
2025-03-28 01:00:00,21.6,979.9,54,AWS-DEL-102,Gurugram,DEL,neighbor,False,
2025-03-28 02:00:00,22.0,980.1,49,AWS-DEL-102,Gurugram,DEL,neighbor,False,
2025-03-28 03:00:00,22.4,980.3,26,AWS-DEL-102,Gurugram,DEL,neighbor,False,
2025-03-28 04:00:00,20.5,980.9,26,AWS-DEL-102,Gurugram,DEL,neighbor,False,
2025-03-28 05:00:00,19.8,981.7,32,AWS-DEL-102,Gurugram,DEL,neighbor,False,
2025-03-28 06:00:00,19.2,982.7,43,AWS-DEL-102,Gurugram,DEL,neighbor,False,
2025-03-28 07:00:00,20.3,983.7,40,AWS-DEL-102,Gurugram,DEL,neighbor,False,
2025-03-28 08:00:00,22.1,985.0,38,AWS-DEL-102,Gurugram,DEL,neighbor,False,
2025-03-28 09:00:00,24.4,985.8,34,AWS-DEL-102,Gurugram,DEL,neighbor,False,
2025-03-28 10:00:00,26.5,986.1,30,AWS-DEL-102,Gurugram,DEL,neighbor,False,
2025-03-28 11:00:00,28.2,985.9,25,AWS-DEL-102,Gurugram,DEL,neighbor,False,
2025-03-28 12:00:00,29.5,985.4,17,AWS-DEL-102,Gurugram,DEL,neighbor,False,
2025-03-28 13:00:00,29.9,984.7,14,AWS-DEL-102,Gurugram,DEL,neighbor,False,
2025-03-28 14:00:00,29.9,983.6,15,AWS-DEL-102,Gurugram,DEL,neighbor,False,
2025-03-28 15:00:00,29.7,982.7,15,AWS-DEL-102,Gurugram,DEL,neighbor,False,
2025-03-28 16:00:00,29.1,982.6,16,AWS-DEL-102,Gurugram,DEL,neighbor,False,
2025-03-28 17:00:00,27.8,982.4,17,AWS-DEL-102,Gurugram,DEL,neighbor,False,
2025-03-28 18:00:00,25.7,982.8,24,AWS-DEL-102,Gurugram,DEL,neighbor,False,
2025-03-28 19:00:00,24.2,983.5,29,AWS-DEL-102,Gurugram,DEL,neighbor,False,
2025-03-28 20:00:00,23.2,984.4,27,AWS-DEL-102,Gurugram,DEL,neighbor,False,
2025-03-28 21:00:00,21.9,985.0,25,AWS-DEL-102,Gurugram,DEL,neighbor,False,
2025-03-28 22:00:00,20.9,985.2,24,AWS-DEL-102,Gurugram,DEL,neighbor,False,
2025-03-28 23:00:00,19.8,985.0,25,AWS-DEL-102,Gurugram,DEL,neighbor,False,
2025-03-29 00:00:00,18.7,984.8,25,AWS-DEL-102,Gurugram,DEL,neighbor,False,
2025-03-29 01:00:00,17.8,984.3,25,AWS-DEL-102,Gurugram,DEL,neighbor,False,
2025-03-29 02:00:00,16.9,983.7,25,AWS-DEL-102,Gurugram,DEL,neighbor,False,
2025-03-29 03:00:00,16.0,983.3,27,AWS-DEL-102,Gurugram,DEL,neighbor,False,
2025-03-29 04:00:00,15.6,983.2,28,AWS-DEL-102,Gurugram,DEL,neighbor,False,
2025-03-29 05:00:00,15.0,983.3,29,AWS-DEL-102,Gurugram,DEL,neighbor,False,
2025-03-29 06:00:00,13.9,983.9,37,AWS-DEL-102,Gurugram,DEL,neighbor,False,
2025-03-29 07:00:00,15.1,984.5,36,AWS-DEL-102,Gurugram,DEL,neighbor,False,
2025-03-29 08:00:00,17.6,985.4,33,AWS-DEL-102,Gurugram,DEL,neighbor,False,
2025-03-29 09:00:00,20.4,986.1,30,AWS-DEL-102,Gurugram,DEL,neighbor,False,
2025-03-29 10:00:00,22.9,986.4,27,AWS-DEL-102,Gurugram,DEL,neighbor,False,
2025-03-29 11:00:00,24.7,985.7,24,AWS-DEL-102,Gurugram,DEL,neighbor,False,
2025-03-29 12:00:00,25.8,984.9,22,AWS-DEL-102,Gurugram,DEL,neighbor,False,
2025-03-29 13:00:00,27.1,983.9,21,AWS-DEL-102,Gurugram,DEL,neighbor,False,
2025-03-29 14:00:00,27.6,983.2,21,AWS-DEL-102,Gurugram,DEL,neighbor,False,
2025-03-29 15:00:00,27.8,982.4,21,AWS-DEL-102,Gurugram,DEL,neighbor,False,
2025-03-29 16:00:00,27.3,982.0,20,AWS-DEL-102,Gurugram,DEL,neighbor,False,
2025-03-29 17:00:00,26.6,981.9,19,AWS-DEL-102,Gurugram,DEL,neighbor,False,
2025-03-29 18:00:00,24.4,982.7,27,AWS-DEL-102,Gurugram,DEL,neighbor,False,
2025-03-29 19:00:00,23.2,983.2,29,AWS-DEL-102,Gurugram,DEL,neighbor,False,
2025-03-29 20:00:00,22.4,983.7,29,AWS-DEL-102,Gurugram,DEL,neighbor,False,
2025-03-29 21:00:00,21.7,984.3,26,AWS-DEL-102,Gurugram,DEL,neighbor,False,
2025-03-29 22:00:00,20.6,984.3,26,AWS-DEL-102,Gurugram,DEL,neighbor,False,
2025-03-29 23:00:00,20.3,984.2,26,AWS-DEL-102,Gurugram,DEL,neighbor,False,
2025-03-30 00:00:00,19.7,983.8,27,AWS-DEL-102,Gurugram,DEL,neighbor,False,
2025-03-30 01:00:00,18.7,983.3,29,AWS-DEL-102,Gurugram,DEL,neighbor,False,
2025-03-30 02:00:00,17.8,982.8,30,AWS-DEL-102,Gurugram,DEL,neighbor,False,
2025-03-30 03:00:00,16.7,982.4,33,AWS-DEL-102,Gurugram,DEL,neighbor,False,
2025-03-30 04:00:00,15.8,982.4,35,AWS-DEL-102,Gurugram,DEL,neighbor,False,
2025-03-30 05:00:00,15.1,982.8,37,AWS-DEL-102,Gurugram,DEL,neighbor,False,
2025-03-30 06:00:00,15.1,983.4,40,AWS-DEL-102,Gurugram,DEL,neighbor,False,
2025-03-30 07:00:00,16.6,984.3,37,AWS-DEL-102,Gurugram,DEL,neighbor,False,
2025-03-30 08:00:00,19.6,985.5,32,AWS-DEL-102,Gurugram,DEL,neighbor,False,
2025-03-30 09:00:00,22.8,986.5,28,AWS-DEL-102,Gurugram,DEL,neighbor,False,
2025-03-30 10:00:00,25.8,986.8,24,AWS-DEL-102,Gurugram,DEL,neighbor,False,
2025-03-30 11:00:00,28.1,986.7,18,AWS-DEL-102,Gurugram,DEL,neighbor,False,
2025-03-30 12:00:00,29.4,986.1,16,AWS-DEL-102,Gurugram,DEL,neighbor,False,
2025-03-30 13:00:00,30.0,985.2,16,AWS-DEL-102,Gurugram,DEL,neighbor,False,
2025-03-30 14:00:00,30.3,984.4,16,AWS-DEL-102,Gurugram,DEL,neighbor,False,
2025-03-30 15:00:00,30.2,983.9,16,AWS-DEL-102,Gurugram,DEL,neighbor,False,
2025-03-30 16:00:00,29.7,983.4,17,AWS-DEL-102,Gurugram,DEL,neighbor,False,
2025-03-30 17:00:00,28.6,983.3,19,AWS-DEL-102,Gurugram,DEL,neighbor,False,
2025-03-30 18:00:00,26.7,983.5,25,AWS-DEL-102,Gurugram,DEL,neighbor,False,
2025-03-30 19:00:00,25.1,983.7,29,AWS-DEL-102,Gurugram,DEL,neighbor,False,
2025-03-30 20:00:00,24.2,984.5,29,AWS-DEL-102,Gurugram,DEL,neighbor,False,
2025-03-30 21:00:00,23.5,985.1,28,AWS-DEL-102,Gurugram,DEL,neighbor,False,
2025-03-30 22:00:00,22.8,985.4,27,AWS-DEL-102,Gurugram,DEL,neighbor,False,
2025-03-30 23:00:00,21.5,985.2,27,AWS-DEL-102,Gurugram,DEL,neighbor,False,
2025-03-31 00:00:00,19.7,984.9,31,AWS-DEL-102,Gurugram,DEL,neighbor,False,
2025-03-31 01:00:00,18.5,984.4,34,AWS-DEL-102,Gurugram,DEL,neighbor,False,
2025-03-31 02:00:00,17.9,983.9,34,AWS-DEL-102,Gurugram,DEL,neighbor,False,
2025-03-31 03:00:00,17.3,983.5,36,AWS-DEL-102,Gurugram,DEL,neighbor,False,
2025-03-31 04:00:00,16.5,983.5,38,AWS-DEL-102,Gurugram,DEL,neighbor,False,
2025-03-31 05:00:00,15.7,983.8,40,AWS-DEL-102,Gurugram,DEL,neighbor,False,
2025-03-31 06:00:00,15.0,984.6,46,AWS-DEL-102,Gurugram,DEL,neighbor,False,
2025-03-31 07:00:00,16.3,985.4,44,AWS-DEL-102,Gurugram,DEL,neighbor,False,
2025-03-31 08:00:00,20.2,986.3,35,AWS-DEL-102,Gurugram,DEL,neighbor,False,
2025-03-31 09:00:00,24.3,986.9,28,AWS-DEL-102,Gurugram,DEL,neighbor,False,
2025-03-31 10:00:00,27.7,987.2,24,AWS-DEL-102,Gurugram,DEL,neighbor,False,
2025-03-31 11:00:00,30.1,986.9,19,AWS-DEL-102,Gurugram,DEL,neighbor,False,
2025-03-31 12:00:00,31.6,986.2,16,AWS-DEL-102,Gurugram,DEL,neighbor,False,
2025-03-31 13:00:00,32.4,985.5,14,AWS-DEL-102,Gurugram,DEL,neighbor,False,
2025-03-31 14:00:00,32.5,984.5,14,AWS-DEL-102,Gurugram,DEL,neighbor,False,
2025-03-31 15:00:00,32.3,983.7,14,AWS-DEL-102,Gurugram,DEL,neighbor,False,
2025-03-31 16:00:00,31.7,983.2,14,AWS-DEL-102,Gurugram,DEL,neighbor,False,
2025-03-31 17:00:00,30.4,982.9,16,AWS-DEL-102,Gurugram,DEL,neighbor,False,
2025-03-31 18:00:00,28.0,983.2,22,AWS-DEL-102,Gurugram,DEL,neighbor,False,
2025-03-31 19:00:00,26.2,983.5,24,AWS-DEL-102,Gurugram,DEL,neighbor,False,
2025-03-31 20:00:00,25.4,983.9,21,AWS-DEL-102,Gurugram,DEL,neighbor,False,
2025-03-31 21:00:00,24.6,984.2,21,AWS-DEL-102,Gurugram,DEL,neighbor,False,
2025-03-31 22:00:00,23.9,984.0,21,AWS-DEL-102,Gurugram,DEL,neighbor,False,
2025-03-31 23:00:00,22.6,983.7,23,AWS-DEL-102,Gurugram,DEL,neighbor,False,
