timestamp,temperature_c,pressure_hpa,humidity_pct,station_id,station_name,cluster_id,role,is_anomaly,fault_type
2025-01-01 00:00:00,14.2,960.7,94.0,AWS-BHO-030,Bhopal,BHO,center,False,
2025-01-01 01:00:00,13.6,960.2,95.0,AWS-BHO-030,Bhopal,BHO,center,False,
2025-01-01 02:00:00,13.1,959.5,96.0,AWS-BHO-030,Bhopal,BHO,center,False,
2025-01-01 03:00:00,12.6,959.1,96.0,AWS-BHO-030,Bhopal,BHO,center,False,
2025-01-01 04:00:00,12.1,958.9,97.0,AWS-BHO-030,Bhopal,BHO,center,False,
2025-01-01 05:00:00,11.6,959.0,97.0,AWS-BHO-030,Bhopal,BHO,center,False,
2025-01-01 06:00:00,10.9,959.8,98.0,AWS-BHO-030,Bhopal,BHO,center,False,
2025-01-01 07:00:00,10.9,960.5,98.0,AWS-BHO-030,Bhopal,BHO,center,False,
2025-01-01 08:00:00,12.5,961.6,93.0,AWS-BHO-030,Bhopal,BHO,center,False,
2025-01-01 09:00:00,14.9,962.6,86.0,AWS-BHO-030,Bhopal,BHO,center,False,
2025-01-01 10:00:00,17.3,962.9,78.0,AWS-BHO-030,Bhopal,BHO,center,False,
2025-01-01 11:00:00,19.2,962.5,70.0,AWS-BHO-030,Bhopal,BHO,center,False,
2025-01-01 12:00:00,20.5,961.6,64.0,AWS-BHO-030,Bhopal,BHO,center,False,
2025-01-01 13:00:00,21.3,960.6,58.0,AWS-BHO-030,Bhopal,BHO,center,False,
2025-01-01 14:00:00,21.6,959.8,54.0,AWS-BHO-030,Bhopal,BHO,center,False,
2025-01-01 15:00:00,21.4,959.4,52.0,AWS-BHO-030,Bhopal,BHO,center,False,
2025-01-01 16:00:00,20.5,959.4,56.0,AWS-BHO-030,Bhopal,BHO,center,False,
2025-01-01 17:00:00,18.4,959.0,67.0,AWS-BHO-030,Bhopal,BHO,center,False,
2025-01-01 18:00:00,16.3,959.3,77.0,AWS-BHO-030,Bhopal,BHO,center,False,
2025-01-01 19:00:00,15.1,959.6,82.0,AWS-BHO-030,Bhopal,BHO,center,False,
2025-01-01 20:00:00,14.3,960.3,84.0,AWS-BHO-030,Bhopal,BHO,center,False,
2025-01-01 21:00:00,13.7,960.7,83.0,AWS-BHO-030,Bhopal,BHO,center,False,
2025-01-01 22:00:00,13.1,960.8,83.0,AWS-BHO-030,Bhopal,BHO,center,False,
2025-01-01 23:00:00,12.6,960.5,84.0,AWS-BHO-030,Bhopal,BHO,center,False,
2025-01-02 00:00:00,12.2,960.0,86.0,AWS-BHO-030,Bhopal,BHO,center,False,
2025-01-02 01:00:00,12.0,959.4,88.0,AWS-BHO-030,Bhopal,BHO,center,False,
2025-01-02 02:00:00,11.5,958.8,90.0,AWS-BHO-030,Bhopal,BHO,center,False,
2025-01-02 03:00:00,10.5,958.4,93.0,AWS-BHO-030,Bhopal,BHO,center,False,
2025-01-02 04:00:00,10.0,958.4,94.0,AWS-BHO-030,Bhopal,BHO,center,False,
2025-01-02 05:00:00,9.5,958.7,94.0,AWS-BHO-030,Bhopal,BHO,center,False,
2025-01-02 06:00:00,9.7,959.5,92.0,AWS-BHO-030,Bhopal,BHO,center,False,
2025-01-02 07:00:00,9.7,960.1,89.0,AWS-BHO-030,Bhopal,BHO,center,False,
2025-01-02 08:00:00,11.7,961.2,83.0,AWS-BHO-030,Bhopal,BHO,center,False,
2025-01-02 09:00:00,15.1,962.4,71.0,AWS-BHO-030,Bhopal,BHO,center,False,
2025-01-02 10:00:00,17.8,963.0,58.0,AWS-BHO-030,Bhopal,BHO,center,False,
2025-01-02 11:00:00,20.0,962.6,48.0,AWS-BHO-030,Bhopal,BHO,center,False,
2025-01-02 12:00:00,21.6,961.6,42.0,AWS-BHO-030,Bhopal,BHO,center,False,
2025-01-02 13:00:00,22.7,960.7,39.0,AWS-BHO-030,Bhopal,BHO,center,False,
2025-01-02 14:00:00,23.1,960.1,38.0,AWS-BHO-030,Bhopal,BHO,center,False,
2025-01-02 15:00:00,22.9,959.9,40.0,AWS-BHO-030,Bhopal,BHO,center,False,
2025-01-02 16:00:00,52.89749384272885,959.7,52.0,AWS-BHO-030,Bhopal,BHO,center,True,spike
2025-01-02 17:00:00,27.81860159239256,959.6,67.0,AWS-BHO-030,Bhopal,BHO,center,True,spike
2025-01-02 18:00:00,20.136542310419802,960.1,72.0,AWS-BHO-030,Bhopal,BHO,center,True,spike
2025-01-02 19:00:00,17.48092782627503,960.8,76.0,AWS-BHO-030,Bhopal,BHO,center,True,spike
2025-01-02 20:00:00,16.0,961.3,80.0,AWS-BHO-030,Bhopal,BHO,center,False,
2025-01-02 21:00:00,15.7,961.2,78.0,AWS-BHO-030,Bhopal,BHO,center,False,
2025-01-02 22:00:00,15.3,961.2,77.0,AWS-BHO-030,Bhopal,BHO,center,False,
2025-01-02 23:00:00,14.9,960.5,76.0,AWS-BHO-030,Bhopal,BHO,center,False,
2025-01-03 00:00:00,14.3,959.9,76.0,AWS-BHO-030,Bhopal,BHO,center,False,
2025-01-03 01:00:00,13.0,959.2,80.0,AWS-BHO-030,Bhopal,BHO,center,False,
2025-01-03 02:00:00,12.0,958.9,82.0,AWS-BHO-030,Bhopal,BHO,center,False,
2025-01-03 03:00:00,11.7,958.8,82.0,AWS-BHO-030,Bhopal,BHO,center,False,
2025-01-03 04:00:00,11.6,958.6,83.0,AWS-BHO-030,Bhopal,BHO,center,False,
2025-01-03 05:00:00,11.3,958.7,84.0,AWS-BHO-030,Bhopal,BHO,center,False,
2025-01-03 06:00:00,11.2,959.5,85.0,AWS-BHO-030,Bhopal,BHO,center,False,
2025-01-03 07:00:00,11.2,960.1,85.0,AWS-BHO-030,Bhopal,BHO,center,False,
2025-01-03 08:00:00,13.6,961.3,80.0,AWS-BHO-030,Bhopal,BHO,center,False,
2025-01-03 09:00:00,16.9,962.4,72.0,AWS-BHO-030,Bhopal,BHO,center,False,
2025-01-03 10:00:00,19.9,963.3,63.0,AWS-BHO-030,Bhopal,BHO,center,False,
2025-01-03 11:00:00,22.0,962.7,54.0,AWS-BHO-030,Bhopal,BHO,center,False,
2025-01-03 12:00:00,23.4,962.0,49.0,AWS-BHO-030,Bhopal,BHO,center,False,
2025-01-03 13:00:00,24.2,961.0,45.0,AWS-BHO-030,Bhopal,BHO,center,False,
2025-01-03 14:00:00,24.5,960.3,44.0,AWS-BHO-030,Bhopal,BHO,center,False,
2025-01-03 15:00:00,24.3,959.9,45.0,AWS-BHO-030,Bhopal,BHO,center,False,
2025-01-03 16:00:00,23.4,959.5,54.0,AWS-BHO-030,Bhopal,BHO,center,False,
2025-01-03 17:00:00,20.7,959.2,68.0,AWS-BHO-030,Bhopal,BHO,center,False,
2025-01-03 18:00:00,19.3,959.5,70.0,AWS-BHO-030,Bhopal,BHO,center,False,
2025-01-03 19:00:00,17.8,959.9,75.0,AWS-BHO-030,Bhopal,BHO,center,False,
2025-01-03 20:00:00,16.9,960.3,77.0,AWS-BHO-030,Bhopal,BHO,center,False,
2025-01-03 21:00:00,16.2,960.2,78.0,AWS-BHO-030,Bhopal,BHO,center,False,
2025-01-03 22:00:00,15.5,960.2,80.0,AWS-BHO-030,Bhopal,BHO,center,False,
2025-01-03 23:00:00,14.9,959.6,82.0,AWS-BHO-030,Bhopal,BHO,center,False,
2025-01-04 00:00:00,14.5,959.0,81.0,AWS-BHO-030,Bhopal,BHO,center,False,
2025-01-04 01:00:00,14.2,958.2,81.0,AWS-BHO-030,Bhopal,BHO,center,False,
2025-01-04 02:00:00,13.8,957.7,82.0,AWS-BHO-030,Bhopal,BHO,center,False,
2025-01-04 03:00:00,13.3,957.2,82.0,AWS-BHO-030,Bhopal,BHO,center,False,
2025-01-04 04:00:00,12.8,956.8,83.0,AWS-BHO-030,Bhopal,BHO,center,False,
2025-01-04 05:00:00,11.9,956.9,84.0,AWS-BHO-030,Bhopal,BHO,center,False,
2025-01-04 06:00:00,11.7,957.7,84.0,AWS-BHO-030,Bhopal,BHO,center,False,
2025-01-04 07:00:00,11.8,958.6,83.0,AWS-BHO-030,Bhopal,BHO,center,False,
2025-01-04 08:00:00,14.0,959.8,78.0,AWS-BHO-030,Bhopal,BHO,center,False,
2025-01-04 09:00:00,17.2,960.9,72.0,AWS-BHO-030,Bhopal,BHO,center,False,
2025-01-04 10:00:00,20.1,961.6,62.0,AWS-BHO-030,Bhopal,BHO,center,False,
2025-01-04 11:00:00,22.2,961.3,52.0,AWS-BHO-030,Bhopal,BHO,center,False,
2025-01-04 12:00:00,23.5,960.2,45.0,AWS-BHO-030,Bhopal,BHO,center,False,
2025-01-04 13:00:00,24.2,959.3,43.0,AWS-BHO-030,Bhopal,BHO,center,False,
2025-01-04 14:00:00,24.4,958.3,43.0,AWS-BHO-030,Bhopal,BHO,center,False,
2025-01-04 15:00:00,24.2,957.8,44.0,AWS-BHO-030,Bhopal,BHO,center,False,
2025-01-04 16:00:00,23.2,957.3,52.0,AWS-BHO-030,Bhopal,BHO,center,False,
2025-01-04 17:00:00,20.7,957.1,67.0,AWS-BHO-030,Bhopal,BHO,center,False,
2025-01-04 18:00:00,19.2,957.7,72.0,AWS-BHO-030,Bhopal,BHO,center,False,
2025-01-04 19:00:00,17.8,958.3,77.0,AWS-BHO-030,Bhopal,BHO,center,False,
2025-01-04 20:00:00,16.4,958.7,82.0,AWS-BHO-030,Bhopal,BHO,center,False,
2025-01-04 21:00:00,15.3,958.5,86.0,AWS-BHO-030,Bhopal,BHO,center,False,
2025-01-04 22:00:00,14.8,958.5,86.0,AWS-BHO-030,Bhopal,BHO,center,False,
2025-01-04 23:00:00,14.5,957.9,83.0,AWS-BHO-030,Bhopal,BHO,center,False,
2025-01-05 00:00:00,14.0,957.2,81.0,AWS-BHO-030,Bhopal,BHO,center,False,
2025-01-05 01:00:00,13.5,956.6,82.0,AWS-BHO-030,Bhopal,BHO,center,False,
2025-01-05 02:00:00,13.2,956.1,82.0,AWS-BHO-030,Bhopal,BHO,center,False,
2025-01-05 03:00:00,12.7,955.9,82.0,AWS-BHO-030,Bhopal,BHO,center,False,
2025-01-05 04:00:00,12.0,955.7,81.0,AWS-BHO-030,Bhopal,BHO,center,False,
2025-01-05 05:00:00,11.8,956.0,76.0,AWS-BHO-030,Bhopal,BHO,center,False,
2025-01-05 06:00:00,13.1,957.0,71.0,AWS-BHO-030,Bhopal,BHO,center,False,
2025-01-05 07:00:00,13.0,957.5,70.0,AWS-BHO-030,Bhopal,BHO,center,False,
2025-01-05 08:00:00,14.6,958.6,65.0,AWS-BHO-030,Bhopal,BHO,center,False,
2025-01-05 09:00:00,17.0,959.8,61.0,AWS-BHO-030,Bhopal,BHO,center,False,
2025-01-05 10:00:00,19.0,960.0,58.0,AWS-BHO-030,Bhopal,BHO,center,False,
2025-01-05 11:00:00,21.3,959.7,54.0,AWS-BHO-030,Bhopal,BHO,center,False,
2025-01-05 12:00:00,22.3,958.9,51.0,AWS-BHO-030,Bhopal,BHO,center,False,
2025-01-05 13:00:00,22.0,957.9,53.0,AWS-BHO-030,Bhopal,BHO,center,False,
2025-01-05 14:00:00,21.8,957.1,55.0,AWS-BHO-030,Bhopal,BHO,center,False,
2025-01-05 15:00:00,21.5,956.6,59.0,AWS-BHO-030,Bhopal,BHO,center,False,
2025-01-05 16:00:00,20.5,956.0,69.0,AWS-BHO-030,Bhopal,BHO,center,False,
2025-01-05 17:00:00,19.6,956.2,76.0,AWS-BHO-030,Bhopal,BHO,center,False,
2025-01-05 18:00:00,18.3,957.0,76.0,AWS-BHO-030,Bhopal,BHO,center,False,
2025-01-05 19:00:00,17.4,957.1,76.0,AWS-BHO-030,Bhopal,BHO,center,False,
2025-01-05 20:00:00,16.6,957.7,79.0,AWS-BHO-030,Bhopal,BHO,center,False,
2025-01-05 21:00:00,16.4,957.7,77.0,AWS-BHO-030,Bhopal,BHO,center,False,
2025-01-05 22:00:00,16.1,957.3,75.0,AWS-BHO-030,Bhopal,BHO,center,False,
2025-01-05 23:00:00,14.9,957.0,82.0,AWS-BHO-030,Bhopal,BHO,center,False,
2025-01-06 00:00:00,14.1,956.5,85.0,AWS-BHO-030,Bhopal,BHO,center,False,
2025-01-06 01:00:00,14.8,956.1,84.0,AWS-BHO-030,Bhopal,BHO,center,False,
2025-01-06 02:00:00,14.4,955.7,85.0,AWS-BHO-030,Bhopal,BHO,center,False,
2025-01-06 03:00:00,13.6,955.2,85.0,AWS-BHO-030,Bhopal,BHO,center,False,
2025-01-06 04:00:00,13.1,955.2,82.0,AWS-BHO-030,Bhopal,BHO,center,False,
2025-01-06 05:00:00,12.7,955.3,81.0,AWS-BHO-030,Bhopal,BHO,center,False,
2025-01-06 06:00:00,12.7,956.1,83.0,AWS-BHO-030,Bhopal,BHO,center,False,
2025-01-06 07:00:00,12.9,956.7,82.0,AWS-BHO-030,Bhopal,BHO,center,False,
2025-01-06 08:00:00,15.1,957.9,76.0,AWS-BHO-030,Bhopal,BHO,center,False,
2025-01-06 09:00:00,18.2,959.3,70.0,AWS-BHO-030,Bhopal,BHO,center,False,
2025-01-06 10:00:00,21.2,959.9,60.0,AWS-BHO-030,Bhopal,BHO,center,False,
2025-01-06 11:00:00,23.3,959.5,50.0,AWS-BHO-030,Bhopal,BHO,center,False,
2025-01-06 12:00:00,24.5,958.6,48.0,AWS-BHO-030,Bhopal,BHO,center,False,
2025-01-06 13:00:00,25.2,957.7,46.0,AWS-BHO-030,Bhopal,BHO,center,False,
2025-01-06 14:00:00,25.5,957.1,43.0,AWS-BHO-030,Bhopal,BHO,center,False,
2025-01-06 15:00:00,25.2,956.8,44.0,AWS-BHO-030,Bhopal,BHO,center,False,
2025-01-06 16:00:00,24.4,956.6,49.0,AWS-BHO-030,Bhopal,BHO,center,False,
2025-01-06 17:00:00,22.5,956.6,61.0,AWS-BHO-030,Bhopal,BHO,center,False,
2025-01-06 18:00:00,20.8,957.0,71.0,AWS-BHO-030,Bhopal,BHO,center,False,
2025-01-06 19:00:00,19.6,957.5,75.0,AWS-BHO-030,Bhopal,BHO,center,False,
2025-01-06 20:00:00,18.5,958.2,80.0,AWS-BHO-030,Bhopal,BHO,center,False,
2025-01-06 21:00:00,17.4,958.8,81.0,AWS-BHO-030,Bhopal,BHO,center,False,
2025-01-06 22:00:00,16.4,959.1,84.0,AWS-BHO-030,Bhopal,BHO,center,False,
2025-01-06 23:00:00,15.5,959.1,90.0,AWS-BHO-030,Bhopal,BHO,center,False,
2025-01-07 00:00:00,14.7,959.0,94.0,AWS-BHO-030,Bhopal,BHO,center,False,
2025-01-07 01:00:00,14.0,958.9,95.0,AWS-BHO-030,Bhopal,BHO,center,False,
2025-01-07 02:00:00,13.2,958.9,95.0,AWS-BHO-030,Bhopal,BHO,center,False,
2025-01-07 03:00:00,12.5,958.9,95.0,AWS-BHO-030,Bhopal,BHO,center,False,
2025-01-07 04:00:00,11.9,958.9,95.0,AWS-BHO-030,Bhopal,BHO,center,False,
2025-01-07 05:00:00,11.5,959.2,95.0,AWS-BHO-030,Bhopal,BHO,center,False,
2025-01-07 06:00:00,10.5,960.3,96.0,AWS-BHO-030,Bhopal,BHO,center,False,
2025-01-07 07:00:00,10.3,961.0,96.0,AWS-BHO-030,Bhopal,BHO,center,False,
2025-01-07 08:00:00,11.5,981.6908330307581,90.0,AWS-BHO-030,Bhopal,BHO,center,True,spike
2025-01-07 09:00:00,13.5,962.9,81.0,AWS-BHO-030,Bhopal,BHO,center,False,
2025-01-07 10:00:00,15.6,962.9,72.0,AWS-BHO-030,Bhopal,BHO,center,False,
2025-01-07 11:00:00,17.8,962.3,63.0,AWS-BHO-030,Bhopal,BHO,center,False,
2025-01-07 12:00:00,19.5,961.1,55.0,AWS-BHO-030,Bhopal,BHO,center,False,
2025-01-07 13:00:00,20.5,959.9,49.0,AWS-BHO-030,Bhopal,BHO,center,False,
2025-01-07 14:00:00,20.9,959.0,45.0,AWS-BHO-030,Bhopal,BHO,center,False,
2025-01-07 15:00:00,20.8,958.5,46.0,AWS-BHO-030,Bhopal,BHO,center,False,
2025-01-07 16:00:00,-35.967984720892225,958.2,49.0,AWS-BHO-030,Bhopal,BHO,center,True,spike
2025-01-07 17:00:00,18.3,958.1,62.0,AWS-BHO-030,Bhopal,BHO,center,False,
2025-01-07 18:00:00,16.8,958.7,74.0,AWS-BHO-030,Bhopal,BHO,center,False,
2025-01-07 19:00:00,15.6,959.0,76.0,AWS-BHO-030,Bhopal,BHO,center,False,
2025-01-07 20:00:00,14.8,959.4,71.0,AWS-BHO-030,Bhopal,BHO,center,False,
2025-01-07 21:00:00,13.8,959.9,73.0,AWS-BHO-030,Bhopal,BHO,center,False,
2025-01-07 22:00:00,12.7,959.8,79.0,AWS-BHO-030,Bhopal,BHO,center,False,
2025-01-07 23:00:00,11.7,959.0,83.0,AWS-BHO-030,Bhopal,BHO,center,False,
2025-01-08 00:00:00,11.0,958.5,86.0,AWS-BHO-030,Bhopal,BHO,center,True,drift
2025-01-08 01:00:00,10.3,957.5392093159519,91.0,AWS-BHO-030,Bhopal,BHO,center,True,drift
2025-01-08 02:00:00,9.8,956.249083012927,93.0,AWS-BHO-030,Bhopal,BHO,center,True,drift
2025-01-08 03:00:00,9.3,955.2357141202133,94.0,AWS-BHO-030,Bhopal,BHO,center,True,drift
2025-01-08 04:00:00,8.6,954.1384292873744,95.0,AWS-BHO-030,Bhopal,BHO,center,True,drift
2025-01-08 05:00:00,41.34616509628439,953.0803370066402,97.0,AWS-BHO-030,Bhopal,BHO,center,True,drift
2025-01-08 06:00:00,16.549638086315593,952.4772109020275,98.0,AWS-BHO-030,Bhopal,BHO,center,True,drift
2025-01-08 07:00:00,10.034576665737625,951.8407356806925,99.0,AWS-BHO-030,Bhopal,BHO,center,True,drift
2025-01-08 08:00:00,9.5,951.680032012079,94.0,AWS-BHO-030,Bhopal,BHO,center,True,drift
2025-01-08 09:00:00,12.4,951.20248416592,82.0,AWS-BHO-030,Bhopal,BHO,center,True,drift
2025-01-08 10:00:00,14.9,949.4142344648295,67.0,AWS-BHO-030,Bhopal,BHO,center,True,drift
2025-01-08 11:00:00,16.8,946.8204998006167,57.0,AWS-BHO-030,Bhopal,BHO,center,True,drift
2025-01-08 12:00:00,18.2,943.7257851268904,51.0,AWS-BHO-030,Bhopal,BHO,center,True,drift
2025-01-08 13:00:00,19.2,940.6340335031034,49.0,AWS-BHO-030,Bhopal,BHO,center,True,drift
2025-01-08 14:00:00,19.8,937.6487351062806,47.0,AWS-BHO-030,Bhopal,BHO,center,True,drift
2025-01-08 15:00:00,20.0,934.973008632122,47.0,AWS-BHO-030,Bhopal,BHO,center,True,drift
2025-01-08 16:00:00,19.7,932.4096634944807,47.0,AWS-BHO-030,Bhopal,BHO,center,True,drift
2025-01-08 17:00:00,17.8,929.9612482946184,64.0,AWS-BHO-030,Bhopal,BHO,center,True,drift
2025-01-08 18:00:00,16.4,927.3300892361219,69.0,AWS-BHO-030,Bhopal,BHO,center,True,drift
2025-01-08 19:00:00,14.8,925.1183210239543,76.0,AWS-BHO-030,Bhopal,BHO,center,True,drift
2025-01-08 20:00:00,13.7,922.7279120430251,79.0,AWS-BHO-030,Bhopal,BHO,center,True,drift
2025-01-08 21:00:00,12.9,919.8606851130019,81.0,AWS-BHO-030,Bhopal,BHO,center,True,drift
2025-01-08 22:00:00,11.9,916.6183347734344,84.0,AWS-BHO-030,Bhopal,BHO,center,True,drift
2025-01-08 23:00:00,11.2,913.3024418128563,83.0,AWS-BHO-030,Bhopal,BHO,center,True,drift
2025-01-09 00:00:00,10.7,909.9144855836571,83.0,AWS-BHO-030,Bhopal,BHO,center,True,drift
2025-01-09 01:00:00,10.4,906.3558545195749,82.0,AWS-BHO-030,Bhopal,BHO,center,True,drift
2025-01-09 02:00:00,10.2,902.8278551804394,81.0,AWS-BHO-030,Bhopal,BHO,center,True,drift
2025-01-09 03:00:00,10.4,899.131720079778,76.0,AWS-BHO-030,Bhopal,BHO,center,True,drift
2025-01-09 04:00:00,9.8,895.7686144986026,76.0,AWS-BHO-030,Bhopal,BHO,center,True,drift
2025-01-09 05:00:00,9.1,892.6396424486,77.0,AWS-BHO-030,Bhopal,BHO,center,True,drift
2025-01-09 06:00:00,8.7,890.1458519168904,80.0,AWS-BHO-030,Bhopal,BHO,center,True,drift
2025-01-09 07:00:00,9.1,887.5882395002122,84.0,AWS-BHO-030,Bhopal,BHO,center,True,drift
2025-01-09 08:00:00,11.3,885.3677545172134,82.0,AWS-BHO-030,Bhopal,BHO,center,True,drift
2025-01-09 09:00:00,14.4,882.8853026722466,72.0,AWS-BHO-030,Bhopal,BHO,center,True,drift
2025-01-09 10:00:00,17.3,879.2417493318193,60.0,AWS-BHO-030,Bhopal,BHO,center,True,drift
2025-01-09 11:00:00,19.4,874.8379224649362,50.0,AWS-BHO-030,Bhopal,BHO,center,True,drift
2025-01-09 12:00:00,20.8,869.8746152905142,45.0,AWS-BHO-030,Bhopal,BHO,center,True,drift
2025-01-09 13:00:00,21.7,865.2525886684443,41.0,AWS-BHO-030,Bhopal,BHO,center,True,drift
2025-01-09 14:00:00,22.2,860.372573265443,40.0,AWS-BHO-030,Bhopal,BHO,center,True,drift
2025-01-09 15:00:00,22.1,856.0352715223106,42.0,AWS-BHO-030,Bhopal,BHO,center,True,drift
2025-01-09 16:00:00,21.5,851.9413594454802,44.0,AWS-BHO-030,Bhopal,BHO,center,True,drift
2025-01-09 17:00:00,19.6,958.8,55.0,AWS-BHO-030,Bhopal,BHO,center,False,
2025-01-09 18:00:00,17.9,959.4,63.0,AWS-BHO-030,Bhopal,BHO,center,False,
2025-01-09 19:00:00,16.7,959.9,69.0,AWS-BHO-030,Bhopal,BHO,center,False,
2025-01-09 20:00:00,15.8,960.5,71.0,AWS-BHO-030,Bhopal,BHO,center,False,
2025-01-09 21:00:00,14.9,961.2,73.0,AWS-BHO-030,Bhopal,BHO,center,False,
2025-01-09 22:00:00,14.0,961.3,76.0,AWS-BHO-030,Bhopal,BHO,center,False,
2025-01-09 23:00:00,13.1,961.0,77.0,AWS-BHO-030,Bhopal,BHO,center,False,
2025-01-10 00:00:00,12.5,960.6,74.0,AWS-BHO-030,Bhopal,BHO,center,False,
2025-01-10 01:00:00,12.2,960.2,69.0,AWS-BHO-030,Bhopal,BHO,center,False,
2025-01-10 02:00:00,11.9,959.9,68.0,AWS-BHO-030,Bhopal,BHO,center,False,
2025-01-10 03:00:00,11.6,959.6,70.0,AWS-BHO-030,Bhopal,BHO,center,False,
2025-01-10 04:00:00,11.2,959.3,74.0,AWS-BHO-030,Bhopal,BHO,center,False,
2025-01-10 05:00:00,10.8,959.5,76.0,AWS-BHO-030,Bhopal,BHO,center,False,
2025-01-10 06:00:00,10.3,960.2,80.0,AWS-BHO-030,Bhopal,BHO,center,False,
2025-01-10 07:00:00,10.3,960.9,80.0,AWS-BHO-030,Bhopal,BHO,center,False,
2025-01-10 08:00:00,12.0,962.1,74.0,AWS-BHO-030,Bhopal,BHO,center,False,
2025-01-10 09:00:00,15.0,963.4,62.0,AWS-BHO-030,Bhopal,BHO,center,False,
2025-01-10 10:00:00,18.0,963.8,53.0,AWS-BHO-030,Bhopal,BHO,center,False,
2025-01-10 11:00:00,20.6,963.3,44.0,AWS-BHO-030,Bhopal,BHO,center,False,
2025-01-10 12:00:00,22.1,962.2,38.0,AWS-BHO-030,Bhopal,BHO,center,False,
2025-01-10 13:00:00,22.9,961.4,37.0,AWS-BHO-030,Bhopal,BHO,center,False,
2025-01-10 14:00:00,23.2,960.5,37.0,AWS-BHO-030,Bhopal,BHO,center,False,
2025-01-10 15:00:00,23.1,959.8,38.0,AWS-BHO-030,Bhopal,BHO,center,False,
2025-01-10 16:00:00,22.4,959.6,40.0,AWS-BHO-030,Bhopal,BHO,center,False,
2025-01-10 17:00:00,20.5,959.3,53.0,AWS-BHO-030,Bhopal,BHO,center,False,
2025-01-10 18:00:00,19.2,959.1,57.0,AWS-BHO-030,Bhopal,BHO,center,False,
2025-01-10 19:00:00,18.2,959.4,59.0,AWS-BHO-030,Bhopal,BHO,center,False,
2025-01-10 20:00:00,17.2,959.8,61.0,AWS-BHO-030,Bhopal,BHO,center,False,
2025-01-10 21:00:00,16.0,960.3,66.0,AWS-BHO-030,Bhopal,BHO,center,False,
2025-01-10 22:00:00,14.7,960.4,75.0,AWS-BHO-030,Bhopal,BHO,center,False,
2025-01-10 23:00:00,13.8,959.9,81.0,AWS-BHO-030,Bhopal,BHO,center,False,
2025-01-11 00:00:00,14.0,959.5,77.0,AWS-BHO-030,Bhopal,BHO,center,False,
2025-01-11 01:00:00,13.9,959.3,73.0,AWS-BHO-030,Bhopal,BHO,center,False,
2025-01-11 02:00:00,13.4,958.7,76.0,AWS-BHO-030,Bhopal,BHO,center,False,
2025-01-11 03:00:00,3925.5729294217053,958.7896989754339,100.0,AWS-BHO-030,Bhopal,BHO,center,True,multivariate_inconsistency
2025-01-11 04:00:00,3925.1729294217052,958.2983024500559,100.0,AWS-BHO-030,Bhopal,BHO,center,True,multivariate_inconsistency
2025-01-11 05:00:00,3924.772929421705,957.6940465420766,100.0,AWS-BHO-030,Bhopal,BHO,center,True,multivariate_inconsistency
2025-01-11 06:00:00,11.6,959.0,84.0,AWS-BHO-030,Bhopal,BHO,center,False,
2025-01-11 07:00:00,11.6,959.4,83.0,AWS-BHO-030,Bhopal,BHO,center,False,
2025-01-11 08:00:00,13.7,960.7,74.0,AWS-BHO-030,Bhopal,BHO,center,False,
2025-01-11 09:00:00,16.8,961.6,63.0,AWS-BHO-030,Bhopal,BHO,center,False,
2025-01-11 10:00:00,19.9,962.1,53.0,AWS-BHO-030,Bhopal,BHO,center,False,
2025-01-11 11:00:00,22.1,961.4,49.0,AWS-BHO-030,Bhopal,BHO,center,False,
2025-01-11 12:00:00,23.5,960.4,48.0,AWS-BHO-030,Bhopal,BHO,center,False,
2025-01-11 13:00:00,24.4,959.4,45.0,AWS-BHO-030,Bhopal,BHO,center,False,
2025-01-11 14:00:00,25.0,958.5,43.0,AWS-BHO-030,Bhopal,BHO,center,False,
2025-01-11 15:00:00,25.2,957.9,42.0,AWS-BHO-030,Bhopal,BHO,center,False,
2025-01-11 16:00:00,24.5,957.8,45.0,AWS-BHO-030,Bhopal,BHO,center,False,
2025-01-11 17:00:00,23.0,957.6,55.0,AWS-BHO-030,Bhopal,BHO,center,False,
2025-01-11 18:00:00,20.4,957.6,71.0,AWS-BHO-030,Bhopal,BHO,center,False,
2025-01-11 19:00:00,19.5,958.1,71.0,AWS-BHO-030,Bhopal,BHO,center,False,
2025-01-11 20:00:00,18.4,958.6,75.0,AWS-BHO-030,Bhopal,BHO,center,False,
2025-01-11 21:00:00,18.2,959.0,74.0,AWS-BHO-030,Bhopal,BHO,center,False,
2025-01-11 22:00:00,-1789.0963143087035,1072.6741399086377,100.0,AWS-BHO-030,Bhopal,BHO,center,True,unstructured_anomaly
2025-01-11 23:00:00,1909.4523535892502,859.310059230535,100.0,AWS-BHO-030,Bhopal,BHO,center,True,unstructured_anomaly
2025-01-12 00:00:00,1555.187217070792,826.0860177291162,30.26623371270947,AWS-BHO-030,Bhopal,BHO,center,True,unstructured_anomaly
2025-01-12 01:00:00,-1821.5448051128485,1058.6963933156612,100.0,AWS-BHO-030,Bhopal,BHO,center,True,unstructured_anomaly
2025-01-12 02:00:00,1516.6151608682856,829.5225803397452,100.0,AWS-BHO-030,Bhopal,BHO,center,True,unstructured_anomaly
2025-01-12 03:00:00,-1579.0098360948416,1064.4252698636292,100.0,AWS-BHO-030,Bhopal,BHO,center,True,unstructured_anomaly
2025-01-12 04:00:00,15.6,958.5,85.0,AWS-BHO-030,Bhopal,BHO,center,False,
2025-01-12 05:00:00,15.8,958.6,86.0,AWS-BHO-030,Bhopal,BHO,center,False,
2025-01-12 06:00:00,15.8,959.6,89.0,AWS-BHO-030,Bhopal,BHO,center,False,
2025-01-12 07:00:00,15.8,959.8,92.0,AWS-BHO-030,Bhopal,BHO,center,False,
2025-01-12 08:00:00,-1827.4446176108925,1077.7209718629479,42.186676169102014,AWS-BHO-030,Bhopal,BHO,center,True,unstructured_anomaly
2025-01-12 09:00:00,-1790.41565161769,1093.5810051926946,29.719640319779806,AWS-BHO-030,Bhopal,BHO,center,True,unstructured_anomaly
2025-01-12 10:00:00,1582.713292695248,842.5430514766337,100.0,AWS-BHO-030,Bhopal,BHO,center,True,unstructured_anomaly
2025-01-12 11:00:00,1625.5460930113234,842.9337256360413,100.0,AWS-BHO-030,Bhopal,BHO,center,True,unstructured_anomaly
2025-01-12 12:00:00,1929.4740804041783,860.2094813576605,5.005820554395747,AWS-BHO-030,Bhopal,BHO,center,True,unstructured_anomaly
2025-01-12 13:00:00,24.2,959.6,48.0,AWS-BHO-030,Bhopal,BHO,center,False,
2025-01-12 14:00:00,24.3,959.0,46.0,AWS-BHO-030,Bhopal,BHO,center,False,
2025-01-12 15:00:00,24.4,958.6,43.0,AWS-BHO-030,Bhopal,BHO,center,False,
2025-01-12 16:00:00,24.0,958.8,43.0,AWS-BHO-030,Bhopal,BHO,center,False,
2025-01-12 17:00:00,22.6,958.9,48.0,AWS-BHO-030,Bhopal,BHO,center,False,
2025-01-12 18:00:00,20.1,959.9,60.0,AWS-BHO-030,Bhopal,BHO,center,False,
2025-01-12 19:00:00,18.5,960.5,65.0,AWS-BHO-030,Bhopal,BHO,center,False,
2025-01-12 20:00:00,17.0,961.0,69.0,AWS-BHO-030,Bhopal,BHO,center,False,
2025-01-12 21:00:00,15.7,961.5,72.0,AWS-BHO-030,Bhopal,BHO,center,False,
2025-01-12 22:00:00,14.8,961.5,75.0,AWS-BHO-030,Bhopal,BHO,center,False,
2025-01-12 23:00:00,14.0,960.9,79.0,AWS-BHO-030,Bhopal,BHO,center,False,
2025-01-13 00:00:00,13.4,960.4,82.0,AWS-BHO-030,Bhopal,BHO,center,False,
2025-01-13 01:00:00,12.7,960.1,84.0,AWS-BHO-030,Bhopal,BHO,center,False,
2025-01-13 02:00:00,12.0,959.7,86.0,AWS-BHO-030,Bhopal,BHO,center,False,
2025-01-13 03:00:00,11.5,959.4,86.0,AWS-BHO-030,Bhopal,BHO,center,False,
2025-01-13 04:00:00,11.1,959.4,87.0,AWS-BHO-030,Bhopal,BHO,center,False,
2025-01-13 05:00:00,10.8,959.7,90.0,AWS-BHO-030,Bhopal,BHO,center,False,
2025-01-13 06:00:00,10.1,960.4,93.0,AWS-BHO-030,Bhopal,BHO,center,False,
2025-01-13 07:00:00,10.1,960.8,95.0,AWS-BHO-030,Bhopal,BHO,center,False,
2025-01-13 08:00:00,11.9,961.8,87.0,AWS-BHO-030,Bhopal,BHO,center,False,
2025-01-13 09:00:00,14.4,962.7,78.0,AWS-BHO-030,Bhopal,BHO,center,False,
2025-01-13 10:00:00,16.5,962.7,68.0,AWS-BHO-030,Bhopal,BHO,center,False,
2025-01-13 11:00:00,18.0,962.4,57.0,AWS-BHO-030,Bhopal,BHO,center,False,
2025-01-13 12:00:00,19.2,961.0,50.0,AWS-BHO-030,Bhopal,BHO,center,False,
2025-01-13 13:00:00,20.0,959.7,45.0,AWS-BHO-030,Bhopal,BHO,center,False,
2025-01-13 14:00:00,20.4,959.0,43.0,AWS-BHO-030,Bhopal,BHO,center,False,
2025-01-13 15:00:00,4443.493530672522,958.3770378987343,100.0,AWS-BHO-030,Bhopal,BHO,center,True,multivariate_inconsistency
2025-01-13 16:00:00,4442.693530672522,959.9478387319249,100.0,AWS-BHO-030,Bhopal,BHO,center,True,multivariate_inconsistency
2025-01-13 17:00:00,4440.993530672522,957.6784528957534,100.0,AWS-BHO-030,Bhopal,BHO,center,True,multivariate_inconsistency
2025-01-13 18:00:00,4438.993530672522,959.9368245652166,100.0,AWS-BHO-030,Bhopal,BHO,center,True,multivariate_inconsistency
2025-01-13 19:00:00,4437.993530672522,959.1753671719323,100.0,AWS-BHO-030,Bhopal,BHO,center,True,multivariate_inconsistency
2025-01-13 20:00:00,14.0,960.2,76.0,AWS-BHO-030,Bhopal,BHO,center,False,
2025-01-13 21:00:00,13.6,960.3,78.0,AWS-BHO-030,Bhopal,BHO,center,False,
2025-01-13 22:00:00,13.2,960.3,81.0,AWS-BHO-030,Bhopal,BHO,center,False,
2025-01-13 23:00:00,12.7,959.7,84.0,AWS-BHO-030,Bhopal,BHO,center,False,
2025-01-14 00:00:00,11.9,959.3,89.0,AWS-BHO-030,Bhopal,BHO,center,False,
2025-01-14 01:00:00,11.2,959.3,93.0,AWS-BHO-030,Bhopal,BHO,center,False,
2025-01-14 02:00:00,10.6,958.6,94.0,AWS-BHO-030,Bhopal,BHO,center,False,
2025-01-14 03:00:00,10.2,958.3,94.0,AWS-BHO-030,Bhopal,BHO,center,False,
2025-01-14 04:00:00,9.8,958.2,94.0,AWS-BHO-030,Bhopal,BHO,center,False,
2025-01-14 05:00:00,9.8,958.6,94.0,AWS-BHO-030,Bhopal,BHO,center,False,
2025-01-14 06:00:00,9.3,960.2,95.0,AWS-BHO-030,Bhopal,BHO,center,False,
2025-01-14 07:00:00,9.2,960.7,96.0,AWS-BHO-030,Bhopal,BHO,center,False,
2025-01-14 08:00:00,11.4,961.5,85.0,AWS-BHO-030,Bhopal,BHO,center,False,
2025-01-14 09:00:00,14.5,962.6,71.0,AWS-BHO-030,Bhopal,BHO,center,False,
2025-01-14 10:00:00,17.1,963.1,62.0,AWS-BHO-030,Bhopal,BHO,center,False,
2025-01-14 11:00:00,19.2,962.7,55.0,AWS-BHO-030,Bhopal,BHO,center,False,
2025-01-14 12:00:00,20.8,961.4,51.0,AWS-BHO-030,Bhopal,BHO,center,False,
2025-01-14 13:00:00,21.9,960.4,50.0,AWS-BHO-030,Bhopal,BHO,center,False,
2025-01-14 14:00:00,22.4,959.4,51.0,AWS-BHO-030,Bhopal,BHO,center,True,frozen_value
2025-01-14 15:00:00,22.400123301162914,959.1,53.0,AWS-BHO-030,Bhopal,BHO,center,True,frozen_value
2025-01-14 16:00:00,22.37971503969554,959.4,56.0,AWS-BHO-030,Bhopal,BHO,center,True,frozen_value
2025-01-14 17:00:00,22.43118146630667,959.7,62.0,AWS-BHO-030,Bhopal,BHO,center,True,frozen_value
2025-01-14 18:00:00,22.42037305589769,960.1,72.0,AWS-BHO-030,Bhopal,BHO,center,True,frozen_value
2025-01-14 19:00:00,22.418394384919356,960.4,76.0,AWS-BHO-030,Bhopal,BHO,center,True,frozen_value
2025-01-14 20:00:00,22.41875807159713,960.9,77.0,AWS-BHO-030,Bhopal,BHO,center,True,frozen_value
2025-01-14 21:00:00,22.373297373858446,961.1,77.0,AWS-BHO-030,Bhopal,BHO,center,True,frozen_value
2025-01-14 22:00:00,15.5,961.4,78.0,AWS-BHO-030,Bhopal,BHO,center,False,
2025-01-14 23:00:00,14.8,961.2,80.0,AWS-BHO-030,Bhopal,BHO,center,False,
2025-01-15 00:00:00,14.1,960.9,84.0,AWS-BHO-030,Bhopal,BHO,center,False,
2025-01-15 01:00:00,13.7,960.5,86.0,AWS-BHO-030,Bhopal,BHO,center,False,
2025-01-15 02:00:00,13.3,959.8,87.0,AWS-BHO-030,Bhopal,BHO,center,False,
2025-01-15 03:00:00,13.1,959.4,85.0,AWS-BHO-030,Bhopal,BHO,center,False,
2025-01-15 04:00:00,13.1,959.3,83.0,AWS-BHO-030,Bhopal,BHO,center,False,
2025-01-15 05:00:00,13.2,959.7,80.0,AWS-BHO-030,Bhopal,BHO,center,False,
2025-01-15 06:00:00,13.6,960.6,75.0,AWS-BHO-030,Bhopal,BHO,center,False,
2025-01-15 07:00:00,13.4,960.9,76.0,AWS-BHO-030,Bhopal,BHO,center,False,
2025-01-15 08:00:00,15.0,961.7,71.0,AWS-BHO-030,Bhopal,BHO,center,False,
2025-01-15 09:00:00,17.3,962.5,64.0,AWS-BHO-030,Bhopal,BHO,center,False,
2025-01-15 10:00:00,20.0,962.8,59.0,AWS-BHO-030,Bhopal,BHO,center,False,
2025-01-15 11:00:00,22.3,962.4,55.0,AWS-BHO-030,Bhopal,BHO,center,False,
2025-01-15 12:00:00,23.7,961.2,53.0,AWS-BHO-030,Bhopal,BHO,center,False,
2025-01-15 13:00:00,24.8,960.3,49.0,AWS-BHO-030,Bhopal,BHO,center,False,
2025-01-15 14:00:00,24.8,959.6,49.0,AWS-BHO-030,Bhopal,BHO,center,False,
2025-01-15 15:00:00,25.1,959.0,47.0,AWS-BHO-030,Bhopal,BHO,center,False,
2025-01-15 16:00:00,24.8,958.8,47.0,AWS-BHO-030,Bhopal,BHO,center,False,
2025-01-15 17:00:00,23.7,958.5,52.0,AWS-BHO-030,Bhopal,BHO,center,False,
2025-01-15 18:00:00,21.0,959.3,64.0,AWS-BHO-030,Bhopal,BHO,center,False,
2025-01-15 19:00:00,19.9,959.7,67.0,AWS-BHO-030,Bhopal,BHO,center,False,
2025-01-15 20:00:00,19.0,959.9,69.0,AWS-BHO-030,Bhopal,BHO,center,False,
2025-01-15 21:00:00,18.5,960.1,69.0,AWS-BHO-030,Bhopal,BHO,center,False,
2025-01-15 22:00:00,18.0,960.3,70.0,AWS-BHO-030,Bhopal,BHO,center,False,
2025-01-15 23:00:00,17.3,960.0,74.0,AWS-BHO-030,Bhopal,BHO,center,False,
2025-01-16 00:00:00,16.8,959.5,77.0,AWS-BHO-030,Bhopal,BHO,center,False,
2025-01-16 01:00:00,16.4,959.3,78.0,AWS-BHO-030,Bhopal,BHO,center,False,
2025-01-16 02:00:00,16.0,958.9,80.0,AWS-BHO-030,Bhopal,BHO,center,False,
2025-01-16 03:00:00,15.9,958.4,80.0,AWS-BHO-030,Bhopal,BHO,center,False,
2025-01-16 04:00:00,15.2,958.1,85.0,AWS-BHO-030,Bhopal,BHO,center,False,
2025-01-16 05:00:00,15.1,958.2,85.0,AWS-BHO-030,Bhopal,BHO,center,False,
2025-01-16 06:00:00,16.0,959.7,80.0,AWS-BHO-030,Bhopal,BHO,center,False,
2025-01-16 07:00:00,16.6,960.6,77.0,AWS-BHO-030,Bhopal,BHO,center,False,
2025-01-16 08:00:00,17.4,961.1,74.0,AWS-BHO-030,Bhopal,BHO,center,False,
2025-01-16 09:00:00,-15.134094834904872,962.0,71.0,AWS-BHO-030,Bhopal,BHO,center,True,spike
2025-01-16 10:00:00,6.687554611244288,962.4,64.0,AWS-BHO-030,Bhopal,BHO,center,True,spike
2025-01-16 11:00:00,17.592836321799552,962.5,55.0,AWS-BHO-030,Bhopal,BHO,center,True,spike
2025-01-16 12:00:00,21.60717157860759,961.5,54.0,AWS-BHO-030,Bhopal,BHO,center,True,spike
2025-01-16 13:00:00,23.962438253696206,960.6,49.0,AWS-BHO-030,Bhopal,BHO,center,True,spike
2025-01-16 14:00:00,24.0,960.1,53.0,AWS-BHO-030,Bhopal,BHO,center,False,
2025-01-16 15:00:00,23.4,960.0,58.0,AWS-BHO-030,Bhopal,BHO,center,False,
2025-01-16 16:00:00,22.3,960.1,64.0,AWS-BHO-030,Bhopal,BHO,center,False,
2025-01-16 17:00:00,20.4,960.5,73.0,AWS-BHO-030,Bhopal,BHO,center,False,
2025-01-16 18:00:00,20.2,961.5,74.0,AWS-BHO-030,Bhopal,BHO,center,False,
2025-01-16 19:00:00,19.0,962.0,81.0,AWS-BHO-030,Bhopal,BHO,center,False,
2025-01-16 20:00:00,18.2,962.5,83.0,AWS-BHO-030,Bhopal,BHO,center,False,
2025-01-16 21:00:00,2768.0500563148594,963.6850699224717,100.0,AWS-BHO-030,Bhopal,BHO,center,True,multivariate_inconsistency
2025-01-16 22:00:00,2767.250056314859,962.8014367220817,100.0,AWS-BHO-030,Bhopal,BHO,center,True,multivariate_inconsistency
2025-01-16 23:00:00,2766.0500563148594,962.6086793733176,100.0,AWS-BHO-030,Bhopal,BHO,center,True,multivariate_inconsistency
2025-01-17 00:00:00,14.8,962.8,93.0,AWS-BHO-030,Bhopal,BHO,center,False,
2025-01-17 01:00:00,14.2,962.3,93.0,AWS-BHO-030,Bhopal,BHO,center,False,
2025-01-17 02:00:00,13.6,961.7,93.0,AWS-BHO-030,Bhopal,BHO,center,False,
2025-01-17 03:00:00,13.2,961.2,93.0,AWS-BHO-030,Bhopal,BHO,center,False,
2025-01-17 04:00:00,12.7,961.2,93.0,AWS-BHO-030,Bhopal,BHO,center,False,
2025-01-17 05:00:00,12.4,961.4,92.0,AWS-BHO-030,Bhopal,BHO,center,False,
2025-01-17 06:00:00,12.0,962.1,93.0,AWS-BHO-030,Bhopal,BHO,center,False,
2025-01-17 07:00:00,12.1,962.5,91.0,AWS-BHO-030,Bhopal,BHO,center,False,
2025-01-17 08:00:00,13.0,963.0,86.0,AWS-BHO-030,Bhopal,BHO,center,False,
2025-01-17 09:00:00,15.2,963.4,76.0,AWS-BHO-030,Bhopal,BHO,center,False,
2025-01-17 10:00:00,17.7,963.6,67.0,AWS-BHO-030,Bhopal,BHO,center,False,
2025-01-17 11:00:00,19.6,963.1,61.0,AWS-BHO-030,Bhopal,BHO,center,False,
2025-01-17 12:00:00,21.1,961.8,58.0,AWS-BHO-030,Bhopal,BHO,center,False,
2025-01-17 13:00:00,22.1,960.8,57.0,AWS-BHO-030,Bhopal,BHO,center,False,
2025-01-17 14:00:00,22.5,959.8,57.0,AWS-BHO-030,Bhopal,BHO,center,False,
2025-01-17 15:00:00,22.3,959.5,59.0,AWS-BHO-030,Bhopal,BHO,center,False,
2025-01-17 16:00:00,21.4,959.2,64.0,AWS-BHO-030,Bhopal,BHO,center,False,
2025-01-17 17:00:00,20.0,959.3,71.0,AWS-BHO-030,Bhopal,BHO,center,False,
2025-01-17 18:00:00,17.9,959.9,81.0,AWS-BHO-030,Bhopal,BHO,center,False,
2025-01-17 19:00:00,16.9,960.4,84.0,AWS-BHO-030,Bhopal,BHO,center,False,
2025-01-17 20:00:00,16.3,960.9,85.0,AWS-BHO-030,Bhopal,BHO,center,False,
2025-01-17 21:00:00,15.6,961.1,86.0,AWS-BHO-030,Bhopal,BHO,center,False,
2025-01-17 22:00:00,14.9,961.1,88.0,AWS-BHO-030,Bhopal,BHO,center,False,
2025-01-17 23:00:00,14.3,960.6,91.0,AWS-BHO-030,Bhopal,BHO,center,False,
2025-01-18 00:00:00,13.7,960.2,94.0,AWS-BHO-030,Bhopal,BHO,center,False,
2025-01-18 01:00:00,13.4,959.7,94.0,AWS-BHO-030,Bhopal,BHO,center,False,
2025-01-18 02:00:00,13.0,959.4,95.0,AWS-BHO-030,Bhopal,BHO,center,False,
2025-01-18 03:00:00,12.7,959.1,95.0,AWS-BHO-030,Bhopal,BHO,center,False,
2025-01-18 04:00:00,12.5,958.9,94.0,AWS-BHO-030,Bhopal,BHO,center,False,
2025-01-18 05:00:00,12.2,959.1,94.0,AWS-BHO-030,Bhopal,BHO,center,False,
2025-01-18 06:00:00,12.1,960.2,93.0,AWS-BHO-030,Bhopal,BHO,center,False,
2025-01-18 07:00:00,12.0,960.8,93.0,AWS-BHO-030,Bhopal,BHO,center,False,
2025-01-18 08:00:00,13.6,961.7,86.0,AWS-BHO-030,Bhopal,BHO,center,False,
2025-01-18 09:00:00,16.3,962.7,75.0,AWS-BHO-030,Bhopal,BHO,center,False,
2025-01-18 10:00:00,18.8,962.9,67.0,AWS-BHO-030,Bhopal,BHO,center,False,
2025-01-18 11:00:00,20.9,962.4,61.0,AWS-BHO-030,Bhopal,BHO,center,False,
2025-01-18 12:00:00,22.6,961.3,57.0,AWS-BHO-030,Bhopal,BHO,center,False,
2025-01-18 13:00:00,23.5,960.3,54.0,AWS-BHO-030,Bhopal,BHO,center,False,
2025-01-18 14:00:00,23.9,959.5,53.0,AWS-BHO-030,Bhopal,BHO,center,False,
2025-01-18 15:00:00,23.9,958.8,53.0,AWS-BHO-030,Bhopal,BHO,center,False,
2025-01-18 16:00:00,23.3,958.6,55.0,AWS-BHO-030,Bhopal,BHO,center,False,
2025-01-18 17:00:00,50.4926366574389,958.5,63.0,AWS-BHO-030,Bhopal,BHO,center,True,spike
2025-01-18 18:00:00,30.09908057113871,959.0,72.0,AWS-BHO-030,Bhopal,BHO,center,True,spike
2025-01-18 19:00:00,22.255796115553732,959.4,79.0,AWS-BHO-030,Bhopal,BHO,center,True,spike
2025-01-18 20:00:00,18.548422428714083,959.9,86.0,AWS-BHO-030,Bhopal,BHO,center,True,spike
2025-01-18 21:00:00,16.8,960.2,89.0,AWS-BHO-030,Bhopal,BHO,center,False,
2025-01-18 22:00:00,16.3,960.4,91.0,AWS-BHO-030,Bhopal,BHO,center,False,
2025-01-18 23:00:00,15.9,959.9,91.0,AWS-BHO-030,Bhopal,BHO,center,False,
2025-01-19 00:00:00,15.7,959.7,90.0,AWS-BHO-030,Bhopal,BHO,center,False,
2025-01-19 01:00:00,15.2,959.4,89.0,AWS-BHO-030,Bhopal,BHO,center,False,
2025-01-19 02:00:00,14.8,958.8,89.0,AWS-BHO-030,Bhopal,BHO,center,False,
2025-01-19 03:00:00,13.9,958.7,91.0,AWS-BHO-030,Bhopal,BHO,center,False,
2025-01-19 04:00:00,13.5,958.4,91.0,AWS-BHO-030,Bhopal,BHO,center,False,
2025-01-19 05:00:00,13.0,958.4,93.0,AWS-BHO-030,Bhopal,BHO,center,False,
2025-01-19 06:00:00,13.1,959.6,92.0,AWS-BHO-030,Bhopal,BHO,center,False,
2025-01-19 07:00:00,12.9,960.0,93.0,AWS-BHO-030,Bhopal,BHO,center,False,
2025-01-19 08:00:00,14.8,961.0,85.0,AWS-BHO-030,Bhopal,BHO,center,False,
2025-01-19 09:00:00,18.1,962.4,72.0,AWS-BHO-030,Bhopal,BHO,center,False,
2025-01-19 10:00:00,20.9,963.0,63.0,AWS-BHO-030,Bhopal,BHO,center,False,
2025-01-19 11:00:00,22.9,962.5,54.0,AWS-BHO-030,Bhopal,BHO,center,False,
2025-01-19 12:00:00,24.2,961.6,48.0,AWS-BHO-030,Bhopal,BHO,center,False,
2025-01-19 13:00:00,25.0,960.8,44.0,AWS-BHO-030,Bhopal,BHO,center,True,drift
2025-01-19 14:00:00,33.104593099137006,960.1,42.0,AWS-BHO-030,Bhopal,BHO,center,True,drift
2025-01-19 15:00:00,40.70918619827401,959.4,41.0,AWS-BHO-030,Bhopal,BHO,center,True,drift
2025-01-19 16:00:00,47.81377929741102,958.9,42.0,AWS-BHO-030,Bhopal,BHO,center,True,drift
2025-01-19 17:00:00,53.41837239654802,958.7,52.0,AWS-BHO-030,Bhopal,BHO,center,True,drift
2025-01-19 18:00:00,59.322965495685025,958.9,57.0,AWS-BHO-030,Bhopal,BHO,center,True,drift
2025-01-19 19:00:00,65.62755859482203,959.3,62.0,AWS-BHO-030,Bhopal,BHO,center,True,drift
2025-01-19 20:00:00,72.13215169395903,959.6,66.0,AWS-BHO-030,Bhopal,BHO,center,True,drift
2025-01-19 21:00:00,78.93674479309604,959.5,67.0,AWS-BHO-030,Bhopal,BHO,center,True,drift
2025-01-19 22:00:00,85.94133789223305,959.4,67.0,AWS-BHO-030,Bhopal,BHO,center,True,drift
2025-01-19 23:00:00,92.64593099137005,959.1,72.0,AWS-BHO-030,Bhopal,BHO,center,True,drift
2025-01-20 00:00:00,99.75052409050707,958.6,73.0,AWS-BHO-030,Bhopal,BHO,center,True,drift
2025-01-20 01:00:00,105.85511718964406,957.9,80.0,AWS-BHO-030,Bhopal,BHO,center,True,drift
2025-01-20 02:00:00,113.35971028878109,957.6,80.0,AWS-BHO-030,Bhopal,BHO,center,True,drift
2025-01-20 03:00:00,121.16430338791808,957.3,79.0,AWS-BHO-030,Bhopal,BHO,center,True,drift
2025-01-20 04:00:00,128.4688964870551,957.1,80.0,AWS-BHO-030,Bhopal,BHO,center,True,drift
2025-01-20 05:00:00,135.5734895861921,957.1,83.0,AWS-BHO-030,Bhopal,BHO,center,True,drift
2025-01-20 06:00:00,142.5780826853291,958.3,87.0,AWS-BHO-030,Bhopal,BHO,center,True,drift
2025-01-20 07:00:00,150.0826757844661,958.7,89.0,AWS-BHO-030,Bhopal,BHO,center,True,drift
2025-01-20 08:00:00,160.08726888360312,959.9,79.0,AWS-BHO-030,Bhopal,BHO,center,True,drift
2025-01-20 09:00:00,171.2918619827401,961.2,65.0,AWS-BHO-030,Bhopal,BHO,center,True,drift
2025-01-20 10:00:00,181.69645508187713,961.7,54.0,AWS-BHO-030,Bhopal,BHO,center,True,drift
2025-01-20 11:00:00,191.20104818101413,961.3,46.0,AWS-BHO-030,Bhopal,BHO,center,True,drift
2025-01-20 12:00:00,200.00564128015114,960.6,41.0,AWS-BHO-030,Bhopal,BHO,center,True,drift
2025-01-20 13:00:00,208.31023437928815,959.5,38.0,AWS-BHO-030,Bhopal,BHO,center,True,drift
2025-01-20 14:00:00,26.1,958.6,38.0,AWS-BHO-030,Bhopal,BHO,center,False,
2025-01-20 15:00:00,25.9,958.2,39.0,AWS-BHO-030,Bhopal,BHO,center,False,
2025-01-20 16:00:00,25.1,957.9,41.0,AWS-BHO-030,Bhopal,BHO,center,False,
2025-01-20 17:00:00,23.4,957.9,48.0,AWS-BHO-030,Bhopal,BHO,center,False,
2025-01-20 18:00:00,21.8,957.8,58.0,AWS-BHO-030,Bhopal,BHO,center,False,
2025-01-20 19:00:00,20.2,958.2,65.0,AWS-BHO-030,Bhopal,BHO,center,False,
2025-01-20 20:00:00,19.4,958.4,67.0,AWS-BHO-030,Bhopal,BHO,center,False,
2025-01-20 21:00:00,19.0,958.5,68.0,AWS-BHO-030,Bhopal,BHO,center,False,
2025-01-20 22:00:00,18.4,958.6,69.0,AWS-BHO-030,Bhopal,BHO,center,False,
2025-01-20 23:00:00,17.3,958.1,74.0,AWS-BHO-030,Bhopal,BHO,center,False,
2025-01-21 00:00:00,16.5,957.5,78.0,AWS-BHO-030,Bhopal,BHO,center,False,
2025-01-21 01:00:00,16.0,956.8,79.0,AWS-BHO-030,Bhopal,BHO,center,False,
2025-01-21 02:00:00,15.2,956.2,82.0,AWS-BHO-030,Bhopal,BHO,center,False,
2025-01-21 03:00:00,14.7,956.0,84.0,AWS-BHO-030,Bhopal,BHO,center,False,
2025-01-21 04:00:00,14.4,955.7,86.0,AWS-BHO-030,Bhopal,BHO,center,False,
2025-01-21 05:00:00,13.8,955.7,88.0,AWS-BHO-030,Bhopal,BHO,center,False,
2025-01-21 06:00:00,13.5,956.7,90.0,AWS-BHO-030,Bhopal,BHO,center,False,
2025-01-21 07:00:00,13.7,957.5,89.0,AWS-BHO-030,Bhopal,BHO,center,False,
2025-01-21 08:00:00,16.1,958.7,,AWS-BHO-030,Bhopal,BHO,center,True,dropout
2025-01-21 09:00:00,19.6,959.8,64.0,AWS-BHO-030,Bhopal,BHO,center,False,
2025-01-21 10:00:00,22.2,960.3,57.0,AWS-BHO-030,Bhopal,BHO,center,False,
2025-01-21 11:00:00,24.2,959.8,50.0,AWS-BHO-030,Bhopal,BHO,center,False,
2025-01-21 12:00:00,25.4,959.0,43.0,AWS-BHO-030,Bhopal,BHO,center,False,
2025-01-21 13:00:00,26.1,958.2,41.0,AWS-BHO-030,Bhopal,BHO,center,False,
2025-01-21 14:00:00,26.3,957.1,40.0,AWS-BHO-030,Bhopal,BHO,center,False,
2025-01-21 15:00:00,26.2,956.6,41.0,AWS-BHO-030,Bhopal,BHO,center,False,
2025-01-21 16:00:00,25.5,956.5,44.0,AWS-BHO-030,Bhopal,BHO,center,False,
2025-01-21 17:00:00,-39.98188259898166,956.3,49.0,AWS-BHO-030,Bhopal,BHO,center,True,sensor_fail_low
2025-01-21 18:00:00,-39.983346553703754,956.6,58.0,AWS-BHO-030,Bhopal,BHO,center,True,sensor_fail_low
2025-01-21 19:00:00,-39.965663195129366,957.0,59.0,AWS-BHO-030,Bhopal,BHO,center,True,sensor_fail_low
2025-01-21 20:00:00,-40.01939205440784,957.3,61.0,AWS-BHO-030,Bhopal,BHO,center,True,sensor_fail_low
2025-01-21 21:00:00,19.2,957.4,62.0,AWS-BHO-030,Bhopal,BHO,center,False,
2025-01-21 22:00:00,18.4,957.4,63.0,AWS-BHO-030,Bhopal,BHO,center,False,
2025-01-21 23:00:00,18.0,956.7,64.0,AWS-BHO-030,Bhopal,BHO,center,False,
2025-01-22 00:00:00,17.0,956.2,71.0,AWS-BHO-030,Bhopal,BHO,center,False,
2025-01-22 01:00:00,16.1,955.8,76.0,AWS-BHO-030,Bhopal,BHO,center,False,
2025-01-22 02:00:00,15.7,955.2,78.0,AWS-BHO-030,Bhopal,BHO,center,False,
2025-01-22 03:00:00,15.3,955.0,80.0,AWS-BHO-030,Bhopal,BHO,center,False,
2025-01-22 04:00:00,2911.609270991933,954.9963152389403,100.0,AWS-BHO-030,Bhopal,BHO,center,True,multivariate_inconsistency
2025-01-22 05:00:00,2911.2092709919334,953.4840208391519,100.0,AWS-BHO-030,Bhopal,BHO,center,True,multivariate_inconsistency
2025-01-22 06:00:00,2911.409270991933,955.3090713566106,100.0,AWS-BHO-030,Bhopal,BHO,center,True,multivariate_inconsistency
2025-01-22 07:00:00,2911.509270991933,957.8821265165063,100.0,AWS-BHO-030,Bhopal,BHO,center,True,multivariate_inconsistency
2025-01-22 08:00:00,2913.409270991933,957.3199309672207,100.0,AWS-BHO-030,Bhopal,BHO,center,True,multivariate_inconsistency
2025-01-22 09:00:00,19.4,959.2,68.0,AWS-BHO-030,Bhopal,BHO,center,False,
2025-01-22 10:00:00,22.2,959.6,59.0,AWS-BHO-030,Bhopal,BHO,center,False,
2025-01-22 11:00:00,24.4,0.07352433038461215,50.0,AWS-BHO-030,Bhopal,BHO,center,True,sensor_fail_low
2025-01-22 12:00:00,25.8,0.003302937181160464,44.0,AWS-BHO-030,Bhopal,BHO,center,True,sensor_fail_low
2025-01-22 13:00:00,26.6,0.03307335425443619,43.0,AWS-BHO-030,Bhopal,BHO,center,True,sensor_fail_low
2025-01-22 14:00:00,27.3,-0.12289320093173556,40.0,AWS-BHO-030,Bhopal,BHO,center,True,sensor_fail_low
2025-01-22 15:00:00,27.5,955.5,37.0,AWS-BHO-030,Bhopal,BHO,center,False,
2025-01-22 16:00:00,27.1,955.5,36.0,AWS-BHO-030,Bhopal,BHO,center,False,
2025-01-22 17:00:00,25.7,955.5,40.0,AWS-BHO-030,Bhopal,BHO,center,False,
2025-01-22 18:00:00,23.1,955.8,49.0,AWS-BHO-030,Bhopal,BHO,center,False,
2025-01-22 19:00:00,21.6,956.2,55.0,AWS-BHO-030,Bhopal,BHO,center,False,
2025-01-22 20:00:00,20.1,956.7,66.0,AWS-BHO-030,Bhopal,BHO,center,False,
2025-01-22 21:00:00,18.7,956.8,80.0,AWS-BHO-030,Bhopal,BHO,center,False,
2025-01-22 22:00:00,18.0,957.0,84.0,AWS-BHO-030,Bhopal,BHO,center,False,
2025-01-22 23:00:00,17.1,956.7,87.0,AWS-BHO-030,Bhopal,BHO,center,False,
2025-01-23 00:00:00,16.8,956.5,87.0,AWS-BHO-030,Bhopal,BHO,center,False,
2025-01-23 01:00:00,16.4,956.0,88.0,AWS-BHO-030,Bhopal,BHO,center,False,
2025-01-23 02:00:00,15.9,955.2,88.0,AWS-BHO-030,Bhopal,BHO,center,False,
2025-01-23 03:00:00,15.5,954.6,88.0,AWS-BHO-030,Bhopal,BHO,center,False,
2025-01-23 04:00:00,15.2,954.7,88.0,AWS-BHO-030,Bhopal,BHO,center,False,
2025-01-23 05:00:00,14.9,954.8,88.0,AWS-BHO-030,Bhopal,BHO,center,False,
2025-01-23 06:00:00,15.5,955.8,86.0,AWS-BHO-030,Bhopal,BHO,center,False,
2025-01-23 07:00:00,15.6,956.4,84.0,AWS-BHO-030,Bhopal,BHO,center,False,
2025-01-23 08:00:00,17.5,957.6,76.0,AWS-BHO-030,Bhopal,BHO,center,False,
2025-01-23 09:00:00,20.4,958.9,65.0,AWS-BHO-030,Bhopal,BHO,center,False,
2025-01-23 10:00:00,23.5,959.5,53.0,AWS-BHO-030,Bhopal,BHO,center,False,
2025-01-23 11:00:00,25.9,959.1,43.0,AWS-BHO-030,Bhopal,BHO,center,False,
2025-01-23 12:00:00,27.2,958.1,38.0,AWS-BHO-030,Bhopal,BHO,center,False,
2025-01-23 13:00:00,27.8,957.2,38.0,AWS-BHO-030,Bhopal,BHO,center,False,
2025-01-23 14:00:00,28.3,956.4,37.0,AWS-BHO-030,Bhopal,BHO,center,False,
2025-01-23 15:00:00,28.5,956.0,35.0,AWS-BHO-030,Bhopal,BHO,center,False,
2025-01-23 16:00:00,28.1,955.8,35.0,AWS-BHO-030,Bhopal,BHO,center,False,
2025-01-23 17:00:00,26.4,955.8,41.0,AWS-BHO-030,Bhopal,BHO,center,False,
2025-01-23 18:00:00,23.9,955.9,54.0,AWS-BHO-030,Bhopal,BHO,center,False,
2025-01-23 19:00:00,23.1,956.5,53.0,AWS-BHO-030,Bhopal,BHO,center,False,
2025-01-23 20:00:00,22.2,957.3,56.0,AWS-BHO-030,Bhopal,BHO,center,False,
2025-01-23 21:00:00,20.8,958.1,63.0,AWS-BHO-030,Bhopal,BHO,center,False,
2025-01-23 22:00:00,19.5,957.9,72.0,AWS-BHO-030,Bhopal,BHO,center,False,
2025-01-23 23:00:00,18.5,957.8,78.0,AWS-BHO-030,Bhopal,BHO,center,False,
2025-01-24 00:00:00,17.7,957.4,82.0,AWS-BHO-030,Bhopal,BHO,center,False,
2025-01-24 01:00:00,16.9,957.1,85.0,AWS-BHO-030,Bhopal,BHO,center,False,
2025-01-24 02:00:00,16.1,956.6,90.0,AWS-BHO-030,Bhopal,BHO,center,False,
2025-01-24 03:00:00,15.5,956.4,93.0,AWS-BHO-030,Bhopal,BHO,center,False,
2025-01-24 04:00:00,15.0,956.5,94.0,AWS-BHO-030,Bhopal,BHO,center,False,
2025-01-24 05:00:00,14.7,956.8,94.0,AWS-BHO-030,Bhopal,BHO,center,False,
2025-01-24 06:00:00,14.5,957.5,93.0,AWS-BHO-030,Bhopal,BHO,center,False,
2025-01-24 07:00:00,14.4,958.1,90.0,AWS-BHO-030,Bhopal,BHO,center,False,
2025-01-24 08:00:00,15.7,959.1,82.0,AWS-BHO-030,Bhopal,BHO,center,False,
2025-01-24 09:00:00,17.9,960.1,71.0,AWS-BHO-030,Bhopal,BHO,center,False,
2025-01-24 10:00:00,20.0,960.5,63.0,AWS-BHO-030,Bhopal,BHO,center,False,
2025-01-24 11:00:00,21.9,960.1,57.0,AWS-BHO-030,Bhopal,BHO,center,False,
2025-01-24 12:00:00,23.2,959.2,54.0,AWS-BHO-030,Bhopal,BHO,center,False,
2025-01-24 13:00:00,24.1,958.2,52.0,AWS-BHO-030,Bhopal,BHO,center,False,
2025-01-24 14:00:00,24.4,957.4,52.0,AWS-BHO-030,Bhopal,BHO,center,False,
2025-01-24 15:00:00,24.1,957.0,53.0,AWS-BHO-030,Bhopal,BHO,center,False,
2025-01-24 16:00:00,23.4,957.0,55.0,AWS-BHO-030,Bhopal,BHO,center,False,
2025-01-24 17:00:00,22.3,957.3,58.0,AWS-BHO-030,Bhopal,BHO,center,False,
2025-01-24 18:00:00,20.8,958.0,65.0,AWS-BHO-030,Bhopal,BHO,center,False,
2025-01-24 19:00:00,19.8,958.5,67.0,AWS-BHO-030,Bhopal,BHO,center,False,
2025-01-24 20:00:00,18.9,959.0,68.0,AWS-BHO-030,Bhopal,BHO,center,False,
2025-01-24 21:00:00,18.3,959.1,67.0,AWS-BHO-030,Bhopal,BHO,center,False,
2025-01-24 22:00:00,3322.9375747856407,958.3053127345822,100.0,AWS-BHO-030,Bhopal,BHO,center,True,multivariate_inconsistency
2025-01-24 23:00:00,3321.9375747856407,959.0930564335906,100.0,AWS-BHO-030,Bhopal,BHO,center,True,multivariate_inconsistency
2025-01-25 00:00:00,3321.1375747856405,958.4552486078461,100.0,AWS-BHO-030,Bhopal,BHO,center,True,multivariate_inconsistency
2025-01-25 01:00:00,14.9,958.1,72.0,AWS-BHO-030,Bhopal,BHO,center,False,
2025-01-25 02:00:00,14.2,957.4,74.0,AWS-BHO-030,Bhopal,BHO,center,False,
2025-01-25 03:00:00,13.7,957.0,76.0,AWS-BHO-030,Bhopal,BHO,center,False,
2025-01-25 04:00:00,13.3,956.8,77.0,AWS-BHO-030,Bhopal,BHO,center,False,
2025-01-25 05:00:00,,957.0,78.0,AWS-BHO-030,Bhopal,BHO,center,True,dropout
2025-01-25 06:00:00,12.5,957.7,82.0,AWS-BHO-030,Bhopal,BHO,center,False,
2025-01-25 07:00:00,12.4,958.3,81.0,AWS-BHO-030,Bhopal,BHO,center,False,
2025-01-25 08:00:00,14.4,959.3,72.0,AWS-BHO-030,Bhopal,BHO,center,False,
2025-01-25 09:00:00,17.5,960.5,59.0,AWS-BHO-030,Bhopal,BHO,center,False,
2025-01-25 10:00:00,20.3,960.9,47.0,AWS-BHO-030,Bhopal,BHO,center,False,
2025-01-25 11:00:00,22.3,960.5,42.0,AWS-BHO-030,Bhopal,BHO,center,False,
2025-01-25 12:00:00,23.8,959.8,40.0,AWS-BHO-030,Bhopal,BHO,center,False,
2025-01-25 13:00:00,24.7,958.9,39.0,AWS-BHO-030,Bhopal,BHO,center,False,
2025-01-25 14:00:00,25.0,958.0,39.0,AWS-BHO-030,Bhopal,BHO,center,False,
2025-01-25 15:00:00,24.9,957.6,40.0,AWS-BHO-030,Bhopal,BHO,center,False,
2025-01-25 16:00:00,24.3,957.5,42.0,AWS-BHO-030,Bhopal,BHO,center,False,
2025-01-25 17:00:00,22.6,957.7,49.0,AWS-BHO-030,Bhopal,BHO,center,False,
2025-01-25 18:00:00,21.0,957.8,57.0,AWS-BHO-030,Bhopal,BHO,center,False,
2025-01-25 19:00:00,20.0,958.2,60.0,AWS-BHO-030,Bhopal,BHO,center,False,
2025-01-25 20:00:00,18.9,958.6,64.0,AWS-BHO-030,Bhopal,BHO,center,False,
2025-01-25 21:00:00,18.3,958.7,65.0,AWS-BHO-030,Bhopal,BHO,center,False,
2025-01-25 22:00:00,18.0,958.8,65.0,AWS-BHO-030,Bhopal,BHO,center,False,
2025-01-25 23:00:00,17.4,958.5,66.0,AWS-BHO-030,Bhopal,BHO,center,False,
2025-01-26 00:00:00,16.6,980.6771494241253,69.0,AWS-BHO-030,Bhopal,BHO,center,True,spike
2025-01-26 01:00:00,15.9,957.3,72.0,AWS-BHO-030,Bhopal,BHO,center,False,
2025-01-26 02:00:00,15.3,956.9,75.0,AWS-BHO-030,Bhopal,BHO,center,False,
2025-01-26 03:00:00,-15.635576000391334,956.5,76.0,AWS-BHO-030,Bhopal,BHO,center,True,spike
2025-01-26 04:00:00,-0.22868241845678483,956.3,75.0,AWS-BHO-030,Bhopal,BHO,center,True,spike
2025-01-26 05:00:00,6.80406659483911,956.4,74.0,AWS-BHO-030,Bhopal,BHO,center,True,spike
2025-01-26 06:00:00,9.748933524007047,957.3,80.0,AWS-BHO-030,Bhopal,BHO,center,True,spike
2025-01-26 07:00:00,11.217126838735627,957.9,80.0,AWS-BHO-030,Bhopal,BHO,center,True,spike
2025-01-26 08:00:00,1948.5682712894834,849.9679783847246,100.0,AWS-BHO-030,Bhopal,BHO,center,True,unstructured_anomaly
2025-01-26 09:00:00,1699.076796763269,857.0797265462047,100.0,AWS-BHO-030,Bhopal,BHO,center,True,unstructured_anomaly
2025-01-26 10:00:00,1930.5577411182007,826.3836725620313,96.35664526933476,AWS-BHO-030,Bhopal,BHO,center,True,unstructured_anomaly
2025-01-26 11:00:00,-1584.5583392627896,1078.110217929802,0.0,AWS-BHO-030,Bhopal,BHO,center,True,unstructured_anomaly
2025-01-26 12:00:00,1658.651546589185,827.0898750006636,0.0,AWS-BHO-030,Bhopal,BHO,center,True,unstructured_anomaly
2025-01-26 13:00:00,25.6,958.4,35.0,AWS-BHO-030,Bhopal,BHO,center,False,
2025-01-26 14:00:00,26.1,957.5,33.0,AWS-BHO-030,Bhopal,BHO,center,False,
2025-01-26 15:00:00,26.1,956.8,33.0,AWS-BHO-030,Bhopal,BHO,center,False,
2025-01-26 16:00:00,25.5,956.4,35.0,AWS-BHO-030,Bhopal,BHO,center,False,
2025-01-26 17:00:00,-40.038881769935266,956.4,44.0,AWS-BHO-030,Bhopal,BHO,center,True,sensor_fail_low
2025-01-26 18:00:00,-39.96566293286642,956.3,56.0,AWS-BHO-030,Bhopal,BHO,center,True,sensor_fail_low
2025-01-26 19:00:00,-40.002672983720515,957.0,61.0,AWS-BHO-030,Bhopal,BHO,center,True,sensor_fail_low
2025-01-26 20:00:00,-40.07525819621363,957.3,63.0,AWS-BHO-030,Bhopal,BHO,center,True,sensor_fail_low
2025-01-26 21:00:00,17.6,957.6,62.0,AWS-BHO-030,Bhopal,BHO,center,True,frozen_value
2025-01-26 22:00:00,17.0,957.602156326573,61.0,AWS-BHO-030,Bhopal,BHO,center,True,frozen_value
2025-01-26 23:00:00,16.1,957.5506903909952,62.0,AWS-BHO-030,Bhopal,BHO,center,True,frozen_value
2025-01-27 00:00:00,15.3,957.5694959271896,64.0,AWS-BHO-030,Bhopal,BHO,center,True,frozen_value
2025-01-27 01:00:00,14.2,957.5558423414135,66.0,AWS-BHO-030,Bhopal,BHO,center,True,frozen_value
2025-01-27 02:00:00,13.6,957.558266514691,65.0,AWS-BHO-030,Bhopal,BHO,center,True,frozen_value
2025-01-27 03:00:00,13.1,957.5721129161552,66.0,AWS-BHO-030,Bhopal,BHO,center,True,frozen_value
2025-01-27 04:00:00,13.5,955.3,63.0,AWS-BHO-030,Bhopal,BHO,center,False,
2025-01-27 05:00:00,13.3,955.2,64.0,AWS-BHO-030,Bhopal,BHO,center,False,
2025-01-27 06:00:00,12.5,955.9,72.0,AWS-BHO-030,Bhopal,BHO,center,False,
2025-01-27 07:00:00,12.2,956.6,75.0,AWS-BHO-030,Bhopal,BHO,center,False,
2025-01-27 08:00:00,14.0,957.6,69.0,AWS-BHO-030,Bhopal,BHO,center,False,
2025-01-27 09:00:00,17.5,958.9,56.0,AWS-BHO-030,Bhopal,BHO,center,False,
2025-01-27 10:00:00,21.0,959.2,44.0,AWS-BHO-030,Bhopal,BHO,center,False,
2025-01-27 11:00:00,23.3,958.8,36.0,AWS-BHO-030,Bhopal,BHO,center,False,
2025-01-27 12:00:00,24.7,957.7,34.0,AWS-BHO-030,Bhopal,BHO,center,False,
2025-01-27 13:00:00,25.6,956.5,33.0,AWS-BHO-030,Bhopal,BHO,center,False,
2025-01-27 14:00:00,1756.8657322334625,834.5984957385865,0.0,AWS-BHO-030,Bhopal,BHO,center,True,unstructured_anomaly
2025-01-27 15:00:00,1460.7086547850786,855.4920478931846,0.0,AWS-BHO-030,Bhopal,BHO,center,True,unstructured_anomaly
2025-01-27 16:00:00,1735.8743293062328,836.4978364893252,83.98893858746379,AWS-BHO-030,Bhopal,BHO,center,True,unstructured_anomaly
2025-01-27 17:00:00,1908.8516442122368,840.4254732209064,0.0,AWS-BHO-030,Bhopal,BHO,center,True,unstructured_anomaly
2025-01-27 18:00:00,1484.0828539158804,846.535912436949,100.0,AWS-BHO-030,Bhopal,BHO,center,True,unstructured_anomaly
2025-01-27 19:00:00,1587.7389023233259,845.934940906672,0.0,AWS-BHO-030,Bhopal,BHO,center,True,unstructured_anomaly
2025-01-27 20:00:00,1621.6182945287317,852.1195282838298,96.68530962688004,AWS-BHO-030,Bhopal,BHO,center,True,unstructured_anomaly
2025-01-27 21:00:00,-1618.136078567775,1059.9243657769853,2.4864474263230747,AWS-BHO-030,Bhopal,BHO,center,True,unstructured_anomaly
2025-01-27 22:00:00,17.8,956.2,50.0,AWS-BHO-030,Bhopal,BHO,center,False,
2025-01-27 23:00:00,17.3,955.7,50.0,AWS-BHO-030,Bhopal,BHO,center,False,
2025-01-28 00:00:00,16.4,955.1,53.0,AWS-BHO-030,Bhopal,BHO,center,False,
2025-01-28 01:00:00,15.1,954.6,60.0,AWS-BHO-030,Bhopal,BHO,center,False,
2025-01-28 02:00:00,13.8,954.0,68.0,AWS-BHO-030,Bhopal,BHO,center,False,
2025-01-28 03:00:00,13.3,953.6,70.0,AWS-BHO-030,Bhopal,BHO,center,False,
2025-01-28 04:00:00,13.3,953.6,70.0,AWS-BHO-030,Bhopal,BHO,center,False,
2025-01-28 05:00:00,12.9,954.0,71.0,AWS-BHO-030,Bhopal,BHO,center,False,
2025-01-28 06:00:00,12.4,955.2,73.0,AWS-BHO-030,Bhopal,BHO,center,False,
2025-01-28 07:00:00,12.0,955.7,74.0,AWS-BHO-030,Bhopal,BHO,center,False,
2025-01-28 08:00:00,14.4,957.1,65.0,AWS-BHO-030,Bhopal,BHO,center,False,
2025-01-28 09:00:00,18.2,958.4,53.0,AWS-BHO-030,Bhopal,BHO,center,False,
2025-01-28 10:00:00,21.3,958.9,44.0,AWS-BHO-030,Bhopal,BHO,center,False,
2025-01-28 11:00:00,23.4,958.7,38.0,AWS-BHO-030,Bhopal,BHO,center,False,
2025-01-28 12:00:00,24.8,957.8,34.0,AWS-BHO-030,Bhopal,BHO,center,False,
2025-01-28 13:00:00,25.8,957.1,32.0,AWS-BHO-030,Bhopal,BHO,center,False,
2025-01-28 14:00:00,26.1,956.3,32.0,AWS-BHO-030,Bhopal,BHO,center,False,
2025-01-28 15:00:00,26.0,955.9,33.0,AWS-BHO-030,Bhopal,BHO,center,False,
2025-01-28 16:00:00,25.4,955.7,35.0,AWS-BHO-030,Bhopal,BHO,center,False,
2025-01-28 17:00:00,24.1,955.7,37.0,AWS-BHO-030,Bhopal,BHO,center,False,
2025-01-28 18:00:00,22.2,955.9,46.0,AWS-BHO-030,Bhopal,BHO,center,False,
2025-01-28 19:00:00,20.4,956.3,53.0,AWS-BHO-030,Bhopal,BHO,center,False,
2025-01-28 20:00:00,19.3,957.0,56.0,AWS-BHO-030,Bhopal,BHO,center,False,
2025-01-28 21:00:00,18.6,957.4,57.0,AWS-BHO-030,Bhopal,BHO,center,False,
2025-01-28 22:00:00,17.7,957.3,60.0,AWS-BHO-030,Bhopal,BHO,center,False,
2025-01-28 23:00:00,16.9,957.0,62.0,AWS-BHO-030,Bhopal,BHO,center,False,
2025-01-29 00:00:00,16.3,956.6,65.0,AWS-BHO-030,Bhopal,BHO,center,False,
2025-01-29 01:00:00,15.8,956.2,66.0,AWS-BHO-030,Bhopal,BHO,center,False,
2025-01-29 02:00:00,15.2,955.8,69.0,AWS-BHO-030,Bhopal,BHO,center,False,
2025-01-29 03:00:00,14.9,955.3,69.0,AWS-BHO-030,Bhopal,BHO,center,False,
2025-01-29 04:00:00,14.4,955.3,69.0,AWS-BHO-030,Bhopal,BHO,center,False,
2025-01-29 05:00:00,14.4,955.4,64.0,AWS-BHO-030,Bhopal,BHO,center,False,
2025-01-29 06:00:00,14.2,956.3,58.0,AWS-BHO-030,Bhopal,BHO,center,False,
2025-01-29 07:00:00,14.1,957.3,53.0,AWS-BHO-030,Bhopal,BHO,center,False,
2025-01-29 08:00:00,15.9,958.4,45.0,AWS-BHO-030,Bhopal,BHO,center,False,
2025-01-29 09:00:00,19.2,959.6,37.0,AWS-BHO-030,Bhopal,BHO,center,False,
2025-01-29 10:00:00,22.4,960.4,33.0,AWS-BHO-030,Bhopal,BHO,center,False,
2025-01-29 11:00:00,25.2,960.2,31.0,AWS-BHO-030,Bhopal,BHO,center,False,
2025-01-29 12:00:00,27.1,959.2,30.0,AWS-BHO-030,Bhopal,BHO,center,True,frozen_value
2025-01-29 13:00:00,27.0110191019305,957.9,26.0,AWS-BHO-030,Bhopal,BHO,center,True,frozen_value
2025-01-29 14:00:00,26.957408522906512,957.0,26.0,AWS-BHO-030,Bhopal,BHO,center,True,frozen_value
2025-01-29 15:00:00,26.996800908914825,956.5,26.0,AWS-BHO-030,Bhopal,BHO,center,True,frozen_value
2025-01-29 16:00:00,27.097852094789676,956.0,27.0,AWS-BHO-030,Bhopal,BHO,center,True,frozen_value
2025-01-29 17:00:00,27.185216603779132,955.9,34.0,AWS-BHO-030,Bhopal,BHO,center,True,frozen_value
2025-01-29 18:00:00,27.231683519124307,955.4,48.0,AWS-BHO-030,Bhopal,BHO,center,True,frozen_value
2025-01-29 19:00:00,27.245643902493182,955.9,57.0,AWS-BHO-030,Bhopal,BHO,center,True,frozen_value
2025-01-29 20:00:00,27.214112731267527,956.4,66.0,AWS-BHO-030,Bhopal,BHO,center,True,frozen_value
2025-01-29 21:00:00,20.3,956.6,73.0,AWS-BHO-030,Bhopal,BHO,center,False,
2025-01-29 22:00:00,19.6,956.3,77.0,AWS-BHO-030,Bhopal,BHO,center,False,
2025-01-29 23:00:00,19.0,956.0,79.0,AWS-BHO-030,Bhopal,BHO,center,False,
2025-01-30 00:00:00,18.5,955.6,81.0,AWS-BHO-030,Bhopal,BHO,center,False,
2025-01-30 01:00:00,18.0,955.1,82.0,AWS-BHO-030,Bhopal,BHO,center,False,
2025-01-30 02:00:00,17.8,954.4,81.0,AWS-BHO-030,Bhopal,BHO,center,False,
2025-01-30 03:00:00,17.8,954.0,79.0,AWS-BHO-030,Bhopal,BHO,center,False,
2025-01-30 04:00:00,17.6,953.8,78.0,AWS-BHO-030,Bhopal,BHO,center,False,
2025-01-30 05:00:00,17.2,953.7,77.0,AWS-BHO-030,Bhopal,BHO,center,False,
2025-01-30 06:00:00,16.5,954.8,80.0,AWS-BHO-030,Bhopal,BHO,center,False,
2025-01-30 07:00:00,16.6,955.8,71.0,AWS-BHO-030,Bhopal,BHO,center,False,
2025-01-30 08:00:00,18.6,956.8,60.0,AWS-BHO-030,Bhopal,BHO,center,False,
2025-01-30 09:00:00,21.6,957.7,50.0,AWS-BHO-030,Bhopal,BHO,center,False,
2025-01-30 10:00:00,24.7,958.3,39.0,AWS-BHO-030,Bhopal,BHO,center,False,
2025-01-30 11:00:00,26.9,958.0,28.0,AWS-BHO-030,Bhopal,BHO,center,False,
2025-01-30 12:00:00,28.3,957.1,20.0,AWS-BHO-030,Bhopal,BHO,center,False,
2025-01-30 13:00:00,28.9,956.0,16.0,AWS-BHO-030,Bhopal,BHO,center,False,
2025-01-30 14:00:00,29.0,955.0,16.0,AWS-BHO-030,Bhopal,BHO,center,False,
2025-01-30 15:00:00,28.7,954.5,19.0,AWS-BHO-030,Bhopal,BHO,center,False,
2025-01-30 16:00:00,27.9,954.3,22.0,AWS-BHO-030,Bhopal,BHO,center,False,
2025-01-30 17:00:00,26.4,954.2,26.0,AWS-BHO-030,Bhopal,BHO,center,False,
2025-01-30 18:00:00,24.8,954.1,31.0,AWS-BHO-030,Bhopal,BHO,center,False,
2025-01-30 19:00:00,22.8,954.0,36.0,AWS-BHO-030,Bhopal,BHO,center,False,
2025-01-30 20:00:00,20.9,954.7,46.0,AWS-BHO-030,Bhopal,BHO,center,False,
2025-01-30 21:00:00,19.9,955.0,55.0,AWS-BHO-030,Bhopal,BHO,center,False,
2025-01-30 22:00:00,20.0,955.1,55.0,AWS-BHO-030,Bhopal,BHO,center,False,
2025-01-30 23:00:00,19.1,954.6,57.0,AWS-BHO-030,Bhopal,BHO,center,False,
2025-01-31 00:00:00,18.1,953.9,61.0,AWS-BHO-030,Bhopal,BHO,center,False,
2025-01-31 01:00:00,17.4,953.4,65.0,AWS-BHO-030,Bhopal,BHO,center,False,
2025-01-31 02:00:00,17.7,953.1,57.0,AWS-BHO-030,Bhopal,BHO,center,False,
2025-01-31 03:00:00,17.4,952.9,54.0,AWS-BHO-030,Bhopal,BHO,center,False,
2025-01-31 04:00:00,16.6,952.7,54.0,AWS-BHO-030,Bhopal,BHO,center,False,
2025-01-31 05:00:00,16.2,933.0103373178366,54.0,AWS-BHO-030,Bhopal,BHO,center,True,spike
2025-01-31 06:00:00,15.8,953.9,59.0,AWS-BHO-030,Bhopal,BHO,center,False,
2025-01-31 07:00:00,15.7,954.6,59.0,AWS-BHO-030,Bhopal,BHO,center,False,
2025-01-31 08:00:00,17.7,956.1,54.0,AWS-BHO-030,Bhopal,BHO,center,False,
2025-01-31 09:00:00,20.9,957.6,45.0,AWS-BHO-030,Bhopal,BHO,center,False,
2025-01-31 10:00:00,1939.758761318146,853.1993204484893,0.0,AWS-BHO-030,Bhopal,BHO,center,True,unstructured_anomaly
2025-01-31 11:00:00,-1813.8676416576734,1070.941995044543,79.95327297791763,AWS-BHO-030,Bhopal,BHO,center,True,unstructured_anomaly
2025-01-31 12:00:00,-1840.886070095726,1055.2650961788995,81.86128831518434,AWS-BHO-030,Bhopal,BHO,center,True,unstructured_anomaly
2025-01-31 13:00:00,-1549.543492140883,1080.0782036932708,0.0,AWS-BHO-030,Bhopal,BHO,center,True,unstructured_anomaly
2025-01-31 14:00:00,-1707.0315336537228,1053.873142373974,0.0,AWS-BHO-030,Bhopal,BHO,center,True,unstructured_anomaly
2025-01-31 15:00:00,-1575.0736470564732,1077.3656475524217,77.67718510524475,AWS-BHO-030,Bhopal,BHO,center,True,unstructured_anomaly
2025-01-31 16:00:00,1754.8768475565591,821.4150319665607,0.0,AWS-BHO-030,Bhopal,BHO,center,True,unstructured_anomaly
2025-01-31 17:00:00,-1882.1109449931787,1061.8926485413672,87.09817723121773,AWS-BHO-030,Bhopal,BHO,center,True,unstructured_anomaly
2025-01-31 18:00:00,23.4,954.4,46.0,AWS-BHO-030,Bhopal,BHO,center,False,
2025-01-31 19:00:00,22.2,954.9,50.0,AWS-BHO-030,Bhopal,BHO,center,False,
2025-01-31 20:00:00,21.4,955.4,55.0,AWS-BHO-030,Bhopal,BHO,center,False,
2025-01-31 21:00:00,20.9,955.7,57.0,AWS-BHO-030,Bhopal,BHO,center,False,
2025-01-31 22:00:00,20.4,955.8,58.0,AWS-BHO-030,Bhopal,BHO,center,False,
2025-01-31 23:00:00,19.9,955.3,57.0,AWS-BHO-030,Bhopal,BHO,center,False,
2025-02-01 00:00:00,19.7,954.8,55.0,AWS-BHO-030,Bhopal,BHO,center,False,
2025-02-01 01:00:00,19.4,954.3,53.0,AWS-BHO-030,Bhopal,BHO,center,False,
2025-02-01 02:00:00,19.0,953.9,53.0,AWS-BHO-030,Bhopal,BHO,center,False,
2025-02-01 03:00:00,18.4,953.8,55.0,AWS-BHO-030,Bhopal,BHO,center,False,
2025-02-01 04:00:00,17.2,953.8,61.0,AWS-BHO-030,Bhopal,BHO,center,False,
2025-02-01 05:00:00,16.2,953.9,67.0,AWS-BHO-030,Bhopal,BHO,center,False,
2025-02-01 06:00:00,15.5,954.8,74.0,AWS-BHO-030,Bhopal,BHO,center,False,
2025-02-01 07:00:00,15.6,955.5,75.0,AWS-BHO-030,Bhopal,BHO,center,False,
2025-02-01 08:00:00,17.8,956.9,66.0,AWS-BHO-030,Bhopal,BHO,center,False,
2025-02-01 09:00:00,21.3,958.2,51.0,AWS-BHO-030,Bhopal,BHO,center,False,
2025-02-01 10:00:00,24.1,958.8,40.0,AWS-BHO-030,Bhopal,BHO,center,False,
2025-02-01 11:00:00,25.8,958.5,35.0,AWS-BHO-030,Bhopal,BHO,center,False,
2025-02-01 12:00:00,26.8,957.9,33.0,AWS-BHO-030,Bhopal,BHO,center,False,
2025-02-01 13:00:00,27.6,957.1,32.0,AWS-BHO-030,Bhopal,BHO,center,False,
2025-02-01 14:00:00,28.1,956.2,30.0,AWS-BHO-030,Bhopal,BHO,center,False,
2025-02-01 15:00:00,28.3,955.7,29.0,AWS-BHO-030,Bhopal,BHO,center,False,
2025-02-01 16:00:00,27.8,955.8,30.0,AWS-BHO-030,Bhopal,BHO,center,False,
2025-02-01 17:00:00,26.8,956.1,32.0,AWS-BHO-030,Bhopal,BHO,center,False,
2025-02-01 18:00:00,25.2,956.2,34.0,AWS-BHO-030,Bhopal,BHO,center,False,
2025-02-01 19:00:00,23.8,956.7,38.0,AWS-BHO-030,Bhopal,BHO,center,False,
2025-02-01 20:00:00,22.3,957.2,44.0,AWS-BHO-030,Bhopal,BHO,center,False,
2025-02-01 21:00:00,21.2,957.8,46.0,AWS-BHO-030,Bhopal,BHO,center,False,
2025-02-01 22:00:00,20.1,957.6,48.0,AWS-BHO-030,Bhopal,BHO,center,False,
2025-02-01 23:00:00,19.6,957.2,47.0,AWS-BHO-030,Bhopal,BHO,center,False,
2025-02-02 00:00:00,18.9,956.7,47.0,AWS-BHO-030,Bhopal,BHO,center,False,
2025-02-02 01:00:00,18.3,956.4,48.0,AWS-BHO-030,Bhopal,BHO,center,False,
2025-02-02 02:00:00,17.6,955.7,50.0,AWS-BHO-030,Bhopal,BHO,center,False,
2025-02-02 03:00:00,17.1,955.4,52.0,AWS-BHO-030,Bhopal,BHO,center,False,
2025-02-02 04:00:00,16.6,955.3,54.0,AWS-BHO-030,Bhopal,BHO,center,False,
2025-02-02 05:00:00,16.1,955.4,56.0,AWS-BHO-030,Bhopal,BHO,center,False,
2025-02-02 06:00:00,15.6,956.4,60.0,AWS-BHO-030,Bhopal,BHO,center,False,
2025-02-02 07:00:00,15.5,957.1,61.0,AWS-BHO-030,Bhopal,BHO,center,False,
2025-02-02 08:00:00,17.6,958.6,55.0,AWS-BHO-030,Bhopal,BHO,center,True,frozen_value
2025-02-02 09:00:00,20.8,958.5895962482626,45.0,AWS-BHO-030,Bhopal,BHO,center,True,frozen_value
2025-02-02 10:00:00,23.8,958.5566884256328,37.0,AWS-BHO-030,Bhopal,BHO,center,True,frozen_value
2025-02-02 11:00:00,25.6,958.5190995191568,32.0,AWS-BHO-030,Bhopal,BHO,center,True,frozen_value
2025-02-02 12:00:00,26.5,958.5571220373859,32.0,AWS-BHO-030,Bhopal,BHO,center,True,frozen_value
2025-02-02 13:00:00,27.2,958.5553632269463,32.0,AWS-BHO-030,Bhopal,BHO,center,True,frozen_value
2025-02-02 14:00:00,27.5,958.612347986981,32.0,AWS-BHO-030,Bhopal,BHO,center,True,frozen_value
2025-02-02 15:00:00,27.5,958.5987118214213,33.0,AWS-BHO-030,Bhopal,BHO,center,True,frozen_value
2025-02-02 16:00:00,26.9,957.0,35.0,AWS-BHO-030,Bhopal,BHO,center,False,
2025-02-02 17:00:00,25.5,957.0,39.0,AWS-BHO-030,Bhopal,BHO,center,False,
2025-02-02 18:00:00,23.8,957.2,47.0,AWS-BHO-030,Bhopal,BHO,center,False,
2025-02-02 19:00:00,22.8,957.4,48.0,AWS-BHO-030,Bhopal,BHO,center,False,
2025-02-02 20:00:00,22.1,957.7,49.0,AWS-BHO-030,Bhopal,BHO,center,False,
2025-02-02 21:00:00,21.4,957.8,51.0,AWS-BHO-030,Bhopal,BHO,center,False,
2025-02-02 22:00:00,20.8,958.0,52.0,AWS-BHO-030,Bhopal,BHO,center,False,
2025-02-02 23:00:00,19.9,957.6,55.0,AWS-BHO-030,Bhopal,BHO,center,False,
2025-02-03 00:00:00,19.2,957.0,56.0,AWS-BHO-030,Bhopal,BHO,center,False,
2025-02-03 01:00:00,18.8,956.5,57.0,AWS-BHO-030,Bhopal,BHO,center,False,
2025-02-03 02:00:00,18.2,955.7,59.0,AWS-BHO-030,Bhopal,BHO,center,False,
2025-02-03 03:00:00,17.6,955.2,60.0,AWS-BHO-030,Bhopal,BHO,center,False,
2025-02-03 04:00:00,17.1,955.0,62.0,AWS-BHO-030,Bhopal,BHO,center,False,
2025-02-03 05:00:00,16.7,955.1,64.0,AWS-BHO-030,Bhopal,BHO,center,False,
2025-02-03 06:00:00,16.9,956.2,65.0,AWS-BHO-030,Bhopal,BHO,center,False,
2025-02-03 07:00:00,16.8,956.9,67.0,AWS-BHO-030,Bhopal,BHO,center,False,
2025-02-03 08:00:00,18.8,958.0,60.0,AWS-BHO-030,Bhopal,BHO,center,False,
2025-02-03 09:00:00,21.7,959.2,52.0,AWS-BHO-030,Bhopal,BHO,center,False,
2025-02-03 10:00:00,24.6,959.8,46.0,AWS-BHO-030,Bhopal,BHO,center,False,
2025-02-03 11:00:00,26.9,959.3,42.0,AWS-BHO-030,Bhopal,BHO,center,False,
2025-02-03 12:00:00,28.6,958.3,41.0,AWS-BHO-030,Bhopal,BHO,center,False,
2025-02-03 13:00:00,29.7,957.1,42.0,AWS-BHO-030,Bhopal,BHO,center,False,
2025-02-03 14:00:00,31.0,956.3,35.0,AWS-BHO-030,Bhopal,BHO,center,False,
2025-02-03 15:00:00,31.2,955.9,31.0,AWS-BHO-030,Bhopal,BHO,center,False,
2025-02-03 16:00:00,30.5,955.9,34.0,AWS-BHO-030,Bhopal,BHO,center,False,
2025-02-03 17:00:00,29.0,956.0,39.0,AWS-BHO-030,Bhopal,BHO,center,False,
2025-02-03 18:00:00,26.8,956.7,49.0,AWS-BHO-030,Bhopal,BHO,center,False,
2025-02-03 19:00:00,25.7,957.1,52.0,AWS-BHO-030,Bhopal,BHO,center,False,
2025-02-03 20:00:00,24.9,957.6,55.0,AWS-BHO-030,Bhopal,BHO,center,False,
2025-02-03 21:00:00,24.2,957.8,57.0,AWS-BHO-030,Bhopal,BHO,center,False,
2025-02-03 22:00:00,24.1,957.9,56.0,AWS-BHO-030,Bhopal,BHO,center,False,
2025-02-03 23:00:00,23.8,957.6,55.0,AWS-BHO-030,Bhopal,BHO,center,False,
2025-02-04 00:00:00,23.0,957.1,57.0,AWS-BHO-030,Bhopal,BHO,center,False,
2025-02-04 01:00:00,20.6,956.9,65.0,AWS-BHO-030,Bhopal,BHO,center,False,
2025-02-04 02:00:00,19.5,956.4,76.0,AWS-BHO-030,Bhopal,BHO,center,False,
2025-02-04 03:00:00,19.3,956.1,77.0,AWS-BHO-030,Bhopal,BHO,center,False,
2025-02-04 04:00:00,19.1,955.7,81.0,AWS-BHO-030,Bhopal,BHO,center,False,
2025-02-04 05:00:00,18.3,955.5,86.0,AWS-BHO-030,Bhopal,BHO,center,False,
2025-02-04 06:00:00,18.3,956.4,88.0,AWS-BHO-030,Bhopal,BHO,center,False,
2025-02-04 07:00:00,18.2,957.2,88.0,AWS-BHO-030,Bhopal,BHO,center,False,
2025-02-04 08:00:00,20.4,958.3,75.0,AWS-BHO-030,Bhopal,BHO,center,False,
2025-02-04 09:00:00,23.2,959.7,62.0,AWS-BHO-030,Bhopal,BHO,center,False,
2025-02-04 10:00:00,26.3,960.4,52.0,AWS-BHO-030,Bhopal,BHO,center,False,
2025-02-04 11:00:00,28.5,960.2,45.0,AWS-BHO-030,Bhopal,BHO,center,False,
2025-02-04 12:00:00,30.0,959.0,41.0,AWS-BHO-030,Bhopal,BHO,center,False,
2025-02-04 13:00:00,31.0,957.8,36.0,AWS-BHO-030,Bhopal,BHO,center,False,
2025-02-04 14:00:00,31.5,956.8,30.0,AWS-BHO-030,Bhopal,BHO,center,False,
2025-02-04 15:00:00,30.9,956.2,30.0,AWS-BHO-030,Bhopal,BHO,center,False,
2025-02-04 16:00:00,30.3,956.0,32.0,AWS-BHO-030,Bhopal,BHO,center,False,
2025-02-04 17:00:00,29.2,955.8,35.0,AWS-BHO-030,Bhopal,BHO,center,False,
2025-02-04 18:00:00,26.9,956.1,44.0,AWS-BHO-030,Bhopal,BHO,center,False,
2025-02-04 19:00:00,25.0,956.5,59.0,AWS-BHO-030,Bhopal,BHO,center,False,
2025-02-04 20:00:00,24.0,956.8,69.0,AWS-BHO-030,Bhopal,BHO,center,False,
2025-02-04 21:00:00,23.2,957.1,72.0,AWS-BHO-030,Bhopal,BHO,center,False,
2025-02-04 22:00:00,23.0,957.1,63.0,AWS-BHO-030,Bhopal,BHO,center,False,
2025-02-04 23:00:00,22.5,956.8,56.0,AWS-BHO-030,Bhopal,BHO,center,False,
2025-02-05 00:00:00,21.8,956.6,55.0,AWS-BHO-030,Bhopal,BHO,center,False,
2025-02-05 01:00:00,20.9,956.2,55.0,AWS-BHO-030,Bhopal,BHO,center,False,
2025-02-05 02:00:00,20.0,955.9,59.0,AWS-BHO-030,Bhopal,BHO,center,False,
2025-02-05 03:00:00,19.2,955.8,65.0,AWS-BHO-030,Bhopal,BHO,center,False,
2025-02-05 04:00:00,18.6,955.7,71.0,AWS-BHO-030,Bhopal,BHO,center,False,
2025-02-05 05:00:00,18.0,956.0,77.0,AWS-BHO-030,Bhopal,BHO,center,False,
2025-02-05 06:00:00,17.0,957.1,86.0,AWS-BHO-030,Bhopal,BHO,center,False,
2025-02-05 07:00:00,16.9,957.8,87.0,AWS-BHO-030,Bhopal,BHO,center,False,
2025-02-05 08:00:00,18.6,959.1,78.0,AWS-BHO-030,Bhopal,BHO,center,False,
2025-02-05 09:00:00,21.0,960.0,65.0,AWS-BHO-030,Bhopal,BHO,center,False,
2025-02-05 10:00:00,23.1,960.5,54.0,AWS-BHO-030,Bhopal,BHO,center,False,
2025-02-05 11:00:00,24.7,960.1,46.0,AWS-BHO-030,Bhopal,BHO,center,False,
2025-02-05 12:00:00,25.8,959.1,42.0,AWS-BHO-030,Bhopal,BHO,center,False,
2025-02-05 13:00:00,26.6,958.2,39.0,AWS-BHO-030,Bhopal,BHO,center,False,
2025-02-05 14:00:00,27.1,957.2,37.0,AWS-BHO-030,Bhopal,BHO,center,False,
2025-02-05 15:00:00,27.2,956.7,35.0,AWS-BHO-030,Bhopal,BHO,center,False,
2025-02-05 16:00:00,26.9,956.8,35.0,AWS-BHO-030,Bhopal,BHO,center,False,
2025-02-05 17:00:00,25.7,956.8,37.0,AWS-BHO-030,Bhopal,BHO,center,False,
2025-02-05 18:00:00,23.4,957.3,50.0,AWS-BHO-030,Bhopal,BHO,center,False,
2025-02-05 19:00:00,22.2,958.0,55.0,AWS-BHO-030,Bhopal,BHO,center,False,
2025-02-05 20:00:00,21.2,958.5,52.0,AWS-BHO-030,Bhopal,BHO,center,False,
2025-02-05 21:00:00,20.4,959.0,51.0,AWS-BHO-030,Bhopal,BHO,center,False,
2025-02-05 22:00:00,19.5,959.1,54.0,AWS-BHO-030,Bhopal,BHO,center,False,
2025-02-05 23:00:00,18.2,933.2755874366621,57.0,AWS-BHO-030,Bhopal,BHO,center,True,spike
2025-02-06 00:00:00,17.3,958.7,59.0,AWS-BHO-030,Bhopal,BHO,center,False,
2025-02-06 01:00:00,16.6,958.6,59.0,AWS-BHO-030,Bhopal,BHO,center,False,
2025-02-06 02:00:00,15.9,957.9,58.0,AWS-BHO-030,Bhopal,BHO,center,False,
2025-02-06 03:00:00,15.3,957.6,55.0,AWS-BHO-030,Bhopal,BHO,center,False,
2025-02-06 04:00:00,14.6,957.7,52.0,AWS-BHO-030,Bhopal,BHO,center,False,
2025-02-06 05:00:00,14.1,957.9,49.0,AWS-BHO-030,Bhopal,BHO,center,False,
2025-02-06 06:00:00,13.1,959.0,57.0,AWS-BHO-030,Bhopal,BHO,center,False,
2025-02-06 07:00:00,13.0,959.8,55.0,AWS-BHO-030,Bhopal,BHO,center,False,
2025-02-06 08:00:00,14.6,960.9,49.0,AWS-BHO-030,Bhopal,BHO,center,False,
2025-02-06 09:00:00,16.8,961.7,41.0,AWS-BHO-030,Bhopal,BHO,center,False,
2025-02-06 10:00:00,19.1,962.3,34.0,AWS-BHO-030,Bhopal,BHO,center,False,
2025-02-06 11:00:00,20.9,962.1,30.0,AWS-BHO-030,Bhopal,BHO,center,False,
2025-02-06 12:00:00,22.2,961.4,27.0,AWS-BHO-030,Bhopal,BHO,center,False,
2025-02-06 13:00:00,23.1,960.4,25.0,AWS-BHO-030,Bhopal,BHO,center,False,
2025-02-06 14:00:00,23.4,959.3,25.0,AWS-BHO-030,Bhopal,BHO,center,False,
2025-02-06 15:00:00,23.4,958.5,25.0,AWS-BHO-030,Bhopal,BHO,center,False,
2025-02-06 16:00:00,22.8,958.2,26.0,AWS-BHO-030,Bhopal,BHO,center,False,
2025-02-06 17:00:00,21.6,958.2,29.0,AWS-BHO-030,Bhopal,BHO,center,False,
2025-02-06 18:00:00,20.0,959.0,35.0,AWS-BHO-030,Bhopal,BHO,center,False,
2025-02-06 19:00:00,19.0,959.4,39.0,AWS-BHO-030,Bhopal,BHO,center,False,
2025-02-06 20:00:00,18.5,960.1,39.0,AWS-BHO-030,Bhopal,BHO,center,False,
2025-02-06 21:00:00,17.8,960.2,40.0,AWS-BHO-030,Bhopal,BHO,center,False,
2025-02-06 22:00:00,17.0,960.1,42.0,AWS-BHO-030,Bhopal,BHO,center,False,
2025-02-06 23:00:00,16.3,960.0,44.0,AWS-BHO-030,Bhopal,BHO,center,False,
2025-02-07 00:00:00,15.4,959.6,48.0,AWS-BHO-030,Bhopal,BHO,center,False,
2025-02-07 01:00:00,14.9,958.9,50.0,AWS-BHO-030,Bhopal,BHO,center,False,
2025-02-07 02:00:00,14.6,958.3,51.0,AWS-BHO-030,Bhopal,BHO,center,False,
2025-02-07 03:00:00,14.3,958.2,52.0,AWS-BHO-030,Bhopal,BHO,center,False,
2025-02-07 04:00:00,13.8,958.3,53.0,AWS-BHO-030,Bhopal,BHO,center,False,
2025-02-07 05:00:00,13.3,958.6,55.0,AWS-BHO-030,Bhopal,BHO,center,False,
2025-02-07 06:00:00,13.0,959.8,60.0,AWS-BHO-030,Bhopal,BHO,center,False,
2025-02-07 07:00:00,12.9,960.7,58.0,AWS-BHO-030,Bhopal,BHO,center,False,
2025-02-07 08:00:00,14.4,962.1,53.0,AWS-BHO-030,Bhopal,BHO,center,False,
2025-02-07 09:00:00,16.7,963.1,45.0,AWS-BHO-030,Bhopal,BHO,center,False,
2025-02-07 10:00:00,19.0,963.6,37.0,AWS-BHO-030,Bhopal,BHO,center,False,
2025-02-07 11:00:00,21.2,963.4,27.0,AWS-BHO-030,Bhopal,BHO,center,False,
2025-02-07 12:00:00,22.8,962.3,23.0,AWS-BHO-030,Bhopal,BHO,center,False,
2025-02-07 13:00:00,23.8,961.2,22.0,AWS-BHO-030,Bhopal,BHO,center,False,
2025-02-07 14:00:00,24.4,960.1,22.0,AWS-BHO-030,Bhopal,BHO,center,False,
2025-02-07 15:00:00,24.4,959.7,22.0,AWS-BHO-030,Bhopal,BHO,center,False,
2025-02-07 16:00:00,23.8,959.4,24.0,AWS-BHO-030,Bhopal,BHO,center,False,
2025-02-07 17:00:00,22.6,959.2,,AWS-BHO-030,Bhopal,BHO,center,True,dropout
2025-02-07 18:00:00,20.8,959.4,34.0,AWS-BHO-030,Bhopal,BHO,center,False,
2025-02-07 19:00:00,19.7,959.6,36.0,AWS-BHO-030,Bhopal,BHO,center,False,
2025-02-07 20:00:00,19.0,960.2,37.0,AWS-BHO-030,Bhopal,BHO,center,False,
2025-02-07 21:00:00,18.3,960.2,38.0,AWS-BHO-030,Bhopal,BHO,center,False,
2025-02-07 22:00:00,17.7,960.0,40.0,AWS-BHO-030,Bhopal,BHO,center,False,
2025-02-07 23:00:00,17.0,959.6,42.0,AWS-BHO-030,Bhopal,BHO,center,False,
2025-02-08 00:00:00,16.3,958.9,44.0,AWS-BHO-030,Bhopal,BHO,center,False,
2025-02-08 01:00:00,15.6,958.3,47.0,AWS-BHO-030,Bhopal,BHO,center,False,
2025-02-08 02:00:00,15.0,957.6,50.0,AWS-BHO-030,Bhopal,BHO,center,True,drift
2025-02-08 03:00:00,14.838543704586526,957.4,51.0,AWS-BHO-030,Bhopal,BHO,center,True,drift
2025-02-08 04:00:00,15.029646155112934,957.2,52.0,AWS-BHO-030,Bhopal,BHO,center,True,drift
2025-02-08 05:00:00,15.561432214591607,957.4,52.0,AWS-BHO-030,Bhopal,BHO,center,True,drift
2025-02-08 06:00:00,16.62773151926436,958.2,56.0,AWS-BHO-030,Bhopal,BHO,center,True,drift
2025-02-08 07:00:00,18.524288837911417,959.0,55.0,AWS-BHO-030,Bhopal,BHO,center,True,drift
2025-02-08 08:00:00,22.74785226521635,960.3,50.0,AWS-BHO-030,Bhopal,BHO,center,True,drift
2025-02-08 09:00:00,28.89579092069372,961.6,40.0,AWS-BHO-030,Bhopal,BHO,center,True,drift
2025-02-08 10:00:00,35.46589679795079,962.3,30.0,AWS-BHO-030,Bhopal,BHO,center,True,drift
2025-02-08 11:00:00,41.356268510135365,961.9,25.0,AWS-BHO-030,Bhopal,BHO,center,True,drift
2025-02-08 12:00:00,47.165237181757504,961.1,23.0,AWS-BHO-030,Bhopal,BHO,center,True,drift
2025-02-08 13:00:00,52.69131628825629,960.0,23.0,AWS-BHO-030,Bhopal,BHO,center,True,drift
2025-02-08 14:00:00,58.133166123014945,959.1,23.0,AWS-BHO-030,Bhopal,BHO,center,True,drift
2025-02-08 15:00:00,63.389567707737,958.3,24.0,AWS-BHO-030,Bhopal,BHO,center,True,drift
2025-02-08 16:00:00,68.45940307307282,958.3,26.0,AWS-BHO-030,Bhopal,BHO,center,True,drift
2025-02-08 17:00:00,73.0416399928016,958.4,30.0,AWS-BHO-030,Bhopal,BHO,center,True,drift
2025-02-08 18:00:00,77.83531992538421,958.3,37.0,AWS-BHO-030,Bhopal,BHO,center,True,drift
2025-02-08 19:00:00,83.53954832404911,958.7,37.0,AWS-BHO-030,Bhopal,BHO,center,True,drift
2025-02-08 20:00:00,89.85348673391192,959.3,38.0,AWS-BHO-030,Bhopal,BHO,center,True,drift
2025-02-08 21:00:00,96.97634626270138,,38.0,AWS-BHO-030,Bhopal,BHO,center,True,dropout
2025-02-08 22:00:00,104.6073821246291,959.2,40.0,AWS-BHO-030,Bhopal,BHO,center,True,drift
2025-02-08 23:00:00,112.34588903479008,959.0,43.0,AWS-BHO-030,Bhopal,BHO,center,True,drift
2025-02-09 00:00:00,120.99119728632101,958.2,44.0,AWS-BHO-030,Bhopal,BHO,center,True,drift
2025-02-09 01:00:00,129.942669381938,957.7,44.0,AWS-BHO-030,Bhopal,BHO,center,True,drift
2025-02-09 02:00:00,138.99969712027186,956.9,46.0,AWS-BHO-030,Bhopal,BHO,center,True,drift
2025-02-09 03:00:00,148.66169905879792,956.5,0.006786506455301618,AWS-BHO-030,Bhopal,BHO,center,True,sensor_fail_low
2025-02-09 04:00:00,158.92811829125986,956.4,-0.05724719001094032,AWS-BHO-030,Bhopal,BHO,center,True,sensor_fail_low
2025-02-09 05:00:00,169.9984204897682,956.5,-0.04747544743014945,AWS-BHO-030,Bhopal,BHO,center,True,sensor_fail_low
2025-02-09 06:00:00,181.27209217123368,957.3,0.07587997857690215,AWS-BHO-030,Bhopal,BHO,center,True,sensor_fail_low
2025-02-09 07:00:00,193.14863915519263,957.9,55.0,AWS-BHO-030,Bhopal,BHO,center,True,drift
2025-02-09 08:00:00,207.82758518590526,959.1,48.0,AWS-BHO-030,Bhopal,BHO,center,True,drift
2025-02-09 09:00:00,223.90847069624553,960.4,39.0,AWS-BHO-030,Bhopal,BHO,center,True,drift
2025-02-09 10:00:00,240.39085169461129,961.0,33.0,AWS-BHO-030,Bhopal,BHO,center,True,drift
2025-02-09 11:00:00,256.374298759091,960.6,29.0,AWS-BHO-030,Bhopal,BHO,center,True,drift
2025-02-09 12:00:00,271.658396125563,959.5,30.0,AWS-BHO-030,Bhopal,BHO,center,True,drift
2025-02-09 13:00:00,286.74274085841097,958.4,31.0,AWS-BHO-030,Bhopal,BHO,center,True,drift
2025-02-09 14:00:00,301.8269420941897,957.3,31.0,AWS-BHO-030,Bhopal,BHO,center,True,drift
2025-02-09 15:00:00,29.7,956.7,31.0,AWS-BHO-030,Bhopal,BHO,center,False,
2025-02-09 16:00:00,29.6,956.4,32.0,AWS-BHO-030,Bhopal,BHO,center,False,
2025-02-09 17:00:00,28.2,956.4,36.0,AWS-BHO-030,Bhopal,BHO,center,False,
2025-02-09 18:00:00,25.5,956.6,49.0,AWS-BHO-030,Bhopal,BHO,center,False,
2025-02-09 19:00:00,24.1,957.0,55.0,AWS-BHO-030,Bhopal,BHO,center,False,
2025-02-09 20:00:00,22.7,957.6,60.0,AWS-BHO-030,Bhopal,BHO,center,False,
2025-02-09 21:00:00,21.7,957.8,64.0,AWS-BHO-030,Bhopal,BHO,center,False,
2025-02-09 22:00:00,20.6,957.8,71.0,AWS-BHO-030,Bhopal,BHO,center,False,
2025-02-09 23:00:00,20.1,957.1,76.0,AWS-BHO-030,Bhopal,BHO,center,False,
2025-02-10 00:00:00,19.7,956.7,74.0,AWS-BHO-030,Bhopal,BHO,center,False,
2025-02-10 01:00:00,19.2,956.1,75.0,AWS-BHO-030,Bhopal,BHO,center,False,
2025-02-10 02:00:00,18.7,955.6,76.0,AWS-BHO-030,Bhopal,BHO,center,False,
2025-02-10 03:00:00,18.3,955.4,77.0,AWS-BHO-030,Bhopal,BHO,center,False,
2025-02-10 04:00:00,17.7,955.0,79.0,AWS-BHO-030,Bhopal,BHO,center,False,
2025-02-10 05:00:00,17.5,955.4,79.0,AWS-BHO-030,Bhopal,BHO,center,False,
2025-02-10 06:00:00,80.06640546185032,956.5,81.0,AWS-BHO-030,Bhopal,BHO,center,True,spike
2025-02-10 07:00:00,17.8,957.4,76.0,AWS-BHO-030,Bhopal,BHO,center,False,
2025-02-10 08:00:00,20.7,958.9,64.0,AWS-BHO-030,Bhopal,BHO,center,False,
2025-02-10 09:00:00,24.6,960.4,52.0,AWS-BHO-030,Bhopal,BHO,center,False,
2025-02-10 10:00:00,27.4,961.2,43.0,AWS-BHO-030,Bhopal,BHO,center,False,
2025-02-10 11:00:00,29.0,960.7,39.0,AWS-BHO-030,Bhopal,BHO,center,False,
2025-02-10 12:00:00,30.3,959.8,35.0,AWS-BHO-030,Bhopal,BHO,center,False,
2025-02-10 13:00:00,31.0,958.6,30.0,AWS-BHO-030,Bhopal,BHO,center,False,
2025-02-10 14:00:00,31.3,957.6,25.0,AWS-BHO-030,Bhopal,BHO,center,False,
2025-02-10 15:00:00,31.3,957.0,22.0,AWS-BHO-030,Bhopal,BHO,center,False,
2025-02-10 16:00:00,30.6,956.9,22.0,AWS-BHO-030,Bhopal,BHO,center,False,
2025-02-10 17:00:00,29.5,945.4887473935394,25.0,AWS-BHO-030,Bhopal,BHO,center,True,spike
2025-02-10 18:00:00,27.4,952.4484701307916,28.0,AWS-BHO-030,Bhopal,BHO,center,True,spike
2025-02-10 19:00:00,26.2,955.7039127893911,24.0,AWS-BHO-030,Bhopal,BHO,center,True,spike
2025-02-10 20:00:00,24.6,957.6271044556688,26.0,AWS-BHO-030,Bhopal,BHO,center,True,spike
2025-02-10 21:00:00,22.5,958.1849472328569,32.0,AWS-BHO-030,Bhopal,BHO,center,True,spike
2025-02-10 22:00:00,21.2,958.7,35.0,AWS-BHO-030,Bhopal,BHO,center,False,
2025-02-10 23:00:00,20.3,958.4,39.0,AWS-BHO-030,Bhopal,BHO,center,False,
2025-02-11 00:00:00,19.8,957.7,40.0,AWS-BHO-030,Bhopal,BHO,center,False,
2025-02-11 01:00:00,18.9,956.9,43.0,AWS-BHO-030,Bhopal,BHO,center,False,
2025-02-11 02:00:00,1580.0780819772801,856.1502562947196,96.51553348275937,AWS-BHO-030,Bhopal,BHO,center,True,unstructured_anomaly
2025-02-11 03:00:00,-1906.5821131986108,1078.884805065984,91.64119848544345,AWS-BHO-030,Bhopal,BHO,center,True,unstructured_anomaly
2025-02-11 04:00:00,1886.4712940365184,850.6553514188666,0.063559321237733,AWS-BHO-030,Bhopal,BHO,center,True,unstructured_anomaly
2025-02-11 05:00:00,1897.7426796447485,829.2693510912832,100.0,AWS-BHO-030,Bhopal,BHO,center,True,unstructured_anomaly
2025-02-11 06:00:00,16.6,956.8,55.0,AWS-BHO-030,Bhopal,BHO,center,False,
2025-02-11 07:00:00,17.2,957.2,59.0,AWS-BHO-030,Bhopal,BHO,center,False,
2025-02-11 08:00:00,19.6,958.4,47.0,AWS-BHO-030,Bhopal,BHO,center,False,
2025-02-11 09:00:00,23.7,959.8,38.0,AWS-BHO-030,Bhopal,BHO,center,False,
2025-02-11 10:00:00,26.7,960.6,30.0,AWS-BHO-030,Bhopal,BHO,center,False,
2025-02-11 11:00:00,28.6,960.3,24.0,AWS-BHO-030,Bhopal,BHO,center,False,
2025-02-11 12:00:00,29.9,959.5,21.0,AWS-BHO-030,Bhopal,BHO,center,False,
2025-02-11 13:00:00,30.8,958.5,19.0,AWS-BHO-030,Bhopal,BHO,center,False,
2025-02-11 14:00:00,31.1,957.6,18.0,AWS-BHO-030,Bhopal,BHO,center,False,
2025-02-11 15:00:00,30.9,956.9,16.0,AWS-BHO-030,Bhopal,BHO,center,False,
2025-02-11 16:00:00,30.2,956.7,16.0,AWS-BHO-030,Bhopal,BHO,center,True,drift
2025-02-11 17:00:00,28.8,956.6,26.061465054544453,AWS-BHO-030,Bhopal,BHO,center,True,drift
2025-02-11 18:00:00,26.9,956.5,41.096536585225266,AWS-BHO-030,Bhopal,BHO,center,True,drift
2025-02-11 19:00:00,24.4,956.9,62.381469545198065,AWS-BHO-030,Bhopal,BHO,center,True,drift
2025-02-11 20:00:00,23.0,957.5,90.3770283727176,AWS-BHO-030,Bhopal,BHO,center,True,drift
2025-02-11 21:00:00,22.9,957.9,100.0,AWS-BHO-030,Bhopal,BHO,center,True,drift
2025-02-11 22:00:00,22.3,958.1,100.0,AWS-BHO-030,Bhopal,BHO,center,True,drift
2025-02-11 23:00:00,20.8,957.5,100.0,AWS-BHO-030,Bhopal,BHO,center,True,drift
2025-02-12 00:00:00,20.5,957.0,100.0,AWS-BHO-030,Bhopal,BHO,center,True,drift
2025-02-12 01:00:00,20.4,956.7,100.0,AWS-BHO-030,Bhopal,BHO,center,True,drift
2025-02-12 02:00:00,19.9,956.3,100.0,AWS-BHO-030,Bhopal,BHO,center,True,drift
2025-02-12 03:00:00,19.1,955.9,100.0,AWS-BHO-030,Bhopal,BHO,center,True,drift
2025-02-12 04:00:00,18.4,956.2,100.0,AWS-BHO-030,Bhopal,BHO,center,True,drift
2025-02-12 05:00:00,17.8,956.5,100.0,AWS-BHO-030,Bhopal,BHO,center,True,drift
2025-02-12 06:00:00,16.7,957.5,100.0,AWS-BHO-030,Bhopal,BHO,center,True,drift
2025-02-12 07:00:00,-39.899656649945406,958.2,100.0,AWS-BHO-030,Bhopal,BHO,center,True,sensor_fail_low
2025-02-12 08:00:00,-39.98674679440161,959.2,100.0,AWS-BHO-030,Bhopal,BHO,center,True,sensor_fail_low
2025-02-12 09:00:00,-39.96634635435795,960.7,100.0,AWS-BHO-030,Bhopal,BHO,center,True,sensor_fail_low
2025-02-12 10:00:00,-39.9723639147786,961.2,100.0,AWS-BHO-030,Bhopal,BHO,center,True,sensor_fail_low
2025-02-12 11:00:00,27.0,960.9,100.0,AWS-BHO-030,Bhopal,BHO,center,True,drift
2025-02-12 12:00:00,28.3,960.1,100.0,AWS-BHO-030,Bhopal,BHO,center,True,drift
2025-02-12 13:00:00,29.1,959.2,100.0,AWS-BHO-030,Bhopal,BHO,center,True,drift
2025-02-12 14:00:00,29.6,958.1,100.0,AWS-BHO-030,Bhopal,BHO,center,True,drift
2025-02-12 15:00:00,29.6,957.7,100.0,AWS-BHO-030,Bhopal,BHO,center,True,drift
2025-02-12 16:00:00,29.0,957.7,100.0,AWS-BHO-030,Bhopal,BHO,center,True,drift
2025-02-12 17:00:00,27.6,957.8,100.0,AWS-BHO-030,Bhopal,BHO,center,True,drift
2025-02-12 18:00:00,25.8,957.9,100.0,AWS-BHO-030,Bhopal,BHO,center,True,drift
2025-02-12 19:00:00,24.2,958.4,100.0,AWS-BHO-030,Bhopal,BHO,center,True,drift
2025-02-12 20:00:00,22.8,959.2,100.0,AWS-BHO-030,Bhopal,BHO,center,True,drift
2025-02-12 21:00:00,22.1,959.6,100.0,AWS-BHO-030,Bhopal,BHO,center,True,drift
2025-02-12 22:00:00,20.9,960.0,-0.021376452718778742,AWS-BHO-030,Bhopal,BHO,center,True,sensor_fail_low
2025-02-12 23:00:00,20.0,959.5,0.06525687190022887,AWS-BHO-030,Bhopal,BHO,center,True,sensor_fail_low
2025-02-13 00:00:00,19.1,959.0,0.10380559099935652,AWS-BHO-030,Bhopal,BHO,center,True,sensor_fail_low
2025-02-13 01:00:00,18.4,958.7,0.01577740726028501,AWS-BHO-030,Bhopal,BHO,center,True,sensor_fail_low
2025-02-13 02:00:00,17.6,958.1,44.0,AWS-BHO-030,Bhopal,BHO,center,False,
2025-02-13 03:00:00,16.3,957.8,49.0,AWS-BHO-030,Bhopal,BHO,center,False,
2025-02-13 04:00:00,15.8,957.6,50.0,AWS-BHO-030,Bhopal,BHO,center,False,
2025-02-13 05:00:00,15.5,957.8,49.0,AWS-BHO-030,Bhopal,BHO,center,False,
2025-02-13 06:00:00,14.3,958.6,56.0,AWS-BHO-030,Bhopal,BHO,center,False,
2025-02-13 07:00:00,14.3,959.3,55.0,AWS-BHO-030,Bhopal,BHO,center,False,
2025-02-13 08:00:00,16.8,960.6,47.0,AWS-BHO-030,Bhopal,BHO,center,False,
2025-02-13 09:00:00,20.4,962.1,36.0,AWS-BHO-030,Bhopal,BHO,center,False,
2025-02-13 10:00:00,23.4,962.7,27.0,AWS-BHO-030,Bhopal,BHO,center,False,
2025-02-13 11:00:00,24.9,962.3,22.0,AWS-BHO-030,Bhopal,BHO,center,False,
2025-02-13 12:00:00,25.6,961.4,22.0,AWS-BHO-030,Bhopal,BHO,center,False,
2025-02-13 13:00:00,26.2,960.2,22.0,AWS-BHO-030,Bhopal,BHO,center,False,
2025-02-13 14:00:00,26.7,959.2,22.0,AWS-BHO-030,Bhopal,BHO,center,False,
2025-02-13 15:00:00,27.0,958.3,22.0,AWS-BHO-030,Bhopal,BHO,center,False,
2025-02-13 16:00:00,26.8,958.0,20.0,AWS-BHO-030,Bhopal,BHO,center,False,
2025-02-13 17:00:00,25.7,958.0,20.0,AWS-BHO-030,Bhopal,BHO,center,False,
2025-02-13 18:00:00,23.2,958.4,30.0,AWS-BHO-030,Bhopal,BHO,center,False,
2025-02-13 19:00:00,21.8,958.9,32.0,AWS-BHO-030,Bhopal,BHO,center,False,
2025-02-13 20:00:00,21.1,959.6,32.0,AWS-BHO-030,Bhopal,BHO,center,False,
2025-02-13 21:00:00,20.5,959.6,34.0,AWS-BHO-030,Bhopal,BHO,center,False,
2025-02-13 22:00:00,20.0,959.8,37.0,AWS-BHO-030,Bhopal,BHO,center,False,
2025-02-13 23:00:00,19.0,959.5,38.0,AWS-BHO-030,Bhopal,BHO,center,False,
2025-02-14 00:00:00,18.1,959.0,40.0,AWS-BHO-030,Bhopal,BHO,center,False,
2025-02-14 01:00:00,17.6,958.3,41.0,AWS-BHO-030,Bhopal,BHO,center,False,
2025-02-14 02:00:00,17.0,957.5,42.0,AWS-BHO-030,Bhopal,BHO,center,False,
2025-02-14 03:00:00,15.8,956.9,47.0,AWS-BHO-030,Bhopal,BHO,center,False,
2025-02-14 04:00:00,15.3,956.7,49.0,AWS-BHO-030,Bhopal,BHO,center,False,
2025-02-14 05:00:00,14.8,956.8,51.0,AWS-BHO-030,Bhopal,BHO,center,False,
2025-02-14 06:00:00,13.6,958.0,59.0,AWS-BHO-030,Bhopal,BHO,center,False,
2025-02-14 07:00:00,14.0,958.8,58.0,AWS-BHO-030,Bhopal,BHO,center,False,
2025-02-14 08:00:00,17.0,959.9,49.0,AWS-BHO-030,Bhopal,BHO,center,False,
2025-02-14 09:00:00,-39.96862485104606,961.2,36.0,AWS-BHO-030,Bhopal,BHO,center,True,sensor_fail_low
2025-02-14 10:00:00,-40.025422694988315,961.6,25.0,AWS-BHO-030,Bhopal,BHO,center,True,sensor_fail_low
2025-02-14 11:00:00,-40.039365210429516,961.3,19.0,AWS-BHO-030,Bhopal,BHO,center,True,sensor_fail_low
2025-02-14 12:00:00,-39.98044012531495,960.1,16.0,AWS-BHO-030,Bhopal,BHO,center,True,sensor_fail_low
2025-02-14 13:00:00,29.0,958.9,14.0,AWS-BHO-030,Bhopal,BHO,center,False,
2025-02-14 14:00:00,29.5,957.9,14.0,AWS-BHO-030,Bhopal,BHO,center,False,
2025-02-14 15:00:00,29.4,957.2,15.0,AWS-BHO-030,Bhopal,BHO,center,False,
2025-02-14 16:00:00,29.0,957.0,16.0,AWS-BHO-030,Bhopal,BHO,center,False,
2025-02-14 17:00:00,27.8,956.9,17.0,AWS-BHO-030,Bhopal,BHO,center,False,
2025-02-14 18:00:00,24.9,956.8,25.0,AWS-BHO-030,Bhopal,BHO,center,False,
2025-02-14 19:00:00,22.6,957.6,40.0,AWS-BHO-030,Bhopal,BHO,center,False,
2025-02-14 20:00:00,21.7,958.0,43.0,AWS-BHO-030,Bhopal,BHO,center,False,
2025-02-14 21:00:00,21.0,957.9,43.0,AWS-BHO-030,Bhopal,BHO,center,False,
2025-02-14 22:00:00,20.2,958.2,46.0,AWS-BHO-030,Bhopal,BHO,center,False,
2025-02-14 23:00:00,20.0,957.6,47.0,AWS-BHO-030,Bhopal,BHO,center,False,
2025-02-15 00:00:00,19.8,957.0,46.0,AWS-BHO-030,Bhopal,BHO,center,False,
2025-02-15 01:00:00,19.7,956.3,43.0,AWS-BHO-030,Bhopal,BHO,center,False,
2025-02-15 02:00:00,19.5,955.5,42.0,AWS-BHO-030,Bhopal,BHO,center,False,
2025-02-15 03:00:00,19.1,955.0,,AWS-BHO-030,Bhopal,BHO,center,True,dropout
2025-02-15 04:00:00,18.8,954.8,43.0,AWS-BHO-030,Bhopal,BHO,center,False,
2025-02-15 05:00:00,18.2,954.8,46.0,AWS-BHO-030,Bhopal,BHO,center,False,
2025-02-15 06:00:00,17.5,956.1,51.0,AWS-BHO-030,Bhopal,BHO,center,False,
2025-02-15 07:00:00,17.6,956.9,51.0,AWS-BHO-030,Bhopal,BHO,center,False,
2025-02-15 08:00:00,19.9,958.1,46.0,AWS-BHO-030,Bhopal,BHO,center,False,
2025-02-15 09:00:00,23.5,959.1,37.0,AWS-BHO-030,Bhopal,BHO,center,False,
2025-02-15 10:00:00,26.8,959.3,29.0,AWS-BHO-030,Bhopal,BHO,center,False,
2025-02-15 11:00:00,29.0,958.8,23.0,AWS-BHO-030,Bhopal,BHO,center,False,
2025-02-15 12:00:00,30.4,958.0,19.0,AWS-BHO-030,Bhopal,BHO,center,False,
2025-02-15 13:00:00,31.1,957.0,18.0,AWS-BHO-030,Bhopal,BHO,center,False,
2025-02-15 14:00:00,31.2,956.0,18.0,AWS-BHO-030,Bhopal,BHO,center,False,
2025-02-15 15:00:00,31.2,955.1,19.0,AWS-BHO-030,Bhopal,BHO,center,False,
2025-02-15 16:00:00,31.4,954.8,18.0,AWS-BHO-030,Bhopal,BHO,center,False,
2025-02-15 17:00:00,30.1,954.7,19.0,AWS-BHO-030,Bhopal,BHO,center,False,
2025-02-15 18:00:00,25.4,954.6,42.0,AWS-BHO-030,Bhopal,BHO,center,False,
2025-02-15 19:00:00,24.3,955.0,45.0,AWS-BHO-030,Bhopal,BHO,center,False,
2025-02-15 20:00:00,23.5,955.5,44.0,AWS-BHO-030,Bhopal,BHO,center,False,
2025-02-15 21:00:00,23.7,956.0,36.0,AWS-BHO-030,Bhopal,BHO,center,False,
2025-02-15 22:00:00,22.6,956.0,38.0,AWS-BHO-030,Bhopal,BHO,center,False,
2025-02-15 23:00:00,22.1,955.7,39.0,AWS-BHO-030,Bhopal,BHO,center,False,
2025-02-16 00:00:00,21.9,955.3,38.0,AWS-BHO-030,Bhopal,BHO,center,True,frozen_value
2025-02-16 01:00:00,21.9,955.2844603328681,34.0,AWS-BHO-030,Bhopal,BHO,center,True,frozen_value
2025-02-16 02:00:00,20.9,955.2880552467198,35.0,AWS-BHO-030,Bhopal,BHO,center,True,frozen_value
2025-02-16 03:00:00,20.0,955.2983955425381,38.0,AWS-BHO-030,Bhopal,BHO,center,True,frozen_value
2025-02-16 04:00:00,19.6,955.2909361737932,41.0,AWS-BHO-030,Bhopal,BHO,center,True,frozen_value
2025-02-16 05:00:00,19.2,955.2804207460968,45.0,AWS-BHO-030,Bhopal,BHO,center,True,frozen_value
2025-02-16 06:00:00,18.3,955.3207128544461,51.0,AWS-BHO-030,Bhopal,BHO,center,True,frozen_value
2025-02-16 07:00:00,18.5,956.5,54.0,AWS-BHO-030,Bhopal,BHO,center,False,
2025-02-16 08:00:00,20.5,957.7,50.0,AWS-BHO-030,Bhopal,BHO,center,False,
2025-02-16 09:00:00,23.3,958.6,44.0,AWS-BHO-030,Bhopal,BHO,center,False,
2025-02-16 10:00:00,26.1,959.0,37.0,AWS-BHO-030,Bhopal,BHO,center,False,
2025-02-16 11:00:00,28.5,958.5,29.0,AWS-BHO-030,Bhopal,BHO,center,False,
2025-02-16 12:00:00,30.0,957.8,24.0,AWS-BHO-030,Bhopal,BHO,center,False,
2025-02-16 13:00:00,30.9,956.7,21.0,AWS-BHO-030,Bhopal,BHO,center,False,
2025-02-16 14:00:00,31.2,955.9,20.0,AWS-BHO-030,Bhopal,BHO,center,False,
2025-02-16 15:00:00,30.7,955.5,22.0,AWS-BHO-030,Bhopal,BHO,center,False,
2025-02-16 16:00:00,30.2,955.5,23.0,AWS-BHO-030,Bhopal,BHO,center,False,
2025-02-16 17:00:00,29.5,955.6,24.0,AWS-BHO-030,Bhopal,BHO,center,False,
2025-02-16 18:00:00,27.3,955.7,29.0,AWS-BHO-030,Bhopal,BHO,center,False,
2025-02-16 19:00:00,25.1,956.4,35.0,AWS-BHO-030,Bhopal,BHO,center,False,
2025-02-16 20:00:00,23.7,957.2,47.0,AWS-BHO-030,Bhopal,BHO,center,False,
2025-02-16 21:00:00,23.4,957.5,49.0,AWS-BHO-030,Bhopal,BHO,center,False,
2025-02-16 22:00:00,22.3,957.2,53.0,AWS-BHO-030,Bhopal,BHO,center,False,
2025-02-16 23:00:00,21.8,957.0,54.0,AWS-BHO-030,Bhopal,BHO,center,False,
2025-02-17 00:00:00,20.8,956.5,57.0,AWS-BHO-030,Bhopal,BHO,center,False,
2025-02-17 01:00:00,20.3,956.4,58.0,AWS-BHO-030,Bhopal,BHO,center,False,
2025-02-17 02:00:00,20.5,956.2,51.0,AWS-BHO-030,Bhopal,BHO,center,False,
2025-02-17 03:00:00,19.9,956.0,50.0,AWS-BHO-030,Bhopal,BHO,center,False,
2025-02-17 04:00:00,19.9,955.9,48.0,AWS-BHO-030,Bhopal,BHO,center,False,
2025-02-17 05:00:00,19.5,956.0,49.0,AWS-BHO-030,Bhopal,BHO,center,False,
2025-02-17 06:00:00,18.4,957.1,56.0,AWS-BHO-030,Bhopal,BHO,center,False,
2025-02-17 07:00:00,18.4,957.8,57.0,AWS-BHO-030,Bhopal,BHO,center,False,
2025-02-17 08:00:00,20.6,959.0,51.0,AWS-BHO-030,Bhopal,BHO,center,False,
2025-02-17 09:00:00,23.8,960.0,43.0,AWS-BHO-030,Bhopal,BHO,center,False,
2025-02-17 10:00:00,26.3,960.3,37.0,AWS-BHO-030,Bhopal,BHO,center,False,
2025-02-17 11:00:00,28.1,960.0,34.0,AWS-BHO-030,Bhopal,BHO,center,False,
2025-02-17 12:00:00,29.4,959.4,31.0,AWS-BHO-030,Bhopal,BHO,center,False,
2025-02-17 13:00:00,30.4,958.6,28.0,AWS-BHO-030,Bhopal,BHO,center,False,
2025-02-17 14:00:00,31.0,957.6,25.0,AWS-BHO-030,Bhopal,BHO,center,False,
2025-02-17 15:00:00,31.4,957.0,22.0,AWS-BHO-030,Bhopal,BHO,center,False,
2025-02-17 16:00:00,31.3,956.7,21.0,AWS-BHO-030,Bhopal,BHO,center,False,
2025-02-17 17:00:00,30.0,957.0,22.0,AWS-BHO-030,Bhopal,BHO,center,False,
2025-02-17 18:00:00,26.8,957.4,34.0,AWS-BHO-030,Bhopal,BHO,center,False,
2025-02-17 19:00:00,25.7,957.7,40.0,AWS-BHO-030,Bhopal,BHO,center,False,
2025-02-17 20:00:00,24.7,958.3,45.0,AWS-BHO-030,Bhopal,BHO,center,False,
2025-02-17 21:00:00,56.63531252179415,958.4,48.0,AWS-BHO-030,Bhopal,BHO,center,True,spike
2025-02-17 22:00:00,35.714295911881266,958.6,50.0,AWS-BHO-030,Bhopal,BHO,center,True,spike
2025-02-17 23:00:00,27.008206668083396,958.4,52.0,AWS-BHO-030,Bhopal,BHO,center,True,spike
2025-02-18 00:00:00,22.79475633283839,957.6,57.0,AWS-BHO-030,Bhopal,BHO,center,True,spike
2025-02-18 01:00:00,20.631448735477367,957.1,62.0,AWS-BHO-030,Bhopal,BHO,center,True,spike
2025-02-18 02:00:00,19.2,956.3,65.0,AWS-BHO-030,Bhopal,BHO,center,False,
2025-02-18 03:00:00,18.6,956.0,69.0,AWS-BHO-030,Bhopal,BHO,center,False,
2025-02-18 04:00:00,18.5,955.8,68.0,AWS-BHO-030,Bhopal,BHO,center,False,
2025-02-18 05:00:00,18.5,956.1,64.0,AWS-BHO-030,Bhopal,BHO,center,False,
2025-02-18 06:00:00,18.2,957.4,66.0,AWS-BHO-030,Bhopal,BHO,center,False,
2025-02-18 07:00:00,18.3,958.0,64.0,AWS-BHO-030,Bhopal,BHO,center,False,
2025-02-18 08:00:00,20.5,958.8,57.0,AWS-BHO-030,Bhopal,BHO,center,False,
2025-02-18 09:00:00,23.5,959.7,,AWS-BHO-030,Bhopal,BHO,center,True,dropout
2025-02-18 10:00:00,26.5,960.4,41.0,AWS-BHO-030,Bhopal,BHO,center,False,
2025-02-18 11:00:00,28.4,960.1,35.0,AWS-BHO-030,Bhopal,BHO,center,False,
2025-02-18 12:00:00,29.7,959.2,31.0,AWS-BHO-030,Bhopal,BHO,center,False,
2025-02-18 13:00:00,30.6,958.1,29.0,AWS-BHO-030,Bhopal,BHO,center,False,
2025-02-18 14:00:00,31.2,957.2,28.0,AWS-BHO-030,Bhopal,BHO,center,False,
2025-02-18 15:00:00,31.0,956.4,27.0,AWS-BHO-030,Bhopal,BHO,center,False,
2025-02-18 16:00:00,30.8,956.1,26.0,AWS-BHO-030,Bhopal,BHO,center,False,
2025-02-18 17:00:00,30.1,956.2,25.0,AWS-BHO-030,Bhopal,BHO,center,False,
2025-02-18 18:00:00,27.0,956.3,37.0,AWS-BHO-030,Bhopal,BHO,center,False,
2025-02-18 19:00:00,25.6,957.0,41.0,AWS-BHO-030,Bhopal,BHO,center,False,
2025-02-18 20:00:00,24.6,957.4,45.0,AWS-BHO-030,Bhopal,BHO,center,False,
2025-02-18 21:00:00,23.7,935.1665969848192,49.0,AWS-BHO-030,Bhopal,BHO,center,True,spike
2025-02-18 22:00:00,22.7,958.1,53.0,AWS-BHO-030,Bhopal,BHO,center,False,
2025-02-18 23:00:00,21.8,957.5,56.0,AWS-BHO-030,Bhopal,BHO,center,False,
2025-02-19 00:00:00,20.7,957.1,61.0,AWS-BHO-030,Bhopal,BHO,center,False,
2025-02-19 01:00:00,20.0,956.7,66.0,AWS-BHO-030,Bhopal,BHO,center,False,
2025-02-19 02:00:00,19.2,955.8,71.0,AWS-BHO-030,Bhopal,BHO,center,False,
2025-02-19 03:00:00,18.8,955.5,72.0,AWS-BHO-030,Bhopal,BHO,center,False,
2025-02-19 04:00:00,18.2,955.3,75.0,AWS-BHO-030,Bhopal,BHO,center,False,
2025-02-19 05:00:00,17.9,955.5,76.0,AWS-BHO-030,Bhopal,BHO,center,False,
2025-02-19 06:00:00,17.4,956.6,81.0,AWS-BHO-030,Bhopal,BHO,center,False,
2025-02-19 07:00:00,17.4,957.4,80.0,AWS-BHO-030,Bhopal,BHO,center,False,
2025-02-19 08:00:00,19.5,,71.0,AWS-BHO-030,Bhopal,BHO,center,True,dropout
2025-02-19 09:00:00,1829.3006710192426,855.989174650692,0.0,AWS-BHO-030,Bhopal,BHO,center,True,unstructured_anomaly
2025-02-19 10:00:00,-1556.636043714377,1079.3168893129791,100.0,AWS-BHO-030,Bhopal,BHO,center,True,unstructured_anomaly
2025-02-19 11:00:00,1452.883013669681,852.7538022653885,0.0,AWS-BHO-030,Bhopal,BHO,center,True,unstructured_anomaly
2025-02-19 12:00:00,-1403.158736593483,1086.3628075080508,93.44498745660613,AWS-BHO-030,Bhopal,BHO,center,True,unstructured_anomaly
2025-02-19 13:00:00,1471.4240529483202,858.9840862109719,0.0,AWS-BHO-030,Bhopal,BHO,center,True,unstructured_anomaly
2025-02-19 14:00:00,-1395.1969564149142,1070.6847093324216,0.0,AWS-BHO-030,Bhopal,BHO,center,True,unstructured_anomaly
2025-02-19 15:00:00,29.0,955.1,33.0,AWS-BHO-030,Bhopal,BHO,center,False,
2025-02-19 16:00:00,28.7,954.7,32.0,AWS-BHO-030,Bhopal,BHO,center,False,
2025-02-19 17:00:00,28.5,954.7,32.0,AWS-BHO-030,Bhopal,BHO,center,False,
2025-02-19 18:00:00,26.1,954.8,41.0,AWS-BHO-030,Bhopal,BHO,center,False,
2025-02-19 19:00:00,24.9,955.3,43.0,AWS-BHO-030,Bhopal,BHO,center,False,
2025-02-19 20:00:00,24.3,956.2,47.0,AWS-BHO-030,Bhopal,BHO,center,False,
2025-02-19 21:00:00,23.3,956.7,49.0,AWS-BHO-030,Bhopal,BHO,center,False,
2025-02-19 22:00:00,22.2,956.7,55.0,AWS-BHO-030,Bhopal,BHO,center,False,
2025-02-19 23:00:00,22.0,956.3,55.0,AWS-BHO-030,Bhopal,BHO,center,False,
2025-02-20 00:00:00,21.0,955.9,59.0,AWS-BHO-030,Bhopal,BHO,center,False,
2025-02-20 01:00:00,20.1,955.5,62.0,AWS-BHO-030,Bhopal,BHO,center,False,
2025-02-20 02:00:00,19.3,955.1,66.0,AWS-BHO-030,Bhopal,BHO,center,False,
2025-02-20 03:00:00,18.6,954.7,68.0,AWS-BHO-030,Bhopal,BHO,center,False,
2025-02-20 04:00:00,18.3,954.8,68.0,AWS-BHO-030,Bhopal,BHO,center,False,
2025-02-20 05:00:00,17.7,955.2,71.0,AWS-BHO-030,Bhopal,BHO,center,False,
2025-02-20 06:00:00,17.7,956.4,74.0,AWS-BHO-030,Bhopal,BHO,center,False,
2025-02-20 07:00:00,18.4,957.2,71.0,AWS-BHO-030,Bhopal,BHO,center,False,
2025-02-20 08:00:00,20.9,958.6,62.0,AWS-BHO-030,Bhopal,BHO,center,False,
2025-02-20 09:00:00,23.9,959.8,51.0,AWS-BHO-030,Bhopal,BHO,center,False,
2025-02-20 10:00:00,26.6,960.3,41.0,AWS-BHO-030,Bhopal,BHO,center,False,
2025-02-20 11:00:00,28.5,960.1,33.0,AWS-BHO-030,Bhopal,BHO,center,False,
2025-02-20 12:00:00,30.1,959.2,24.0,AWS-BHO-030,Bhopal,BHO,center,False,
2025-02-20 13:00:00,30.9,958.2,20.0,AWS-BHO-030,Bhopal,BHO,center,False,
2025-02-20 14:00:00,31.0,957.4,19.0,AWS-BHO-030,Bhopal,BHO,center,False,
2025-02-20 15:00:00,31.2,956.8,19.0,AWS-BHO-030,Bhopal,BHO,center,False,
2025-02-20 16:00:00,31.2,956.4,19.0,AWS-BHO-030,Bhopal,BHO,center,False,
2025-02-20 17:00:00,29.7,956.4,18.0,AWS-BHO-030,Bhopal,BHO,center,False,
2025-02-20 18:00:00,27.7,957.1,20.0,AWS-BHO-030,Bhopal,BHO,center,False,
2025-02-20 19:00:00,26.4,957.6,18.0,AWS-BHO-030,Bhopal,BHO,center,False,
2025-02-20 20:00:00,24.5,958.3,19.0,AWS-BHO-030,Bhopal,BHO,center,False,
2025-02-20 21:00:00,23.1,958.6,30.0,AWS-BHO-030,Bhopal,BHO,center,False,
2025-02-20 22:00:00,22.9,958.7,42.0,AWS-BHO-030,Bhopal,BHO,center,False,
2025-02-20 23:00:00,22.2,958.3,46.0,AWS-BHO-030,Bhopal,BHO,center,False,
2025-02-21 00:00:00,3404.6059958085566,956.3006524750293,100.0,AWS-BHO-030,Bhopal,BHO,center,True,multivariate_inconsistency
2025-02-21 01:00:00,3404.805995808557,957.9029920043306,100.0,AWS-BHO-030,Bhopal,BHO,center,True,multivariate_inconsistency
2025-02-21 02:00:00,3404.305995808557,956.11259014006,100.0,AWS-BHO-030,Bhopal,BHO,center,True,multivariate_inconsistency
2025-02-21 03:00:00,20.0,956.9,35.0,AWS-BHO-030,Bhopal,BHO,center,False,
2025-02-21 04:00:00,19.2,957.1,37.0,AWS-BHO-030,Bhopal,BHO,center,False,
2025-02-21 05:00:00,18.6,957.5,40.0,AWS-BHO-030,Bhopal,BHO,center,False,
2025-02-21 06:00:00,18.3,958.6,45.0,AWS-BHO-030,Bhopal,BHO,center,False,
2025-02-21 07:00:00,18.7,959.5,46.0,AWS-BHO-030,Bhopal,BHO,center,False,
2025-02-21 08:00:00,21.1,960.7,43.0,AWS-BHO-030,Bhopal,BHO,center,False,
2025-02-21 09:00:00,-40.05452119290761,961.7,35.0,AWS-BHO-030,Bhopal,BHO,center,True,sensor_fail_low
2025-02-21 10:00:00,-40.0291193432911,962.0,29.0,AWS-BHO-030,Bhopal,BHO,center,True,sensor_fail_low
2025-02-21 11:00:00,-39.98885817750354,961.7,24.0,AWS-BHO-030,Bhopal,BHO,center,True,sensor_fail_low
2025-02-21 12:00:00,-40.104561244146176,960.8,20.0,AWS-BHO-030,Bhopal,BHO,center,True,sensor_fail_low
2025-02-21 13:00:00,30.6,959.9,18.0,AWS-BHO-030,Bhopal,BHO,center,False,
2025-02-21 14:00:00,30.9,958.8,18.0,AWS-BHO-030,Bhopal,BHO,center,False,
2025-02-21 15:00:00,30.7,958.1,18.0,AWS-BHO-030,Bhopal,BHO,center,False,
2025-02-21 16:00:00,30.2,957.8,19.0,AWS-BHO-030,Bhopal,BHO,center,False,
2025-02-21 17:00:00,29.3,957.7,20.0,AWS-BHO-030,Bhopal,BHO,center,False,
2025-02-21 18:00:00,26.6,958.1,33.0,AWS-BHO-030,Bhopal,BHO,center,False,
2025-02-21 19:00:00,25.0,958.7,33.0,AWS-BHO-030,Bhopal,BHO,center,True,drift
2025-02-21 20:00:00,198.51848822657007,959.4,37.0,AWS-BHO-030,Bhopal,BHO,center,True,drift
2025-02-21 21:00:00,372.33697645314015,960.1,40.0,AWS-BHO-030,Bhopal,BHO,center,True,drift
2025-02-21 22:00:00,547.2554646797103,960.6,37.0,AWS-BHO-030,Bhopal,BHO,center,True,drift
2025-02-21 23:00:00,720.9739529062804,960.0,41.0,AWS-BHO-030,Bhopal,BHO,center,True,drift
2025-02-22 00:00:00,894.3924411328504,959.3,46.0,AWS-BHO-030,Bhopal,BHO,center,True,drift
2025-02-22 01:00:00,1068.8109293594207,958.9,47.0,AWS-BHO-030,Bhopal,BHO,center,True,drift
2025-02-22 02:00:00,1243.3294175859905,958.4,47.0,AWS-BHO-030,Bhopal,BHO,center,True,drift
2025-02-22 03:00:00,1417.4479058125607,958.3,49.0,AWS-BHO-030,Bhopal,BHO,center,True,drift
2025-02-22 04:00:00,1591.6663940391309,958.2,50.0,AWS-BHO-030,Bhopal,BHO,center,True,drift
2025-02-22 05:00:00,1766.084882265701,958.5,51.0,AWS-BHO-030,Bhopal,BHO,center,True,drift
2025-02-22 06:00:00,1940.703370492271,959.0,55.0,AWS-BHO-030,Bhopal,BHO,center,True,drift
2025-02-22 07:00:00,2115.521858718841,960.0,56.0,AWS-BHO-030,Bhopal,BHO,center,True,drift
2025-02-22 08:00:00,2292.540346945411,961.4,50.0,AWS-BHO-030,Bhopal,BHO,center,True,drift
2025-02-22 09:00:00,2470.058835171981,962.8,42.0,AWS-BHO-030,Bhopal,BHO,center,True,drift
2025-02-22 10:00:00,2647.177323398552,963.1,35.0,AWS-BHO-030,Bhopal,BHO,center,True,drift
2025-02-22 11:00:00,2823.5958116251213,962.9,29.0,AWS-BHO-030,Bhopal,BHO,center,True,drift
2025-02-22 12:00:00,2999.614299851691,962.2,26.0,AWS-BHO-030,Bhopal,BHO,center,True,drift
2025-02-22 13:00:00,3175.232788078262,961.4,25.0,AWS-BHO-030,Bhopal,BHO,center,True,drift
2025-02-22 14:00:00,3350.551276304832,960.5,24.0,AWS-BHO-030,Bhopal,BHO,center,True,drift
2025-02-22 15:00:00,3525.469764531402,959.6,23.0,AWS-BHO-030,Bhopal,BHO,center,True,drift
2025-02-22 16:00:00,3700.088252757972,959.5,22.0,AWS-BHO-030,Bhopal,BHO,center,True,drift
2025-02-22 17:00:00,3874.006740984542,959.5,23.0,AWS-BHO-030,Bhopal,BHO,center,True,drift
2025-02-22 18:00:00,4046.025229211112,959.9,33.0,AWS-BHO-030,Bhopal,BHO,center,True,drift
2025-02-22 19:00:00,4219.443717437683,960.3,38.0,AWS-BHO-030,Bhopal,BHO,center,True,drift
2025-02-22 20:00:00,4392.862205664252,960.6,46.0,AWS-BHO-030,Bhopal,BHO,center,True,drift
2025-02-22 21:00:00,4566.680693890821,960.8,50.0,AWS-BHO-030,Bhopal,BHO,center,True,drift
2025-02-22 22:00:00,4740.899182117393,960.9,51.0,AWS-BHO-030,Bhopal,BHO,center,True,drift
2025-02-22 23:00:00,4914.9176703439625,960.6,53.0,AWS-BHO-030,Bhopal,BHO,center,True,drift
2025-02-23 00:00:00,5089.036158570532,959.9,58.0,AWS-BHO-030,Bhopal,BHO,center,True,drift
2025-02-23 01:00:00,5263.154646797104,959.3,60.0,AWS-BHO-030,Bhopal,BHO,center,True,drift
2025-02-23 02:00:00,5436.673135023673,958.7,64.0,AWS-BHO-030,Bhopal,BHO,center,True,drift
2025-02-23 03:00:00,5611.091623250242,958.6,66.0,AWS-BHO-030,Bhopal,BHO,center,True,drift
2025-02-23 04:00:00,5785.310111476813,958.5,67.0,AWS-BHO-030,Bhopal,BHO,center,True,drift
2025-02-23 05:00:00,5959.928599703383,958.8,65.0,AWS-BHO-030,Bhopal,BHO,center,True,drift
2025-02-23 06:00:00,6134.347087929953,959.7,68.0,AWS-BHO-030,Bhopal,BHO,center,True,drift
2025-02-23 07:00:00,6309.465576156524,960.8,66.0,AWS-BHO-030,Bhopal,BHO,center,True,drift
2025-02-23 08:00:00,6487.584064383093,962.3,54.0,AWS-BHO-030,Bhopal,BHO,center,True,drift
2025-02-23 09:00:00,6665.8025526096635,963.3,43.0,AWS-BHO-030,Bhopal,BHO,center,True,drift
2025-02-23 10:00:00,6843.321040836234,963.9,35.0,AWS-BHO-030,Bhopal,BHO,center,True,drift
2025-02-23 11:00:00,7019.939529062804,963.4,30.0,AWS-BHO-030,Bhopal,BHO,center,True,drift
2025-02-23 12:00:00,7195.958017289373,962.4,27.0,AWS-BHO-030,Bhopal,BHO,center,True,drift
2025-02-23 13:00:00,29.1,961.4,24.0,AWS-BHO-030,Bhopal,BHO,center,False,
2025-02-23 14:00:00,29.5,960.2,23.0,AWS-BHO-030,Bhopal,BHO,center,False,
2025-02-23 15:00:00,29.7,959.2,23.0,AWS-BHO-030,Bhopal,BHO,center,False,
2025-02-23 16:00:00,29.7,958.8,20.0,AWS-BHO-030,Bhopal,BHO,center,False,
2025-02-23 17:00:00,28.8,959.1,19.0,AWS-BHO-030,Bhopal,BHO,center,False,
2025-02-23 18:00:00,25.6,959.1,32.0,AWS-BHO-030,Bhopal,BHO,center,False,
2025-02-23 19:00:00,23.8,959.7,40.0,AWS-BHO-030,Bhopal,BHO,center,False,
2025-02-23 20:00:00,22.8,960.2,44.0,AWS-BHO-030,Bhopal,BHO,center,False,
2025-02-23 21:00:00,21.9,960.6,44.0,AWS-BHO-030,Bhopal,BHO,center,False,
2025-02-23 22:00:00,21.0,960.5,46.0,AWS-BHO-030,Bhopal,BHO,center,False,
2025-02-23 23:00:00,20.6,960.2,46.0,AWS-BHO-030,Bhopal,BHO,center,False,
2025-02-24 00:00:00,20.5,959.8,45.0,AWS-BHO-030,Bhopal,BHO,center,False,
2025-02-24 01:00:00,19.5,959.5,46.0,AWS-BHO-030,Bhopal,BHO,center,False,
2025-02-24 02:00:00,18.0,959.3,50.0,AWS-BHO-030,Bhopal,BHO,center,False,
2025-02-24 03:00:00,17.0,959.2,55.0,AWS-BHO-030,Bhopal,BHO,center,False,
2025-02-24 04:00:00,16.5,959.0,57.0,AWS-BHO-030,Bhopal,BHO,center,False,
2025-02-24 05:00:00,16.0,959.5,60.0,AWS-BHO-030,Bhopal,BHO,center,False,
2025-02-24 06:00:00,15.8,960.7,66.0,AWS-BHO-030,Bhopal,BHO,center,False,
2025-02-24 07:00:00,1551.2743952738037,841.0077431343989,10.590552907630034,AWS-BHO-030,Bhopal,BHO,center,True,unstructured_anomaly
2025-02-24 08:00:00,1929.0760275235336,846.8603049550712,100.0,AWS-BHO-030,Bhopal,BHO,center,True,unstructured_anomaly
2025-02-24 09:00:00,1887.9080046015135,849.8544289955616,100.0,AWS-BHO-030,Bhopal,BHO,center,True,unstructured_anomaly
2025-02-24 10:00:00,-1515.463751729288,1086.538070347432,93.71773558746699,AWS-BHO-030,Bhopal,BHO,center,True,unstructured_anomaly
2025-02-24 11:00:00,-1499.8697361289155,1081.5501085363794,0.0,AWS-BHO-030,Bhopal,BHO,center,True,unstructured_anomaly
2025-02-24 12:00:00,28.7,963.0,27.0,AWS-BHO-030,Bhopal,BHO,center,False,
2025-02-24 13:00:00,29.3,961.8,24.0,AWS-BHO-030,Bhopal,BHO,center,False,
2025-02-24 14:00:00,29.5,960.4,24.0,AWS-BHO-030,Bhopal,BHO,center,False,
2025-02-24 15:00:00,29.4,959.8,24.0,AWS-BHO-030,Bhopal,BHO,center,False,
2025-02-24 16:00:00,28.9,959.6,25.0,AWS-BHO-030,Bhopal,BHO,center,False,
2025-02-24 17:00:00,27.6,959.9,26.0,AWS-BHO-030,Bhopal,BHO,center,False,
2025-02-24 18:00:00,25.5,960.4,30.0,AWS-BHO-030,Bhopal,BHO,center,False,
2025-02-24 19:00:00,24.6,960.9,32.0,AWS-BHO-030,Bhopal,BHO,center,False,
2025-02-24 20:00:00,24.3,961.7,33.0,AWS-BHO-030,Bhopal,BHO,center,False,
2025-02-24 21:00:00,23.3,962.2,35.0,AWS-BHO-030,Bhopal,BHO,center,False,
2025-02-24 22:00:00,21.7,962.1,,AWS-BHO-030,Bhopal,BHO,center,True,dropout
2025-02-24 23:00:00,20.3,962.0,43.0,AWS-BHO-030,Bhopal,BHO,center,True,drift
2025-02-25 00:00:00,161.87211632974157,960.9,45.0,AWS-BHO-030,Bhopal,BHO,center,True,drift
2025-02-25 01:00:00,303.4442326594832,960.9,49.0,AWS-BHO-030,Bhopal,BHO,center,True,drift
2025-02-25 02:00:00,445.21634898922474,960.2,54.0,AWS-BHO-030,Bhopal,BHO,center,True,drift
2025-02-25 03:00:00,587.7884653189664,959.8,55.0,AWS-BHO-030,Bhopal,BHO,center,True,drift
2025-02-25 04:00:00,730.060581648708,959.8,56.0,AWS-BHO-030,Bhopal,BHO,center,True,drift
2025-02-25 05:00:00,872.3326979784495,960.0,57.0,AWS-BHO-030,Bhopal,BHO,center,True,drift
2025-02-25 06:00:00,1014.8048143081911,961.2,62.0,AWS-BHO-030,Bhopal,BHO,center,True,drift
2025-02-25 07:00:00,1157.8769306379327,961.8,61.0,AWS-BHO-030,Bhopal,BHO,center,True,drift
2025-02-25 08:00:00,1303.2490469676743,963.4,54.0,AWS-BHO-030,Bhopal,BHO,center,True,drift
2025-02-25 09:00:00,1449.0211632974158,964.4,44.0,AWS-BHO-030,Bhopal,BHO,center,True,drift
2025-02-25 10:00:00,1594.3932796271574,965.2,35.0,AWS-BHO-030,Bhopal,BHO,center,True,drift
2025-02-25 11:00:00,1739.065395956899,964.9,29.0,AWS-BHO-030,Bhopal,BHO,center,True,drift
2025-02-25 12:00:00,1883.0375122866405,964.1,26.0,AWS-BHO-030,Bhopal,BHO,center,True,drift
2025-02-25 13:00:00,2026.509628616382,962.8,24.0,AWS-BHO-030,Bhopal,BHO,center,True,drift
2025-02-25 14:00:00,2169.5817449461238,961.8,23.0,AWS-BHO-030,Bhopal,BHO,center,True,drift
2025-02-25 15:00:00,2312.2538612758653,961.4,22.0,AWS-BHO-030,Bhopal,BHO,center,True,drift
2025-02-25 16:00:00,2454.6259776056067,961.2,22.0,AWS-BHO-030,Bhopal,BHO,center,True,drift
2025-02-25 17:00:00,2596.1980939353484,961.3,24.0,AWS-BHO-030,Bhopal,BHO,center,True,drift
2025-02-25 18:00:00,2736.5702102650903,961.9,29.0,AWS-BHO-030,Bhopal,BHO,center,True,drift
2025-02-25 19:00:00,2877.6423265948315,962.6,33.0,AWS-BHO-030,Bhopal,BHO,center,True,drift
2025-02-25 20:00:00,3019.214442924573,963.1,36.0,AWS-BHO-030,Bhopal,BHO,center,True,drift
2025-02-25 21:00:00,3161.186559254315,963.4,37.0,AWS-BHO-030,Bhopal,BHO,center,True,drift
2025-02-25 22:00:00,3303.0586755840563,963.3,38.0,AWS-BHO-030,Bhopal,BHO,center,True,drift
2025-02-25 23:00:00,3445.030791913798,963.1,39.0,AWS-BHO-030,Bhopal,BHO,center,True,drift
2025-02-26 00:00:00,3586.5029082435394,962.6,44.0,AWS-BHO-030,Bhopal,BHO,center,True,drift
2025-02-26 01:00:00,3728.2750245732814,961.8,49.0,AWS-BHO-030,Bhopal,BHO,center,True,drift
2025-02-26 02:00:00,3870.2471409030227,961.2,53.0,AWS-BHO-030,Bhopal,BHO,center,True,drift
2025-02-26 03:00:00,4012.4192572327643,948.8284858879799,55.0,AWS-BHO-030,Bhopal,BHO,center,True,drift
2025-02-26 04:00:00,4154.291373562506,957.5584859503681,60.0,AWS-BHO-030,Bhopal,BHO,center,True,drift
2025-02-26 05:00:00,16.3,960.007247325365,62.0,AWS-BHO-030,Bhopal,BHO,center,True,spike
2025-02-26 06:00:00,16.4,961.8,64.0,AWS-BHO-030,Bhopal,BHO,center,False,
2025-02-26 07:00:00,16.9,962.9,64.0,AWS-BHO-030,Bhopal,BHO,center,False,
2025-02-26 08:00:00,19.5,964.4,58.0,AWS-BHO-030,Bhopal,BHO,center,False,
2025-02-26 09:00:00,22.6,965.4,49.0,AWS-BHO-030,Bhopal,BHO,center,False,
2025-02-26 10:00:00,25.6,965.9,40.0,AWS-BHO-030,Bhopal,BHO,center,False,
2025-02-26 11:00:00,27.8,965.4,32.0,AWS-BHO-030,Bhopal,BHO,center,False,
2025-02-26 12:00:00,29.2,964.2,28.0,AWS-BHO-030,Bhopal,BHO,center,False,
2025-02-26 13:00:00,30.1,963.1,25.0,AWS-BHO-030,Bhopal,BHO,center,False,
2025-02-26 14:00:00,30.5,962.0,25.0,AWS-BHO-030,Bhopal,BHO,center,False,
2025-02-26 15:00:00,30.5,961.1,24.0,AWS-BHO-030,Bhopal,BHO,center,False,
2025-02-26 16:00:00,30.1,980.2235495675548,25.0,AWS-BHO-030,Bhopal,BHO,center,True,spike
2025-02-26 17:00:00,28.9,960.4,29.0,AWS-BHO-030,Bhopal,BHO,center,False,
2025-02-26 18:00:00,26.1,960.5,45.0,AWS-BHO-030,Bhopal,BHO,center,False,
2025-02-26 19:00:00,25.3,960.8,49.0,AWS-BHO-030,Bhopal,BHO,center,False,
2025-02-26 20:00:00,23.3,961.4,57.0,AWS-BHO-030,Bhopal,BHO,center,False,
2025-02-26 21:00:00,22.5,961.8,58.0,AWS-BHO-030,Bhopal,BHO,center,False,
2025-02-26 22:00:00,21.4,961.8,58.0,AWS-BHO-030,Bhopal,BHO,center,False,
2025-02-26 23:00:00,20.7,961.1,57.0,AWS-BHO-030,Bhopal,BHO,center,False,
2025-02-27 00:00:00,19.9,960.6,58.0,AWS-BHO-030,Bhopal,BHO,center,False,
2025-02-27 01:00:00,19.0,959.8,63.0,AWS-BHO-030,Bhopal,BHO,center,True,frozen_value
2025-02-27 02:00:00,19.1,959.8033321240183,56.0,AWS-BHO-030,Bhopal,BHO,center,True,frozen_value
2025-02-27 03:00:00,19.0,959.7944982120176,53.0,AWS-BHO-030,Bhopal,BHO,center,True,frozen_value
2025-02-27 04:00:00,17.8,959.7779303199972,60.0,AWS-BHO-030,Bhopal,BHO,center,True,frozen_value
2025-02-27 05:00:00,17.2,959.7659863093497,62.0,AWS-BHO-030,Bhopal,BHO,center,True,frozen_value
2025-02-27 06:00:00,17.7,959.7763646041706,62.0,AWS-BHO-030,Bhopal,BHO,center,True,frozen_value
2025-02-27 07:00:00,18.6,959.7101482835227,58.0,AWS-BHO-030,Bhopal,BHO,center,True,frozen_value
2025-02-27 08:00:00,-10.338833579124856,962.0,53.0,AWS-BHO-030,Bhopal,BHO,center,True,spike
2025-02-27 09:00:00,14.354474439728161,962.8,47.0,AWS-BHO-030,Bhopal,BHO,center,True,spike
2025-02-27 10:00:00,24.15010766804525,962.9,39.0,AWS-BHO-030,Bhopal,BHO,center,True,spike
2025-02-27 11:00:00,28.497834045874406,962.3,31.0,AWS-BHO-030,Bhopal,BHO,center,True,spike
2025-02-27 12:00:00,30.524090469348078,961.1,28.0,AWS-BHO-030,Bhopal,BHO,center,True,spike
2025-02-27 13:00:00,31.8,959.8,25.0,AWS-BHO-030,Bhopal,BHO,center,False,
2025-02-27 14:00:00,32.6,958.5,21.0,AWS-BHO-030,Bhopal,BHO,center,False,
2025-02-27 15:00:00,32.8,957.5,19.0,AWS-BHO-030,Bhopal,BHO,center,False,
2025-02-27 16:00:00,32.4,957.0,19.0,AWS-BHO-030,Bhopal,BHO,center,False,
2025-02-27 17:00:00,30.6,956.9,27.0,AWS-BHO-030,Bhopal,BHO,center,False,
2025-02-27 18:00:00,27.9,957.2,32.0,AWS-BHO-030,Bhopal,BHO,center,False,
2025-02-27 19:00:00,26.8,957.7,34.0,AWS-BHO-030,Bhopal,BHO,center,False,
2025-02-27 20:00:00,26.0,958.1,35.0,AWS-BHO-030,Bhopal,BHO,center,False,
2025-02-27 21:00:00,25.0,958.2,,AWS-BHO-030,Bhopal,BHO,center,True,dropout
2025-02-27 22:00:00,24.4,958.4,40.0,AWS-BHO-030,Bhopal,BHO,center,False,
2025-02-27 23:00:00,24.1,957.8,39.0,AWS-BHO-030,Bhopal,BHO,center,False,
2025-02-28 00:00:00,23.7,957.2,40.0,AWS-BHO-030,Bhopal,BHO,center,False,
2025-02-28 01:00:00,22.9,956.7,42.0,AWS-BHO-030,Bhopal,BHO,center,False,
2025-02-28 02:00:00,21.5,956.2,49.0,AWS-BHO-030,Bhopal,BHO,center,False,
2025-02-28 03:00:00,21.4,955.4,48.0,AWS-BHO-030,Bhopal,BHO,center,False,
2025-02-28 04:00:00,21.3,955.2,49.0,AWS-BHO-030,Bhopal,BHO,center,False,
2025-02-28 05:00:00,20.6,955.1,52.0,AWS-BHO-030,Bhopal,BHO,center,False,
2025-02-28 06:00:00,20.9,956.1,52.0,AWS-BHO-030,Bhopal,BHO,center,False,
2025-02-28 07:00:00,21.5,957.1,51.0,AWS-BHO-030,Bhopal,BHO,center,False,
2025-02-28 08:00:00,24.4,958.7,47.0,AWS-BHO-030,Bhopal,BHO,center,False,
2025-02-28 09:00:00,27.6,960.0,40.0,AWS-BHO-030,Bhopal,BHO,center,False,
2025-02-28 10:00:00,30.4,960.6,30.0,AWS-BHO-030,Bhopal,BHO,center,False,
2025-02-28 11:00:00,31.9,960.3,22.0,AWS-BHO-030,Bhopal,BHO,center,False,
2025-02-28 12:00:00,32.7,959.1,22.0,AWS-BHO-030,Bhopal,BHO,center,False,
2025-02-28 13:00:00,33.3,957.7,22.0,AWS-BHO-030,Bhopal,BHO,center,False,
2025-02-28 14:00:00,33.4,956.4,22.0,AWS-BHO-030,Bhopal,BHO,center,False,
2025-02-28 15:00:00,33.4,955.6,23.0,AWS-BHO-030,Bhopal,BHO,center,False,
2025-02-28 16:00:00,32.9,955.3,23.0,AWS-BHO-030,Bhopal,BHO,center,False,
2025-02-28 17:00:00,31.6,955.3,29.0,AWS-BHO-030,Bhopal,BHO,center,False,
2025-02-28 18:00:00,28.3,955.9,34.0,AWS-BHO-030,Bhopal,BHO,center,False,
2025-02-28 19:00:00,26.8,956.2,37.0,AWS-BHO-030,Bhopal,BHO,center,False,
2025-02-28 20:00:00,26.1,957.0,38.0,AWS-BHO-030,Bhopal,BHO,center,False,
2025-02-28 21:00:00,25.7,957.4,37.0,AWS-BHO-030,Bhopal,BHO,center,False,
2025-02-28 22:00:00,25.3,957.3,39.0,AWS-BHO-030,Bhopal,BHO,center,False,
2025-02-28 23:00:00,25.0,957.0,40.0,AWS-BHO-030,Bhopal,BHO,center,False,
2025-03-01 00:00:00,24.6,956.4,43.0,AWS-BHO-030,Bhopal,BHO,center,False,
2025-03-01 01:00:00,23.2,956.1,48.0,AWS-BHO-030,Bhopal,BHO,center,False,
2025-03-01 02:00:00,22.2,955.3,51.0,AWS-BHO-030,Bhopal,BHO,center,False,
2025-03-01 03:00:00,21.3,954.7,54.0,AWS-BHO-030,Bhopal,BHO,center,False,
2025-03-01 04:00:00,21.1,954.5,51.0,AWS-BHO-030,Bhopal,BHO,center,False,
2025-03-01 05:00:00,21.2,954.8,48.0,AWS-BHO-030,Bhopal,BHO,center,False,
2025-03-01 06:00:00,20.7,956.2,53.0,AWS-BHO-030,Bhopal,BHO,center,False,
2025-03-01 07:00:00,21.0,957.0,51.0,AWS-BHO-030,Bhopal,BHO,center,False,
2025-03-01 08:00:00,23.3,958.3,47.0,AWS-BHO-030,Bhopal,BHO,center,False,
2025-03-01 09:00:00,26.2,959.3,39.0,AWS-BHO-030,Bhopal,BHO,center,False,
2025-03-01 10:00:00,28.7,959.8,33.0,AWS-BHO-030,Bhopal,BHO,center,False,
2025-03-01 11:00:00,30.5,959.5,27.0,AWS-BHO-030,Bhopal,BHO,center,False,
2025-03-01 12:00:00,31.6,958.3,24.0,AWS-BHO-030,Bhopal,BHO,center,False,
2025-03-01 13:00:00,32.3,957.2,23.0,AWS-BHO-030,Bhopal,BHO,center,False,
2025-03-01 14:00:00,31.9,956.1,24.0,AWS-BHO-030,Bhopal,BHO,center,False,
2025-03-01 15:00:00,32.3,955.3,23.0,AWS-BHO-030,Bhopal,BHO,center,False,
2025-03-01 16:00:00,31.6,955.4,24.0,AWS-BHO-030,Bhopal,BHO,center,False,
2025-03-01 17:00:00,30.5,955.3,26.0,AWS-BHO-030,Bhopal,BHO,center,False,
2025-03-01 18:00:00,28.8,955.9,30.0,AWS-BHO-030,Bhopal,BHO,center,False,
2025-03-01 19:00:00,28.0,956.1,31.0,AWS-BHO-030,Bhopal,BHO,center,False,
2025-03-01 20:00:00,26.4,956.4,39.0,AWS-BHO-030,Bhopal,BHO,center,False,
2025-03-01 21:00:00,24.6,956.8,42.0,AWS-BHO-030,Bhopal,BHO,center,False,
2025-03-01 22:00:00,23.6,956.5,46.0,AWS-BHO-030,Bhopal,BHO,center,False,
2025-03-01 23:00:00,23.7,956.3,45.0,AWS-BHO-030,Bhopal,BHO,center,False,
2025-03-02 00:00:00,23.8,955.7,42.0,AWS-BHO-030,Bhopal,BHO,center,False,
2025-03-02 01:00:00,23.4,955.2,41.0,AWS-BHO-030,Bhopal,BHO,center,False,
2025-03-02 02:00:00,22.2,954.5,41.0,AWS-BHO-030,Bhopal,BHO,center,False,
2025-03-02 03:00:00,22.0,953.9,41.0,AWS-BHO-030,Bhopal,BHO,center,False,
2025-03-02 04:00:00,21.5,953.7,41.0,AWS-BHO-030,Bhopal,BHO,center,False,
2025-03-02 05:00:00,1513.4832797284132,844.5061449942299,99.33438496325132,AWS-BHO-030,Bhopal,BHO,center,True,unstructured_anomaly
2025-03-02 06:00:00,-1451.5859479111782,1080.5635775317053,0.0,AWS-BHO-030,Bhopal,BHO,center,True,unstructured_anomaly
2025-03-02 07:00:00,-1558.5929694481197,1077.6425052265085,0.0,AWS-BHO-030,Bhopal,BHO,center,True,unstructured_anomaly
2025-03-02 08:00:00,1867.8776851412267,853.7238659712734,0.0,AWS-BHO-030,Bhopal,BHO,center,True,unstructured_anomaly
2025-03-02 09:00:00,1853.1779249415617,853.7079006302183,0.0,AWS-BHO-030,Bhopal,BHO,center,True,unstructured_anomaly
2025-03-02 10:00:00,1760.2435007661252,846.6500716678377,0.0,AWS-BHO-030,Bhopal,BHO,center,True,unstructured_anomaly
2025-03-02 11:00:00,1514.8884868945042,855.2859452388027,71.33716105847103,AWS-BHO-030,Bhopal,BHO,center,True,unstructured_anomaly
2025-03-02 12:00:00,31.0,957.3,23.0,AWS-BHO-030,Bhopal,BHO,center,False,
2025-03-02 13:00:00,31.7,956.1,22.0,AWS-BHO-030,Bhopal,BHO,center,False,
2025-03-02 14:00:00,32.0,955.0,21.0,AWS-BHO-030,Bhopal,BHO,center,False,
2025-03-02 15:00:00,32.2,954.1,20.0,AWS-BHO-030,Bhopal,BHO,center,False,
2025-03-02 16:00:00,31.7,954.0,20.0,AWS-BHO-030,Bhopal,BHO,center,False,
2025-03-02 17:00:00,30.4,953.9,24.0,AWS-BHO-030,Bhopal,BHO,center,False,
2025-03-02 18:00:00,27.9,954.3,28.0,AWS-BHO-030,Bhopal,BHO,center,False,
2025-03-02 19:00:00,26.8,954.6,32.0,AWS-BHO-030,Bhopal,BHO,center,False,
2025-03-02 20:00:00,24.6,955.4,44.0,AWS-BHO-030,Bhopal,BHO,center,False,
2025-03-02 21:00:00,23.2,956.1,47.0,AWS-BHO-030,Bhopal,BHO,center,False,
2025-03-02 22:00:00,22.2,956.3,52.0,AWS-BHO-030,Bhopal,BHO,center,False,
2025-03-02 23:00:00,21.2,956.0,52.0,AWS-BHO-030,Bhopal,BHO,center,False,
2025-03-03 00:00:00,20.9,955.4,49.0,AWS-BHO-030,Bhopal,BHO,center,False,
2025-03-03 01:00:00,21.5,955.0,43.0,AWS-BHO-030,Bhopal,BHO,center,False,
2025-03-03 02:00:00,20.5,954.7,47.0,AWS-BHO-030,Bhopal,BHO,center,False,
2025-03-03 03:00:00,19.5,954.3,52.0,AWS-BHO-030,Bhopal,BHO,center,False,
2025-03-03 04:00:00,19.2,954.5,54.0,AWS-BHO-030,Bhopal,BHO,center,False,
2025-03-03 05:00:00,18.5,955.1,59.0,AWS-BHO-030,Bhopal,BHO,center,False,
2025-03-03 06:00:00,17.7,955.5,74.0,AWS-BHO-030,Bhopal,BHO,center,False,
2025-03-03 07:00:00,18.4,956.7,75.0,AWS-BHO-030,Bhopal,BHO,center,False,
2025-03-03 08:00:00,21.0,958.1,69.0,AWS-BHO-030,Bhopal,BHO,center,False,
2025-03-03 09:00:00,23.8,959.6,60.0,AWS-BHO-030,Bhopal,BHO,center,False,
2025-03-03 10:00:00,26.8,960.0,46.0,AWS-BHO-030,Bhopal,BHO,center,False,
2025-03-03 11:00:00,28.8,959.6,36.0,AWS-BHO-030,Bhopal,BHO,center,False,
2025-03-03 12:00:00,30.2,958.5,30.0,AWS-BHO-030,Bhopal,BHO,center,False,
2025-03-03 13:00:00,31.4,957.2,26.0,AWS-BHO-030,Bhopal,BHO,center,False,
2025-03-03 14:00:00,32.2,956.2,22.0,AWS-BHO-030,Bhopal,BHO,center,False,
2025-03-03 15:00:00,32.5,955.3,20.0,AWS-BHO-030,Bhopal,BHO,center,False,
2025-03-03 16:00:00,32.2,955.1,20.0,AWS-BHO-030,Bhopal,BHO,center,False,
2025-03-03 17:00:00,31.3,955.2,23.0,AWS-BHO-030,Bhopal,BHO,center,False,
2025-03-03 18:00:00,28.0,0.07463772604242185,44.0,AWS-BHO-030,Bhopal,BHO,center,True,sensor_fail_low
2025-03-03 19:00:00,26.8,-0.014428900705190893,39.0,AWS-BHO-030,Bhopal,BHO,center,True,sensor_fail_low
2025-03-03 20:00:00,25.1,-0.03923405632156979,46.0,AWS-BHO-030,Bhopal,BHO,center,True,sensor_fail_low
2025-03-03 21:00:00,24.4,-0.026528074119313995,49.0,AWS-BHO-030,Bhopal,BHO,center,True,sensor_fail_low
2025-03-03 22:00:00,23.7,956.8,52.0,AWS-BHO-030,Bhopal,BHO,center,False,
2025-03-03 23:00:00,23.0,956.3,55.0,AWS-BHO-030,Bhopal,BHO,center,False,
2025-03-04 00:00:00,22.8,955.8,53.0,AWS-BHO-030,Bhopal,BHO,center,False,
2025-03-04 01:00:00,22.6,955.4,52.0,AWS-BHO-030,Bhopal,BHO,center,False,
2025-03-04 02:00:00,22.1,954.6,52.0,AWS-BHO-030,Bhopal,BHO,center,False,
2025-03-04 03:00:00,21.5,954.5,51.0,AWS-BHO-030,Bhopal,BHO,center,False,
2025-03-04 04:00:00,21.6,954.5,45.0,AWS-BHO-030,Bhopal,BHO,center,False,
2025-03-04 05:00:00,21.4,955.1,44.0,AWS-BHO-030,Bhopal,BHO,center,False,
2025-03-04 06:00:00,20.8,956.5,48.0,AWS-BHO-030,Bhopal,BHO,center,False,
2025-03-04 07:00:00,21.2,957.4,47.0,AWS-BHO-030,Bhopal,BHO,center,False,
2025-03-04 08:00:00,23.3,958.6,42.0,AWS-BHO-030,Bhopal,BHO,center,False,
2025-03-04 09:00:00,25.5,959.8,35.0,AWS-BHO-030,Bhopal,BHO,center,False,
2025-03-04 10:00:00,27.3,960.2,30.0,AWS-BHO-030,Bhopal,BHO,center,False,
2025-03-04 11:00:00,28.9,960.0,26.0,AWS-BHO-030,Bhopal,BHO,center,False,
2025-03-04 12:00:00,30.1,959.1,23.0,AWS-BHO-030,Bhopal,BHO,center,False,
2025-03-04 13:00:00,30.8,958.3,22.0,AWS-BHO-030,Bhopal,BHO,center,False,
2025-03-04 14:00:00,31.0,957.5,21.0,AWS-BHO-030,Bhopal,BHO,center,False,
2025-03-04 15:00:00,31.0,956.7,20.0,AWS-BHO-030,Bhopal,BHO,center,False,
2025-03-04 16:00:00,30.3,956.7,19.0,AWS-BHO-030,Bhopal,BHO,center,False,
2025-03-04 17:00:00,29.1,956.9,20.0,AWS-BHO-030,Bhopal,BHO,center,False,
2025-03-04 18:00:00,26.7,958.0,24.0,AWS-BHO-030,Bhopal,BHO,center,False,
2025-03-04 19:00:00,25.2,958.6,26.0,AWS-BHO-030,Bhopal,BHO,center,False,
2025-03-04 20:00:00,24.0,959.2,27.0,AWS-BHO-030,Bhopal,BHO,center,False,
2025-03-04 21:00:00,22.6,959.5,30.0,AWS-BHO-030,Bhopal,BHO,center,True,drift
2025-03-04 22:00:00,87.73458302716577,959.8,30.0,AWS-BHO-030,Bhopal,BHO,center,True,drift
2025-03-04 23:00:00,152.66916605433153,959.5,28.0,AWS-BHO-030,Bhopal,BHO,center,True,drift
2025-03-05 00:00:00,217.8037490814973,959.1,27.0,AWS-BHO-030,Bhopal,BHO,center,True,drift
2025-03-05 01:00:00,283.13833210866306,958.5,26.0,AWS-BHO-030,Bhopal,BHO,center,True,drift
2025-03-05 02:00:00,348.3729151358288,957.9,26.0,AWS-BHO-030,Bhopal,BHO,center,True,drift
2025-03-05 03:00:00,413.70749816299457,957.5,26.0,AWS-BHO-030,Bhopal,BHO,center,True,drift
2025-03-05 04:00:00,479.1420811901604,957.7,26.0,AWS-BHO-030,Bhopal,BHO,center,True,drift
2025-03-05 05:00:00,544.876664217326,958.2,26.0,AWS-BHO-030,Bhopal,BHO,center,True,drift
2025-03-05 06:00:00,610.2112472444919,959.1,39.0,AWS-BHO-030,Bhopal,BHO,center,True,drift
2025-03-05 07:00:00,676.6458302716576,960.0,42.0,AWS-BHO-030,Bhopal,BHO,center,True,drift
2025-03-05 08:00:00,744.2804132988234,960.7,39.0,AWS-BHO-030,Bhopal,BHO,center,True,drift
2025-03-05 09:00:00,813.0149963259892,961.3,34.0,AWS-BHO-030,Bhopal,BHO,center,True,drift
2025-03-05 10:00:00,881.3495793531549,961.7,27.0,AWS-BHO-030,Bhopal,BHO,center,True,drift
2025-03-05 11:00:00,949.7841623803208,961.3,21.0,AWS-BHO-030,Bhopal,BHO,center,True,drift
2025-03-05 12:00:00,1017.7187454074866,960.2,14.0,AWS-BHO-030,Bhopal,BHO,center,True,drift
2025-03-05 13:00:00,1085.0533284346523,959.0,13.0,AWS-BHO-030,Bhopal,BHO,center,True,drift
2025-03-05 14:00:00,1151.587911461818,958.1,13.0,AWS-BHO-030,Bhopal,BHO,center,True,drift
2025-03-05 15:00:00,1217.822494488984,957.5,11.0,AWS-BHO-030,Bhopal,BHO,center,True,drift
2025-03-05 16:00:00,1283.3570775161495,957.4,10.0,AWS-BHO-030,Bhopal,BHO,center,True,drift
2025-03-05 17:00:00,1348.2916605433152,957.3,12.0,AWS-BHO-030,Bhopal,BHO,center,True,drift
2025-03-05 18:00:00,1412.626243570481,957.6,16.0,AWS-BHO-030,Bhopal,BHO,center,True,drift
2025-03-05 19:00:00,1477.5608265976468,957.9,16.0,AWS-BHO-030,Bhopal,BHO,center,True,drift
2025-03-05 20:00:00,1542.8954096248126,958.6,16.0,AWS-BHO-030,Bhopal,BHO,center,True,drift
2025-03-05 21:00:00,1607.8299926519783,959.2,18.0,AWS-BHO-030,Bhopal,BHO,center,True,drift
2025-03-05 22:00:00,1672.8645756791443,959.4,21.0,AWS-BHO-030,Bhopal,BHO,center,True,drift
2025-03-05 23:00:00,1737.9991587063098,958.9,25.0,AWS-BHO-030,Bhopal,BHO,center,True,drift
2025-03-06 00:00:00,1803.3337417334758,958.5,28.0,AWS-BHO-030,Bhopal,BHO,center,True,drift
2025-03-06 01:00:00,1868.7683247606415,958.0,31.0,AWS-BHO-030,Bhopal,BHO,center,True,drift
2025-03-06 02:00:00,16.4,957.4,34.0,AWS-BHO-030,Bhopal,BHO,center,False,
2025-03-06 03:00:00,16.0,956.9,37.0,AWS-BHO-030,Bhopal,BHO,center,False,
2025-03-06 04:00:00,15.6,956.8,40.0,AWS-BHO-030,Bhopal,BHO,center,False,
2025-03-06 05:00:00,15.0,956.7,44.0,AWS-BHO-030,Bhopal,BHO,center,False,
2025-03-06 06:00:00,14.7,957.4,49.0,AWS-BHO-030,Bhopal,BHO,center,False,
2025-03-06 07:00:00,15.7,958.3,48.0,AWS-BHO-030,Bhopal,BHO,center,False,
2025-03-06 08:00:00,19.2,959.9,43.0,AWS-BHO-030,Bhopal,BHO,center,False,
2025-03-06 09:00:00,22.6,960.9,29.0,AWS-BHO-030,Bhopal,BHO,center,False,
2025-03-06 10:00:00,24.8,961.1,20.0,AWS-BHO-030,Bhopal,BHO,center,False,
2025-03-06 11:00:00,26.5,960.6,16.0,AWS-BHO-030,Bhopal,BHO,center,False,
2025-03-06 12:00:00,28.0,960.1,14.0,AWS-BHO-030,Bhopal,BHO,center,False,
2025-03-06 13:00:00,29.2,959.2,12.0,AWS-BHO-030,Bhopal,BHO,center,False,
2025-03-06 14:00:00,29.9,958.6,10.0,AWS-BHO-030,Bhopal,BHO,center,False,
2025-03-06 15:00:00,29.8,957.9,,AWS-BHO-030,Bhopal,BHO,center,True,dropout
2025-03-06 16:00:00,29.4,957.4,9.0,AWS-BHO-030,Bhopal,BHO,center,False,
2025-03-06 17:00:00,28.3,957.0,12.0,AWS-BHO-030,Bhopal,BHO,center,False,
2025-03-06 18:00:00,25.2,957.2,25.0,AWS-BHO-030,Bhopal,BHO,center,False,
2025-03-06 19:00:00,23.3,957.3,31.0,AWS-BHO-030,Bhopal,BHO,center,False,
2025-03-06 20:00:00,22.1,957.5,34.0,AWS-BHO-030,Bhopal,BHO,center,False,
2025-03-06 21:00:00,21.2,957.5,35.0,AWS-BHO-030,Bhopal,BHO,center,False,
2025-03-06 22:00:00,19.8,957.1,38.0,AWS-BHO-030,Bhopal,BHO,center,False,
2025-03-06 23:00:00,18.8,956.6,44.0,AWS-BHO-030,Bhopal,BHO,center,False,
2025-03-07 00:00:00,18.9,956.1,42.0,AWS-BHO-030,Bhopal,BHO,center,False,
2025-03-07 01:00:00,18.1,955.7,42.0,AWS-BHO-030,Bhopal,BHO,center,False,
2025-03-07 02:00:00,17.5,955.1,38.0,AWS-BHO-030,Bhopal,BHO,center,False,
2025-03-07 03:00:00,17.1,954.9,36.0,AWS-BHO-030,Bhopal,BHO,center,False,
2025-03-07 04:00:00,16.5,954.6,36.0,AWS-BHO-030,Bhopal,BHO,center,False,
2025-03-07 05:00:00,15.8,954.7,42.0,AWS-BHO-030,Bhopal,BHO,center,False,
2025-03-07 06:00:00,15.2,955.3,45.0,AWS-BHO-030,Bhopal,BHO,center,False,
2025-03-07 07:00:00,47.89042275285911,956.4,52.0,AWS-BHO-030,Bhopal,BHO,center,True,spike
2025-03-07 08:00:00,26.62695070342933,958.0,37.0,AWS-BHO-030,Bhopal,BHO,center,True,spike
2025-03-07 09:00:00,25.737004073318126,959.2,27.0,AWS-BHO-030,Bhopal,BHO,center,True,spike
2025-03-07 10:00:00,27.80697128576848,959.3,19.0,AWS-BHO-030,Bhopal,BHO,center,True,spike
2025-03-07 11:00:00,29.5,958.9,14.0,AWS-BHO-030,Bhopal,BHO,center,False,
2025-03-07 12:00:00,30.7,957.8,13.0,AWS-BHO-030,Bhopal,BHO,center,False,
2025-03-07 13:00:00,31.6,956.5,12.0,AWS-BHO-030,Bhopal,BHO,center,False,
2025-03-07 14:00:00,32.2,955.6,12.0,AWS-BHO-030,Bhopal,BHO,center,False,
2025-03-07 15:00:00,32.3,954.6,11.0,AWS-BHO-030,Bhopal,BHO,center,False,
2025-03-07 16:00:00,31.9,954.6,12.0,AWS-BHO-030,Bhopal,BHO,center,False,
2025-03-07 17:00:00,30.9,954.2,15.0,AWS-BHO-030,Bhopal,BHO,center,False,
2025-03-07 18:00:00,27.6,953.9,25.0,AWS-BHO-030,Bhopal,BHO,center,False,
2025-03-07 19:00:00,25.3,954.2,32.0,AWS-BHO-030,Bhopal,BHO,center,False,
2025-03-07 20:00:00,23.7,954.7,33.0,AWS-BHO-030,Bhopal,BHO,center,False,
2025-03-07 21:00:00,22.9,954.9,33.0,AWS-BHO-030,Bhopal,BHO,center,False,
2025-03-07 22:00:00,22.4,954.8,32.0,AWS-BHO-030,Bhopal,BHO,center,False,
2025-03-07 23:00:00,22.7,954.5,31.0,AWS-BHO-030,Bhopal,BHO,center,False,
2025-03-08 00:00:00,22.1,954.2,33.0,AWS-BHO-030,Bhopal,BHO,center,False,
2025-03-08 01:00:00,22.0,953.7,33.0,AWS-BHO-030,Bhopal,BHO,center,False,
2025-03-08 02:00:00,-40.00953846757059,952.9,35.0,AWS-BHO-030,Bhopal,BHO,center,True,sensor_fail_low
2025-03-08 03:00:00,-40.11469451145279,952.2,34.0,AWS-BHO-030,Bhopal,BHO,center,True,sensor_fail_low
2025-03-08 04:00:00,-40.006586794392746,951.7,33.0,AWS-BHO-030,Bhopal,BHO,center,True,sensor_fail_low
2025-03-08 05:00:00,-40.11772235658753,951.9,33.0,AWS-BHO-030,Bhopal,BHO,center,True,sensor_fail_low
2025-03-08 06:00:00,19.0,952.7,38.0,AWS-BHO-030,Bhopal,BHO,center,False,
2025-03-08 07:00:00,19.9,953.5,36.0,AWS-BHO-030,Bhopal,BHO,center,False,
2025-03-08 08:00:00,23.1,955.0,34.0,AWS-BHO-030,Bhopal,BHO,center,False,
2025-03-08 09:00:00,26.8,956.1,26.0,AWS-BHO-030,Bhopal,BHO,center,False,
2025-03-08 10:00:00,29.5,956.4,21.0,AWS-BHO-030,Bhopal,BHO,center,False,
2025-03-08 11:00:00,31.3,956.4,17.0,AWS-BHO-030,Bhopal,BHO,center,False,
2025-03-08 12:00:00,32.2,955.5,15.0,AWS-BHO-030,Bhopal,BHO,center,False,
2025-03-08 13:00:00,32.7,954.5,15.0,AWS-BHO-030,Bhopal,BHO,center,False,
2025-03-08 14:00:00,32.8,953.5,15.0,AWS-BHO-030,Bhopal,BHO,center,False,
2025-03-08 15:00:00,32.6,953.0,15.0,AWS-BHO-030,Bhopal,BHO,center,False,
2025-03-08 16:00:00,32.2,952.8,16.0,AWS-BHO-030,Bhopal,BHO,center,False,
2025-03-08 17:00:00,31.2,952.9,18.0,AWS-BHO-030,Bhopal,BHO,center,False,
2025-03-08 18:00:00,27.4,953.0,28.0,AWS-BHO-030,Bhopal,BHO,center,False,
2025-03-08 19:00:00,26.0,953.5,29.0,AWS-BHO-030,Bhopal,BHO,center,False,
2025-03-08 20:00:00,24.4,954.1,32.0,AWS-BHO-030,Bhopal,BHO,center,False,
2025-03-08 21:00:00,23.9,954.4,31.0,AWS-BHO-030,Bhopal,BHO,center,False,
2025-03-08 22:00:00,23.3,954.6,28.0,AWS-BHO-030,Bhopal,BHO,center,False,
2025-03-08 23:00:00,21.8,954.8,26.0,AWS-BHO-030,Bhopal,BHO,center,False,
2025-03-09 00:00:00,20.6,954.4,33.0,AWS-BHO-030,Bhopal,BHO,center,False,
2025-03-09 01:00:00,19.4,954.3,41.0,AWS-BHO-030,Bhopal,BHO,center,False,
2025-03-09 02:00:00,18.6,953.5,51.0,AWS-BHO-030,Bhopal,BHO,center,False,
2025-03-09 03:00:00,18.5,953.1,46.0,AWS-BHO-030,Bhopal,BHO,center,False,
2025-03-09 04:00:00,18.6,953.4,44.0,AWS-BHO-030,Bhopal,BHO,center,False,
2025-03-09 05:00:00,18.3,953.8,45.0,AWS-BHO-030,Bhopal,BHO,center,False,
2025-03-09 06:00:00,18.4,954.7,50.0,AWS-BHO-030,Bhopal,BHO,center,False,
2025-03-09 07:00:00,19.1,955.8,49.0,AWS-BHO-030,Bhopal,BHO,center,True,drift
2025-03-09 08:00:00,36.840032003103566,957.3,44.0,AWS-BHO-030,Bhopal,BHO,center,True,drift
2025-03-09 09:00:00,55.380064006207135,958.4,36.0,AWS-BHO-030,Bhopal,BHO,center,True,drift
2025-03-09 10:00:00,73.5200960093107,958.8,28.0,AWS-BHO-030,Bhopal,BHO,center,True,drift
2025-03-09 11:00:00,90.36012801241426,958.9,21.0,AWS-BHO-030,Bhopal,BHO,center,True,drift
2025-03-09 12:00:00,106.40016001551786,957.9,18.0,AWS-BHO-030,Bhopal,BHO,center,True,drift
2025-03-09 13:00:00,121.94019201862142,957.1,17.0,AWS-BHO-030,Bhopal,BHO,center,True,drift
2025-03-09 14:00:00,136.98022402172498,956.3,17.0,AWS-BHO-030,Bhopal,BHO,center,True,drift
2025-03-09 15:00:00,151.62025602482854,955.7,17.0,AWS-BHO-030,Bhopal,BHO,center,True,drift
2025-03-09 16:00:00,165.86028802793214,955.6,17.0,AWS-BHO-030,Bhopal,BHO,center,True,drift
2025-03-09 17:00:00,179.5003200310357,955.8,20.0,AWS-BHO-030,Bhopal,BHO,center,True,drift
2025-03-09 18:00:00,191.64035203413926,956.2,25.0,AWS-BHO-030,Bhopal,BHO,center,True,drift
2025-03-09 19:00:00,204.58038403724282,956.3,33.0,AWS-BHO-030,Bhopal,BHO,center,True,drift
2025-03-09 20:00:00,218.2204160403464,957.4,33.0,AWS-BHO-030,Bhopal,BHO,center,True,drift
2025-03-09 21:00:00,233.06044804344995,958.0,31.0,AWS-BHO-030,Bhopal,BHO,center,True,drift
2025-03-09 22:00:00,247.40048004655353,958.4,28.0,AWS-BHO-030,Bhopal,BHO,center,True,drift
2025-03-09 23:00:00,260.6405120496571,958.1,29.0,AWS-BHO-030,Bhopal,BHO,center,True,drift
2025-03-10 00:00:00,274.48054405276065,958.1,31.0,AWS-BHO-030,Bhopal,BHO,center,True,drift
2025-03-10 01:00:00,288.52057605586424,957.5,33.0,AWS-BHO-030,Bhopal,BHO,center,True,drift
2025-03-10 02:00:00,302.9606080589678,957.1,33.0,AWS-BHO-030,Bhopal,BHO,center,True,drift
2025-03-10 03:00:00,317.5006400620714,956.6,34.0,AWS-BHO-030,Bhopal,BHO,center,True,drift
2025-03-10 04:00:00,331.740672065175,956.7,36.0,AWS-BHO-030,Bhopal,BHO,center,True,drift
2025-03-10 05:00:00,346.0807040682785,957.3,37.0,AWS-BHO-030,Bhopal,BHO,center,True,drift
2025-03-10 06:00:00,361.3207360713821,958.7,38.0,AWS-BHO-030,Bhopal,BHO,center,True,drift
2025-03-10 07:00:00,376.86076807448563,959.5,38.0,AWS-BHO-030,Bhopal,BHO,center,True,drift
2025-03-10 08:00:00,394.3008000775892,960.8,35.0,AWS-BHO-030,Bhopal,BHO,center,True,drift
2025-03-10 09:00:00,412.1408320806928,961.8,30.0,AWS-BHO-030,Bhopal,BHO,center,True,drift
2025-03-10 10:00:00,430.18086408379634,962.2,25.0,AWS-BHO-030,Bhopal,BHO,center,True,drift
2025-03-10 11:00:00,447.6208960868999,961.7,19.0,AWS-BHO-030,Bhopal,BHO,center,True,drift
2025-03-10 12:00:00,463.8609280900035,960.8,17.0,AWS-BHO-030,Bhopal,BHO,center,True,drift
2025-03-10 13:00:00,479.50096009310704,959.8,16.0,AWS-BHO-030,Bhopal,BHO,center,True,drift
2025-03-10 14:00:00,494.54099209621063,958.8,15.0,AWS-BHO-030,Bhopal,BHO,center,True,drift
2025-03-10 15:00:00,509.3810240993142,958.1,16.0,AWS-BHO-030,Bhopal,BHO,center,True,drift
2025-03-10 16:00:00,523.7210561024177,958.0,16.0,AWS-BHO-030,Bhopal,BHO,center,True,drift
2025-03-10 17:00:00,537.3610881055213,958.1,18.0,AWS-BHO-030,Bhopal,BHO,center,True,drift
2025-03-10 18:00:00,549.601120108625,958.3,23.0,AWS-BHO-030,Bhopal,BHO,center,True,drift
2025-03-10 19:00:00,562.5411521117285,958.3,29.0,AWS-BHO-030,Bhopal,BHO,center,True,drift
2025-03-10 20:00:00,576.481184114832,959.2,29.0,AWS-BHO-030,Bhopal,BHO,center,True,drift
2025-03-10 21:00:00,590.2212161179356,959.2,30.0,AWS-BHO-030,Bhopal,BHO,center,True,drift
2025-03-10 22:00:00,25.6,959.1,31.0,AWS-BHO-030,Bhopal,BHO,center,True,drift
2025-03-10 23:00:00,23.451303924265424,959.1,30.0,AWS-BHO-030,Bhopal,BHO,center,True,drift
2025-03-11 00:00:00,18.563590180969424,958.5,33.0,AWS-BHO-030,Bhopal,BHO,center,True,drift
2025-03-11 01:00:00,12.408511131873254,958.1,36.0,AWS-BHO-030,Bhopal,BHO,center,True,drift
2025-03-11 02:00:00,4.670666471924793,957.4,36.0,AWS-BHO-030,Bhopal,BHO,center,True,drift
2025-03-11 03:00:00,-4.993130921484628,957.0,37.0,AWS-BHO-030,Bhopal,BHO,center,True,drift
2025-03-11 04:00:00,-16.440275044881236,957.0,39.0,AWS-BHO-030,Bhopal,BHO,center,True,drift
2025-03-11 05:00:00,-29.436801251554567,957.4,41.0,AWS-BHO-030,Bhopal,BHO,center,True,drift
2025-03-11 06:00:00,-44.15454849370689,958.5,46.0,AWS-BHO-030,Bhopal,BHO,center,True,drift
2025-03-11 07:00:00,-58.96951595007878,959.6,43.0,AWS-BHO-030,Bhopal,BHO,center,True,drift
2025-03-11 08:00:00,-73.76082675231707,960.9,38.0,AWS-BHO-030,Bhopal,BHO,center,True,drift
2025-03-11 09:00:00,-89.71003310537128,961.9,32.0,AWS-BHO-030,Bhopal,BHO,center,True,drift
2025-03-11 10:00:00,-107.30062807295532,961.9,26.0,AWS-BHO-030,Bhopal,BHO,center,True,drift
2025-03-11 11:00:00,-127.51768973386287,961.3,20.0,AWS-BHO-030,Bhopal,BHO,center,True,drift
2025-03-11 12:00:00,-150.44761400249917,960.3,18.0,AWS-BHO-030,Bhopal,BHO,center,True,drift
2025-03-11 13:00:00,-175.57790903987285,959.0,16.0,AWS-BHO-030,Bhopal,BHO,center,True,drift
2025-03-11 14:00:00,-202.4970337614867,958.0,15.0,AWS-BHO-030,Bhopal,BHO,center,True,drift
2025-03-11 15:00:00,-231.2942687336608,957.0,14.0,AWS-BHO-030,Bhopal,BHO,center,True,drift
2025-03-11 16:00:00,-261.85961138431077,956.4,14.0,AWS-BHO-030,Bhopal,BHO,center,True,drift
2025-03-11 17:00:00,-295.68368981582154,956.5,19.0,AWS-BHO-030,Bhopal,BHO,center,True,drift
2025-03-11 18:00:00,-333.5576910874072,956.8,32.0,AWS-BHO-030,Bhopal,BHO,center,True,drift
2025-03-11 19:00:00,-370.07330091816874,956.9,35.0,AWS-BHO-030,Bhopal,BHO,center,True,drift
2025-03-11 20:00:00,-407.5226525223865,957.2,37.0,AWS-BHO-030,Bhopal,BHO,center,True,drift
2025-03-11 21:00:00,-447.49828283259603,957.5,34.0,AWS-BHO-030,Bhopal,BHO,center,True,drift
2025-03-11 22:00:00,-487.9930947621625,957.2,36.0,AWS-BHO-030,Bhopal,BHO,center,True,drift
2025-03-11 23:00:00,-529.6003244521874,956.4,40.0,AWS-BHO-030,Bhopal,BHO,center,True,drift
2025-03-12 00:00:00,-573.3135126675569,955.9,37.0,AWS-BHO-030,Bhopal,BHO,center,True,drift
2025-03-12 01:00:00,-617.1264796742361,955.4,34.0,AWS-BHO-030,Bhopal,BHO,center,True,drift
2025-03-12 02:00:00,-663.6333030585968,954.8,35.0,AWS-BHO-030,Bhopal,BHO,center,True,drift
2025-03-12 03:00:00,-711.2282980497047,954.5,35.0,AWS-BHO-030,Bhopal,BHO,center,True,drift
2025-03-12 04:00:00,-760.7059999841339,954.1,37.0,AWS-BHO-030,Bhopal,BHO,center,True,drift
2025-03-12 05:00:00,-811.5611486152651,954.2,39.0,AWS-BHO-030,Bhopal,BHO,center,True,drift
2025-03-12 06:00:00,-862.6886740188997,955.2,38.0,AWS-BHO-030,Bhopal,BHO,center,True,drift
2025-03-12 07:00:00,-915.0836838872425,955.8,37.0,AWS-BHO-030,Bhopal,BHO,center,True,drift
2025-03-12 08:00:00,-966.4414520359627,957.5,35.0,AWS-BHO-030,Bhopal,BHO,center,True,drift
2025-03-12 09:00:00,30.6,958.2,28.0,AWS-BHO-030,Bhopal,BHO,center,False,
2025-03-12 10:00:00,33.2,958.6,22.0,AWS-BHO-030,Bhopal,BHO,center,False,
2025-03-12 11:00:00,34.9,957.8,18.0,AWS-BHO-030,Bhopal,BHO,center,False,
2025-03-12 12:00:00,36.2,956.7,15.0,AWS-BHO-030,Bhopal,BHO,center,False,
2025-03-12 13:00:00,36.9,955.4,13.0,AWS-BHO-030,Bhopal,BHO,center,False,
2025-03-12 14:00:00,37.1,954.3,11.0,AWS-BHO-030,Bhopal,BHO,center,False,
2025-03-12 15:00:00,37.5,953.4,10.0,AWS-BHO-030,Bhopal,BHO,center,False,
2025-03-12 16:00:00,36.9,953.0,10.0,AWS-BHO-030,Bhopal,BHO,center,False,
2025-03-12 17:00:00,35.2,952.8,12.0,AWS-BHO-030,Bhopal,BHO,center,False,
2025-03-12 18:00:00,33.2,952.7,12.0,AWS-BHO-030,Bhopal,BHO,center,False,
2025-03-12 19:00:00,32.0,953.2,14.0,AWS-BHO-030,Bhopal,BHO,center,False,
2025-03-12 20:00:00,31.0,953.8,15.0,AWS-BHO-030,Bhopal,BHO,center,False,
2025-03-12 21:00:00,29.5,954.3,18.0,AWS-BHO-030,Bhopal,BHO,center,False,
2025-03-12 22:00:00,26.8,954.5,24.0,AWS-BHO-030,Bhopal,BHO,center,False,
2025-03-12 23:00:00,25.6,954.4,26.0,AWS-BHO-030,Bhopal,BHO,center,False,
2025-03-13 00:00:00,24.7,954.1,26.0,AWS-BHO-030,Bhopal,BHO,center,False,
2025-03-13 01:00:00,23.7,953.6,28.0,AWS-BHO-030,Bhopal,BHO,center,False,
2025-03-13 02:00:00,23.9,953.0,26.0,AWS-BHO-030,Bhopal,BHO,center,False,
2025-03-13 03:00:00,24.2,952.8,26.0,AWS-BHO-030,Bhopal,BHO,center,True,frozen_value
2025-03-13 04:00:00,24.5,952.8,26.07877239498394,AWS-BHO-030,Bhopal,BHO,center,True,frozen_value
2025-03-13 05:00:00,23.9,953.2,26.146174762245234,AWS-BHO-030,Bhopal,BHO,center,True,frozen_value
2025-03-13 06:00:00,23.6,954.1,26.057729800071908,AWS-BHO-030,Bhopal,BHO,center,True,frozen_value
2025-03-13 07:00:00,24.5,954.9,26.049014967602808,AWS-BHO-030,Bhopal,BHO,center,True,frozen_value
2025-03-13 08:00:00,27.3,956.0,26.057650133886323,AWS-BHO-030,Bhopal,BHO,center,True,frozen_value
2025-03-13 09:00:00,30.9,957.1,26.059967676415027,AWS-BHO-030,Bhopal,BHO,center,True,frozen_value
2025-03-13 10:00:00,33.6,957.2,26.014285791316404,AWS-BHO-030,Bhopal,BHO,center,True,frozen_value
2025-03-13 11:00:00,35.1,956.7,13.0,AWS-BHO-030,Bhopal,BHO,center,False,
2025-03-13 12:00:00,36.2,955.7,11.0,AWS-BHO-030,Bhopal,BHO,center,False,
2025-03-13 13:00:00,36.7,954.1,10.0,AWS-BHO-030,Bhopal,BHO,center,False,
2025-03-13 14:00:00,37.1,952.7,9.0,AWS-BHO-030,Bhopal,BHO,center,False,
2025-03-13 15:00:00,36.9,951.9,8.0,AWS-BHO-030,Bhopal,BHO,center,False,
2025-03-13 16:00:00,36.6,951.5,8.0,AWS-BHO-030,Bhopal,BHO,center,False,
2025-03-13 17:00:00,35.2,951.4,10.0,AWS-BHO-030,Bhopal,BHO,center,False,
2025-03-13 18:00:00,32.3,951.5,13.0,AWS-BHO-030,Bhopal,BHO,center,False,
2025-03-13 19:00:00,29.8,952.0,16.0,AWS-BHO-030,Bhopal,BHO,center,False,
2025-03-13 20:00:00,28.6,952.8,16.0,AWS-BHO-030,Bhopal,BHO,center,False,
2025-03-13 21:00:00,28.3,953.7,14.0,AWS-BHO-030,Bhopal,BHO,center,False,
2025-03-13 22:00:00,26.9,953.7,15.0,AWS-BHO-030,Bhopal,BHO,center,False,
2025-03-13 23:00:00,26.7,953.7,15.0,AWS-BHO-030,Bhopal,BHO,center,False,
2025-03-14 00:00:00,26.7,953.4,16.0,AWS-BHO-030,Bhopal,BHO,center,False,
2025-03-14 01:00:00,26.2,952.9,17.0,AWS-BHO-030,Bhopal,BHO,center,False,
2025-03-14 02:00:00,26.3,952.4,18.0,AWS-BHO-030,Bhopal,BHO,center,False,
2025-03-14 03:00:00,26.1,952.2,20.0,AWS-BHO-030,Bhopal,BHO,center,False,
2025-03-14 04:00:00,25.3,952.5,22.0,AWS-BHO-030,Bhopal,BHO,center,False,
2025-03-14 05:00:00,24.5,953.1,25.0,AWS-BHO-030,Bhopal,BHO,center,False,
2025-03-14 06:00:00,23.8,954.2,30.0,AWS-BHO-030,Bhopal,BHO,center,False,
2025-03-14 07:00:00,24.4,955.2,32.0,AWS-BHO-030,Bhopal,BHO,center,False,
2025-03-14 08:00:00,27.1,956.8,30.0,AWS-BHO-030,Bhopal,BHO,center,False,
2025-03-14 09:00:00,29.8,957.8,25.0,AWS-BHO-030,Bhopal,BHO,center,False,
2025-03-14 10:00:00,32.1,957.9,22.0,AWS-BHO-030,Bhopal,BHO,center,False,
2025-03-14 11:00:00,33.9,957.6,20.0,AWS-BHO-030,Bhopal,BHO,center,False,
2025-03-14 12:00:00,35.3,956.5,17.0,AWS-BHO-030,Bhopal,BHO,center,False,
2025-03-14 13:00:00,36.4,955.2,16.0,AWS-BHO-030,Bhopal,BHO,center,False,
2025-03-14 14:00:00,36.9,954.0,14.0,AWS-BHO-030,Bhopal,BHO,center,False,
2025-03-14 15:00:00,36.9,953.2,14.0,AWS-BHO-030,Bhopal,BHO,center,False,
2025-03-14 16:00:00,36.2,952.8,14.0,AWS-BHO-030,Bhopal,BHO,center,False,
2025-03-14 17:00:00,35.0,952.8,15.0,AWS-BHO-030,Bhopal,BHO,center,False,
2025-03-14 18:00:00,75.95541898866881,953.0,20.0,AWS-BHO-030,Bhopal,BHO,center,True,spike
2025-03-14 19:00:00,31.5,953.7,19.0,AWS-BHO-030,Bhopal,BHO,center,False,
2025-03-14 20:00:00,29.4,954.3,24.0,AWS-BHO-030,Bhopal,BHO,center,False,
2025-03-14 21:00:00,1772.4691979648655,852.9009202914448,0.0,AWS-BHO-030,Bhopal,BHO,center,True,unstructured_anomaly
2025-03-14 22:00:00,-1871.2337813121244,1085.0844600969726,0.0,AWS-BHO-030,Bhopal,BHO,center,True,unstructured_anomaly
2025-03-14 23:00:00,1890.5431310063025,825.8990116935017,81.35922104202626,AWS-BHO-030,Bhopal,BHO,center,True,unstructured_anomaly
2025-03-15 00:00:00,-1665.5147448997693,1059.3814175193738,0.0,AWS-BHO-030,Bhopal,BHO,center,True,unstructured_anomaly
2025-03-15 01:00:00,1645.9487882387623,824.4718860015096,0.0,AWS-BHO-030,Bhopal,BHO,center,True,unstructured_anomaly
2025-03-15 02:00:00,1667.0069731591739,853.5729778974054,0.0,AWS-BHO-030,Bhopal,BHO,center,True,unstructured_anomaly
2025-03-15 03:00:00,1593.6329307508918,843.1650935200264,0.0,AWS-BHO-030,Bhopal,BHO,center,True,unstructured_anomaly
2025-03-15 04:00:00,-1460.9908180750556,1066.5013101331106,0.0,AWS-BHO-030,Bhopal,BHO,center,True,unstructured_anomaly
2025-03-15 05:00:00,23.4,953.6,31.0,AWS-BHO-030,Bhopal,BHO,center,False,
2025-03-15 06:00:00,23.2,954.9,34.0,AWS-BHO-030,Bhopal,BHO,center,False,
2025-03-15 07:00:00,24.0,955.8,34.0,AWS-BHO-030,Bhopal,BHO,center,False,
2025-03-15 08:00:00,27.2,957.2,31.0,AWS-BHO-030,Bhopal,BHO,center,False,
2025-03-15 09:00:00,30.7,958.2,25.0,AWS-BHO-030,Bhopal,BHO,center,False,
2025-03-15 10:00:00,3101.3196428433794,958.1013257807186,64.75577491175088,AWS-BHO-030,Bhopal,BHO,center,True,multivariate_inconsistency
2025-03-15 11:00:00,3102.7196428433795,958.8026179909726,54.53117689248447,AWS-BHO-030,Bhopal,BHO,center,True,multivariate_inconsistency
2025-03-15 12:00:00,3103.9196428433793,957.8965579887445,51.12297664262685,AWS-BHO-030,Bhopal,BHO,center,True,multivariate_inconsistency
2025-03-15 13:00:00,3104.9196428433793,955.6664637426663,47.71477681135953,AWS-BHO-030,Bhopal,BHO,center,True,multivariate_inconsistency
2025-03-15 14:00:00,3105.6196428433796,955.6197147189113,44.30657752825922,AWS-BHO-030,Bhopal,BHO,center,True,multivariate_inconsistency
2025-03-15 15:00:00,36.6,954.6,14.0,AWS-BHO-030,Bhopal,BHO,center,False,
2025-03-15 16:00:00,35.4,954.5,15.0,AWS-BHO-030,Bhopal,BHO,center,False,
2025-03-15 17:00:00,34.6,954.6,17.0,AWS-BHO-030,Bhopal,BHO,center,False,
2025-03-15 18:00:00,32.9,955.2,19.0,AWS-BHO-030,Bhopal,BHO,center,False,
2025-03-15 19:00:00,31.3,955.7,20.0,AWS-BHO-030,Bhopal,BHO,center,False,
2025-03-15 20:00:00,30.2,956.3,22.0,AWS-BHO-030,Bhopal,BHO,center,False,
2025-03-15 21:00:00,29.6,956.7,23.0,AWS-BHO-030,Bhopal,BHO,center,False,
2025-03-15 22:00:00,29.6,956.8,23.0,AWS-BHO-030,Bhopal,BHO,center,False,
2025-03-15 23:00:00,29.1,956.5,24.0,AWS-BHO-030,Bhopal,BHO,center,False,
2025-03-16 00:00:00,28.7,956.2,24.0,AWS-BHO-030,Bhopal,BHO,center,False,
2025-03-16 01:00:00,28.3,955.9,24.0,AWS-BHO-030,Bhopal,BHO,center,False,
2025-03-16 02:00:00,26.7,955.5,28.0,AWS-BHO-030,Bhopal,BHO,center,False,
2025-03-16 03:00:00,25.5,954.8,35.0,AWS-BHO-030,Bhopal,BHO,center,False,
2025-03-16 04:00:00,24.8,954.9,37.0,AWS-BHO-030,Bhopal,BHO,center,False,
2025-03-16 05:00:00,24.4,955.4,37.0,AWS-BHO-030,Bhopal,BHO,center,False,
2025-03-16 06:00:00,24.5,956.3,37.0,AWS-BHO-030,Bhopal,BHO,center,False,
2025-03-16 07:00:00,25.0,957.2,36.0,AWS-BHO-030,Bhopal,BHO,center,False,
2025-03-16 08:00:00,27.2,958.4,31.0,AWS-BHO-030,Bhopal,BHO,center,False,
2025-03-16 09:00:00,29.4,959.0,25.0,AWS-BHO-030,Bhopal,BHO,center,False,
2025-03-16 10:00:00,31.3,959.2,22.0,AWS-BHO-030,Bhopal,BHO,center,False,
2025-03-16 11:00:00,33.2,958.9,19.0,AWS-BHO-030,Bhopal,BHO,center,False,
2025-03-16 12:00:00,34.5,957.8,16.0,AWS-BHO-030,Bhopal,BHO,center,False,
2025-03-16 13:00:00,34.5,956.5,16.0,AWS-BHO-030,Bhopal,BHO,center,False,
2025-03-16 14:00:00,34.5,955.3,15.0,AWS-BHO-030,Bhopal,BHO,center,False,
2025-03-16 15:00:00,34.6,954.6,15.0,AWS-BHO-030,Bhopal,BHO,center,False,
2025-03-16 16:00:00,33.9,954.3,16.0,AWS-BHO-030,Bhopal,BHO,center,False,
2025-03-16 17:00:00,33.1,954.0,17.0,AWS-BHO-030,Bhopal,BHO,center,False,
2025-03-16 18:00:00,30.4,954.0,32.0,AWS-BHO-030,Bhopal,BHO,center,False,
2025-03-16 19:00:00,29.5,954.5,24.0,AWS-BHO-030,Bhopal,BHO,center,False,
2025-03-16 20:00:00,28.4,955.0,25.0,AWS-BHO-030,Bhopal,BHO,center,False,
2025-03-16 21:00:00,27.5,955.1,27.0,AWS-BHO-030,Bhopal,BHO,center,False,
2025-03-16 22:00:00,27.1,955.2,28.0,AWS-BHO-030,Bhopal,BHO,center,False,
2025-03-16 23:00:00,26.7,955.3,28.0,AWS-BHO-030,Bhopal,BHO,center,False,
2025-03-17 00:00:00,25.9,955.2,29.0,AWS-BHO-030,Bhopal,BHO,center,False,
2025-03-17 01:00:00,25.2,954.9,30.0,AWS-BHO-030,Bhopal,BHO,center,False,
2025-03-17 02:00:00,23.9,954.4,34.0,AWS-BHO-030,Bhopal,BHO,center,False,
2025-03-17 03:00:00,23.0,954.1,38.0,AWS-BHO-030,Bhopal,BHO,center,False,
2025-03-17 04:00:00,22.2,954.2,41.0,AWS-BHO-030,Bhopal,BHO,center,False,
2025-03-17 05:00:00,21.6,954.8,43.0,AWS-BHO-030,Bhopal,BHO,center,False,
2025-03-17 06:00:00,21.4,955.9,53.0,AWS-BHO-030,Bhopal,BHO,center,False,
2025-03-17 07:00:00,22.1,957.0,53.0,AWS-BHO-030,Bhopal,BHO,center,False,
2025-03-17 08:00:00,23.9,958.2,51.0,AWS-BHO-030,Bhopal,BHO,center,False,
2025-03-17 09:00:00,26.1,958.9,45.0,AWS-BHO-030,Bhopal,BHO,center,False,
2025-03-17 10:00:00,28.3,959.3,37.0,AWS-BHO-030,Bhopal,BHO,center,False,
2025-03-17 11:00:00,30.1,959.0,30.0,AWS-BHO-030,Bhopal,BHO,center,False,
2025-03-17 12:00:00,31.1,958.1,27.0,AWS-BHO-030,Bhopal,BHO,center,False,
2025-03-17 13:00:00,4197.020445544505,957.3929860654318,63.726013301182576,AWS-BHO-030,Bhopal,BHO,center,True,multivariate_inconsistency
2025-03-17 14:00:00,4197.920445544504,956.2354447317543,56.078890931495216,AWS-BHO-030,Bhopal,BHO,center,True,multivariate_inconsistency
2025-03-17 15:00:00,4198.320445544504,954.1655275617858,45.88272865360254,AWS-BHO-030,Bhopal,BHO,center,True,multivariate_inconsistency
2025-03-17 16:00:00,32.9,954.7,17.0,AWS-BHO-030,Bhopal,BHO,center,False,
2025-03-17 17:00:00,31.9,955.1,18.0,AWS-BHO-030,Bhopal,BHO,center,False,
2025-03-17 18:00:00,30.0,955.9,21.0,AWS-BHO-030,Bhopal,BHO,center,False,
2025-03-17 19:00:00,28.2,956.4,24.0,AWS-BHO-030,Bhopal,BHO,center,False,
2025-03-17 20:00:00,27.0,957.0,26.0,AWS-BHO-030,Bhopal,BHO,center,False,
2025-03-17 21:00:00,26.0,957.1,29.0,AWS-BHO-030,Bhopal,BHO,center,False,
2025-03-17 22:00:00,25.1,957.2,32.0,AWS-BHO-030,Bhopal,BHO,center,False,
2025-03-17 23:00:00,24.6,957.2,31.0,AWS-BHO-030,Bhopal,BHO,center,False,
2025-03-18 00:00:00,23.5,957.1,32.0,AWS-BHO-030,Bhopal,BHO,center,False,
2025-03-18 01:00:00,22.7,956.7,33.0,AWS-BHO-030,Bhopal,BHO,center,False,
2025-03-18 02:00:00,21.9,955.8,36.0,AWS-BHO-030,Bhopal,BHO,center,False,
2025-03-18 03:00:00,21.3,955.6,40.0,AWS-BHO-030,Bhopal,BHO,center,False,
2025-03-18 04:00:00,20.7,955.6,43.0,AWS-BHO-030,Bhopal,BHO,center,False,
2025-03-18 05:00:00,20.1,955.8,46.0,AWS-BHO-030,Bhopal,BHO,center,False,
2025-03-18 06:00:00,20.0,956.6,52.0,AWS-BHO-030,Bhopal,BHO,center,False,
2025-03-18 07:00:00,20.8,957.5,51.0,AWS-BHO-030,Bhopal,BHO,center,False,
2025-03-18 08:00:00,23.1,958.6,44.0,AWS-BHO-030,Bhopal,BHO,center,True,frozen_value
2025-03-18 09:00:00,25.9,958.5493861651962,37.0,AWS-BHO-030,Bhopal,BHO,center,True,frozen_value
2025-03-18 10:00:00,28.5,958.5622573650637,30.0,AWS-BHO-030,Bhopal,BHO,center,True,frozen_value
2025-03-18 11:00:00,30.3,958.6056840654159,26.0,AWS-BHO-030,Bhopal,BHO,center,True,frozen_value
2025-03-18 12:00:00,31.7,958.6454463985898,22.0,AWS-BHO-030,Bhopal,BHO,center,True,frozen_value
2025-03-18 13:00:00,32.5,958.5735690841502,20.0,AWS-BHO-030,Bhopal,BHO,center,True,frozen_value
2025-03-18 14:00:00,32.8,958.5628360183011,20.0,AWS-BHO-030,Bhopal,BHO,center,True,frozen_value
2025-03-18 15:00:00,33.0,958.5987178502844,19.0,AWS-BHO-030,Bhopal,BHO,center,True,frozen_value
2025-03-18 16:00:00,32.9,955.2,19.0,AWS-BHO-030,Bhopal,BHO,center,False,
2025-03-18 17:00:00,32.4,955.1,19.0,AWS-BHO-030,Bhopal,BHO,center,False,
2025-03-18 18:00:00,30.2,955.5,24.0,AWS-BHO-030,Bhopal,BHO,center,False,
2025-03-18 19:00:00,28.3,955.8,27.0,AWS-BHO-030,Bhopal,BHO,center,False,
2025-03-18 20:00:00,28.0,956.4,26.0,AWS-BHO-030,Bhopal,BHO,center,False,
2025-03-18 21:00:00,26.7,956.9,28.0,AWS-BHO-030,Bhopal,BHO,center,False,
2025-03-18 22:00:00,25.3,957.0,30.0,AWS-BHO-030,Bhopal,BHO,center,False,
2025-03-18 23:00:00,24.7,956.5,28.0,AWS-BHO-030,Bhopal,BHO,center,False,
2025-03-19 00:00:00,77.72262406461157,956.0,28.0,AWS-BHO-030,Bhopal,BHO,center,True,spike
2025-03-19 01:00:00,22.7,955.7,31.0,AWS-BHO-030,Bhopal,BHO,center,False,
2025-03-19 02:00:00,21.7,955.1,35.0,AWS-BHO-030,Bhopal,BHO,center,False,
2025-03-19 03:00:00,21.0,954.9,37.0,AWS-BHO-030,Bhopal,BHO,center,False,
2025-03-19 04:00:00,20.5,954.9,39.0,AWS-BHO-030,Bhopal,BHO,center,False,
2025-03-19 05:00:00,20.2,955.3,40.0,AWS-BHO-030,Bhopal,BHO,center,False,
2025-03-19 06:00:00,20.0,956.6,44.0,AWS-BHO-030,Bhopal,BHO,center,False,
2025-03-19 07:00:00,21.1,957.6,42.0,AWS-BHO-030,Bhopal,BHO,center,False,
2025-03-19 08:00:00,24.0,958.7,35.0,AWS-BHO-030,Bhopal,BHO,center,False,
2025-03-19 09:00:00,27.1,959.3,29.0,AWS-BHO-030,Bhopal,BHO,center,False,
2025-03-19 10:00:00,30.1,959.5,25.0,AWS-BHO-030,Bhopal,BHO,center,False,
2025-03-19 11:00:00,32.6,959.0,22.0,AWS-BHO-030,Bhopal,BHO,center,False,
2025-03-19 12:00:00,34.1,958.2,20.0,AWS-BHO-030,Bhopal,BHO,center,False,
2025-03-19 13:00:00,34.8,957.3,20.0,AWS-BHO-030,Bhopal,BHO,center,False,
2025-03-19 14:00:00,35.2,956.1,18.0,AWS-BHO-030,Bhopal,BHO,center,False,
2025-03-19 15:00:00,36.1,955.1,16.0,AWS-BHO-030,Bhopal,BHO,center,False,
2025-03-19 16:00:00,35.8,954.8,16.0,AWS-BHO-030,Bhopal,BHO,center,False,
2025-03-19 17:00:00,34.8,954.4,17.0,AWS-BHO-030,Bhopal,BHO,center,False,
2025-03-19 18:00:00,32.7,955.0,21.0,AWS-BHO-030,Bhopal,BHO,center,False,
2025-03-19 19:00:00,31.3,955.6,22.0,AWS-BHO-030,Bhopal,BHO,center,False,
2025-03-19 20:00:00,30.4,956.2,23.0,AWS-BHO-030,Bhopal,BHO,center,False,
2025-03-19 21:00:00,29.9,956.8,22.0,AWS-BHO-030,Bhopal,BHO,center,False,
2025-03-19 22:00:00,27.1,957.6,29.0,AWS-BHO-030,Bhopal,BHO,center,False,
2025-03-19 23:00:00,25.8,957.5,34.0,AWS-BHO-030,Bhopal,BHO,center,False,
2025-03-20 00:00:00,24.8,957.5,35.0,AWS-BHO-030,Bhopal,BHO,center,False,
2025-03-20 01:00:00,24.2,956.9,36.0,AWS-BHO-030,Bhopal,BHO,center,False,
2025-03-20 02:00:00,23.3,956.7,37.0,AWS-BHO-030,Bhopal,BHO,center,False,
2025-03-20 03:00:00,23.0,956.4,36.0,AWS-BHO-030,Bhopal,BHO,center,False,
2025-03-20 04:00:00,22.6,956.2,36.0,AWS-BHO-030,Bhopal,BHO,center,False,
2025-03-20 05:00:00,22.2,956.8,39.0,AWS-BHO-030,Bhopal,BHO,center,False,
2025-03-20 06:00:00,21.9,957.5,42.0,AWS-BHO-030,Bhopal,BHO,center,True,drift
2025-03-20 07:00:00,22.6,961.8622001541659,44.0,AWS-BHO-030,Bhopal,BHO,center,True,drift
2025-03-20 08:00:00,25.0,966.2244003083316,37.0,AWS-BHO-030,Bhopal,BHO,center,True,drift
2025-03-20 09:00:00,27.3,970.4866004624976,32.0,AWS-BHO-030,Bhopal,BHO,center,True,drift
2025-03-20 10:00:00,29.5,974.0488006166634,29.0,AWS-BHO-030,Bhopal,BHO,center,True,drift
2025-03-20 11:00:00,31.6,977.0110007708292,26.0,AWS-BHO-030,Bhopal,BHO,center,True,drift
2025-03-20 12:00:00,33.2,979.673200924995,22.0,AWS-BHO-030,Bhopal,BHO,center,True,drift
2025-03-20 13:00:00,34.2,982.0354010791608,19.0,AWS-BHO-030,Bhopal,BHO,center,True,drift
2025-03-20 14:00:00,34.5,984.2976012333268,19.0,AWS-BHO-030,Bhopal,BHO,center,True,drift
2025-03-20 15:00:00,35.1,986.6598013874925,17.0,AWS-BHO-030,Bhopal,BHO,center,True,drift
2025-03-20 16:00:00,35.5,989.5220015416584,16.0,AWS-BHO-030,Bhopal,BHO,center,True,drift
2025-03-20 17:00:00,33.7,993.1842016958242,17.0,AWS-BHO-030,Bhopal,BHO,center,True,drift
2025-03-20 18:00:00,31.1,997.44640184999,20.0,AWS-BHO-030,Bhopal,BHO,center,True,drift
2025-03-20 19:00:00,29.3,1001.5086020041558,31.0,AWS-BHO-030,Bhopal,BHO,center,True,drift
2025-03-20 20:00:00,27.6,1005.4708021583217,35.0,AWS-BHO-030,Bhopal,BHO,center,True,drift
2025-03-20 21:00:00,26.6,1009.2330023124874,33.0,AWS-BHO-030,Bhopal,BHO,center,True,drift
2025-03-20 22:00:00,25.5,1013.1952024666533,37.0,AWS-BHO-030,Bhopal,BHO,center,True,drift
2025-03-20 23:00:00,24.2,1016.6574026208192,41.0,AWS-BHO-030,Bhopal,BHO,center,True,drift
2025-03-21 00:00:00,23.5,1019.5196027749851,53.0,AWS-BHO-030,Bhopal,BHO,center,True,drift
2025-03-21 01:00:00,22.6,1022.5818029291509,48.0,AWS-BHO-030,Bhopal,BHO,center,True,drift
2025-03-21 02:00:00,22.7,1025.5440030833167,47.0,AWS-BHO-030,Bhopal,BHO,center,True,drift
2025-03-21 03:00:00,22.6,1028.5062032374824,42.0,AWS-BHO-030,Bhopal,BHO,center,True,drift
2025-03-21 04:00:00,23.1,1032.2684033916485,30.0,AWS-BHO-030,Bhopal,BHO,center,True,drift
2025-03-21 05:00:00,23.5,956.6,25.0,AWS-BHO-030,Bhopal,BHO,center,False,
2025-03-21 06:00:00,21.5,957.5,40.0,AWS-BHO-030,Bhopal,BHO,center,False,
2025-03-21 07:00:00,22.5,958.5,38.0,AWS-BHO-030,Bhopal,BHO,center,False,
2025-03-21 08:00:00,25.0,959.6,31.0,AWS-BHO-030,Bhopal,BHO,center,False,
2025-03-21 09:00:00,27.8,960.3,28.0,AWS-BHO-030,Bhopal,BHO,center,False,
2025-03-21 10:00:00,29.8,960.5,25.0,AWS-BHO-030,Bhopal,BHO,center,False,
2025-03-21 11:00:00,31.3,960.1,21.0,AWS-BHO-030,Bhopal,BHO,center,False,
2025-03-21 12:00:00,32.6,959.0,16.0,AWS-BHO-030,Bhopal,BHO,center,False,
2025-03-21 13:00:00,33.4,957.8,14.0,AWS-BHO-030,Bhopal,BHO,center,False,
2025-03-21 14:00:00,33.8,956.5,13.0,AWS-BHO-030,Bhopal,BHO,center,False,
2025-03-21 15:00:00,33.7,955.7,12.0,AWS-BHO-030,Bhopal,BHO,center,False,
2025-03-21 16:00:00,33.2,955.2,11.0,AWS-BHO-030,Bhopal,BHO,center,False,
2025-03-21 17:00:00,32.7,955.1,11.0,AWS-BHO-030,Bhopal,BHO,center,False,
2025-03-21 18:00:00,30.1,955.9,21.0,AWS-BHO-030,Bhopal,BHO,center,False,
2025-03-21 19:00:00,28.1,956.4,33.0,AWS-BHO-030,Bhopal,BHO,center,False,
2025-03-21 20:00:00,27.6,957.3,28.0,AWS-BHO-030,Bhopal,BHO,center,False,
2025-03-21 21:00:00,26.7,957.8,28.0,AWS-BHO-030,Bhopal,BHO,center,False,
2025-03-21 22:00:00,25.3,957.9,30.0,AWS-BHO-030,Bhopal,BHO,center,False,
2025-03-21 23:00:00,24.3,957.7,32.0,AWS-BHO-030,Bhopal,BHO,center,False,
2025-03-22 00:00:00,22.9,957.5,37.0,AWS-BHO-030,Bhopal,BHO,center,False,
2025-03-22 01:00:00,22.4,957.0,37.0,AWS-BHO-030,Bhopal,BHO,center,False,
2025-03-22 02:00:00,22.2,956.5,35.0,AWS-BHO-030,Bhopal,BHO,center,False,
2025-03-22 03:00:00,21.3,956.8,36.0,AWS-BHO-030,Bhopal,BHO,center,False,
2025-03-22 04:00:00,20.8,956.7,38.0,AWS-BHO-030,Bhopal,BHO,center,False,
2025-03-22 05:00:00,20.4,957.0,39.0,AWS-BHO-030,Bhopal,BHO,center,False,
2025-03-22 06:00:00,20.0,957.6,49.0,AWS-BHO-030,Bhopal,BHO,center,False,
2025-03-22 07:00:00,21.5,958.8,46.0,AWS-BHO-030,Bhopal,BHO,center,False,
2025-03-22 08:00:00,24.8,960.0,40.0,AWS-BHO-030,Bhopal,BHO,center,False,
2025-03-22 09:00:00,28.0,960.7,33.0,AWS-BHO-030,Bhopal,BHO,center,True,frozen_value
2025-03-22 10:00:00,30.4,960.6667388785556,24.0,AWS-BHO-030,Bhopal,BHO,center,True,frozen_value
2025-03-22 11:00:00,32.0,960.6348978847702,18.0,AWS-BHO-030,Bhopal,BHO,center,True,frozen_value
2025-03-22 12:00:00,33.2,960.6594937034017,16.0,AWS-BHO-030,Bhopal,BHO,center,True,frozen_value
2025-03-22 13:00:00,33.8,960.6763582793722,15.0,AWS-BHO-030,Bhopal,BHO,center,True,frozen_value
2025-03-22 14:00:00,33.6,960.6717967987083,15.0,AWS-BHO-030,Bhopal,BHO,center,True,frozen_value
2025-03-22 15:00:00,33.6,960.7396555637938,14.0,AWS-BHO-030,Bhopal,BHO,center,True,frozen_value
2025-03-22 16:00:00,33.4,960.7669283603726,14.0,AWS-BHO-030,Bhopal,BHO,center,True,frozen_value
2025-03-22 17:00:00,32.8,960.7689943707168,13.0,AWS-BHO-030,Bhopal,BHO,center,True,frozen_value
2025-03-22 18:00:00,30.4,956.7,15.0,AWS-BHO-030,Bhopal,BHO,center,False,
2025-03-22 19:00:00,28.7,957.1,17.0,AWS-BHO-030,Bhopal,BHO,center,False,
2025-03-22 20:00:00,27.4,957.4,20.0,AWS-BHO-030,Bhopal,BHO,center,False,
2025-03-22 21:00:00,27.0,957.9,20.0,AWS-BHO-030,Bhopal,BHO,center,False,
2025-03-22 22:00:00,26.6,958.4,21.0,AWS-BHO-030,Bhopal,BHO,center,False,
2025-03-22 23:00:00,25.1,958.3,24.0,AWS-BHO-030,Bhopal,BHO,center,False,
2025-03-23 00:00:00,23.8,958.0,27.0,AWS-BHO-030,Bhopal,BHO,center,False,
2025-03-23 01:00:00,23.6,957.3,26.0,AWS-BHO-030,Bhopal,BHO,center,False,
2025-03-23 02:00:00,23.2,956.5,26.0,AWS-BHO-030,Bhopal,BHO,center,False,
2025-03-23 03:00:00,22.0,956.6,29.0,AWS-BHO-030,Bhopal,BHO,center,False,
2025-03-23 04:00:00,20.6,956.8,31.0,AWS-BHO-030,Bhopal,BHO,center,False,
2025-03-23 05:00:00,20.1,957.4,33.0,AWS-BHO-030,Bhopal,BHO,center,False,
2025-03-23 06:00:00,19.1,957.8,43.0,AWS-BHO-030,Bhopal,BHO,center,False,
2025-03-23 07:00:00,3043.2304243813696,959.0379420699069,100.0,AWS-BHO-030,Bhopal,BHO,center,True,multivariate_inconsistency
2025-03-23 08:00:00,3046.43042438137,960.3356668384157,100.0,AWS-BHO-030,Bhopal,BHO,center,True,multivariate_inconsistency
2025-03-23 09:00:00,3049.93042438137,962.1693129532676,89.46048224765732,AWS-BHO-030,Bhopal,BHO,center,True,multivariate_inconsistency
2025-03-23 10:00:00,3052.93042438137,959.8329099920187,62.95366872028908,AWS-BHO-030,Bhopal,BHO,center,True,multivariate_inconsistency
2025-03-23 11:00:00,32.6,960.9,13.0,AWS-BHO-030,Bhopal,BHO,center,False,
2025-03-23 12:00:00,33.4,960.0,12.0,AWS-BHO-030,Bhopal,BHO,center,False,
2025-03-23 13:00:00,34.1,958.8,11.0,AWS-BHO-030,Bhopal,BHO,center,False,
2025-03-23 14:00:00,34.5,957.8,10.0,AWS-BHO-030,Bhopal,BHO,center,False,
2025-03-23 15:00:00,34.4,957.1,9.0,AWS-BHO-030,Bhopal,BHO,center,False,
2025-03-23 16:00:00,33.7,957.0,8.0,AWS-BHO-030,Bhopal,BHO,center,False,
2025-03-23 17:00:00,32.5,957.1,9.0,AWS-BHO-030,Bhopal,BHO,center,False,
2025-03-23 18:00:00,30.6,957.8,11.0,AWS-BHO-030,Bhopal,BHO,center,False,
2025-03-23 19:00:00,29.6,958.1,12.0,AWS-BHO-030,Bhopal,BHO,center,False,
2025-03-23 20:00:00,28.8,958.7,13.0,AWS-BHO-030,Bhopal,BHO,center,False,
2025-03-23 21:00:00,26.6,958.9,14.0,AWS-BHO-030,Bhopal,BHO,center,False,
2025-03-23 22:00:00,25.6,959.1,15.0,AWS-BHO-030,Bhopal,BHO,center,False,
2025-03-23 23:00:00,24.2,959.0,19.0,AWS-BHO-030,Bhopal,BHO,center,False,
2025-03-24 00:00:00,23.2,958.5,23.0,AWS-BHO-030,Bhopal,BHO,center,False,
2025-03-24 01:00:00,22.3,958.0,27.0,AWS-BHO-030,Bhopal,BHO,center,False,
2025-03-24 02:00:00,21.3,957.4,31.0,AWS-BHO-030,Bhopal,BHO,center,False,
2025-03-24 03:00:00,20.5,957.3,35.0,AWS-BHO-030,Bhopal,BHO,center,False,
2025-03-24 04:00:00,20.1,957.3,38.0,AWS-BHO-030,Bhopal,BHO,center,False,
2025-03-24 05:00:00,20.2,957.7,39.0,AWS-BHO-030,Bhopal,BHO,center,False,
2025-03-24 06:00:00,20.7,958.7,41.0,AWS-BHO-030,Bhopal,BHO,center,False,
2025-03-24 07:00:00,21.9,959.9,40.0,AWS-BHO-030,Bhopal,BHO,center,False,
2025-03-24 08:00:00,3305.16618759066,962.7935586979096,100.0,AWS-BHO-030,Bhopal,BHO,center,True,multivariate_inconsistency
2025-03-24 09:00:00,3308.5661875906594,962.706551410274,82.71686792136376,AWS-BHO-030,Bhopal,BHO,center,True,multivariate_inconsistency
2025-03-24 10:00:00,3311.3661875906596,962.17907176102,59.083474055668844,AWS-BHO-030,Bhopal,BHO,center,True,multivariate_inconsistency
2025-03-24 11:00:00,3313.2661875906597,960.4259436154682,44.31260380945169,AWS-BHO-030,Bhopal,BHO,center,True,multivariate_inconsistency
2025-03-24 12:00:00,3314.3661875906596,958.1890582457919,38.40425569987764,AWS-BHO-030,Bhopal,BHO,center,True,multivariate_inconsistency
2025-03-24 13:00:00,34.3,958.9,13.0,AWS-BHO-030,Bhopal,BHO,center,False,
2025-03-24 14:00:00,34.8,957.7,12.0,AWS-BHO-030,Bhopal,BHO,center,False,
2025-03-24 15:00:00,34.8,956.8,12.0,AWS-BHO-030,Bhopal,BHO,center,False,
2025-03-24 16:00:00,34.5,956.4,12.0,AWS-BHO-030,Bhopal,BHO,center,False,
2025-03-24 17:00:00,33.5,956.4,13.0,AWS-BHO-030,Bhopal,BHO,center,False,
2025-03-24 18:00:00,30.8,956.8,15.0,AWS-BHO-030,Bhopal,BHO,center,False,
2025-03-24 19:00:00,29.5,957.2,17.0,AWS-BHO-030,Bhopal,BHO,center,False,
2025-03-24 20:00:00,28.2,957.6,19.0,AWS-BHO-030,Bhopal,BHO,center,False,
2025-03-24 21:00:00,27.5,957.8,18.0,AWS-BHO-030,Bhopal,BHO,center,False,
2025-03-24 22:00:00,26.5,957.8,19.0,AWS-BHO-030,Bhopal,BHO,center,False,
2025-03-24 23:00:00,25.1,957.4,20.0,AWS-BHO-030,Bhopal,BHO,center,False,
2025-03-25 00:00:00,23.5,956.7,24.0,AWS-BHO-030,Bhopal,BHO,center,False,
2025-03-25 01:00:00,22.2,955.9,27.0,AWS-BHO-030,Bhopal,BHO,center,False,
2025-03-25 02:00:00,21.2,955.1,36.0,AWS-BHO-030,Bhopal,BHO,center,False,
2025-03-25 03:00:00,21.0,954.9,35.0,AWS-BHO-030,Bhopal,BHO,center,False,
2025-03-25 04:00:00,21.0,954.8,35.0,AWS-BHO-030,Bhopal,BHO,center,False,
2025-03-25 05:00:00,20.6,954.7,34.0,AWS-BHO-030,Bhopal,BHO,center,False,
2025-03-25 06:00:00,21.2,955.9,34.0,AWS-BHO-030,Bhopal,BHO,center,False,
2025-03-25 07:00:00,22.6,956.8,33.0,AWS-BHO-030,Bhopal,BHO,center,False,
2025-03-25 08:00:00,25.7,957.8,29.0,AWS-BHO-030,Bhopal,BHO,center,False,
2025-03-25 09:00:00,29.3,958.5,23.0,AWS-BHO-030,Bhopal,BHO,center,False,
2025-03-25 10:00:00,32.3,958.5,16.0,AWS-BHO-030,Bhopal,BHO,center,False,
2025-03-25 11:00:00,34.1,957.8,13.0,AWS-BHO-030,Bhopal,BHO,center,False,
2025-03-25 12:00:00,35.3,956.9,12.0,AWS-BHO-030,Bhopal,BHO,center,False,
2025-03-25 13:00:00,35.9,955.5,11.0,AWS-BHO-030,Bhopal,BHO,center,False,
2025-03-25 14:00:00,36.1,954.4,11.0,AWS-BHO-030,Bhopal,BHO,center,False,
2025-03-25 15:00:00,36.0,953.5,11.0,AWS-BHO-030,Bhopal,BHO,center,False,
2025-03-25 16:00:00,35.4,953.1,12.0,AWS-BHO-030,Bhopal,BHO,center,False,
2025-03-25 17:00:00,34.4,952.9,12.0,AWS-BHO-030,Bhopal,BHO,center,False,
2025-03-25 18:00:00,32.0,953.1,14.0,AWS-BHO-030,Bhopal,BHO,center,False,
2025-03-25 19:00:00,30.5,953.1,28.0,AWS-BHO-030,Bhopal,BHO,center,False,
2025-03-25 20:00:00,28.8,953.8,20.0,AWS-BHO-030,Bhopal,BHO,center,False,
2025-03-25 21:00:00,28.0,954.2,22.0,AWS-BHO-030,Bhopal,BHO,center,False,
2025-03-25 22:00:00,27.4,954.1,20.0,AWS-BHO-030,Bhopal,BHO,center,False,
2025-03-25 23:00:00,25.8,953.3,25.0,AWS-BHO-030,Bhopal,BHO,center,False,
2025-03-26 00:00:00,25.3,952.5,30.0,AWS-BHO-030,Bhopal,BHO,center,False,
2025-03-26 01:00:00,24.3,952.2,26.0,AWS-BHO-030,Bhopal,BHO,center,False,
2025-03-26 02:00:00,24.1,951.7,26.0,AWS-BHO-030,Bhopal,BHO,center,False,
2025-03-26 03:00:00,23.8,951.2,28.0,AWS-BHO-030,Bhopal,BHO,center,False,
2025-03-26 04:00:00,22.6,951.0,34.0,AWS-BHO-030,Bhopal,BHO,center,False,
2025-03-26 05:00:00,22.4,951.9,41.0,AWS-BHO-030,Bhopal,BHO,center,False,
2025-03-26 06:00:00,22.1,952.6,39.0,AWS-BHO-030,Bhopal,BHO,center,False,
2025-03-26 07:00:00,24.2,953.8,31.0,AWS-BHO-030,Bhopal,BHO,center,False,
2025-03-26 08:00:00,27.5,955.1,26.0,AWS-BHO-030,Bhopal,BHO,center,False,
2025-03-26 09:00:00,31.6,956.0,20.0,AWS-BHO-030,Bhopal,BHO,center,False,
2025-03-26 10:00:00,34.4,956.0,14.0,AWS-BHO-030,Bhopal,BHO,center,False,
2025-03-26 11:00:00,35.6,955.7,12.0,AWS-BHO-030,Bhopal,BHO,center,False,
2025-03-26 12:00:00,36.6,954.9,11.0,AWS-BHO-030,Bhopal,BHO,center,False,
2025-03-26 13:00:00,37.2,953.8,10.0,AWS-BHO-030,Bhopal,BHO,center,False,
2025-03-26 14:00:00,37.6,952.6,10.0,AWS-BHO-030,Bhopal,BHO,center,False,
2025-03-26 15:00:00,37.9,951.8,10.0,AWS-BHO-030,Bhopal,BHO,center,False,
2025-03-26 16:00:00,37.6,951.4,9.0,AWS-BHO-030,Bhopal,BHO,center,False,
2025-03-26 17:00:00,36.6,951.5,9.0,AWS-BHO-030,Bhopal,BHO,center,True,frozen_value
2025-03-26 18:00:00,33.0,951.5,8.906814704940677,AWS-BHO-030,Bhopal,BHO,center,True,frozen_value
2025-03-26 19:00:00,31.3,951.9,8.99310610095293,AWS-BHO-030,Bhopal,BHO,center,True,frozen_value
2025-03-26 20:00:00,30.0,952.5,9.000931339035848,AWS-BHO-030,Bhopal,BHO,center,True,frozen_value
2025-03-26 21:00:00,30.1,953.1,8.930146988417782,AWS-BHO-030,Bhopal,BHO,center,True,frozen_value
2025-03-26 22:00:00,29.2,953.1,9.016266762685825,AWS-BHO-030,Bhopal,BHO,center,True,frozen_value
2025-03-26 23:00:00,28.6,953.0,8.981748638888524,AWS-BHO-030,Bhopal,BHO,center,True,frozen_value
2025-03-27 00:00:00,28.7,952.8,9.011306477903203,AWS-BHO-030,Bhopal,BHO,center,True,frozen_value
2025-03-27 01:00:00,28.1,952.3,8.836922926925313,AWS-BHO-030,Bhopal,BHO,center,True,frozen_value
2025-03-27 02:00:00,26.9,951.6,22.0,AWS-BHO-030,Bhopal,BHO,center,False,
2025-03-27 03:00:00,26.4,951.6,22.0,AWS-BHO-030,Bhopal,BHO,center,False,
2025-03-27 04:00:00,25.8,951.7,22.0,AWS-BHO-030,Bhopal,BHO,center,False,
2025-03-27 05:00:00,25.6,952.2,23.0,AWS-BHO-030,Bhopal,BHO,center,False,
2025-03-27 06:00:00,25.4,953.1,27.0,AWS-BHO-030,Bhopal,BHO,center,False,
2025-03-27 07:00:00,26.6,953.9,27.0,AWS-BHO-030,Bhopal,BHO,center,False,
2025-03-27 08:00:00,29.4,955.1,25.0,AWS-BHO-030,Bhopal,BHO,center,False,
2025-03-27 09:00:00,32.7,955.7,21.0,AWS-BHO-030,Bhopal,BHO,center,False,
2025-03-27 10:00:00,35.1,955.9,17.0,AWS-BHO-030,Bhopal,BHO,center,False,
2025-03-27 11:00:00,36.7,955.3,14.0,AWS-BHO-030,Bhopal,BHO,center,False,
2025-03-27 12:00:00,37.8,954.4,12.0,AWS-BHO-030,Bhopal,BHO,center,False,
2025-03-27 13:00:00,38.3,953.6,12.0,AWS-BHO-030,Bhopal,BHO,center,False,
2025-03-27 14:00:00,38.3,952.4,12.0,AWS-BHO-030,Bhopal,BHO,center,False,
2025-03-27 15:00:00,38.4,951.8,12.0,AWS-BHO-030,Bhopal,BHO,center,False,
2025-03-27 16:00:00,38.3,951.1,11.0,AWS-BHO-030,Bhopal,BHO,center,False,
2025-03-27 17:00:00,37.0,951.0,13.0,AWS-BHO-030,Bhopal,BHO,center,False,
2025-03-27 18:00:00,34.7,951.0,12.0,AWS-BHO-030,Bhopal,BHO,center,False,
2025-03-27 19:00:00,32.4,951.3,21.0,AWS-BHO-030,Bhopal,BHO,center,False,
2025-03-27 20:00:00,30.7,952.3,19.0,AWS-BHO-030,Bhopal,BHO,center,False,
2025-03-27 21:00:00,29.7,953.2,20.0,AWS-BHO-030,Bhopal,BHO,center,False,
2025-03-27 22:00:00,29.3,953.4,24.0,AWS-BHO-030,Bhopal,BHO,center,False,
2025-03-27 23:00:00,28.2,953.1,25.0,AWS-BHO-030,Bhopal,BHO,center,False,
2025-03-28 00:00:00,27.4,952.9,26.0,AWS-BHO-030,Bhopal,BHO,center,False,
2025-03-28 01:00:00,27.1,952.7,27.0,AWS-BHO-030,Bhopal,BHO,center,False,
2025-03-28 02:00:00,26.7,952.3,31.0,AWS-BHO-030,Bhopal,BHO,center,False,
2025-03-28 03:00:00,26.2,952.3,35.0,AWS-BHO-030,Bhopal,BHO,center,False,
2025-03-28 04:00:00,25.8,952.7,36.0,AWS-BHO-030,Bhopal,BHO,center,False,
2025-03-28 05:00:00,25.1,953.3,36.0,AWS-BHO-030,Bhopal,BHO,center,False,
2025-03-28 06:00:00,24.9,954.1,39.0,AWS-BHO-030,Bhopal,BHO,center,False,
2025-03-28 07:00:00,25.8,955.1,36.0,AWS-BHO-030,Bhopal,BHO,center,False,
2025-03-28 08:00:00,28.0,956.5,28.0,AWS-BHO-030,Bhopal,BHO,center,False,
2025-03-28 09:00:00,30.0,957.0,21.0,AWS-BHO-030,Bhopal,BHO,center,False,
2025-03-28 10:00:00,31.9,957.3,16.0,AWS-BHO-030,Bhopal,BHO,center,False,
2025-03-28 11:00:00,33.4,956.8,14.0,AWS-BHO-030,Bhopal,BHO,center,False,
2025-03-28 12:00:00,34.6,956.3,14.0,AWS-BHO-030,Bhopal,BHO,center,False,
2025-03-28 13:00:00,35.4,955.1,14.0,AWS-BHO-030,Bhopal,BHO,center,False,
2025-03-28 14:00:00,35.9,953.8,14.0,AWS-BHO-030,Bhopal,BHO,center,False,
2025-03-28 15:00:00,35.9,953.0,14.0,AWS-BHO-030,Bhopal,BHO,center,False,
2025-03-28 16:00:00,35.3,952.8,14.0,AWS-BHO-030,Bhopal,BHO,center,False,
2025-03-28 17:00:00,34.3,952.9,15.0,AWS-BHO-030,Bhopal,BHO,center,False,
2025-03-28 18:00:00,32.4,953.2,17.0,AWS-BHO-030,Bhopal,BHO,center,False,
2025-03-28 19:00:00,30.9,953.5,17.0,AWS-BHO-030,Bhopal,BHO,center,False,
2025-03-28 20:00:00,29.8,954.4,18.0,AWS-BHO-030,Bhopal,BHO,center,False,
2025-03-28 21:00:00,28.4,954.9,18.0,AWS-BHO-030,Bhopal,BHO,center,False,
2025-03-28 22:00:00,27.0,955.3,15.0,AWS-BHO-030,Bhopal,BHO,center,False,
2025-03-28 23:00:00,25.8,955.0,13.0,AWS-BHO-030,Bhopal,BHO,center,False,
2025-03-29 00:00:00,24.9,954.5,12.0,AWS-BHO-030,Bhopal,BHO,center,False,
2025-03-29 01:00:00,23.8,954.1,12.0,AWS-BHO-030,Bhopal,BHO,center,False,
2025-03-29 02:00:00,22.9,953.4,13.0,AWS-BHO-030,Bhopal,BHO,center,False,
2025-03-29 03:00:00,22.2,952.9,13.0,AWS-BHO-030,Bhopal,BHO,center,False,
2025-03-29 04:00:00,21.5,953.0,14.0,AWS-BHO-030,Bhopal,BHO,center,False,
2025-03-29 05:00:00,20.9,953.5,15.0,AWS-BHO-030,Bhopal,BHO,center,False,
2025-03-29 06:00:00,20.3,954.3,17.0,AWS-BHO-030,Bhopal,BHO,center,False,
2025-03-29 07:00:00,21.5,955.4,18.0,AWS-BHO-030,Bhopal,BHO,center,False,
2025-03-29 08:00:00,23.6,956.8,15.0,AWS-BHO-030,Bhopal,BHO,center,False,
2025-03-29 09:00:00,26.0,957.5,15.0,AWS-BHO-030,Bhopal,BHO,center,False,
2025-03-29 10:00:00,28.4,957.7,13.0,AWS-BHO-030,Bhopal,BHO,center,False,
2025-03-29 11:00:00,30.3,957.2,11.0,AWS-BHO-030,Bhopal,BHO,center,False,
2025-03-29 12:00:00,31.9,956.5,10.0,AWS-BHO-030,Bhopal,BHO,center,False,
2025-03-29 13:00:00,33.0,955.4,9.0,AWS-BHO-030,Bhopal,BHO,center,False,
2025-03-29 14:00:00,33.8,954.5,9.0,AWS-BHO-030,Bhopal,BHO,center,False,
2025-03-29 15:00:00,34.2,953.6,9.0,AWS-BHO-030,Bhopal,BHO,center,False,
2025-03-29 16:00:00,34.4,953.3,8.0,AWS-BHO-030,Bhopal,BHO,center,False,
2025-03-29 17:00:00,33.6,953.2,8.0,AWS-BHO-030,Bhopal,BHO,center,False,
2025-03-29 18:00:00,31.2,953.7,9.0,AWS-BHO-030,Bhopal,BHO,center,False,
2025-03-29 19:00:00,29.3,954.2,9.0,AWS-BHO-030,Bhopal,BHO,center,False,
2025-03-29 20:00:00,27.7,954.7,9.0,AWS-BHO-030,Bhopal,BHO,center,False,
2025-03-29 21:00:00,26.4,955.4,9.0,AWS-BHO-030,Bhopal,BHO,center,False,
2025-03-29 22:00:00,25.5,955.5,9.0,AWS-BHO-030,Bhopal,BHO,center,False,
2025-03-29 23:00:00,24.5,955.1,10.0,AWS-BHO-030,Bhopal,BHO,center,False,
2025-03-30 00:00:00,23.3,954.6,11.0,AWS-BHO-030,Bhopal,BHO,center,False,
2025-03-30 01:00:00,22.3,953.8,13.0,AWS-BHO-030,Bhopal,BHO,center,False,
2025-03-30 02:00:00,21.4,953.2,15.0,AWS-BHO-030,Bhopal,BHO,center,False,
2025-03-30 03:00:00,20.5,952.9,17.0,AWS-BHO-030,Bhopal,BHO,center,False,
2025-03-30 04:00:00,19.9,953.0,18.0,AWS-BHO-030,Bhopal,BHO,center,False,
2025-03-30 05:00:00,19.6,953.5,17.0,AWS-BHO-030,Bhopal,BHO,center,False,
2025-03-30 06:00:00,19.6,954.6,19.0,AWS-BHO-030,Bhopal,BHO,center,False,
2025-03-30 07:00:00,20.9,955.8,20.0,AWS-BHO-030,Bhopal,BHO,center,False,
2025-03-30 08:00:00,23.8,957.4,18.0,AWS-BHO-030,Bhopal,BHO,center,False,
2025-03-30 09:00:00,27.0,958.2,16.0,AWS-BHO-030,Bhopal,BHO,center,False,
2025-03-30 10:00:00,29.7,958.6,13.0,AWS-BHO-030,Bhopal,BHO,center,False,
2025-03-30 11:00:00,31.8,958.2,11.0,AWS-BHO-030,Bhopal,BHO,center,False,
2025-03-30 12:00:00,33.5,957.5,9.0,AWS-BHO-030,Bhopal,BHO,center,False,
2025-03-30 13:00:00,34.6,956.4,9.0,AWS-BHO-030,Bhopal,BHO,center,False,
2025-03-30 14:00:00,35.1,955.3,9.0,AWS-BHO-030,Bhopal,BHO,center,False,
2025-03-30 15:00:00,35.1,954.7,9.0,AWS-BHO-030,Bhopal,BHO,center,False,
2025-03-30 16:00:00,34.9,954.3,9.0,AWS-BHO-030,Bhopal,BHO,center,False,
2025-03-30 17:00:00,34.2,954.1,9.0,AWS-BHO-030,Bhopal,BHO,center,False,
2025-03-30 18:00:00,32.0,954.3,12.0,AWS-BHO-030,Bhopal,BHO,center,False,
2025-03-30 19:00:00,30.5,954.6,13.0,AWS-BHO-030,Bhopal,BHO,center,False,
2025-03-30 20:00:00,29.9,955.2,14.0,AWS-BHO-030,Bhopal,BHO,center,False,
2025-03-30 21:00:00,28.9,955.8,15.0,AWS-BHO-030,Bhopal,BHO,center,False,
2025-03-30 22:00:00,27.5,955.9,16.0,AWS-BHO-030,Bhopal,BHO,center,False,
2025-03-30 23:00:00,26.2,955.5,18.0,AWS-BHO-030,Bhopal,BHO,center,False,
2025-03-31 00:00:00,24.6,955.2,20.0,AWS-BHO-030,Bhopal,BHO,center,False,
2025-03-31 01:00:00,23.5,954.6,22.0,AWS-BHO-030,Bhopal,BHO,center,False,
2025-03-31 02:00:00,22.9,953.7,23.0,AWS-BHO-030,Bhopal,BHO,center,False,
2025-03-31 03:00:00,22.5,953.8,24.0,AWS-BHO-030,Bhopal,BHO,center,False,
2025-03-31 04:00:00,22.0,953.8,25.0,AWS-BHO-030,Bhopal,BHO,center,False,
2025-03-31 05:00:00,21.6,954.2,27.0,AWS-BHO-030,Bhopal,BHO,center,False,
2025-03-31 06:00:00,21.8,955.2,29.0,AWS-BHO-030,Bhopal,BHO,center,False,
2025-03-31 07:00:00,22.9,956.2,29.0,AWS-BHO-030,Bhopal,BHO,center,False,
2025-03-31 08:00:00,25.5,957.5,24.0,AWS-BHO-030,Bhopal,BHO,center,False,
2025-03-31 09:00:00,28.2,958.1,20.0,AWS-BHO-030,Bhopal,BHO,center,False,
2025-03-31 10:00:00,31.4,958.3,14.0,AWS-BHO-030,Bhopal,BHO,center,False,
2025-03-31 11:00:00,33.7,957.8,12.0,AWS-BHO-030,Bhopal,BHO,center,False,
2025-03-31 12:00:00,35.4,957.2,11.0,AWS-BHO-030,Bhopal,BHO,center,False,
2025-03-31 13:00:00,36.4,955.8,10.0,AWS-BHO-030,Bhopal,BHO,center,False,
2025-03-31 14:00:00,36.8,954.8,10.0,AWS-BHO-030,Bhopal,BHO,center,False,
2025-03-31 15:00:00,36.8,953.9,10.0,AWS-BHO-030,Bhopal,BHO,center,False,
2025-03-31 16:00:00,36.3,953.6,11.0,AWS-BHO-030,Bhopal,BHO,center,False,
2025-03-31 17:00:00,35.4,953.2,12.0,AWS-BHO-030,Bhopal,BHO,center,False,
2025-03-31 18:00:00,32.9,953.5,14.0,AWS-BHO-030,Bhopal,BHO,center,False,
2025-03-31 19:00:00,31.5,953.8,14.0,AWS-BHO-030,Bhopal,BHO,center,False,
2025-03-31 20:00:00,30.7,954.4,14.0,AWS-BHO-030,Bhopal,BHO,center,False,
2025-03-31 21:00:00,29.5,954.7,15.0,AWS-BHO-030,Bhopal,BHO,center,False,
2025-03-31 22:00:00,27.9,955.1,17.0,AWS-BHO-030,Bhopal,BHO,center,False,
2025-03-31 23:00:00,26.4,954.5,19.0,AWS-BHO-030,Bhopal,BHO,center,False,
