timestamp,temperature_c,pressure_hpa,humidity_pct,station_id,station_name,cluster_id,role
2025-01-01 00:00:00,10.4,943.1,93,AWS-RAN-067,Ranchi,RAN,center
2025-01-01 01:00:00,10.2,942.6,94,AWS-RAN-067,Ranchi,RAN,center
2025-01-01 02:00:00,9.9,942.0,95,AWS-RAN-067,Ranchi,RAN,center
2025-01-01 03:00:00,9.6,941.5,97,AWS-RAN-067,Ranchi,RAN,center
2025-01-01 04:00:00,9.4,941.8,98,AWS-RAN-067,Ranchi,RAN,center
2025-01-01 05:00:00,9.3,942.2,99,AWS-RAN-067,Ranchi,RAN,center
2025-01-01 06:00:00,9.4,943.4,99,AWS-RAN-067,Ranchi,RAN,center
2025-01-01 07:00:00,9.5,943.8,98,AWS-RAN-067,Ranchi,RAN,center
2025-01-01 08:00:00,10.9,944.8,87,AWS-RAN-067,Ranchi,RAN,center
2025-01-01 09:00:00,13.2,945.3,71,AWS-RAN-067,Ranchi,RAN,center
2025-01-01 10:00:00,15.7,945.1,59,AWS-RAN-067,Ranchi,RAN,center
2025-01-01 11:00:00,17.9,944.6,48,AWS-RAN-067,Ranchi,RAN,center
2025-01-01 12:00:00,19.3,943.8,42,AWS-RAN-067,Ranchi,RAN,center
2025-01-01 13:00:00,20.0,942.7,39,AWS-RAN-067,Ranchi,RAN,center
2025-01-01 14:00:00,20.0,942.0,38,AWS-RAN-067,Ranchi,RAN,center
2025-01-01 15:00:00,19.4,941.6,41,AWS-RAN-067,Ranchi,RAN,center
2025-01-01 16:00:00,17.7,941.6,48,AWS-RAN-067,Ranchi,RAN,center
2025-01-01 17:00:00,14.8,941.3,59,AWS-RAN-067,Ranchi,RAN,center
2025-01-01 18:00:00,13.2,942.3,72,AWS-RAN-067,Ranchi,RAN,center
2025-01-01 19:00:00,12.1,942.6,76,AWS-RAN-067,Ranchi,RAN,center
2025-01-01 20:00:00,11.2,942.7,77,AWS-RAN-067,Ranchi,RAN,center
2025-01-01 21:00:00,10.7,942.7,74,AWS-RAN-067,Ranchi,RAN,center
2025-01-01 22:00:00,10.4,942.8,75,AWS-RAN-067,Ranchi,RAN,center
2025-01-01 23:00:00,10.1,942.8,78,AWS-RAN-067,Ranchi,RAN,center
2025-01-02 00:00:00,9.7,942.4,81,AWS-RAN-067,Ranchi,RAN,center
2025-01-02 01:00:00,9.2,941.7,85,AWS-RAN-067,Ranchi,RAN,center
2025-01-02 02:00:00,8.7,940.8,87,AWS-RAN-067,Ranchi,RAN,center
2025-01-02 03:00:00,8.3,940.3,88,AWS-RAN-067,Ranchi,RAN,center
2025-01-02 04:00:00,8.2,940.4,88,AWS-RAN-067,Ranchi,RAN,center
2025-01-02 05:00:00,8.1,940.9,88,AWS-RAN-067,Ranchi,RAN,center
2025-01-02 06:00:00,8.2,942.4,89,AWS-RAN-067,Ranchi,RAN,center
2025-01-02 07:00:00,9.4,943.3,82,AWS-RAN-067,Ranchi,RAN,center
2025-01-02 08:00:00,11.7,944.1,75,AWS-RAN-067,Ranchi,RAN,center
2025-01-02 09:00:00,14.2,944.7,64,AWS-RAN-067,Ranchi,RAN,center
2025-01-02 10:00:00,16.5,944.9,50,AWS-RAN-067,Ranchi,RAN,center
2025-01-02 11:00:00,17.8,944.5,45,AWS-RAN-067,Ranchi,RAN,center
2025-01-02 12:00:00,18.8,943.5,43,AWS-RAN-067,Ranchi,RAN,center
2025-01-02 13:00:00,19.3,942.8,42,AWS-RAN-067,Ranchi,RAN,center
2025-01-02 14:00:00,19.3,942.6,42,AWS-RAN-067,Ranchi,RAN,center
2025-01-02 15:00:00,18.6,942.1,44,AWS-RAN-067,Ranchi,RAN,center
2025-01-02 16:00:00,17.2,942.1,50,AWS-RAN-067,Ranchi,RAN,center
2025-01-02 17:00:00,14.2,941.9,61,AWS-RAN-067,Ranchi,RAN,center
2025-01-02 18:00:00,13.1,942.5,69,AWS-RAN-067,Ranchi,RAN,center
2025-01-02 19:00:00,12.5,943.1,73,AWS-RAN-067,Ranchi,RAN,center
2025-01-02 20:00:00,12.2,943.3,74,AWS-RAN-067,Ranchi,RAN,center
2025-01-02 21:00:00,12.0,943.4,76,AWS-RAN-067,Ranchi,RAN,center
2025-01-02 22:00:00,11.8,943.4,78,AWS-RAN-067,Ranchi,RAN,center
2025-01-02 23:00:00,11.4,943.1,82,AWS-RAN-067,Ranchi,RAN,center
2025-01-03 00:00:00,10.7,942.7,87,AWS-RAN-067,Ranchi,RAN,center
2025-01-03 01:00:00,10.0,942.2,92,AWS-RAN-067,Ranchi,RAN,center
2025-01-03 02:00:00,9.8,941.7,92,AWS-RAN-067,Ranchi,RAN,center
2025-01-03 03:00:00,9.6,941.2,92,AWS-RAN-067,Ranchi,RAN,center
2025-01-03 04:00:00,9.3,941.3,93,AWS-RAN-067,Ranchi,RAN,center
2025-01-03 05:00:00,9.1,941.9,94,AWS-RAN-067,Ranchi,RAN,center
2025-01-03 06:00:00,8.8,943.1,96,AWS-RAN-067,Ranchi,RAN,center
2025-01-03 07:00:00,9.6,943.5,94,AWS-RAN-067,Ranchi,RAN,center
2025-01-03 08:00:00,11.7,944.8,86,AWS-RAN-067,Ranchi,RAN,center
2025-01-03 09:00:00,14.5,945.3,71,AWS-RAN-067,Ranchi,RAN,center
2025-01-03 10:00:00,17.1,945.1,58,AWS-RAN-067,Ranchi,RAN,center
2025-01-03 11:00:00,18.9,944.6,50,AWS-RAN-067,Ranchi,RAN,center
2025-01-03 12:00:00,19.9,943.6,47,AWS-RAN-067,Ranchi,RAN,center
2025-01-03 13:00:00,20.5,942.8,46,AWS-RAN-067,Ranchi,RAN,center
2025-01-03 14:00:00,20.7,942.2,47,AWS-RAN-067,Ranchi,RAN,center
2025-01-03 15:00:00,20.3,942.0,49,AWS-RAN-067,Ranchi,RAN,center
2025-01-03 16:00:00,19.0,942.0,56,AWS-RAN-067,Ranchi,RAN,center
2025-01-03 17:00:00,15.1,941.4,72,AWS-RAN-067,Ranchi,RAN,center
2025-01-03 18:00:00,14.4,942.2,75,AWS-RAN-067,Ranchi,RAN,center
2025-01-03 19:00:00,13.4,942.7,79,AWS-RAN-067,Ranchi,RAN,center
2025-01-03 20:00:00,12.7,943.0,82,AWS-RAN-067,Ranchi,RAN,center
2025-01-03 21:00:00,12.1,942.8,86,AWS-RAN-067,Ranchi,RAN,center
2025-01-03 22:00:00,11.5,942.4,89,AWS-RAN-067,Ranchi,RAN,center
2025-01-03 23:00:00,11.0,941.8,90,AWS-RAN-067,Ranchi,RAN,center
2025-01-04 00:00:00,10.8,941.2,91,AWS-RAN-067,Ranchi,RAN,center
2025-01-04 01:00:00,10.5,940.7,91,AWS-RAN-067,Ranchi,RAN,center
2025-01-04 02:00:00,10.3,940.2,93,AWS-RAN-067,Ranchi,RAN,center
2025-01-04 03:00:00,10.1,940.0,93,AWS-RAN-067,Ranchi,RAN,center
2025-01-04 04:00:00,10.0,940.1,94,AWS-RAN-067,Ranchi,RAN,center
2025-01-04 05:00:00,10.0,940.4,94,AWS-RAN-067,Ranchi,RAN,center
2025-01-04 06:00:00,9.6,941.4,95,AWS-RAN-067,Ranchi,RAN,center
2025-01-04 07:00:00,10.6,942.3,94,AWS-RAN-067,Ranchi,RAN,center
2025-01-04 08:00:00,12.9,943.9,88,AWS-RAN-067,Ranchi,RAN,center
2025-01-04 09:00:00,15.6,944.8,74,AWS-RAN-067,Ranchi,RAN,center
2025-01-04 10:00:00,17.6,944.7,61,AWS-RAN-067,Ranchi,RAN,center
2025-01-04 11:00:00,19.1,944.1,51,AWS-RAN-067,Ranchi,RAN,center
2025-01-04 12:00:00,20.1,943.2,46,AWS-RAN-067,Ranchi,RAN,center
2025-01-04 13:00:00,20.8,942.0,43,AWS-RAN-067,Ranchi,RAN,center
2025-01-04 14:00:00,21.0,941.3,42,AWS-RAN-067,Ranchi,RAN,center
2025-01-04 15:00:00,20.7,940.9,44,AWS-RAN-067,Ranchi,RAN,center
2025-01-04 16:00:00,19.3,940.8,52,AWS-RAN-067,Ranchi,RAN,center
2025-01-04 17:00:00,15.7,940.4,64,AWS-RAN-067,Ranchi,RAN,center
2025-01-04 18:00:00,15.4,941.2,66,AWS-RAN-067,Ranchi,RAN,center
2025-01-04 19:00:00,14.6,942.0,73,AWS-RAN-067,Ranchi,RAN,center
2025-01-04 20:00:00,13.9,942.5,83,AWS-RAN-067,Ranchi,RAN,center
2025-01-04 21:00:00,12.9,942.7,90,AWS-RAN-067,Ranchi,RAN,center
2025-01-04 22:00:00,12.1,942.5,93,AWS-RAN-067,Ranchi,RAN,center
2025-01-04 23:00:00,11.4,942.0,94,AWS-RAN-067,Ranchi,RAN,center
2025-01-05 00:00:00,10.8,941.4,94,AWS-RAN-067,Ranchi,RAN,center
2025-01-05 01:00:00,10.4,940.7,94,AWS-RAN-067,Ranchi,RAN,center
2025-01-05 02:00:00,10.3,940.3,94,AWS-RAN-067,Ranchi,RAN,center
2025-01-05 03:00:00,10.4,940.2,93,AWS-RAN-067,Ranchi,RAN,center
2025-01-05 04:00:00,10.3,940.2,93,AWS-RAN-067,Ranchi,RAN,center
2025-01-05 05:00:00,10.3,940.6,92,AWS-RAN-067,Ranchi,RAN,center
2025-01-05 06:00:00,9.9,941.4,94,AWS-RAN-067,Ranchi,RAN,center
2025-01-05 07:00:00,12.1,942.6,91,AWS-RAN-067,Ranchi,RAN,center
2025-01-05 08:00:00,15.2,944.4,81,AWS-RAN-067,Ranchi,RAN,center
2025-01-05 09:00:00,18.0,945.5,67,AWS-RAN-067,Ranchi,RAN,center
2025-01-05 10:00:00,19.8,945.4,57,AWS-RAN-067,Ranchi,RAN,center
2025-01-05 11:00:00,21.0,944.8,51,AWS-RAN-067,Ranchi,RAN,center
2025-01-05 12:00:00,21.7,943.6,50,AWS-RAN-067,Ranchi,RAN,center
2025-01-05 13:00:00,22.2,942.8,49,AWS-RAN-067,Ranchi,RAN,center
2025-01-05 14:00:00,22.3,942.1,50,AWS-RAN-067,Ranchi,RAN,center
2025-01-05 15:00:00,21.9,941.7,53,AWS-RAN-067,Ranchi,RAN,center
2025-01-05 16:00:00,20.6,941.5,59,AWS-RAN-067,Ranchi,RAN,center
2025-01-05 17:00:00,17.3,941.5,74,AWS-RAN-067,Ranchi,RAN,center
2025-01-05 18:00:00,16.3,942.2,73,AWS-RAN-067,Ranchi,RAN,center
2025-01-05 19:00:00,15.3,942.4,78,AWS-RAN-067,Ranchi,RAN,center
2025-01-05 20:00:00,14.7,942.7,82,AWS-RAN-067,Ranchi,RAN,center
2025-01-05 21:00:00,14.0,942.9,86,AWS-RAN-067,Ranchi,RAN,center
2025-01-05 22:00:00,13.8,942.5,87,AWS-RAN-067,Ranchi,RAN,center
2025-01-05 23:00:00,13.6,942.1,86,AWS-RAN-067,Ranchi,RAN,center
2025-01-06 00:00:00,13.1,941.6,86,AWS-RAN-067,Ranchi,RAN,center
2025-01-06 01:00:00,12.8,941.2,88,AWS-RAN-067,Ranchi,RAN,center
2025-01-06 02:00:00,12.7,940.6,91,AWS-RAN-067,Ranchi,RAN,center
2025-01-06 03:00:00,12.2,940.2,93,AWS-RAN-067,Ranchi,RAN,center
2025-01-06 04:00:00,11.5,939.9,95,AWS-RAN-067,Ranchi,RAN,center
2025-01-06 05:00:00,11.5,940.2,96,AWS-RAN-067,Ranchi,RAN,center
2025-01-06 06:00:00,11.0,940.6,98,AWS-RAN-067,Ranchi,RAN,center
2025-01-06 07:00:00,12.4,942.1,97,AWS-RAN-067,Ranchi,RAN,center
2025-01-06 08:00:00,15.5,943.8,88,AWS-RAN-067,Ranchi,RAN,center
2025-01-06 09:00:00,17.9,944.8,73,AWS-RAN-067,Ranchi,RAN,center
2025-01-06 10:00:00,19.6,944.6,61,AWS-RAN-067,Ranchi,RAN,center
2025-01-06 11:00:00,20.9,943.9,53,AWS-RAN-067,Ranchi,RAN,center
2025-01-06 12:00:00,21.9,942.9,47,AWS-RAN-067,Ranchi,RAN,center
2025-01-06 13:00:00,22.5,941.7,42,AWS-RAN-067,Ranchi,RAN,center
2025-01-06 14:00:00,23.0,941.0,39,AWS-RAN-067,Ranchi,RAN,center
2025-01-06 15:00:00,22.8,940.7,39,AWS-RAN-067,Ranchi,RAN,center
2025-01-06 16:00:00,21.2,940.5,49,AWS-RAN-067,Ranchi,RAN,center
2025-01-06 17:00:00,18.8,940.4,54,AWS-RAN-067,Ranchi,RAN,center
2025-01-06 18:00:00,16.3,940.0,65,AWS-RAN-067,Ranchi,RAN,center
2025-01-06 19:00:00,15.6,940.5,69,AWS-RAN-067,Ranchi,RAN,center
2025-01-06 20:00:00,15.0,941.0,71,AWS-RAN-067,Ranchi,RAN,center
2025-01-06 21:00:00,14.8,941.3,71,AWS-RAN-067,Ranchi,RAN,center
2025-01-06 22:00:00,14.4,941.2,72,AWS-RAN-067,Ranchi,RAN,center
2025-01-06 23:00:00,14.1,940.6,72,AWS-RAN-067,Ranchi,RAN,center
2025-01-07 00:00:00,14.3,940.4,71,AWS-RAN-067,Ranchi,RAN,center
2025-01-07 01:00:00,14.7,940.2,69,AWS-RAN-067,Ranchi,RAN,center
2025-01-07 02:00:00,14.7,940.0,69,AWS-RAN-067,Ranchi,RAN,center
2025-01-07 03:00:00,14.0,939.8,73,AWS-RAN-067,Ranchi,RAN,center
2025-01-07 04:00:00,12.8,939.7,80,AWS-RAN-067,Ranchi,RAN,center
2025-01-07 05:00:00,12.5,940.1,86,AWS-RAN-067,Ranchi,RAN,center
2025-01-07 06:00:00,12.1,941.2,90,AWS-RAN-067,Ranchi,RAN,center
2025-01-07 07:00:00,13.4,942.3,90,AWS-RAN-067,Ranchi,RAN,center
2025-01-07 08:00:00,16.1,943.6,79,AWS-RAN-067,Ranchi,RAN,center
2025-01-07 09:00:00,18.5,944.1,68,AWS-RAN-067,Ranchi,RAN,center
2025-01-07 10:00:00,20.4,943.7,58,AWS-RAN-067,Ranchi,RAN,center
2025-01-07 11:00:00,21.2,943.0,51,AWS-RAN-067,Ranchi,RAN,center
2025-01-07 12:00:00,21.3,941.9,50,AWS-RAN-067,Ranchi,RAN,center
2025-01-07 13:00:00,21.4,941.0,47,AWS-RAN-067,Ranchi,RAN,center
2025-01-07 14:00:00,21.1,940.4,48,AWS-RAN-067,Ranchi,RAN,center
2025-01-07 15:00:00,20.4,939.9,49,AWS-RAN-067,Ranchi,RAN,center
2025-01-07 16:00:00,18.8,939.9,55,AWS-RAN-067,Ranchi,RAN,center
2025-01-07 17:00:00,16.4,939.7,67,AWS-RAN-067,Ranchi,RAN,center
2025-01-07 18:00:00,14.7,940.1,79,AWS-RAN-067,Ranchi,RAN,center
2025-01-07 19:00:00,13.9,940.8,83,AWS-RAN-067,Ranchi,RAN,center
2025-01-07 20:00:00,12.8,941.2,90,AWS-RAN-067,Ranchi,RAN,center
2025-01-07 21:00:00,12.2,941.6,90,AWS-RAN-067,Ranchi,RAN,center
2025-01-07 22:00:00,11.8,941.6,90,AWS-RAN-067,Ranchi,RAN,center
2025-01-07 23:00:00,11.0,941.1,95,AWS-RAN-067,Ranchi,RAN,center
2025-01-08 00:00:00,10.4,940.6,98,AWS-RAN-067,Ranchi,RAN,center
2025-01-08 01:00:00,10.3,940.2,99,AWS-RAN-067,Ranchi,RAN,center
2025-01-08 02:00:00,10.1,939.6,98,AWS-RAN-067,Ranchi,RAN,center
2025-01-08 03:00:00,9.8,939.3,95,AWS-RAN-067,Ranchi,RAN,center
2025-01-08 04:00:00,9.0,939.3,95,AWS-RAN-067,Ranchi,RAN,center
2025-01-08 05:00:00,8.7,939.8,94,AWS-RAN-067,Ranchi,RAN,center
2025-01-08 06:00:00,9.3,941.2,95,AWS-RAN-067,Ranchi,RAN,center
2025-01-08 07:00:00,9.8,942.3,87,AWS-RAN-067,Ranchi,RAN,center
2025-01-08 08:00:00,11.3,943.3,76,AWS-RAN-067,Ranchi,RAN,center
2025-01-08 09:00:00,13.6,943.9,63,AWS-RAN-067,Ranchi,RAN,center
2025-01-08 10:00:00,15.9,943.9,51,AWS-RAN-067,Ranchi,RAN,center
2025-01-08 11:00:00,17.9,943.5,44,AWS-RAN-067,Ranchi,RAN,center
2025-01-08 12:00:00,19.3,942.8,38,AWS-RAN-067,Ranchi,RAN,center
2025-01-08 13:00:00,20.0,942.0,35,AWS-RAN-067,Ranchi,RAN,center
2025-01-08 14:00:00,20.2,941.5,33,AWS-RAN-067,Ranchi,RAN,center
2025-01-08 15:00:00,19.6,941.2,34,AWS-RAN-067,Ranchi,RAN,center
2025-01-08 16:00:00,18.2,941.1,38,AWS-RAN-067,Ranchi,RAN,center
2025-01-08 17:00:00,14.9,940.8,49,AWS-RAN-067,Ranchi,RAN,center
2025-01-08 18:00:00,13.9,941.8,62,AWS-RAN-067,Ranchi,RAN,center
2025-01-08 19:00:00,13.0,942.4,65,AWS-RAN-067,Ranchi,RAN,center
2025-01-08 20:00:00,12.2,942.8,66,AWS-RAN-067,Ranchi,RAN,center
2025-01-08 21:00:00,11.3,943.0,68,AWS-RAN-067,Ranchi,RAN,center
2025-01-08 22:00:00,10.0,943.0,75,AWS-RAN-067,Ranchi,RAN,center
2025-01-08 23:00:00,10.1,942.7,74,AWS-RAN-067,Ranchi,RAN,center
2025-01-09 00:00:00,9.6,942.2,77,AWS-RAN-067,Ranchi,RAN,center
2025-01-09 01:00:00,9.3,941.7,79,AWS-RAN-067,Ranchi,RAN,center
2025-01-09 02:00:00,8.9,941.4,81,AWS-RAN-067,Ranchi,RAN,center
2025-01-09 03:00:00,8.2,941.1,84,AWS-RAN-067,Ranchi,RAN,center
2025-01-09 04:00:00,7.7,941.2,87,AWS-RAN-067,Ranchi,RAN,center
2025-01-09 05:00:00,7.3,941.6,88,AWS-RAN-067,Ranchi,RAN,center
2025-01-09 06:00:00,7.0,942.6,93,AWS-RAN-067,Ranchi,RAN,center
2025-01-09 07:00:00,8.9,944.2,88,AWS-RAN-067,Ranchi,RAN,center
2025-01-09 08:00:00,12.0,945.8,76,AWS-RAN-067,Ranchi,RAN,center
2025-01-09 09:00:00,14.6,946.5,63,AWS-RAN-067,Ranchi,RAN,center
2025-01-09 10:00:00,16.6,946.3,57,AWS-RAN-067,Ranchi,RAN,center
2025-01-09 11:00:00,18.1,945.5,50,AWS-RAN-067,Ranchi,RAN,center
2025-01-09 12:00:00,19.5,944.5,43,AWS-RAN-067,Ranchi,RAN,center
2025-01-09 13:00:00,20.6,943.7,38,AWS-RAN-067,Ranchi,RAN,center
2025-01-09 14:00:00,21.1,943.2,35,AWS-RAN-067,Ranchi,RAN,center
2025-01-09 15:00:00,20.8,942.8,35,AWS-RAN-067,Ranchi,RAN,center
2025-01-09 16:00:00,19.2,942.8,41,AWS-RAN-067,Ranchi,RAN,center
2025-01-09 17:00:00,15.7,942.5,52,AWS-RAN-067,Ranchi,RAN,center
2025-01-09 18:00:00,14.9,942.9,56,AWS-RAN-067,Ranchi,RAN,center
2025-01-09 19:00:00,13.7,943.7,60,AWS-RAN-067,Ranchi,RAN,center
2025-01-09 20:00:00,12.5,944.6,67,AWS-RAN-067,Ranchi,RAN,center
2025-01-09 21:00:00,11.3,945.2,75,AWS-RAN-067,Ranchi,RAN,center
2025-01-09 22:00:00,10.7,945.2,80,AWS-RAN-067,Ranchi,RAN,center
2025-01-09 23:00:00,10.4,944.9,83,AWS-RAN-067,Ranchi,RAN,center
2025-01-10 00:00:00,10.2,944.5,85,AWS-RAN-067,Ranchi,RAN,center
2025-01-10 01:00:00,9.8,944.0,87,AWS-RAN-067,Ranchi,RAN,center
2025-01-10 02:00:00,9.3,943.8,89,AWS-RAN-067,Ranchi,RAN,center
2025-01-10 03:00:00,9.1,943.5,90,AWS-RAN-067,Ranchi,RAN,center
2025-01-10 04:00:00,8.9,943.6,90,AWS-RAN-067,Ranchi,RAN,center
2025-01-10 05:00:00,8.6,943.9,91,AWS-RAN-067,Ranchi,RAN,center
2025-01-10 06:00:00,8.3,944.5,91,AWS-RAN-067,Ranchi,RAN,center
2025-01-10 07:00:00,10.0,945.6,85,AWS-RAN-067,Ranchi,RAN,center
2025-01-10 08:00:00,13.0,947.1,72,AWS-RAN-067,Ranchi,RAN,center
2025-01-10 09:00:00,15.5,948.1,60,AWS-RAN-067,Ranchi,RAN,center
2025-01-10 10:00:00,17.6,948.1,50,AWS-RAN-067,Ranchi,RAN,center
2025-01-10 11:00:00,19.3,947.4,42,AWS-RAN-067,Ranchi,RAN,center
2025-01-10 12:00:00,20.6,946.3,36,AWS-RAN-067,Ranchi,RAN,center
2025-01-10 13:00:00,21.4,945.6,31,AWS-RAN-067,Ranchi,RAN,center
2025-01-10 14:00:00,21.7,945.2,28,AWS-RAN-067,Ranchi,RAN,center
2025-01-10 15:00:00,21.2,944.9,31,AWS-RAN-067,Ranchi,RAN,center
2025-01-10 16:00:00,19.6,944.7,40,AWS-RAN-067,Ranchi,RAN,center
2025-01-10 17:00:00,15.3,943.9,56,AWS-RAN-067,Ranchi,RAN,center
2025-01-10 18:00:00,14.8,943.9,60,AWS-RAN-067,Ranchi,RAN,center
2025-01-10 19:00:00,14.0,944.3,64,AWS-RAN-067,Ranchi,RAN,center
2025-01-10 20:00:00,12.7,944.7,71,AWS-RAN-067,Ranchi,RAN,center
2025-01-10 21:00:00,11.9,945.0,75,AWS-RAN-067,Ranchi,RAN,center
2025-01-10 22:00:00,11.2,945.0,79,AWS-RAN-067,Ranchi,RAN,center
2025-01-10 23:00:00,10.8,944.5,80,AWS-RAN-067,Ranchi,RAN,center
2025-01-11 00:00:00,10.4,943.8,81,AWS-RAN-067,Ranchi,RAN,center
2025-01-11 01:00:00,9.9,943.5,83,AWS-RAN-067,Ranchi,RAN,center
2025-01-11 02:00:00,9.3,943.1,86,AWS-RAN-067,Ranchi,RAN,center
2025-01-11 03:00:00,9.0,942.8,86,AWS-RAN-067,Ranchi,RAN,center
2025-01-11 04:00:00,8.8,942.7,85,AWS-RAN-067,Ranchi,RAN,center
2025-01-11 05:00:00,8.9,943.5,84,AWS-RAN-067,Ranchi,RAN,center
2025-01-11 06:00:00,9.2,944.5,83,AWS-RAN-067,Ranchi,RAN,center
2025-01-11 07:00:00,10.9,945.8,81,AWS-RAN-067,Ranchi,RAN,center
2025-01-11 08:00:00,14.5,947.5,66,AWS-RAN-067,Ranchi,RAN,center
2025-01-11 09:00:00,17.2,948.7,57,AWS-RAN-067,Ranchi,RAN,center
2025-01-11 10:00:00,19.1,948.4,50,AWS-RAN-067,Ranchi,RAN,center
2025-01-11 11:00:00,20.6,947.5,45,AWS-RAN-067,Ranchi,RAN,center
2025-01-11 12:00:00,21.7,946.4,39,AWS-RAN-067,Ranchi,RAN,center
2025-01-11 13:00:00,22.4,945.4,35,AWS-RAN-067,Ranchi,RAN,center
2025-01-11 14:00:00,22.8,944.7,32,AWS-RAN-067,Ranchi,RAN,center
2025-01-11 15:00:00,22.7,944.2,32,AWS-RAN-067,Ranchi,RAN,center
2025-01-11 16:00:00,21.5,943.9,40,AWS-RAN-067,Ranchi,RAN,center
2025-01-11 17:00:00,17.1,943.1,54,AWS-RAN-067,Ranchi,RAN,center
2025-01-11 18:00:00,15.6,943.2,61,AWS-RAN-067,Ranchi,RAN,center
2025-01-11 19:00:00,14.4,943.5,63,AWS-RAN-067,Ranchi,RAN,center
2025-01-11 20:00:00,14.4,944.2,59,AWS-RAN-067,Ranchi,RAN,center
2025-01-11 21:00:00,14.3,944.6,58,AWS-RAN-067,Ranchi,RAN,center
2025-01-11 22:00:00,13.5,944.6,61,AWS-RAN-067,Ranchi,RAN,center
2025-01-11 23:00:00,12.7,944.3,64,AWS-RAN-067,Ranchi,RAN,center
2025-01-12 00:00:00,12.2,943.9,64,AWS-RAN-067,Ranchi,RAN,center
2025-01-12 01:00:00,12.1,943.8,63,AWS-RAN-067,Ranchi,RAN,center
2025-01-12 02:00:00,12.0,943.4,63,AWS-RAN-067,Ranchi,RAN,center
2025-01-12 03:00:00,11.6,942.9,66,AWS-RAN-067,Ranchi,RAN,center
2025-01-12 04:00:00,11.3,942.8,72,AWS-RAN-067,Ranchi,RAN,center
2025-01-12 05:00:00,10.8,943.1,76,AWS-RAN-067,Ranchi,RAN,center
2025-01-12 06:00:00,10.2,943.6,79,AWS-RAN-067,Ranchi,RAN,center
2025-01-12 07:00:00,12.4,945.0,71,AWS-RAN-067,Ranchi,RAN,center
2025-01-12 08:00:00,15.9,946.6,57,AWS-RAN-067,Ranchi,RAN,center
2025-01-12 09:00:00,18.6,947.5,48,AWS-RAN-067,Ranchi,RAN,center
2025-01-12 10:00:00,20.4,947.1,45,AWS-RAN-067,Ranchi,RAN,center
2025-01-12 11:00:00,21.7,946.3,42,AWS-RAN-067,Ranchi,RAN,center
2025-01-12 12:00:00,22.7,945.0,38,AWS-RAN-067,Ranchi,RAN,center
2025-01-12 13:00:00,23.3,944.0,35,AWS-RAN-067,Ranchi,RAN,center
2025-01-12 14:00:00,23.6,943.1,34,AWS-RAN-067,Ranchi,RAN,center
2025-01-12 15:00:00,23.5,942.7,34,AWS-RAN-067,Ranchi,RAN,center
2025-01-12 16:00:00,22.6,942.5,50,AWS-RAN-067,Ranchi,RAN,center
2025-01-12 17:00:00,19.5,942.3,49,AWS-RAN-067,Ranchi,RAN,center
2025-01-12 18:00:00,17.7,943.0,55,AWS-RAN-067,Ranchi,RAN,center
2025-01-12 19:00:00,16.3,943.2,61,AWS-RAN-067,Ranchi,RAN,center
2025-01-12 20:00:00,15.8,943.6,61,AWS-RAN-067,Ranchi,RAN,center
2025-01-12 21:00:00,16.1,943.9,58,AWS-RAN-067,Ranchi,RAN,center
2025-01-12 22:00:00,14.6,943.5,64,AWS-RAN-067,Ranchi,RAN,center
2025-01-12 23:00:00,13.9,943.1,67,AWS-RAN-067,Ranchi,RAN,center
2025-01-13 00:00:00,13.7,942.9,74,AWS-RAN-067,Ranchi,RAN,center
2025-01-13 01:00:00,13.7,942.6,78,AWS-RAN-067,Ranchi,RAN,center
2025-01-13 02:00:00,13.4,942.0,81,AWS-RAN-067,Ranchi,RAN,center
2025-01-13 03:00:00,13.0,941.7,85,AWS-RAN-067,Ranchi,RAN,center
2025-01-13 04:00:00,12.5,941.6,89,AWS-RAN-067,Ranchi,RAN,center
2025-01-13 05:00:00,12.6,942.1,90,AWS-RAN-067,Ranchi,RAN,center
2025-01-13 06:00:00,13.1,942.9,89,AWS-RAN-067,Ranchi,RAN,center
2025-01-13 07:00:00,14.2,943.8,86,AWS-RAN-067,Ranchi,RAN,center
2025-01-13 08:00:00,17.2,945.1,74,AWS-RAN-067,Ranchi,RAN,center
2025-01-13 09:00:00,19.5,945.8,57,AWS-RAN-067,Ranchi,RAN,center
2025-01-13 10:00:00,20.7,945.5,53,AWS-RAN-067,Ranchi,RAN,center
2025-01-13 11:00:00,21.8,944.7,49,AWS-RAN-067,Ranchi,RAN,center
2025-01-13 12:00:00,22.6,943.7,47,AWS-RAN-067,Ranchi,RAN,center
2025-01-13 13:00:00,23.3,942.5,44,AWS-RAN-067,Ranchi,RAN,center
2025-01-13 14:00:00,23.7,941.7,41,AWS-RAN-067,Ranchi,RAN,center
2025-01-13 15:00:00,23.4,941.4,41,AWS-RAN-067,Ranchi,RAN,center
2025-01-13 16:00:00,21.8,941.5,48,AWS-RAN-067,Ranchi,RAN,center
2025-01-13 17:00:00,19.3,941.9,60,AWS-RAN-067,Ranchi,RAN,center
2025-01-13 18:00:00,17.6,942.2,67,AWS-RAN-067,Ranchi,RAN,center
2025-01-13 19:00:00,16.3,942.9,73,AWS-RAN-067,Ranchi,RAN,center
2025-01-13 20:00:00,15.5,943.4,78,AWS-RAN-067,Ranchi,RAN,center
2025-01-13 21:00:00,14.7,943.6,84,AWS-RAN-067,Ranchi,RAN,center
2025-01-13 22:00:00,13.8,943.7,90,AWS-RAN-067,Ranchi,RAN,center
2025-01-13 23:00:00,13.3,943.5,92,AWS-RAN-067,Ranchi,RAN,center
2025-01-14 00:00:00,13.3,943.3,93,AWS-RAN-067,Ranchi,RAN,center
2025-01-14 01:00:00,13.3,943.1,94,AWS-RAN-067,Ranchi,RAN,center
2025-01-14 02:00:00,13.0,942.8,94,AWS-RAN-067,Ranchi,RAN,center
2025-01-14 03:00:00,12.7,942.7,95,AWS-RAN-067,Ranchi,RAN,center
2025-01-14 04:00:00,12.4,942.8,96,AWS-RAN-067,Ranchi,RAN,center
2025-01-14 05:00:00,12.2,943.3,97,AWS-RAN-067,Ranchi,RAN,center
2025-01-14 06:00:00,11.7,944.1,99,AWS-RAN-067,Ranchi,RAN,center
2025-01-14 07:00:00,12.3,945.2,98,AWS-RAN-067,Ranchi,RAN,center
2025-01-14 08:00:00,13.5,946.5,94,AWS-RAN-067,Ranchi,RAN,center
2025-01-14 09:00:00,16.8,947.9,76,AWS-RAN-067,Ranchi,RAN,center
2025-01-14 10:00:00,19.2,948.1,64,AWS-RAN-067,Ranchi,RAN,center
2025-01-14 11:00:00,20.8,947.3,57,AWS-RAN-067,Ranchi,RAN,center
2025-01-14 12:00:00,22.0,946.1,49,AWS-RAN-067,Ranchi,RAN,center
2025-01-14 13:00:00,22.6,944.9,43,AWS-RAN-067,Ranchi,RAN,center
2025-01-14 14:00:00,22.7,944.3,41,AWS-RAN-067,Ranchi,RAN,center
2025-01-14 15:00:00,22.2,944.2,42,AWS-RAN-067,Ranchi,RAN,center
2025-01-14 16:00:00,20.8,944.3,46,AWS-RAN-067,Ranchi,RAN,center
2025-01-14 17:00:00,18.2,944.4,54,AWS-RAN-067,Ranchi,RAN,center
2025-01-14 18:00:00,16.7,944.9,61,AWS-RAN-067,Ranchi,RAN,center
2025-01-14 19:00:00,15.0,945.4,67,AWS-RAN-067,Ranchi,RAN,center
2025-01-14 20:00:00,14.4,945.9,69,AWS-RAN-067,Ranchi,RAN,center
2025-01-14 21:00:00,13.9,946.4,73,AWS-RAN-067,Ranchi,RAN,center
2025-01-14 22:00:00,13.0,945.9,80,AWS-RAN-067,Ranchi,RAN,center
2025-01-14 23:00:00,12.0,945.7,87,AWS-RAN-067,Ranchi,RAN,center
2025-01-15 00:00:00,11.7,945.4,88,AWS-RAN-067,Ranchi,RAN,center
2025-01-15 01:00:00,11.5,944.8,88,AWS-RAN-067,Ranchi,RAN,center
2025-01-15 02:00:00,11.6,944.2,87,AWS-RAN-067,Ranchi,RAN,center
2025-01-15 03:00:00,11.7,944.0,86,AWS-RAN-067,Ranchi,RAN,center
2025-01-15 04:00:00,11.5,944.2,86,AWS-RAN-067,Ranchi,RAN,center
2025-01-15 05:00:00,11.2,944.9,87,AWS-RAN-067,Ranchi,RAN,center
2025-01-15 06:00:00,10.5,945.7,91,AWS-RAN-067,Ranchi,RAN,center
2025-01-15 07:00:00,12.5,946.7,86,AWS-RAN-067,Ranchi,RAN,center
2025-01-15 08:00:00,15.8,948.2,72,AWS-RAN-067,Ranchi,RAN,center
2025-01-15 09:00:00,18.0,949.0,63,AWS-RAN-067,Ranchi,RAN,center
2025-01-15 10:00:00,19.7,948.9,55,AWS-RAN-067,Ranchi,RAN,center
2025-01-15 11:00:00,20.8,947.8,48,AWS-RAN-067,Ranchi,RAN,center
2025-01-15 12:00:00,21.5,946.4,45,AWS-RAN-067,Ranchi,RAN,center
2025-01-15 13:00:00,22.0,945.3,43,AWS-RAN-067,Ranchi,RAN,center
2025-01-15 14:00:00,22.1,944.7,40,AWS-RAN-067,Ranchi,RAN,center
2025-01-15 15:00:00,21.7,944.4,39,AWS-RAN-067,Ranchi,RAN,center
2025-01-15 16:00:00,20.5,944.3,42,AWS-RAN-067,Ranchi,RAN,center
2025-01-15 17:00:00,17.6,943.9,52,AWS-RAN-067,Ranchi,RAN,center
2025-01-15 18:00:00,16.7,945.0,57,AWS-RAN-067,Ranchi,RAN,center
2025-01-15 19:00:00,15.7,945.2,60,AWS-RAN-067,Ranchi,RAN,center
2025-01-15 20:00:00,14.4,945.5,67,AWS-RAN-067,Ranchi,RAN,center
2025-01-15 21:00:00,13.1,945.2,75,AWS-RAN-067,Ranchi,RAN,center
2025-01-15 22:00:00,11.7,945.0,83,AWS-RAN-067,Ranchi,RAN,center
2025-01-15 23:00:00,10.9,944.4,86,AWS-RAN-067,Ranchi,RAN,center
2025-01-16 00:00:00,10.7,944.0,86,AWS-RAN-067,Ranchi,RAN,center
2025-01-16 01:00:00,10.5,943.5,85,AWS-RAN-067,Ranchi,RAN,center
2025-01-16 02:00:00,10.3,942.8,85,AWS-RAN-067,Ranchi,RAN,center
2025-01-16 03:00:00,10.4,942.3,83,AWS-RAN-067,Ranchi,RAN,center
2025-01-16 04:00:00,10.4,942.3,83,AWS-RAN-067,Ranchi,RAN,center
2025-01-16 05:00:00,9.9,942.6,85,AWS-RAN-067,Ranchi,RAN,center
2025-01-16 06:00:00,9.9,944.0,90,AWS-RAN-067,Ranchi,RAN,center
2025-01-16 07:00:00,11.6,945.1,83,AWS-RAN-067,Ranchi,RAN,center
2025-01-16 08:00:00,14.7,946.5,70,AWS-RAN-067,Ranchi,RAN,center
2025-01-16 09:00:00,17.0,947.7,57,AWS-RAN-067,Ranchi,RAN,center
2025-01-16 10:00:00,18.5,947.5,52,AWS-RAN-067,Ranchi,RAN,center
2025-01-16 11:00:00,19.7,946.7,48,AWS-RAN-067,Ranchi,RAN,center
2025-01-16 12:00:00,20.7,945.6,44,AWS-RAN-067,Ranchi,RAN,center
2025-01-16 13:00:00,21.4,944.7,38,AWS-RAN-067,Ranchi,RAN,center
2025-01-16 14:00:00,21.8,944.2,34,AWS-RAN-067,Ranchi,RAN,center
2025-01-16 15:00:00,21.5,943.9,33,AWS-RAN-067,Ranchi,RAN,center
2025-01-16 16:00:00,20.2,944.1,36,AWS-RAN-067,Ranchi,RAN,center
2025-01-16 17:00:00,17.2,943.9,43,AWS-RAN-067,Ranchi,RAN,center
2025-01-16 18:00:00,16.3,944.3,53,AWS-RAN-067,Ranchi,RAN,center
2025-01-16 19:00:00,15.1,945.0,58,AWS-RAN-067,Ranchi,RAN,center
2025-01-16 20:00:00,14.0,945.4,64,AWS-RAN-067,Ranchi,RAN,center
2025-01-16 21:00:00,12.8,945.2,71,AWS-RAN-067,Ranchi,RAN,center
2025-01-16 22:00:00,11.2,944.8,79,AWS-RAN-067,Ranchi,RAN,center
2025-01-16 23:00:00,11.3,944.8,79,AWS-RAN-067,Ranchi,RAN,center
2025-01-17 00:00:00,11.3,944.5,77,AWS-RAN-067,Ranchi,RAN,center
2025-01-17 01:00:00,10.9,944.1,76,AWS-RAN-067,Ranchi,RAN,center
2025-01-17 02:00:00,10.8,943.7,73,AWS-RAN-067,Ranchi,RAN,center
2025-01-17 03:00:00,10.1,942.9,73,AWS-RAN-067,Ranchi,RAN,center
2025-01-17 04:00:00,9.8,942.6,70,AWS-RAN-067,Ranchi,RAN,center
2025-01-17 05:00:00,10.3,943.2,64,AWS-RAN-067,Ranchi,RAN,center
2025-01-17 06:00:00,9.5,943.7,79,AWS-RAN-067,Ranchi,RAN,center
2025-01-17 07:00:00,11.4,944.5,69,AWS-RAN-067,Ranchi,RAN,center
2025-01-17 08:00:00,14.2,945.5,59,AWS-RAN-067,Ranchi,RAN,center
2025-01-17 09:00:00,16.5,946.3,46,AWS-RAN-067,Ranchi,RAN,center
2025-01-17 10:00:00,18.0,946.3,38,AWS-RAN-067,Ranchi,RAN,center
2025-01-17 11:00:00,19.1,945.7,33,AWS-RAN-067,Ranchi,RAN,center
2025-01-17 12:00:00,18.9,944.8,34,AWS-RAN-067,Ranchi,RAN,center
2025-01-17 13:00:00,19.9,943.8,34,AWS-RAN-067,Ranchi,RAN,center
2025-01-17 14:00:00,20.4,943.1,35,AWS-RAN-067,Ranchi,RAN,center
2025-01-17 15:00:00,20.2,943.0,36,AWS-RAN-067,Ranchi,RAN,center
2025-01-17 16:00:00,19.1,943.1,40,AWS-RAN-067,Ranchi,RAN,center
2025-01-17 17:00:00,16.0,942.6,52,AWS-RAN-067,Ranchi,RAN,center
2025-01-17 18:00:00,15.2,942.8,59,AWS-RAN-067,Ranchi,RAN,center
2025-01-17 19:00:00,14.4,943.6,63,AWS-RAN-067,Ranchi,RAN,center
2025-01-17 20:00:00,13.8,944.0,73,AWS-RAN-067,Ranchi,RAN,center
2025-01-17 21:00:00,13.2,944.0,80,AWS-RAN-067,Ranchi,RAN,center
2025-01-17 22:00:00,12.7,943.9,82,AWS-RAN-067,Ranchi,RAN,center
2025-01-17 23:00:00,12.6,943.3,79,AWS-RAN-067,Ranchi,RAN,center
2025-01-18 00:00:00,12.8,943.1,73,AWS-RAN-067,Ranchi,RAN,center
2025-01-18 01:00:00,12.9,942.8,70,AWS-RAN-067,Ranchi,RAN,center
2025-01-18 02:00:00,12.7,942.6,70,AWS-RAN-067,Ranchi,RAN,center
2025-01-18 03:00:00,12.3,942.3,74,AWS-RAN-067,Ranchi,RAN,center
2025-01-18 04:00:00,11.9,942.0,77,AWS-RAN-067,Ranchi,RAN,center
2025-01-18 05:00:00,11.7,942.3,78,AWS-RAN-067,Ranchi,RAN,center
2025-01-18 06:00:00,11.7,943.5,80,AWS-RAN-067,Ranchi,RAN,center
2025-01-18 07:00:00,12.3,944.4,79,AWS-RAN-067,Ranchi,RAN,center
2025-01-18 08:00:00,14.9,945.7,68,AWS-RAN-067,Ranchi,RAN,center
2025-01-18 09:00:00,17.6,946.6,55,AWS-RAN-067,Ranchi,RAN,center
2025-01-18 10:00:00,19.7,946.8,46,AWS-RAN-067,Ranchi,RAN,center
2025-01-18 11:00:00,21.4,946.2,41,AWS-RAN-067,Ranchi,RAN,center
2025-01-18 12:00:00,22.5,945.1,38,AWS-RAN-067,Ranchi,RAN,center
2025-01-18 13:00:00,23.1,944.1,38,AWS-RAN-067,Ranchi,RAN,center
2025-01-18 14:00:00,23.2,943.1,39,AWS-RAN-067,Ranchi,RAN,center
2025-01-18 15:00:00,22.8,942.8,40,AWS-RAN-067,Ranchi,RAN,center
2025-01-18 16:00:00,21.7,942.7,43,AWS-RAN-067,Ranchi,RAN,center
2025-01-18 17:00:00,18.2,942.2,57,AWS-RAN-067,Ranchi,RAN,center
2025-01-18 18:00:00,17.0,942.6,58,AWS-RAN-067,Ranchi,RAN,center
2025-01-18 19:00:00,15.9,943.2,62,AWS-RAN-067,Ranchi,RAN,center
2025-01-18 20:00:00,14.8,943.3,67,AWS-RAN-067,Ranchi,RAN,center
2025-01-18 21:00:00,14.2,943.3,70,AWS-RAN-067,Ranchi,RAN,center
2025-01-18 22:00:00,13.9,943.4,70,AWS-RAN-067,Ranchi,RAN,center
2025-01-18 23:00:00,13.3,942.9,71,AWS-RAN-067,Ranchi,RAN,center
2025-01-19 00:00:00,12.9,942.2,71,AWS-RAN-067,Ranchi,RAN,center
2025-01-19 01:00:00,12.4,941.6,73,AWS-RAN-067,Ranchi,RAN,center
2025-01-19 02:00:00,12.3,941.1,73,AWS-RAN-067,Ranchi,RAN,center
2025-01-19 03:00:00,12.2,940.9,72,AWS-RAN-067,Ranchi,RAN,center
2025-01-19 04:00:00,11.8,941.0,73,AWS-RAN-067,Ranchi,RAN,center
2025-01-19 05:00:00,11.6,941.5,74,AWS-RAN-067,Ranchi,RAN,center
2025-01-19 06:00:00,11.1,942.7,80,AWS-RAN-067,Ranchi,RAN,center
2025-01-19 07:00:00,12.3,943.7,77,AWS-RAN-067,Ranchi,RAN,center
2025-01-19 08:00:00,15.2,945.3,66,AWS-RAN-067,Ranchi,RAN,center
2025-01-19 09:00:00,17.9,946.0,54,AWS-RAN-067,Ranchi,RAN,center
2025-01-19 10:00:00,20.0,945.9,41,AWS-RAN-067,Ranchi,RAN,center
2025-01-19 11:00:00,21.8,945.2,31,AWS-RAN-067,Ranchi,RAN,center
2025-01-19 12:00:00,23.1,944.0,26,AWS-RAN-067,Ranchi,RAN,center
2025-01-19 13:00:00,23.8,943.0,23,AWS-RAN-067,Ranchi,RAN,center
2025-01-19 14:00:00,23.9,942.3,21,AWS-RAN-067,Ranchi,RAN,center
2025-01-19 15:00:00,23.2,942.0,24,AWS-RAN-067,Ranchi,RAN,center
2025-01-19 16:00:00,21.7,941.7,29,AWS-RAN-067,Ranchi,RAN,center
2025-01-19 17:00:00,18.4,941.2,39,AWS-RAN-067,Ranchi,RAN,center
2025-01-19 18:00:00,17.2,941.3,46,AWS-RAN-067,Ranchi,RAN,center
2025-01-19 19:00:00,16.3,941.5,52,AWS-RAN-067,Ranchi,RAN,center
2025-01-19 20:00:00,15.6,941.6,55,AWS-RAN-067,Ranchi,RAN,center
2025-01-19 21:00:00,15.2,941.6,55,AWS-RAN-067,Ranchi,RAN,center
2025-01-19 22:00:00,15.0,941.5,51,AWS-RAN-067,Ranchi,RAN,center
2025-01-19 23:00:00,14.6,941.1,51,AWS-RAN-067,Ranchi,RAN,center
2025-01-20 00:00:00,14.1,940.5,54,AWS-RAN-067,Ranchi,RAN,center
2025-01-20 01:00:00,13.9,940.0,54,AWS-RAN-067,Ranchi,RAN,center
2025-01-20 02:00:00,13.7,939.8,52,AWS-RAN-067,Ranchi,RAN,center
2025-01-20 03:00:00,13.3,939.5,51,AWS-RAN-067,Ranchi,RAN,center
2025-01-20 04:00:00,12.8,939.3,53,AWS-RAN-067,Ranchi,RAN,center
2025-01-20 05:00:00,12.4,939.6,56,AWS-RAN-067,Ranchi,RAN,center
2025-01-20 06:00:00,11.7,940.3,66,AWS-RAN-067,Ranchi,RAN,center
2025-01-20 07:00:00,13.0,941.5,64,AWS-RAN-067,Ranchi,RAN,center
2025-01-20 08:00:00,15.9,942.7,57,AWS-RAN-067,Ranchi,RAN,center
2025-01-20 09:00:00,18.8,943.6,48,AWS-RAN-067,Ranchi,RAN,center
2025-01-20 10:00:00,21.1,943.7,41,AWS-RAN-067,Ranchi,RAN,center
2025-01-20 11:00:00,22.7,943.2,37,AWS-RAN-067,Ranchi,RAN,center
2025-01-20 12:00:00,23.7,942.5,36,AWS-RAN-067,Ranchi,RAN,center
2025-01-20 13:00:00,24.3,941.8,34,AWS-RAN-067,Ranchi,RAN,center
2025-01-20 14:00:00,24.5,940.9,33,AWS-RAN-067,Ranchi,RAN,center
2025-01-20 15:00:00,24.0,940.4,33,AWS-RAN-067,Ranchi,RAN,center
2025-01-20 16:00:00,22.7,940.3,39,AWS-RAN-067,Ranchi,RAN,center
2025-01-20 17:00:00,20.1,940.0,48,AWS-RAN-067,Ranchi,RAN,center
2025-01-20 18:00:00,19.0,940.2,54,AWS-RAN-067,Ranchi,RAN,center
2025-01-20 19:00:00,18.0,940.7,61,AWS-RAN-067,Ranchi,RAN,center
2025-01-20 20:00:00,17.5,940.9,65,AWS-RAN-067,Ranchi,RAN,center
2025-01-20 21:00:00,17.3,940.9,66,AWS-RAN-067,Ranchi,RAN,center
2025-01-20 22:00:00,16.9,940.9,67,AWS-RAN-067,Ranchi,RAN,center
2025-01-20 23:00:00,16.4,940.6,68,AWS-RAN-067,Ranchi,RAN,center
2025-01-21 00:00:00,16.0,940.0,69,AWS-RAN-067,Ranchi,RAN,center
2025-01-21 01:00:00,15.7,939.4,70,AWS-RAN-067,Ranchi,RAN,center
2025-01-21 02:00:00,15.5,938.7,69,AWS-RAN-067,Ranchi,RAN,center
2025-01-21 03:00:00,15.2,938.5,68,AWS-RAN-067,Ranchi,RAN,center
2025-01-21 04:00:00,15.0,938.5,70,AWS-RAN-067,Ranchi,RAN,center
2025-01-21 05:00:00,14.7,938.8,75,AWS-RAN-067,Ranchi,RAN,center
2025-01-21 06:00:00,13.7,939.2,83,AWS-RAN-067,Ranchi,RAN,center
2025-01-21 07:00:00,14.7,940.2,80,AWS-RAN-067,Ranchi,RAN,center
2025-01-21 08:00:00,17.2,941.7,71,AWS-RAN-067,Ranchi,RAN,center
2025-01-21 09:00:00,19.7,942.8,59,AWS-RAN-067,Ranchi,RAN,center
2025-01-21 10:00:00,22.0,943.2,45,AWS-RAN-067,Ranchi,RAN,center
2025-01-21 11:00:00,23.8,942.7,37,AWS-RAN-067,Ranchi,RAN,center
2025-01-21 12:00:00,25.1,941.9,31,AWS-RAN-067,Ranchi,RAN,center
2025-01-21 13:00:00,25.8,941.1,28,AWS-RAN-067,Ranchi,RAN,center
2025-01-21 14:00:00,26.0,940.2,26,AWS-RAN-067,Ranchi,RAN,center
2025-01-21 15:00:00,25.5,940.1,26,AWS-RAN-067,Ranchi,RAN,center
2025-01-21 16:00:00,24.0,940.0,30,AWS-RAN-067,Ranchi,RAN,center
2025-01-21 17:00:00,21.2,939.7,38,AWS-RAN-067,Ranchi,RAN,center
2025-01-21 18:00:00,19.6,940.2,49,AWS-RAN-067,Ranchi,RAN,center
2025-01-21 19:00:00,18.5,940.5,53,AWS-RAN-067,Ranchi,RAN,center
2025-01-21 20:00:00,17.8,940.8,53,AWS-RAN-067,Ranchi,RAN,center
2025-01-21 21:00:00,17.4,940.8,54,AWS-RAN-067,Ranchi,RAN,center
2025-01-21 22:00:00,17.1,940.6,55,AWS-RAN-067,Ranchi,RAN,center
2025-01-21 23:00:00,16.9,940.6,57,AWS-RAN-067,Ranchi,RAN,center
2025-01-22 00:00:00,16.6,940.2,58,AWS-RAN-067,Ranchi,RAN,center
2025-01-22 01:00:00,16.1,939.8,57,AWS-RAN-067,Ranchi,RAN,center
2025-01-22 02:00:00,15.6,939.3,55,AWS-RAN-067,Ranchi,RAN,center
2025-01-22 03:00:00,15.1,938.9,54,AWS-RAN-067,Ranchi,RAN,center
2025-01-22 04:00:00,14.6,938.9,54,AWS-RAN-067,Ranchi,RAN,center
2025-01-22 05:00:00,14.3,939.5,56,AWS-RAN-067,Ranchi,RAN,center
2025-01-22 06:00:00,13.4,940.2,64,AWS-RAN-067,Ranchi,RAN,center
2025-01-22 07:00:00,15.0,941.1,60,AWS-RAN-067,Ranchi,RAN,center
2025-01-22 08:00:00,18.4,943.0,51,AWS-RAN-067,Ranchi,RAN,center
2025-01-22 09:00:00,21.2,944.1,43,AWS-RAN-067,Ranchi,RAN,center
2025-01-22 10:00:00,23.8,944.0,33,AWS-RAN-067,Ranchi,RAN,center
2025-01-22 11:00:00,25.7,943.5,27,AWS-RAN-067,Ranchi,RAN,center
2025-01-22 12:00:00,26.9,942.5,25,AWS-RAN-067,Ranchi,RAN,center
2025-01-22 13:00:00,27.5,941.5,25,AWS-RAN-067,Ranchi,RAN,center
2025-01-22 14:00:00,27.3,940.8,27,AWS-RAN-067,Ranchi,RAN,center
2025-01-22 15:00:00,26.3,940.4,28,AWS-RAN-067,Ranchi,RAN,center
2025-01-22 16:00:00,24.9,940.3,31,AWS-RAN-067,Ranchi,RAN,center
2025-01-22 17:00:00,22.0,940.0,39,AWS-RAN-067,Ranchi,RAN,center
2025-01-22 18:00:00,20.5,940.4,45,AWS-RAN-067,Ranchi,RAN,center
2025-01-22 19:00:00,19.1,941.0,50,AWS-RAN-067,Ranchi,RAN,center
2025-01-22 20:00:00,18.2,941.4,53,AWS-RAN-067,Ranchi,RAN,center
2025-01-22 21:00:00,17.3,941.7,56,AWS-RAN-067,Ranchi,RAN,center
2025-01-22 22:00:00,16.6,941.5,60,AWS-RAN-067,Ranchi,RAN,center
2025-01-22 23:00:00,16.1,941.3,64,AWS-RAN-067,Ranchi,RAN,center
2025-01-23 00:00:00,15.6,940.7,67,AWS-RAN-067,Ranchi,RAN,center
2025-01-23 01:00:00,15.2,940.3,70,AWS-RAN-067,Ranchi,RAN,center
2025-01-23 02:00:00,14.9,939.5,72,AWS-RAN-067,Ranchi,RAN,center
2025-01-23 03:00:00,14.7,939.3,72,AWS-RAN-067,Ranchi,RAN,center
2025-01-23 04:00:00,14.7,939.4,70,AWS-RAN-067,Ranchi,RAN,center
2025-01-23 05:00:00,14.8,940.0,67,AWS-RAN-067,Ranchi,RAN,center
2025-01-23 06:00:00,14.9,940.9,68,AWS-RAN-067,Ranchi,RAN,center
2025-01-23 07:00:00,16.3,941.9,67,AWS-RAN-067,Ranchi,RAN,center
2025-01-23 08:00:00,19.5,943.6,52,AWS-RAN-067,Ranchi,RAN,center
2025-01-23 09:00:00,22.0,944.6,46,AWS-RAN-067,Ranchi,RAN,center
2025-01-23 10:00:00,24.1,944.5,40,AWS-RAN-067,Ranchi,RAN,center
2025-01-23 11:00:00,25.8,943.9,35,AWS-RAN-067,Ranchi,RAN,center
2025-01-23 12:00:00,27.3,942.6,30,AWS-RAN-067,Ranchi,RAN,center
2025-01-23 13:00:00,28.2,941.6,26,AWS-RAN-067,Ranchi,RAN,center
2025-01-23 14:00:00,28.4,940.8,24,AWS-RAN-067,Ranchi,RAN,center
2025-01-23 15:00:00,28.0,940.4,25,AWS-RAN-067,Ranchi,RAN,center
2025-01-23 16:00:00,26.9,940.1,28,AWS-RAN-067,Ranchi,RAN,center
2025-01-23 17:00:00,23.5,940.3,41,AWS-RAN-067,Ranchi,RAN,center
2025-01-23 18:00:00,21.2,940.6,48,AWS-RAN-067,Ranchi,RAN,center
2025-01-23 19:00:00,19.9,941.4,53,AWS-RAN-067,Ranchi,RAN,center
2025-01-23 20:00:00,19.0,941.5,58,AWS-RAN-067,Ranchi,RAN,center
2025-01-23 21:00:00,18.2,941.5,61,AWS-RAN-067,Ranchi,RAN,center
2025-01-23 22:00:00,17.4,941.5,64,AWS-RAN-067,Ranchi,RAN,center
2025-01-23 23:00:00,16.7,941.2,66,AWS-RAN-067,Ranchi,RAN,center
2025-01-24 00:00:00,16.2,940.6,68,AWS-RAN-067,Ranchi,RAN,center
2025-01-24 01:00:00,16.3,940.0,68,AWS-RAN-067,Ranchi,RAN,center
2025-01-24 02:00:00,16.0,939.3,69,AWS-RAN-067,Ranchi,RAN,center
2025-01-24 03:00:00,15.4,939.1,72,AWS-RAN-067,Ranchi,RAN,center
2025-01-24 04:00:00,15.1,939.2,73,AWS-RAN-067,Ranchi,RAN,center
2025-01-24 05:00:00,14.6,939.5,75,AWS-RAN-067,Ranchi,RAN,center
2025-01-24 06:00:00,13.6,939.8,81,AWS-RAN-067,Ranchi,RAN,center
2025-01-24 07:00:00,15.4,940.9,74,AWS-RAN-067,Ranchi,RAN,center
2025-01-24 08:00:00,18.9,942.5,61,AWS-RAN-067,Ranchi,RAN,center
2025-01-24 09:00:00,21.7,943.4,52,AWS-RAN-067,Ranchi,RAN,center
2025-01-24 10:00:00,23.7,943.3,44,AWS-RAN-067,Ranchi,RAN,center
2025-01-24 11:00:00,25.3,942.7,39,AWS-RAN-067,Ranchi,RAN,center
2025-01-24 12:00:00,26.7,941.6,35,AWS-RAN-067,Ranchi,RAN,center
2025-01-24 13:00:00,27.9,940.7,30,AWS-RAN-067,Ranchi,RAN,center
2025-01-24 14:00:00,27.9,939.9,28,AWS-RAN-067,Ranchi,RAN,center
2025-01-24 15:00:00,27.1,939.4,31,AWS-RAN-067,Ranchi,RAN,center
2025-01-24 16:00:00,24.5,939.7,41,AWS-RAN-067,Ranchi,RAN,center
2025-01-24 17:00:00,23.0,939.9,46,AWS-RAN-067,Ranchi,RAN,center
2025-01-24 18:00:00,21.0,940.6,53,AWS-RAN-067,Ranchi,RAN,center
2025-01-24 19:00:00,19.2,941.3,61,AWS-RAN-067,Ranchi,RAN,center
2025-01-24 20:00:00,18.3,942.0,65,AWS-RAN-067,Ranchi,RAN,center
2025-01-24 21:00:00,17.4,941.9,69,AWS-RAN-067,Ranchi,RAN,center
2025-01-24 22:00:00,16.8,941.9,71,AWS-RAN-067,Ranchi,RAN,center
2025-01-24 23:00:00,16.3,941.3,73,AWS-RAN-067,Ranchi,RAN,center
2025-01-25 00:00:00,15.6,941.1,75,AWS-RAN-067,Ranchi,RAN,center
2025-01-25 01:00:00,14.9,940.6,79,AWS-RAN-067,Ranchi,RAN,center
2025-01-25 02:00:00,14.3,940.1,83,AWS-RAN-067,Ranchi,RAN,center
2025-01-25 03:00:00,13.8,939.9,87,AWS-RAN-067,Ranchi,RAN,center
2025-01-25 04:00:00,13.2,940.0,91,AWS-RAN-067,Ranchi,RAN,center
2025-01-25 05:00:00,13.0,940.5,92,AWS-RAN-067,Ranchi,RAN,center
2025-01-25 06:00:00,12.6,941.5,93,AWS-RAN-067,Ranchi,RAN,center
2025-01-25 07:00:00,14.0,942.5,88,AWS-RAN-067,Ranchi,RAN,center
2025-01-25 08:00:00,16.6,943.7,75,AWS-RAN-067,Ranchi,RAN,center
2025-01-25 09:00:00,19.0,944.4,63,AWS-RAN-067,Ranchi,RAN,center
2025-01-25 10:00:00,21.2,944.4,53,AWS-RAN-067,Ranchi,RAN,center
2025-01-25 11:00:00,23.2,943.8,44,AWS-RAN-067,Ranchi,RAN,center
2025-01-25 12:00:00,23.8,942.7,40,AWS-RAN-067,Ranchi,RAN,center
2025-01-25 13:00:00,24.1,941.9,38,AWS-RAN-067,Ranchi,RAN,center
2025-01-25 14:00:00,24.2,941.1,36,AWS-RAN-067,Ranchi,RAN,center
2025-01-25 15:00:00,23.6,940.9,36,AWS-RAN-067,Ranchi,RAN,center
2025-01-25 16:00:00,22.2,940.8,39,AWS-RAN-067,Ranchi,RAN,center
2025-01-25 17:00:00,19.6,940.9,45,AWS-RAN-067,Ranchi,RAN,center
2025-01-25 18:00:00,18.2,941.0,53,AWS-RAN-067,Ranchi,RAN,center
2025-01-25 19:00:00,17.1,941.3,56,AWS-RAN-067,Ranchi,RAN,center
2025-01-25 20:00:00,16.6,941.5,53,AWS-RAN-067,Ranchi,RAN,center
2025-01-25 21:00:00,16.4,941.7,49,AWS-RAN-067,Ranchi,RAN,center
2025-01-25 22:00:00,16.3,942.0,45,AWS-RAN-067,Ranchi,RAN,center
2025-01-25 23:00:00,16.0,941.7,44,AWS-RAN-067,Ranchi,RAN,center
2025-01-26 00:00:00,15.0,941.2,48,AWS-RAN-067,Ranchi,RAN,center
2025-01-26 01:00:00,13.7,940.6,54,AWS-RAN-067,Ranchi,RAN,center
2025-01-26 02:00:00,12.8,940.3,58,AWS-RAN-067,Ranchi,RAN,center
2025-01-26 03:00:00,12.0,940.0,60,AWS-RAN-067,Ranchi,RAN,center
2025-01-26 04:00:00,11.2,939.8,62,AWS-RAN-067,Ranchi,RAN,center
2025-01-26 05:00:00,10.4,940.2,63,AWS-RAN-067,Ranchi,RAN,center
2025-01-26 06:00:00,9.7,941.0,70,AWS-RAN-067,Ranchi,RAN,center
2025-01-26 07:00:00,11.9,942.3,59,AWS-RAN-067,Ranchi,RAN,center
2025-01-26 08:00:00,15.5,943.9,45,AWS-RAN-067,Ranchi,RAN,center
2025-01-26 09:00:00,17.6,944.8,35,AWS-RAN-067,Ranchi,RAN,center
2025-01-26 10:00:00,19.1,944.7,30,AWS-RAN-067,Ranchi,RAN,center
2025-01-26 11:00:00,20.3,944.1,27,AWS-RAN-067,Ranchi,RAN,center
2025-01-26 12:00:00,21.3,942.8,24,AWS-RAN-067,Ranchi,RAN,center
2025-01-26 13:00:00,22.1,941.8,22,AWS-RAN-067,Ranchi,RAN,center
2025-01-26 14:00:00,22.5,941.0,21,AWS-RAN-067,Ranchi,RAN,center
2025-01-26 15:00:00,22.3,940.4,22,AWS-RAN-067,Ranchi,RAN,center
2025-01-26 16:00:00,21.3,940.1,25,AWS-RAN-067,Ranchi,RAN,center
2025-01-26 17:00:00,18.6,939.5,32,AWS-RAN-067,Ranchi,RAN,center
2025-01-26 18:00:00,17.3,939.5,40,AWS-RAN-067,Ranchi,RAN,center
2025-01-26 19:00:00,16.6,940.2,42,AWS-RAN-067,Ranchi,RAN,center
2025-01-26 20:00:00,15.5,940.4,47,AWS-RAN-067,Ranchi,RAN,center
2025-01-26 21:00:00,14.4,940.5,51,AWS-RAN-067,Ranchi,RAN,center
2025-01-26 22:00:00,13.8,940.3,52,AWS-RAN-067,Ranchi,RAN,center
2025-01-26 23:00:00,13.4,939.9,52,AWS-RAN-067,Ranchi,RAN,center
2025-01-27 00:00:00,13.0,939.2,52,AWS-RAN-067,Ranchi,RAN,center
2025-01-27 01:00:00,12.7,938.9,52,AWS-RAN-067,Ranchi,RAN,center
2025-01-27 02:00:00,12.2,938.3,54,AWS-RAN-067,Ranchi,RAN,center
2025-01-27 03:00:00,11.4,938.1,58,AWS-RAN-067,Ranchi,RAN,center
2025-01-27 04:00:00,10.8,938.0,62,AWS-RAN-067,Ranchi,RAN,center
2025-01-27 05:00:00,10.5,938.3,64,AWS-RAN-067,Ranchi,RAN,center
2025-01-27 06:00:00,9.8,938.6,69,AWS-RAN-067,Ranchi,RAN,center
2025-01-27 07:00:00,11.5,939.8,61,AWS-RAN-067,Ranchi,RAN,center
2025-01-27 08:00:00,15.0,941.3,49,AWS-RAN-067,Ranchi,RAN,center
2025-01-27 09:00:00,17.6,942.1,37,AWS-RAN-067,Ranchi,RAN,center
2025-01-27 10:00:00,19.5,942.4,28,AWS-RAN-067,Ranchi,RAN,center
2025-01-27 11:00:00,21.0,941.7,22,AWS-RAN-067,Ranchi,RAN,center
2025-01-27 12:00:00,22.1,940.8,21,AWS-RAN-067,Ranchi,RAN,center
2025-01-27 13:00:00,22.7,939.9,20,AWS-RAN-067,Ranchi,RAN,center
2025-01-27 14:00:00,22.7,939.1,20,AWS-RAN-067,Ranchi,RAN,center
2025-01-27 15:00:00,22.2,938.8,20,AWS-RAN-067,Ranchi,RAN,center
2025-01-27 16:00:00,21.0,938.6,22,AWS-RAN-067,Ranchi,RAN,center
2025-01-27 17:00:00,17.9,938.4,27,AWS-RAN-067,Ranchi,RAN,center
2025-01-27 18:00:00,16.8,937.9,32,AWS-RAN-067,Ranchi,RAN,center
2025-01-27 19:00:00,15.8,938.4,36,AWS-RAN-067,Ranchi,RAN,center
2025-01-27 20:00:00,14.6,938.6,39,AWS-RAN-067,Ranchi,RAN,center
2025-01-27 21:00:00,13.7,939.0,42,AWS-RAN-067,Ranchi,RAN,center
2025-01-27 22:00:00,13.5,938.9,43,AWS-RAN-067,Ranchi,RAN,center
2025-01-27 23:00:00,13.4,938.4,45,AWS-RAN-067,Ranchi,RAN,center
2025-01-28 00:00:00,13.4,938.2,45,AWS-RAN-067,Ranchi,RAN,center
2025-01-28 01:00:00,13.3,938.0,46,AWS-RAN-067,Ranchi,RAN,center
2025-01-28 02:00:00,12.7,937.6,49,AWS-RAN-067,Ranchi,RAN,center
2025-01-28 03:00:00,12.0,937.1,53,AWS-RAN-067,Ranchi,RAN,center
2025-01-28 04:00:00,11.5,936.8,56,AWS-RAN-067,Ranchi,RAN,center
2025-01-28 05:00:00,11.2,937.3,59,AWS-RAN-067,Ranchi,RAN,center
2025-01-28 06:00:00,10.0,938.2,71,AWS-RAN-067,Ranchi,RAN,center
2025-01-28 07:00:00,11.9,939.8,64,AWS-RAN-067,Ranchi,RAN,center
2025-01-28 08:00:00,15.8,941.8,50,AWS-RAN-067,Ranchi,RAN,center
2025-01-28 09:00:00,18.5,943.1,39,AWS-RAN-067,Ranchi,RAN,center
2025-01-28 10:00:00,20.4,943.4,31,AWS-RAN-067,Ranchi,RAN,center
2025-01-28 11:00:00,21.9,942.7,26,AWS-RAN-067,Ranchi,RAN,center
2025-01-28 12:00:00,23.0,941.8,23,AWS-RAN-067,Ranchi,RAN,center
2025-01-28 13:00:00,23.6,941.1,22,AWS-RAN-067,Ranchi,RAN,center
2025-01-28 14:00:00,23.7,940.4,21,AWS-RAN-067,Ranchi,RAN,center
2025-01-28 15:00:00,23.3,940.2,21,AWS-RAN-067,Ranchi,RAN,center
2025-01-28 16:00:00,22.3,940.2,22,AWS-RAN-067,Ranchi,RAN,center
2025-01-28 17:00:00,19.1,939.9,30,AWS-RAN-067,Ranchi,RAN,center
2025-01-28 18:00:00,18.1,940.3,37,AWS-RAN-067,Ranchi,RAN,center
2025-01-28 19:00:00,16.1,940.7,43,AWS-RAN-067,Ranchi,RAN,center
2025-01-28 20:00:00,15.9,941.3,43,AWS-RAN-067,Ranchi,RAN,center
2025-01-28 21:00:00,15.2,941.6,44,AWS-RAN-067,Ranchi,RAN,center
2025-01-28 22:00:00,14.5,941.9,44,AWS-RAN-067,Ranchi,RAN,center
2025-01-28 23:00:00,14.8,941.8,41,AWS-RAN-067,Ranchi,RAN,center
2025-01-29 00:00:00,14.1,941.6,42,AWS-RAN-067,Ranchi,RAN,center
2025-01-29 01:00:00,13.5,941.3,44,AWS-RAN-067,Ranchi,RAN,center
2025-01-29 02:00:00,13.1,940.9,47,AWS-RAN-067,Ranchi,RAN,center
2025-01-29 03:00:00,12.8,940.6,50,AWS-RAN-067,Ranchi,RAN,center
2025-01-29 04:00:00,12.4,940.4,56,AWS-RAN-067,Ranchi,RAN,center
2025-01-29 05:00:00,11.7,940.7,64,AWS-RAN-067,Ranchi,RAN,center
2025-01-29 06:00:00,10.7,941.4,74,AWS-RAN-067,Ranchi,RAN,center
2025-01-29 07:00:00,13.0,942.9,68,AWS-RAN-067,Ranchi,RAN,center
2025-01-29 08:00:00,16.3,944.4,58,AWS-RAN-067,Ranchi,RAN,center
2025-01-29 09:00:00,19.3,945.6,50,AWS-RAN-067,Ranchi,RAN,center
2025-01-29 10:00:00,21.7,945.8,41,AWS-RAN-067,Ranchi,RAN,center
2025-01-29 11:00:00,23.5,945.2,34,AWS-RAN-067,Ranchi,RAN,center
2025-01-29 12:00:00,24.9,944.0,29,AWS-RAN-067,Ranchi,RAN,center
2025-01-29 13:00:00,25.8,942.8,25,AWS-RAN-067,Ranchi,RAN,center
2025-01-29 14:00:00,26.3,941.7,23,AWS-RAN-067,Ranchi,RAN,center
2025-01-29 15:00:00,26.1,941.4,22,AWS-RAN-067,Ranchi,RAN,center
2025-01-29 16:00:00,24.9,941.0,24,AWS-RAN-067,Ranchi,RAN,center
2025-01-29 17:00:00,21.8,940.8,32,AWS-RAN-067,Ranchi,RAN,center
2025-01-29 18:00:00,20.0,940.8,46,AWS-RAN-067,Ranchi,RAN,center
2025-01-29 19:00:00,18.7,941.2,58,AWS-RAN-067,Ranchi,RAN,center
2025-01-29 20:00:00,18.4,941.6,63,AWS-RAN-067,Ranchi,RAN,center
2025-01-29 21:00:00,18.6,941.5,62,AWS-RAN-067,Ranchi,RAN,center
2025-01-29 22:00:00,18.4,941.4,60,AWS-RAN-067,Ranchi,RAN,center
2025-01-29 23:00:00,17.3,940.8,59,AWS-RAN-067,Ranchi,RAN,center
2025-01-30 00:00:00,17.5,940.2,59,AWS-RAN-067,Ranchi,RAN,center
2025-01-30 01:00:00,17.0,939.6,64,AWS-RAN-067,Ranchi,RAN,center
2025-01-30 02:00:00,16.4,938.6,68,AWS-RAN-067,Ranchi,RAN,center
2025-01-30 03:00:00,15.9,938.0,71,AWS-RAN-067,Ranchi,RAN,center
2025-01-30 04:00:00,16.0,937.7,71,AWS-RAN-067,Ranchi,RAN,center
2025-01-30 05:00:00,16.0,937.8,72,AWS-RAN-067,Ranchi,RAN,center
2025-01-30 06:00:00,15.2,938.5,76,AWS-RAN-067,Ranchi,RAN,center
2025-01-30 07:00:00,17.2,939.8,66,AWS-RAN-067,Ranchi,RAN,center
2025-01-30 08:00:00,20.8,941.3,53,AWS-RAN-067,Ranchi,RAN,center
2025-01-30 09:00:00,23.6,942.1,46,AWS-RAN-067,Ranchi,RAN,center
2025-01-30 10:00:00,25.8,942.1,40,AWS-RAN-067,Ranchi,RAN,center
2025-01-30 11:00:00,27.5,941.7,34,AWS-RAN-067,Ranchi,RAN,center
2025-01-30 12:00:00,28.0,940.6,34,AWS-RAN-067,Ranchi,RAN,center
2025-01-30 13:00:00,28.4,939.3,32,AWS-RAN-067,Ranchi,RAN,center
2025-01-30 14:00:00,28.2,938.5,32,AWS-RAN-067,Ranchi,RAN,center
2025-01-30 15:00:00,27.2,938.0,33,AWS-RAN-067,Ranchi,RAN,center
2025-01-30 16:00:00,25.7,938.0,36,AWS-RAN-067,Ranchi,RAN,center
2025-01-30 17:00:00,23.4,937.9,40,AWS-RAN-067,Ranchi,RAN,center
2025-01-30 18:00:00,21.5,938.0,47,AWS-RAN-067,Ranchi,RAN,center
2025-01-30 19:00:00,19.7,938.5,52,AWS-RAN-067,Ranchi,RAN,center
2025-01-30 20:00:00,19.1,938.7,53,AWS-RAN-067,Ranchi,RAN,center
2025-01-30 21:00:00,19.1,938.9,51,AWS-RAN-067,Ranchi,RAN,center
2025-01-30 22:00:00,18.5,938.6,52,AWS-RAN-067,Ranchi,RAN,center
2025-01-30 23:00:00,17.5,938.0,55,AWS-RAN-067,Ranchi,RAN,center
2025-01-31 00:00:00,16.7,937.4,59,AWS-RAN-067,Ranchi,RAN,center
2025-01-31 01:00:00,16.7,937.1,59,AWS-RAN-067,Ranchi,RAN,center
2025-01-31 02:00:00,16.5,936.7,61,AWS-RAN-067,Ranchi,RAN,center
2025-01-31 03:00:00,16.2,936.5,64,AWS-RAN-067,Ranchi,RAN,center
2025-01-31 04:00:00,15.7,936.4,67,AWS-RAN-067,Ranchi,RAN,center
2025-01-31 05:00:00,15.2,937.0,70,AWS-RAN-067,Ranchi,RAN,center
2025-01-31 06:00:00,14.5,937.9,78,AWS-RAN-067,Ranchi,RAN,center
2025-01-31 07:00:00,16.7,939.4,68,AWS-RAN-067,Ranchi,RAN,center
2025-01-31 08:00:00,21.2,941.5,50,AWS-RAN-067,Ranchi,RAN,center
2025-01-31 09:00:00,23.5,942.7,46,AWS-RAN-067,Ranchi,RAN,center
2025-01-31 10:00:00,25.2,942.8,43,AWS-RAN-067,Ranchi,RAN,center
2025-01-31 11:00:00,26.7,942.0,37,AWS-RAN-067,Ranchi,RAN,center
2025-01-31 12:00:00,28.2,941.2,28,AWS-RAN-067,Ranchi,RAN,center
2025-01-31 13:00:00,29.0,940.3,22,AWS-RAN-067,Ranchi,RAN,center
2025-01-31 14:00:00,28.8,939.6,25,AWS-RAN-067,Ranchi,RAN,center
2025-01-31 15:00:00,28.2,939.3,26,AWS-RAN-067,Ranchi,RAN,center
2025-01-31 16:00:00,27.0,939.3,27,AWS-RAN-067,Ranchi,RAN,center
2025-01-31 17:00:00,24.2,939.5,33,AWS-RAN-067,Ranchi,RAN,center
2025-01-31 18:00:00,22.4,939.5,39,AWS-RAN-067,Ranchi,RAN,center
2025-01-31 19:00:00,21.0,939.9,40,AWS-RAN-067,Ranchi,RAN,center
2025-01-31 20:00:00,19.5,940.6,44,AWS-RAN-067,Ranchi,RAN,center
2025-01-31 21:00:00,19.2,940.9,44,AWS-RAN-067,Ranchi,RAN,center
2025-01-31 22:00:00,18.2,940.3,46,AWS-RAN-067,Ranchi,RAN,center
2025-01-31 23:00:00,17.5,939.8,48,AWS-RAN-067,Ranchi,RAN,center
2025-02-01 00:00:00,16.8,939.3,51,AWS-RAN-067,Ranchi,RAN,center
2025-02-01 01:00:00,16.7,939.1,51,AWS-RAN-067,Ranchi,RAN,center
2025-02-01 02:00:00,16.5,938.4,52,AWS-RAN-067,Ranchi,RAN,center
2025-02-01 03:00:00,16.2,938.1,53,AWS-RAN-067,Ranchi,RAN,center
2025-02-01 04:00:00,15.6,938.0,58,AWS-RAN-067,Ranchi,RAN,center
2025-02-01 05:00:00,15.1,938.6,65,AWS-RAN-067,Ranchi,RAN,center
2025-02-01 06:00:00,14.7,939.1,77,AWS-RAN-067,Ranchi,RAN,center
2025-02-01 07:00:00,17.1,940.7,70,AWS-RAN-067,Ranchi,RAN,center
2025-02-01 08:00:00,20.6,942.5,57,AWS-RAN-067,Ranchi,RAN,center
2025-02-01 09:00:00,23.2,943.9,48,AWS-RAN-067,Ranchi,RAN,center
2025-02-01 10:00:00,25.1,943.9,41,AWS-RAN-067,Ranchi,RAN,center
2025-02-01 11:00:00,26.6,943.3,37,AWS-RAN-067,Ranchi,RAN,center
2025-02-01 12:00:00,27.9,942.2,35,AWS-RAN-067,Ranchi,RAN,center
2025-02-01 13:00:00,29.0,941.2,30,AWS-RAN-067,Ranchi,RAN,center
2025-02-01 14:00:00,29.5,940.4,27,AWS-RAN-067,Ranchi,RAN,center
2025-02-01 15:00:00,29.4,940.1,26,AWS-RAN-067,Ranchi,RAN,center
2025-02-01 16:00:00,27.6,940.4,31,AWS-RAN-067,Ranchi,RAN,center
2025-02-01 17:00:00,24.7,940.7,40,AWS-RAN-067,Ranchi,RAN,center
2025-02-01 18:00:00,22.7,940.6,50,AWS-RAN-067,Ranchi,RAN,center
2025-02-01 19:00:00,21.6,941.2,55,AWS-RAN-067,Ranchi,RAN,center
2025-02-01 20:00:00,20.9,941.5,56,AWS-RAN-067,Ranchi,RAN,center
2025-02-01 21:00:00,20.2,941.7,56,AWS-RAN-067,Ranchi,RAN,center
2025-02-01 22:00:00,19.3,941.3,60,AWS-RAN-067,Ranchi,RAN,center
2025-02-01 23:00:00,18.8,940.9,63,AWS-RAN-067,Ranchi,RAN,center
2025-02-02 00:00:00,18.8,940.6,64,AWS-RAN-067,Ranchi,RAN,center
2025-02-02 01:00:00,18.8,940.1,65,AWS-RAN-067,Ranchi,RAN,center
2025-02-02 02:00:00,18.5,939.4,66,AWS-RAN-067,Ranchi,RAN,center
2025-02-02 03:00:00,18.6,939.1,66,AWS-RAN-067,Ranchi,RAN,center
2025-02-02 04:00:00,18.4,938.8,67,AWS-RAN-067,Ranchi,RAN,center
2025-02-02 05:00:00,18.1,939.4,68,AWS-RAN-067,Ranchi,RAN,center
2025-02-02 06:00:00,16.6,940.1,79,AWS-RAN-067,Ranchi,RAN,center
2025-02-02 07:00:00,17.9,941.6,74,AWS-RAN-067,Ranchi,RAN,center
2025-02-02 08:00:00,21.2,943.3,65,AWS-RAN-067,Ranchi,RAN,center
2025-02-02 09:00:00,23.5,944.2,59,AWS-RAN-067,Ranchi,RAN,center
2025-02-02 10:00:00,25.4,944.3,50,AWS-RAN-067,Ranchi,RAN,center
2025-02-02 11:00:00,26.7,943.4,44,AWS-RAN-067,Ranchi,RAN,center
2025-02-02 12:00:00,27.7,942.4,40,AWS-RAN-067,Ranchi,RAN,center
2025-02-02 13:00:00,28.3,941.5,36,AWS-RAN-067,Ranchi,RAN,center
2025-02-02 14:00:00,28.2,940.9,35,AWS-RAN-067,Ranchi,RAN,center
2025-02-02 15:00:00,27.6,940.6,36,AWS-RAN-067,Ranchi,RAN,center
2025-02-02 16:00:00,26.7,940.6,37,AWS-RAN-067,Ranchi,RAN,center
2025-02-02 17:00:00,24.3,940.5,44,AWS-RAN-067,Ranchi,RAN,center
2025-02-02 18:00:00,22.3,940.5,52,AWS-RAN-067,Ranchi,RAN,center
2025-02-02 19:00:00,21.3,940.9,54,AWS-RAN-067,Ranchi,RAN,center
2025-02-02 20:00:00,20.8,941.3,55,AWS-RAN-067,Ranchi,RAN,center
2025-02-02 21:00:00,19.9,941.4,58,AWS-RAN-067,Ranchi,RAN,center
2025-02-02 22:00:00,19.4,941.4,60,AWS-RAN-067,Ranchi,RAN,center
2025-02-02 23:00:00,19.0,940.8,62,AWS-RAN-067,Ranchi,RAN,center
2025-02-03 00:00:00,18.7,940.4,64,AWS-RAN-067,Ranchi,RAN,center
2025-02-03 01:00:00,18.0,940.0,67,AWS-RAN-067,Ranchi,RAN,center
2025-02-03 02:00:00,17.1,939.5,71,AWS-RAN-067,Ranchi,RAN,center
2025-02-03 03:00:00,16.2,939.3,74,AWS-RAN-067,Ranchi,RAN,center
2025-02-03 04:00:00,15.3,939.2,78,AWS-RAN-067,Ranchi,RAN,center
2025-02-03 05:00:00,15.0,939.6,79,AWS-RAN-067,Ranchi,RAN,center
2025-02-03 06:00:00,14.2,940.5,86,AWS-RAN-067,Ranchi,RAN,center
2025-02-03 07:00:00,16.8,941.9,73,AWS-RAN-067,Ranchi,RAN,center
2025-02-03 08:00:00,20.2,943.5,58,AWS-RAN-067,Ranchi,RAN,center
2025-02-03 09:00:00,22.2,944.5,50,AWS-RAN-067,Ranchi,RAN,center
2025-02-03 10:00:00,23.8,944.8,44,AWS-RAN-067,Ranchi,RAN,center
2025-02-03 11:00:00,25.2,943.9,39,AWS-RAN-067,Ranchi,RAN,center
2025-02-03 12:00:00,26.4,942.9,36,AWS-RAN-067,Ranchi,RAN,center
2025-02-03 13:00:00,26.8,942.0,35,AWS-RAN-067,Ranchi,RAN,center
2025-02-03 14:00:00,26.9,941.3,34,AWS-RAN-067,Ranchi,RAN,center
2025-02-03 15:00:00,26.5,941.3,35,AWS-RAN-067,Ranchi,RAN,center
2025-02-03 16:00:00,25.5,941.3,37,AWS-RAN-067,Ranchi,RAN,center
2025-02-03 17:00:00,23.2,941.4,42,AWS-RAN-067,Ranchi,RAN,center
2025-02-03 18:00:00,21.3,941.9,47,AWS-RAN-067,Ranchi,RAN,center
2025-02-03 19:00:00,20.4,942.5,49,AWS-RAN-067,Ranchi,RAN,center
2025-02-03 20:00:00,19.6,943.2,52,AWS-RAN-067,Ranchi,RAN,center
2025-02-03 21:00:00,18.3,943.2,56,AWS-RAN-067,Ranchi,RAN,center
2025-02-03 22:00:00,17.2,942.9,62,AWS-RAN-067,Ranchi,RAN,center
2025-02-03 23:00:00,16.2,942.5,67,AWS-RAN-067,Ranchi,RAN,center
2025-02-04 00:00:00,15.5,942.1,71,AWS-RAN-067,Ranchi,RAN,center
2025-02-04 01:00:00,14.9,941.6,74,AWS-RAN-067,Ranchi,RAN,center
2025-02-04 02:00:00,14.4,940.6,77,AWS-RAN-067,Ranchi,RAN,center
2025-02-04 03:00:00,14.0,940.2,79,AWS-RAN-067,Ranchi,RAN,center
2025-02-04 04:00:00,14.2,940.0,77,AWS-RAN-067,Ranchi,RAN,center
2025-02-04 05:00:00,14.2,940.4,76,AWS-RAN-067,Ranchi,RAN,center
2025-02-04 06:00:00,13.9,941.1,78,AWS-RAN-067,Ranchi,RAN,center
2025-02-04 07:00:00,16.3,942.5,67,AWS-RAN-067,Ranchi,RAN,center
2025-02-04 08:00:00,20.0,944.0,54,AWS-RAN-067,Ranchi,RAN,center
2025-02-04 09:00:00,23.2,944.9,44,AWS-RAN-067,Ranchi,RAN,center
2025-02-04 10:00:00,25.7,945.1,37,AWS-RAN-067,Ranchi,RAN,center
2025-02-04 11:00:00,27.4,944.2,33,AWS-RAN-067,Ranchi,RAN,center
2025-02-04 12:00:00,27.9,943.2,33,AWS-RAN-067,Ranchi,RAN,center
2025-02-04 13:00:00,28.0,942.3,32,AWS-RAN-067,Ranchi,RAN,center
2025-02-04 14:00:00,27.5,941.6,33,AWS-RAN-067,Ranchi,RAN,center
2025-02-04 15:00:00,27.0,941.3,33,AWS-RAN-067,Ranchi,RAN,center
2025-02-04 16:00:00,25.8,941.1,36,AWS-RAN-067,Ranchi,RAN,center
2025-02-04 17:00:00,23.6,941.0,42,AWS-RAN-067,Ranchi,RAN,center
2025-02-04 18:00:00,21.7,940.6,49,AWS-RAN-067,Ranchi,RAN,center
2025-02-04 19:00:00,20.6,941.0,52,AWS-RAN-067,Ranchi,RAN,center
2025-02-04 20:00:00,19.9,941.3,55,AWS-RAN-067,Ranchi,RAN,center
2025-02-04 21:00:00,19.3,941.1,57,AWS-RAN-067,Ranchi,RAN,center
2025-02-04 22:00:00,19.5,940.8,55,AWS-RAN-067,Ranchi,RAN,center
2025-02-04 23:00:00,19.7,940.3,54,AWS-RAN-067,Ranchi,RAN,center
2025-02-05 00:00:00,19.7,939.9,53,AWS-RAN-067,Ranchi,RAN,center
2025-02-05 01:00:00,19.8,939.4,52,AWS-RAN-067,Ranchi,RAN,center
2025-02-05 02:00:00,19.1,939.1,55,AWS-RAN-067,Ranchi,RAN,center
2025-02-05 03:00:00,18.0,938.9,60,AWS-RAN-067,Ranchi,RAN,center
2025-02-05 04:00:00,17.4,938.8,62,AWS-RAN-067,Ranchi,RAN,center
2025-02-05 05:00:00,17.1,939.2,62,AWS-RAN-067,Ranchi,RAN,center
2025-02-05 06:00:00,16.9,939.6,64,AWS-RAN-067,Ranchi,RAN,center
2025-02-05 07:00:00,18.9,940.8,58,AWS-RAN-067,Ranchi,RAN,center
2025-02-05 08:00:00,22.6,942.4,48,AWS-RAN-067,Ranchi,RAN,center
2025-02-05 09:00:00,25.7,943.5,40,AWS-RAN-067,Ranchi,RAN,center
2025-02-05 10:00:00,27.7,943.5,36,AWS-RAN-067,Ranchi,RAN,center
2025-02-05 11:00:00,29.0,942.7,33,AWS-RAN-067,Ranchi,RAN,center
2025-02-05 12:00:00,29.8,941.6,31,AWS-RAN-067,Ranchi,RAN,center
2025-02-05 13:00:00,29.7,940.7,31,AWS-RAN-067,Ranchi,RAN,center
2025-02-05 14:00:00,29.7,939.8,29,AWS-RAN-067,Ranchi,RAN,center
2025-02-05 15:00:00,28.9,939.4,32,AWS-RAN-067,Ranchi,RAN,center
2025-02-05 16:00:00,27.8,939.4,33,AWS-RAN-067,Ranchi,RAN,center
2025-02-05 17:00:00,25.8,939.6,39,AWS-RAN-067,Ranchi,RAN,center
2025-02-05 18:00:00,23.7,939.8,46,AWS-RAN-067,Ranchi,RAN,center
2025-02-05 19:00:00,22.6,940.4,51,AWS-RAN-067,Ranchi,RAN,center
2025-02-05 20:00:00,21.1,941.1,58,AWS-RAN-067,Ranchi,RAN,center
2025-02-05 21:00:00,19.8,941.0,64,AWS-RAN-067,Ranchi,RAN,center
2025-02-05 22:00:00,19.6,941.2,65,AWS-RAN-067,Ranchi,RAN,center
2025-02-05 23:00:00,19.0,941.2,68,AWS-RAN-067,Ranchi,RAN,center
2025-02-06 00:00:00,18.7,940.9,69,AWS-RAN-067,Ranchi,RAN,center
2025-02-06 01:00:00,18.5,940.4,70,AWS-RAN-067,Ranchi,RAN,center
2025-02-06 02:00:00,18.1,939.9,71,AWS-RAN-067,Ranchi,RAN,center
2025-02-06 03:00:00,17.7,939.7,73,AWS-RAN-067,Ranchi,RAN,center
2025-02-06 04:00:00,17.1,939.6,76,AWS-RAN-067,Ranchi,RAN,center
2025-02-06 05:00:00,16.6,940.1,78,AWS-RAN-067,Ranchi,RAN,center
2025-02-06 06:00:00,16.2,941.1,82,AWS-RAN-067,Ranchi,RAN,center
2025-02-06 07:00:00,17.0,941.9,79,AWS-RAN-067,Ranchi,RAN,center
2025-02-06 08:00:00,18.9,943.0,72,AWS-RAN-067,Ranchi,RAN,center
2025-02-06 09:00:00,20.8,943.6,61,AWS-RAN-067,Ranchi,RAN,center
2025-02-06 10:00:00,22.8,943.6,51,AWS-RAN-067,Ranchi,RAN,center
2025-02-06 11:00:00,24.5,943.4,44,AWS-RAN-067,Ranchi,RAN,center
2025-02-06 12:00:00,25.5,942.6,39,AWS-RAN-067,Ranchi,RAN,center
2025-02-06 13:00:00,26.1,941.9,35,AWS-RAN-067,Ranchi,RAN,center
2025-02-06 14:00:00,26.1,941.3,32,AWS-RAN-067,Ranchi,RAN,center
2025-02-06 15:00:00,25.5,940.7,29,AWS-RAN-067,Ranchi,RAN,center
2025-02-06 16:00:00,24.3,940.6,28,AWS-RAN-067,Ranchi,RAN,center
2025-02-06 17:00:00,22.0,940.8,29,AWS-RAN-067,Ranchi,RAN,center
2025-02-06 18:00:00,20.1,941.1,34,AWS-RAN-067,Ranchi,RAN,center
2025-02-06 19:00:00,18.8,941.7,31,AWS-RAN-067,Ranchi,RAN,center
2025-02-06 20:00:00,17.6,942.0,30,AWS-RAN-067,Ranchi,RAN,center
2025-02-06 21:00:00,17.0,942.1,29,AWS-RAN-067,Ranchi,RAN,center
2025-02-06 22:00:00,16.6,942.0,28,AWS-RAN-067,Ranchi,RAN,center
2025-02-06 23:00:00,15.8,941.9,28,AWS-RAN-067,Ranchi,RAN,center
2025-02-07 00:00:00,15.1,941.2,29,AWS-RAN-067,Ranchi,RAN,center
2025-02-07 01:00:00,14.6,940.7,31,AWS-RAN-067,Ranchi,RAN,center
2025-02-07 02:00:00,14.2,940.2,33,AWS-RAN-067,Ranchi,RAN,center
2025-02-07 03:00:00,13.7,940.0,36,AWS-RAN-067,Ranchi,RAN,center
2025-02-07 04:00:00,13.3,940.0,40,AWS-RAN-067,Ranchi,RAN,center
2025-02-07 05:00:00,12.9,940.4,43,AWS-RAN-067,Ranchi,RAN,center
2025-02-07 06:00:00,12.2,941.3,52,AWS-RAN-067,Ranchi,RAN,center
2025-02-07 07:00:00,13.4,942.3,50,AWS-RAN-067,Ranchi,RAN,center
2025-02-07 08:00:00,16.1,943.8,42,AWS-RAN-067,Ranchi,RAN,center
2025-02-07 09:00:00,18.7,945.0,34,AWS-RAN-067,Ranchi,RAN,center
2025-02-07 10:00:00,21.0,945.2,29,AWS-RAN-067,Ranchi,RAN,center
2025-02-07 11:00:00,23.2,944.7,22,AWS-RAN-067,Ranchi,RAN,center
2025-02-07 12:00:00,24.9,943.8,17,AWS-RAN-067,Ranchi,RAN,center
2025-02-07 13:00:00,25.6,943.1,15,AWS-RAN-067,Ranchi,RAN,center
2025-02-07 14:00:00,25.7,942.2,14,AWS-RAN-067,Ranchi,RAN,center
2025-02-07 15:00:00,25.4,941.8,16,AWS-RAN-067,Ranchi,RAN,center
2025-02-07 16:00:00,24.3,941.8,18,AWS-RAN-067,Ranchi,RAN,center
2025-02-07 17:00:00,21.3,941.3,26,AWS-RAN-067,Ranchi,RAN,center
2025-02-07 18:00:00,19.3,941.6,33,AWS-RAN-067,Ranchi,RAN,center
2025-02-07 19:00:00,18.4,942.4,36,AWS-RAN-067,Ranchi,RAN,center
2025-02-07 20:00:00,17.0,942.6,38,AWS-RAN-067,Ranchi,RAN,center
2025-02-07 21:00:00,16.3,942.7,36,AWS-RAN-067,Ranchi,RAN,center
2025-02-07 22:00:00,16.5,942.8,32,AWS-RAN-067,Ranchi,RAN,center
2025-02-07 23:00:00,16.4,942.6,32,AWS-RAN-067,Ranchi,RAN,center
2025-02-08 00:00:00,15.7,941.8,34,AWS-RAN-067,Ranchi,RAN,center
2025-02-08 01:00:00,14.9,940.9,36,AWS-RAN-067,Ranchi,RAN,center
2025-02-08 02:00:00,14.1,940.3,37,AWS-RAN-067,Ranchi,RAN,center
2025-02-08 03:00:00,13.4,940.3,38,AWS-RAN-067,Ranchi,RAN,center
2025-02-08 04:00:00,12.8,940.3,43,AWS-RAN-067,Ranchi,RAN,center
2025-02-08 05:00:00,12.4,940.7,47,AWS-RAN-067,Ranchi,RAN,center
2025-02-08 06:00:00,11.7,941.5,52,AWS-RAN-067,Ranchi,RAN,center
2025-02-08 07:00:00,13.3,942.7,47,AWS-RAN-067,Ranchi,RAN,center
2025-02-08 08:00:00,16.6,944.1,38,AWS-RAN-067,Ranchi,RAN,center
2025-02-08 09:00:00,19.3,945.1,28,AWS-RAN-067,Ranchi,RAN,center
2025-02-08 10:00:00,21.3,945.3,22,AWS-RAN-067,Ranchi,RAN,center
2025-02-08 11:00:00,22.9,944.9,18,AWS-RAN-067,Ranchi,RAN,center
2025-02-08 12:00:00,24.0,944.0,17,AWS-RAN-067,Ranchi,RAN,center
2025-02-08 13:00:00,24.7,943.0,15,AWS-RAN-067,Ranchi,RAN,center
2025-02-08 14:00:00,24.7,942.0,14,AWS-RAN-067,Ranchi,RAN,center
2025-02-08 15:00:00,24.2,941.6,15,AWS-RAN-067,Ranchi,RAN,center
2025-02-08 16:00:00,23.0,941.5,17,AWS-RAN-067,Ranchi,RAN,center
2025-02-08 17:00:00,20.8,941.4,22,AWS-RAN-067,Ranchi,RAN,center
2025-02-08 18:00:00,18.7,941.5,27,AWS-RAN-067,Ranchi,RAN,center
2025-02-08 19:00:00,17.8,942.0,29,AWS-RAN-067,Ranchi,RAN,center
2025-02-08 20:00:00,17.1,942.5,29,AWS-RAN-067,Ranchi,RAN,center
2025-02-08 21:00:00,16.4,942.7,29,AWS-RAN-067,Ranchi,RAN,center
2025-02-08 22:00:00,15.6,942.7,31,AWS-RAN-067,Ranchi,RAN,center
2025-02-08 23:00:00,15.1,942.4,33,AWS-RAN-067,Ranchi,RAN,center
2025-02-09 00:00:00,14.7,941.8,34,AWS-RAN-067,Ranchi,RAN,center
2025-02-09 01:00:00,14.4,941.1,34,AWS-RAN-067,Ranchi,RAN,center
2025-02-09 02:00:00,13.9,940.4,37,AWS-RAN-067,Ranchi,RAN,center
2025-02-09 03:00:00,13.3,940.0,39,AWS-RAN-067,Ranchi,RAN,center
2025-02-09 04:00:00,12.8,939.9,42,AWS-RAN-067,Ranchi,RAN,center
2025-02-09 05:00:00,12.5,940.2,43,AWS-RAN-067,Ranchi,RAN,center
2025-02-09 06:00:00,12.3,940.9,47,AWS-RAN-067,Ranchi,RAN,center
2025-02-09 07:00:00,14.5,942.1,41,AWS-RAN-067,Ranchi,RAN,center
2025-02-09 08:00:00,18.3,943.7,32,AWS-RAN-067,Ranchi,RAN,center
2025-02-09 09:00:00,21.0,944.6,25,AWS-RAN-067,Ranchi,RAN,center
2025-02-09 10:00:00,22.9,944.6,22,AWS-RAN-067,Ranchi,RAN,center
2025-02-09 11:00:00,24.2,944.0,21,AWS-RAN-067,Ranchi,RAN,center
2025-02-09 12:00:00,25.3,942.9,19,AWS-RAN-067,Ranchi,RAN,center
2025-02-09 13:00:00,25.9,942.0,19,AWS-RAN-067,Ranchi,RAN,center
2025-02-09 14:00:00,25.9,941.3,20,AWS-RAN-067,Ranchi,RAN,center
2025-02-09 15:00:00,25.5,940.9,20,AWS-RAN-067,Ranchi,RAN,center
2025-02-09 16:00:00,24.4,941.0,21,AWS-RAN-067,Ranchi,RAN,center
2025-02-09 17:00:00,21.8,940.8,25,AWS-RAN-067,Ranchi,RAN,center
2025-02-09 18:00:00,20.0,940.9,30,AWS-RAN-067,Ranchi,RAN,center
2025-02-09 19:00:00,19.1,941.2,32,AWS-RAN-067,Ranchi,RAN,center
2025-02-09 20:00:00,18.8,941.6,33,AWS-RAN-067,Ranchi,RAN,center
2025-02-09 21:00:00,18.4,942.0,34,AWS-RAN-067,Ranchi,RAN,center
2025-02-09 22:00:00,18.0,942.1,35,AWS-RAN-067,Ranchi,RAN,center
2025-02-09 23:00:00,17.5,941.6,36,AWS-RAN-067,Ranchi,RAN,center
2025-02-10 00:00:00,16.9,941.0,37,AWS-RAN-067,Ranchi,RAN,center
2025-02-10 01:00:00,15.8,940.2,40,AWS-RAN-067,Ranchi,RAN,center
2025-02-10 02:00:00,15.0,939.6,43,AWS-RAN-067,Ranchi,RAN,center
2025-02-10 03:00:00,14.2,939.2,45,AWS-RAN-067,Ranchi,RAN,center
2025-02-10 04:00:00,14.0,939.1,45,AWS-RAN-067,Ranchi,RAN,center
2025-02-10 05:00:00,13.9,939.6,44,AWS-RAN-067,Ranchi,RAN,center
2025-02-10 06:00:00,13.5,940.8,49,AWS-RAN-067,Ranchi,RAN,center
2025-02-10 07:00:00,17.1,942.4,41,AWS-RAN-067,Ranchi,RAN,center
2025-02-10 08:00:00,20.8,944.0,35,AWS-RAN-067,Ranchi,RAN,center
2025-02-10 09:00:00,23.6,945.2,27,AWS-RAN-067,Ranchi,RAN,center
2025-02-10 10:00:00,25.5,945.3,23,AWS-RAN-067,Ranchi,RAN,center
2025-02-10 11:00:00,26.8,944.7,21,AWS-RAN-067,Ranchi,RAN,center
2025-02-10 12:00:00,27.9,943.7,19,AWS-RAN-067,Ranchi,RAN,center
2025-02-10 13:00:00,28.6,942.7,17,AWS-RAN-067,Ranchi,RAN,center
2025-02-10 14:00:00,28.5,941.7,18,AWS-RAN-067,Ranchi,RAN,center
2025-02-10 15:00:00,27.7,941.5,21,AWS-RAN-067,Ranchi,RAN,center
2025-02-10 16:00:00,26.4,941.4,23,AWS-RAN-067,Ranchi,RAN,center
2025-02-10 17:00:00,23.5,941.2,29,AWS-RAN-067,Ranchi,RAN,center
2025-02-10 18:00:00,22.0,941.0,31,AWS-RAN-067,Ranchi,RAN,center
2025-02-10 19:00:00,20.3,941.6,35,AWS-RAN-067,Ranchi,RAN,center
2025-02-10 20:00:00,19.3,941.9,39,AWS-RAN-067,Ranchi,RAN,center
2025-02-10 21:00:00,18.2,941.9,43,AWS-RAN-067,Ranchi,RAN,center
2025-02-10 22:00:00,18.1,941.9,44,AWS-RAN-067,Ranchi,RAN,center
2025-02-10 23:00:00,18.1,941.4,43,AWS-RAN-067,Ranchi,RAN,center
2025-02-11 00:00:00,17.8,941.1,43,AWS-RAN-067,Ranchi,RAN,center
2025-02-11 01:00:00,17.4,940.1,44,AWS-RAN-067,Ranchi,RAN,center
2025-02-11 02:00:00,17.0,939.5,46,AWS-RAN-067,Ranchi,RAN,center
2025-02-11 03:00:00,17.0,939.0,46,AWS-RAN-067,Ranchi,RAN,center
2025-02-11 04:00:00,17.1,939.1,46,AWS-RAN-067,Ranchi,RAN,center
2025-02-11 05:00:00,17.3,939.8,46,AWS-RAN-067,Ranchi,RAN,center
2025-02-11 06:00:00,17.0,940.5,51,AWS-RAN-067,Ranchi,RAN,center
2025-02-11 07:00:00,18.9,941.7,47,AWS-RAN-067,Ranchi,RAN,center
2025-02-11 08:00:00,22.2,943.4,39,AWS-RAN-067,Ranchi,RAN,center
2025-02-11 09:00:00,24.5,944.2,35,AWS-RAN-067,Ranchi,RAN,center
2025-02-11 10:00:00,26.3,944.5,29,AWS-RAN-067,Ranchi,RAN,center
2025-02-11 11:00:00,27.3,943.7,26,AWS-RAN-067,Ranchi,RAN,center
2025-02-11 12:00:00,27.8,943.0,23,AWS-RAN-067,Ranchi,RAN,center
2025-02-11 13:00:00,28.2,942.2,21,AWS-RAN-067,Ranchi,RAN,center
2025-02-11 14:00:00,28.0,941.3,19,AWS-RAN-067,Ranchi,RAN,center
2025-02-11 15:00:00,27.7,940.7,18,AWS-RAN-067,Ranchi,RAN,center
2025-02-11 16:00:00,26.5,940.7,20,AWS-RAN-067,Ranchi,RAN,center
2025-02-11 17:00:00,24.4,940.4,24,AWS-RAN-067,Ranchi,RAN,center
2025-02-11 18:00:00,21.8,940.4,31,AWS-RAN-067,Ranchi,RAN,center
2025-02-11 19:00:00,21.3,941.0,32,AWS-RAN-067,Ranchi,RAN,center
2025-02-11 20:00:00,21.0,941.3,33,AWS-RAN-067,Ranchi,RAN,center
2025-02-11 21:00:00,20.3,941.4,35,AWS-RAN-067,Ranchi,RAN,center
2025-02-11 22:00:00,19.7,941.5,36,AWS-RAN-067,Ranchi,RAN,center
2025-02-11 23:00:00,18.8,941.2,39,AWS-RAN-067,Ranchi,RAN,center
2025-02-12 00:00:00,17.9,940.6,42,AWS-RAN-067,Ranchi,RAN,center
2025-02-12 01:00:00,17.4,939.9,44,AWS-RAN-067,Ranchi,RAN,center
2025-02-12 02:00:00,16.6,939.3,47,AWS-RAN-067,Ranchi,RAN,center
2025-02-12 03:00:00,16.7,938.9,46,AWS-RAN-067,Ranchi,RAN,center
2025-02-12 04:00:00,17.0,938.9,45,AWS-RAN-067,Ranchi,RAN,center
2025-02-12 05:00:00,16.9,939.5,45,AWS-RAN-067,Ranchi,RAN,center
2025-02-12 06:00:00,16.0,940.1,51,AWS-RAN-067,Ranchi,RAN,center
2025-02-12 07:00:00,18.5,941.3,45,AWS-RAN-067,Ranchi,RAN,center
2025-02-12 08:00:00,22.6,943.3,36,AWS-RAN-067,Ranchi,RAN,center
2025-02-12 09:00:00,25.3,944.5,29,AWS-RAN-067,Ranchi,RAN,center
2025-02-12 10:00:00,27.1,944.5,26,AWS-RAN-067,Ranchi,RAN,center
2025-02-12 11:00:00,28.1,943.6,23,AWS-RAN-067,Ranchi,RAN,center
2025-02-12 12:00:00,28.6,942.6,22,AWS-RAN-067,Ranchi,RAN,center
2025-02-12 13:00:00,28.4,941.5,23,AWS-RAN-067,Ranchi,RAN,center
2025-02-12 14:00:00,28.2,940.6,23,AWS-RAN-067,Ranchi,RAN,center
2025-02-12 15:00:00,27.7,940.1,24,AWS-RAN-067,Ranchi,RAN,center
2025-02-12 16:00:00,26.7,940.2,26,AWS-RAN-067,Ranchi,RAN,center
2025-02-12 17:00:00,24.3,939.9,30,AWS-RAN-067,Ranchi,RAN,center
2025-02-12 18:00:00,22.6,940.3,33,AWS-RAN-067,Ranchi,RAN,center
2025-02-12 19:00:00,21.3,940.8,36,AWS-RAN-067,Ranchi,RAN,center
2025-02-12 20:00:00,20.0,941.0,40,AWS-RAN-067,Ranchi,RAN,center
2025-02-12 21:00:00,19.0,941.2,43,AWS-RAN-067,Ranchi,RAN,center
2025-02-12 22:00:00,18.2,941.1,45,AWS-RAN-067,Ranchi,RAN,center
2025-02-12 23:00:00,18.0,940.9,45,AWS-RAN-067,Ranchi,RAN,center
2025-02-13 00:00:00,18.1,940.7,44,AWS-RAN-067,Ranchi,RAN,center
2025-02-13 01:00:00,17.6,940.2,46,AWS-RAN-067,Ranchi,RAN,center
2025-02-13 02:00:00,17.5,939.5,47,AWS-RAN-067,Ranchi,RAN,center
2025-02-13 03:00:00,17.2,939.1,47,AWS-RAN-067,Ranchi,RAN,center
2025-02-13 04:00:00,16.8,939.0,47,AWS-RAN-067,Ranchi,RAN,center
2025-02-13 05:00:00,16.6,939.5,46,AWS-RAN-067,Ranchi,RAN,center
2025-02-13 06:00:00,15.9,940.3,58,AWS-RAN-067,Ranchi,RAN,center
2025-02-13 07:00:00,17.2,941.5,57,AWS-RAN-067,Ranchi,RAN,center
2025-02-13 08:00:00,19.4,942.7,50,AWS-RAN-067,Ranchi,RAN,center
2025-02-13 09:00:00,21.1,943.8,40,AWS-RAN-067,Ranchi,RAN,center
2025-02-13 10:00:00,22.5,943.8,33,AWS-RAN-067,Ranchi,RAN,center
2025-02-13 11:00:00,23.9,943.2,27,AWS-RAN-067,Ranchi,RAN,center
2025-02-13 12:00:00,25.1,942.1,22,AWS-RAN-067,Ranchi,RAN,center
2025-02-13 13:00:00,26.1,941.2,18,AWS-RAN-067,Ranchi,RAN,center
2025-02-13 14:00:00,26.1,940.3,17,AWS-RAN-067,Ranchi,RAN,center
2025-02-13 15:00:00,25.6,939.7,17,AWS-RAN-067,Ranchi,RAN,center
2025-02-13 16:00:00,24.7,939.6,17,AWS-RAN-067,Ranchi,RAN,center
2025-02-13 17:00:00,22.3,939.5,21,AWS-RAN-067,Ranchi,RAN,center
2025-02-13 18:00:00,20.0,939.7,27,AWS-RAN-067,Ranchi,RAN,center
2025-02-13 19:00:00,18.9,940.4,30,AWS-RAN-067,Ranchi,RAN,center
2025-02-13 20:00:00,18.2,941.0,33,AWS-RAN-067,Ranchi,RAN,center
2025-02-13 21:00:00,17.7,941.2,34,AWS-RAN-067,Ranchi,RAN,center
2025-02-13 22:00:00,16.8,941.6,36,AWS-RAN-067,Ranchi,RAN,center
2025-02-13 23:00:00,16.3,941.2,36,AWS-RAN-067,Ranchi,RAN,center
2025-02-14 00:00:00,16.2,940.9,37,AWS-RAN-067,Ranchi,RAN,center
2025-02-14 01:00:00,15.5,940.2,40,AWS-RAN-067,Ranchi,RAN,center
2025-02-14 02:00:00,14.9,938.9,46,AWS-RAN-067,Ranchi,RAN,center
2025-02-14 03:00:00,14.4,938.8,48,AWS-RAN-067,Ranchi,RAN,center
2025-02-14 04:00:00,14.2,938.4,49,AWS-RAN-067,Ranchi,RAN,center
2025-02-14 05:00:00,13.8,938.5,48,AWS-RAN-067,Ranchi,RAN,center
2025-02-14 06:00:00,12.6,939.8,53,AWS-RAN-067,Ranchi,RAN,center
2025-02-14 07:00:00,14.5,941.0,48,AWS-RAN-067,Ranchi,RAN,center
2025-02-14 08:00:00,17.5,942.3,39,AWS-RAN-067,Ranchi,RAN,center
2025-02-14 09:00:00,20.3,943.2,29,AWS-RAN-067,Ranchi,RAN,center
2025-02-14 10:00:00,22.6,943.4,20,AWS-RAN-067,Ranchi,RAN,center
2025-02-14 11:00:00,23.9,942.7,16,AWS-RAN-067,Ranchi,RAN,center
2025-02-14 12:00:00,24.8,941.5,14,AWS-RAN-067,Ranchi,RAN,center
2025-02-14 13:00:00,25.5,940.4,14,AWS-RAN-067,Ranchi,RAN,center
2025-02-14 14:00:00,25.6,939.6,15,AWS-RAN-067,Ranchi,RAN,center
2025-02-14 15:00:00,25.2,939.3,16,AWS-RAN-067,Ranchi,RAN,center
2025-02-14 16:00:00,24.4,939.2,17,AWS-RAN-067,Ranchi,RAN,center
2025-02-14 17:00:00,22.3,939.2,20,AWS-RAN-067,Ranchi,RAN,center
2025-02-14 18:00:00,20.0,939.5,27,AWS-RAN-067,Ranchi,RAN,center
2025-02-14 19:00:00,18.9,939.8,30,AWS-RAN-067,Ranchi,RAN,center
2025-02-14 20:00:00,18.1,940.4,32,AWS-RAN-067,Ranchi,RAN,center
2025-02-14 21:00:00,17.5,940.7,34,AWS-RAN-067,Ranchi,RAN,center
2025-02-14 22:00:00,17.0,940.7,35,AWS-RAN-067,Ranchi,RAN,center
2025-02-14 23:00:00,16.6,940.3,35,AWS-RAN-067,Ranchi,RAN,center
2025-02-15 00:00:00,16.3,940.0,36,AWS-RAN-067,Ranchi,RAN,center
2025-02-15 01:00:00,15.9,939.4,39,AWS-RAN-067,Ranchi,RAN,center
2025-02-15 02:00:00,15.8,939.0,41,AWS-RAN-067,Ranchi,RAN,center
2025-02-15 03:00:00,16.0,938.6,40,AWS-RAN-067,Ranchi,RAN,center
2025-02-15 04:00:00,16.0,938.6,38,AWS-RAN-067,Ranchi,RAN,center
2025-02-15 05:00:00,15.6,939.0,39,AWS-RAN-067,Ranchi,RAN,center
2025-02-15 06:00:00,14.3,939.8,46,AWS-RAN-067,Ranchi,RAN,center
2025-02-15 07:00:00,16.5,941.1,41,AWS-RAN-067,Ranchi,RAN,center
2025-02-15 08:00:00,20.1,942.5,34,AWS-RAN-067,Ranchi,RAN,center
2025-02-15 09:00:00,22.6,943.3,27,AWS-RAN-067,Ranchi,RAN,center
2025-02-15 10:00:00,24.2,943.4,23,AWS-RAN-067,Ranchi,RAN,center
2025-02-15 11:00:00,25.4,942.5,21,AWS-RAN-067,Ranchi,RAN,center
2025-02-15 12:00:00,26.2,941.4,21,AWS-RAN-067,Ranchi,RAN,center
2025-02-15 13:00:00,26.7,940.4,20,AWS-RAN-067,Ranchi,RAN,center
2025-02-15 14:00:00,26.5,939.6,21,AWS-RAN-067,Ranchi,RAN,center
2025-02-15 15:00:00,26.2,939.2,21,AWS-RAN-067,Ranchi,RAN,center
2025-02-15 16:00:00,25.6,939.4,22,AWS-RAN-067,Ranchi,RAN,center
2025-02-15 17:00:00,23.5,939.4,26,AWS-RAN-067,Ranchi,RAN,center
2025-02-15 18:00:00,21.2,939.2,31,AWS-RAN-067,Ranchi,RAN,center
2025-02-15 19:00:00,20.2,939.6,33,AWS-RAN-067,Ranchi,RAN,center
2025-02-15 20:00:00,19.7,940.0,35,AWS-RAN-067,Ranchi,RAN,center
2025-02-15 21:00:00,17.8,940.3,40,AWS-RAN-067,Ranchi,RAN,center
2025-02-15 22:00:00,17.3,940.5,41,AWS-RAN-067,Ranchi,RAN,center
2025-02-15 23:00:00,17.0,939.8,43,AWS-RAN-067,Ranchi,RAN,center
2025-02-16 00:00:00,17.0,939.4,42,AWS-RAN-067,Ranchi,RAN,center
2025-02-16 01:00:00,16.6,938.3,43,AWS-RAN-067,Ranchi,RAN,center
2025-02-16 02:00:00,15.8,937.7,46,AWS-RAN-067,Ranchi,RAN,center
2025-02-16 03:00:00,15.4,937.3,47,AWS-RAN-067,Ranchi,RAN,center
2025-02-16 04:00:00,15.1,937.2,48,AWS-RAN-067,Ranchi,RAN,center
2025-02-16 05:00:00,15.2,937.8,47,AWS-RAN-067,Ranchi,RAN,center
2025-02-16 06:00:00,14.8,938.7,51,AWS-RAN-067,Ranchi,RAN,center
2025-02-16 07:00:00,18.3,940.4,41,AWS-RAN-067,Ranchi,RAN,center
2025-02-16 08:00:00,22.2,941.9,34,AWS-RAN-067,Ranchi,RAN,center
2025-02-16 09:00:00,25.1,943.0,28,AWS-RAN-067,Ranchi,RAN,center
2025-02-16 10:00:00,27.1,943.1,24,AWS-RAN-067,Ranchi,RAN,center
2025-02-16 11:00:00,28.6,942.5,20,AWS-RAN-067,Ranchi,RAN,center
2025-02-16 12:00:00,29.1,941.4,20,AWS-RAN-067,Ranchi,RAN,center
2025-02-16 13:00:00,29.7,940.3,19,AWS-RAN-067,Ranchi,RAN,center
2025-02-16 14:00:00,29.7,939.4,19,AWS-RAN-067,Ranchi,RAN,center
2025-02-16 15:00:00,29.4,939.1,19,AWS-RAN-067,Ranchi,RAN,center
2025-02-16 16:00:00,28.8,939.1,20,AWS-RAN-067,Ranchi,RAN,center
2025-02-16 17:00:00,24.7,938.9,32,AWS-RAN-067,Ranchi,RAN,center
2025-02-16 18:00:00,23.0,940.0,33,AWS-RAN-067,Ranchi,RAN,center
2025-02-16 19:00:00,21.5,940.7,37,AWS-RAN-067,Ranchi,RAN,center
2025-02-16 20:00:00,21.2,941.3,38,AWS-RAN-067,Ranchi,RAN,center
2025-02-16 21:00:00,20.6,941.7,40,AWS-RAN-067,Ranchi,RAN,center
2025-02-16 22:00:00,19.2,941.9,43,AWS-RAN-067,Ranchi,RAN,center
2025-02-16 23:00:00,18.8,941.6,45,AWS-RAN-067,Ranchi,RAN,center
2025-02-17 00:00:00,17.9,941.3,51,AWS-RAN-067,Ranchi,RAN,center
2025-02-17 01:00:00,17.0,940.7,56,AWS-RAN-067,Ranchi,RAN,center
2025-02-17 02:00:00,16.8,939.9,58,AWS-RAN-067,Ranchi,RAN,center
2025-02-17 03:00:00,16.3,939.6,61,AWS-RAN-067,Ranchi,RAN,center
2025-02-17 04:00:00,15.8,939.7,64,AWS-RAN-067,Ranchi,RAN,center
2025-02-17 05:00:00,15.7,940.3,64,AWS-RAN-067,Ranchi,RAN,center
2025-02-17 06:00:00,15.3,941.3,67,AWS-RAN-067,Ranchi,RAN,center
2025-02-17 07:00:00,18.0,943.1,58,AWS-RAN-067,Ranchi,RAN,center
2025-02-17 08:00:00,21.6,944.5,49,AWS-RAN-067,Ranchi,RAN,center
2025-02-17 09:00:00,24.4,945.2,40,AWS-RAN-067,Ranchi,RAN,center
2025-02-17 10:00:00,26.1,945.1,34,AWS-RAN-067,Ranchi,RAN,center
2025-02-17 11:00:00,27.3,944.3,30,AWS-RAN-067,Ranchi,RAN,center
2025-02-17 12:00:00,28.3,943.3,28,AWS-RAN-067,Ranchi,RAN,center
2025-02-17 13:00:00,29.1,942.5,26,AWS-RAN-067,Ranchi,RAN,center
2025-02-17 14:00:00,29.7,941.4,22,AWS-RAN-067,Ranchi,RAN,center
2025-02-17 15:00:00,28.8,940.9,24,AWS-RAN-067,Ranchi,RAN,center
2025-02-17 16:00:00,27.7,941.0,26,AWS-RAN-067,Ranchi,RAN,center
2025-02-17 17:00:00,26.1,941.4,29,AWS-RAN-067,Ranchi,RAN,center
2025-02-17 18:00:00,23.7,941.7,36,AWS-RAN-067,Ranchi,RAN,center
2025-02-17 19:00:00,21.7,942.5,46,AWS-RAN-067,Ranchi,RAN,center
2025-02-17 20:00:00,20.2,942.9,52,AWS-RAN-067,Ranchi,RAN,center
2025-02-17 21:00:00,19.5,943.1,55,AWS-RAN-067,Ranchi,RAN,center
2025-02-17 22:00:00,18.8,943.3,58,AWS-RAN-067,Ranchi,RAN,center
2025-02-17 23:00:00,17.8,943.0,63,AWS-RAN-067,Ranchi,RAN,center
2025-02-18 00:00:00,17.2,942.5,68,AWS-RAN-067,Ranchi,RAN,center
2025-02-18 01:00:00,16.9,941.8,72,AWS-RAN-067,Ranchi,RAN,center
2025-02-18 02:00:00,16.6,941.1,73,AWS-RAN-067,Ranchi,RAN,center
2025-02-18 03:00:00,16.2,940.4,74,AWS-RAN-067,Ranchi,RAN,center
2025-02-18 04:00:00,15.5,940.2,77,AWS-RAN-067,Ranchi,RAN,center
2025-02-18 05:00:00,15.2,940.4,78,AWS-RAN-067,Ranchi,RAN,center
2025-02-18 06:00:00,15.3,941.6,80,AWS-RAN-067,Ranchi,RAN,center
2025-02-18 07:00:00,17.7,943.0,69,AWS-RAN-067,Ranchi,RAN,center
2025-02-18 08:00:00,20.5,944.6,59,AWS-RAN-067,Ranchi,RAN,center
2025-02-18 09:00:00,22.8,945.2,47,AWS-RAN-067,Ranchi,RAN,center
2025-02-18 10:00:00,24.6,945.6,39,AWS-RAN-067,Ranchi,RAN,center
2025-02-18 11:00:00,25.9,944.7,33,AWS-RAN-067,Ranchi,RAN,center
2025-02-18 12:00:00,26.8,943.5,29,AWS-RAN-067,Ranchi,RAN,center
2025-02-18 13:00:00,27.4,942.6,27,AWS-RAN-067,Ranchi,RAN,center
2025-02-18 14:00:00,27.5,941.8,26,AWS-RAN-067,Ranchi,RAN,center
2025-02-18 15:00:00,27.4,941.3,26,AWS-RAN-067,Ranchi,RAN,center
2025-02-18 16:00:00,26.4,941.1,26,AWS-RAN-067,Ranchi,RAN,center
2025-02-18 17:00:00,25.2,941.4,28,AWS-RAN-067,Ranchi,RAN,center
2025-02-18 18:00:00,23.6,941.2,33,AWS-RAN-067,Ranchi,RAN,center
2025-02-18 19:00:00,22.7,941.6,37,AWS-RAN-067,Ranchi,RAN,center
2025-02-18 20:00:00,22.1,942.3,39,AWS-RAN-067,Ranchi,RAN,center
2025-02-18 21:00:00,20.9,942.6,41,AWS-RAN-067,Ranchi,RAN,center
2025-02-18 22:00:00,19.7,942.3,44,AWS-RAN-067,Ranchi,RAN,center
2025-02-18 23:00:00,19.5,941.8,45,AWS-RAN-067,Ranchi,RAN,center
2025-02-19 00:00:00,18.5,941.3,48,AWS-RAN-067,Ranchi,RAN,center
2025-02-19 01:00:00,18.3,940.9,49,AWS-RAN-067,Ranchi,RAN,center
2025-02-19 02:00:00,17.5,940.2,53,AWS-RAN-067,Ranchi,RAN,center
2025-02-19 03:00:00,17.3,939.8,54,AWS-RAN-067,Ranchi,RAN,center
2025-02-19 04:00:00,17.3,939.8,56,AWS-RAN-067,Ranchi,RAN,center
2025-02-19 05:00:00,16.4,940.1,61,AWS-RAN-067,Ranchi,RAN,center
2025-02-19 06:00:00,16.4,941.2,67,AWS-RAN-067,Ranchi,RAN,center
2025-02-19 07:00:00,18.6,942.3,60,AWS-RAN-067,Ranchi,RAN,center
2025-02-19 08:00:00,21.7,943.7,51,AWS-RAN-067,Ranchi,RAN,center
2025-02-19 09:00:00,24.0,944.3,42,AWS-RAN-067,Ranchi,RAN,center
2025-02-19 10:00:00,25.7,944.1,38,AWS-RAN-067,Ranchi,RAN,center
2025-02-19 11:00:00,26.8,943.4,34,AWS-RAN-067,Ranchi,RAN,center
2025-02-19 12:00:00,27.0,942.4,32,AWS-RAN-067,Ranchi,RAN,center
2025-02-19 13:00:00,27.8,941.2,30,AWS-RAN-067,Ranchi,RAN,center
2025-02-19 14:00:00,27.7,940.2,30,AWS-RAN-067,Ranchi,RAN,center
2025-02-19 15:00:00,27.4,939.7,30,AWS-RAN-067,Ranchi,RAN,center
2025-02-19 16:00:00,27.1,939.4,30,AWS-RAN-067,Ranchi,RAN,center
2025-02-19 17:00:00,25.6,939.5,33,AWS-RAN-067,Ranchi,RAN,center
2025-02-19 18:00:00,23.9,940.2,38,AWS-RAN-067,Ranchi,RAN,center
2025-02-19 19:00:00,22.5,940.7,43,AWS-RAN-067,Ranchi,RAN,center
2025-02-19 20:00:00,21.2,941.4,48,AWS-RAN-067,Ranchi,RAN,center
2025-02-19 21:00:00,21.2,942.1,49,AWS-RAN-067,Ranchi,RAN,center
2025-02-19 22:00:00,20.7,942.5,49,AWS-RAN-067,Ranchi,RAN,center
2025-02-19 23:00:00,19.6,941.9,53,AWS-RAN-067,Ranchi,RAN,center
2025-02-20 00:00:00,19.4,941.5,56,AWS-RAN-067,Ranchi,RAN,center
2025-02-20 01:00:00,19.2,941.1,64,AWS-RAN-067,Ranchi,RAN,center
2025-02-20 02:00:00,18.9,940.8,62,AWS-RAN-067,Ranchi,RAN,center
2025-02-20 03:00:00,18.7,940.4,60,AWS-RAN-067,Ranchi,RAN,center
2025-02-20 04:00:00,18.3,940.5,62,AWS-RAN-067,Ranchi,RAN,center
2025-02-20 05:00:00,17.4,941.5,69,AWS-RAN-067,Ranchi,RAN,center
2025-02-20 06:00:00,17.2,942.2,89,AWS-RAN-067,Ranchi,RAN,center
2025-02-20 07:00:00,18.7,943.0,83,AWS-RAN-067,Ranchi,RAN,center
2025-02-20 08:00:00,22.1,944.4,63,AWS-RAN-067,Ranchi,RAN,center
2025-02-20 09:00:00,24.0,945.2,51,AWS-RAN-067,Ranchi,RAN,center
2025-02-20 10:00:00,24.1,945.1,52,AWS-RAN-067,Ranchi,RAN,center
2025-02-20 11:00:00,25.4,944.6,44,AWS-RAN-067,Ranchi,RAN,center
2025-02-20 12:00:00,27.1,943.5,41,AWS-RAN-067,Ranchi,RAN,center
2025-02-20 13:00:00,27.5,942.1,39,AWS-RAN-067,Ranchi,RAN,center
2025-02-20 14:00:00,22.2,941.7,63,AWS-RAN-067,Ranchi,RAN,center
2025-02-20 15:00:00,19.8,942.2,78,AWS-RAN-067,Ranchi,RAN,center
2025-02-20 16:00:00,22.0,941.3,63,AWS-RAN-067,Ranchi,RAN,center
2025-02-20 17:00:00,21.8,941.5,67,AWS-RAN-067,Ranchi,RAN,center
2025-02-20 18:00:00,19.4,941.5,82,AWS-RAN-067,Ranchi,RAN,center
2025-02-20 19:00:00,18.6,942.3,86,AWS-RAN-067,Ranchi,RAN,center
2025-02-20 20:00:00,18.1,943.0,88,AWS-RAN-067,Ranchi,RAN,center
2025-02-20 21:00:00,17.9,943.4,90,AWS-RAN-067,Ranchi,RAN,center
2025-02-20 22:00:00,17.4,944.0,92,AWS-RAN-067,Ranchi,RAN,center
2025-02-20 23:00:00,16.7,943.4,96,AWS-RAN-067,Ranchi,RAN,center
2025-02-21 00:00:00,16.1,942.5,96,AWS-RAN-067,Ranchi,RAN,center
2025-02-21 01:00:00,15.9,941.5,96,AWS-RAN-067,Ranchi,RAN,center
2025-02-21 02:00:00,15.9,940.9,94,AWS-RAN-067,Ranchi,RAN,center
2025-02-21 03:00:00,16.0,940.8,92,AWS-RAN-067,Ranchi,RAN,center
2025-02-21 04:00:00,16.2,941.1,91,AWS-RAN-067,Ranchi,RAN,center
2025-02-21 05:00:00,16.3,941.8,89,AWS-RAN-067,Ranchi,RAN,center
2025-02-21 06:00:00,16.1,942.5,89,AWS-RAN-067,Ranchi,RAN,center
2025-02-21 07:00:00,18.7,944.2,77,AWS-RAN-067,Ranchi,RAN,center
2025-02-21 08:00:00,22.5,945.7,61,AWS-RAN-067,Ranchi,RAN,center
2025-02-21 09:00:00,25.0,946.4,47,AWS-RAN-067,Ranchi,RAN,center
2025-02-21 10:00:00,26.5,946.3,34,AWS-RAN-067,Ranchi,RAN,center
2025-02-21 11:00:00,27.7,945.8,30,AWS-RAN-067,Ranchi,RAN,center
2025-02-21 12:00:00,28.1,944.8,28,AWS-RAN-067,Ranchi,RAN,center
2025-02-21 13:00:00,28.1,943.7,26,AWS-RAN-067,Ranchi,RAN,center
2025-02-21 14:00:00,28.2,942.8,26,AWS-RAN-067,Ranchi,RAN,center
2025-02-21 15:00:00,27.7,942.1,27,AWS-RAN-067,Ranchi,RAN,center
2025-02-21 16:00:00,27.4,941.6,26,AWS-RAN-067,Ranchi,RAN,center
2025-02-21 17:00:00,25.1,941.6,32,AWS-RAN-067,Ranchi,RAN,center
2025-02-21 18:00:00,22.4,941.5,38,AWS-RAN-067,Ranchi,RAN,center
2025-02-21 19:00:00,21.4,942.1,41,AWS-RAN-067,Ranchi,RAN,center
2025-02-21 20:00:00,20.6,942.5,43,AWS-RAN-067,Ranchi,RAN,center
2025-02-21 21:00:00,19.7,943.1,47,AWS-RAN-067,Ranchi,RAN,center
2025-02-21 22:00:00,18.9,943.2,51,AWS-RAN-067,Ranchi,RAN,center
2025-02-21 23:00:00,18.1,942.4,55,AWS-RAN-067,Ranchi,RAN,center
2025-02-22 00:00:00,17.5,941.9,57,AWS-RAN-067,Ranchi,RAN,center
2025-02-22 01:00:00,16.9,941.3,60,AWS-RAN-067,Ranchi,RAN,center
2025-02-22 02:00:00,16.4,941.2,63,AWS-RAN-067,Ranchi,RAN,center
2025-02-22 03:00:00,16.5,941.0,63,AWS-RAN-067,Ranchi,RAN,center
2025-02-22 04:00:00,16.7,941.2,62,AWS-RAN-067,Ranchi,RAN,center
2025-02-22 05:00:00,16.6,941.5,63,AWS-RAN-067,Ranchi,RAN,center
2025-02-22 06:00:00,16.7,942.3,70,AWS-RAN-067,Ranchi,RAN,center
2025-02-22 07:00:00,19.1,943.6,63,AWS-RAN-067,Ranchi,RAN,center
2025-02-22 08:00:00,22.3,945.2,52,AWS-RAN-067,Ranchi,RAN,center
2025-02-22 09:00:00,24.2,945.9,43,AWS-RAN-067,Ranchi,RAN,center
2025-02-22 10:00:00,25.6,946.0,38,AWS-RAN-067,Ranchi,RAN,center
2025-02-22 11:00:00,26.0,945.3,37,AWS-RAN-067,Ranchi,RAN,center
2025-02-22 12:00:00,26.7,944.5,35,AWS-RAN-067,Ranchi,RAN,center
2025-02-22 13:00:00,27.4,943.3,32,AWS-RAN-067,Ranchi,RAN,center
2025-02-22 14:00:00,27.2,942.1,31,AWS-RAN-067,Ranchi,RAN,center
2025-02-22 15:00:00,26.8,942.0,31,AWS-RAN-067,Ranchi,RAN,center
2025-02-22 16:00:00,24.6,942.1,42,AWS-RAN-067,Ranchi,RAN,center
2025-02-22 17:00:00,22.6,942.0,57,AWS-RAN-067,Ranchi,RAN,center
2025-02-22 18:00:00,19.9,942.3,71,AWS-RAN-067,Ranchi,RAN,center
2025-02-22 19:00:00,19.0,942.7,73,AWS-RAN-067,Ranchi,RAN,center
2025-02-22 20:00:00,18.5,943.2,74,AWS-RAN-067,Ranchi,RAN,center
2025-02-22 21:00:00,17.6,943.8,78,AWS-RAN-067,Ranchi,RAN,center
2025-02-22 22:00:00,17.6,944.1,74,AWS-RAN-067,Ranchi,RAN,center
2025-02-22 23:00:00,17.9,944.1,67,AWS-RAN-067,Ranchi,RAN,center
2025-02-23 00:00:00,17.5,943.5,66,AWS-RAN-067,Ranchi,RAN,center
2025-02-23 01:00:00,17.0,942.9,68,AWS-RAN-067,Ranchi,RAN,center
2025-02-23 02:00:00,16.6,942.4,71,AWS-RAN-067,Ranchi,RAN,center
2025-02-23 03:00:00,16.0,942.0,73,AWS-RAN-067,Ranchi,RAN,center
2025-02-23 04:00:00,15.5,942.1,76,AWS-RAN-067,Ranchi,RAN,center
2025-02-23 05:00:00,15.3,942.6,77,AWS-RAN-067,Ranchi,RAN,center
2025-02-23 06:00:00,16.1,943.7,79,AWS-RAN-067,Ranchi,RAN,center
2025-02-23 07:00:00,18.2,945.4,71,AWS-RAN-067,Ranchi,RAN,center
2025-02-23 08:00:00,21.4,946.8,58,AWS-RAN-067,Ranchi,RAN,center
2025-02-23 09:00:00,23.1,947.6,48,AWS-RAN-067,Ranchi,RAN,center
2025-02-23 10:00:00,24.0,947.5,41,AWS-RAN-067,Ranchi,RAN,center
2025-02-23 11:00:00,24.8,946.6,37,AWS-RAN-067,Ranchi,RAN,center
2025-02-23 12:00:00,25.5,945.5,34,AWS-RAN-067,Ranchi,RAN,center
2025-02-23 13:00:00,26.4,944.7,31,AWS-RAN-067,Ranchi,RAN,center
2025-02-23 14:00:00,26.5,943.7,29,AWS-RAN-067,Ranchi,RAN,center
2025-02-23 15:00:00,26.1,943.0,29,AWS-RAN-067,Ranchi,RAN,center
2025-02-23 16:00:00,25.4,942.8,28,AWS-RAN-067,Ranchi,RAN,center
2025-02-23 17:00:00,23.4,942.9,34,AWS-RAN-067,Ranchi,RAN,center
2025-02-23 18:00:00,20.9,943.4,40,AWS-RAN-067,Ranchi,RAN,center
2025-02-23 19:00:00,19.7,944.2,42,AWS-RAN-067,Ranchi,RAN,center
2025-02-23 20:00:00,18.9,944.9,44,AWS-RAN-067,Ranchi,RAN,center
2025-02-23 21:00:00,17.7,945.0,48,AWS-RAN-067,Ranchi,RAN,center
2025-02-23 22:00:00,17.6,945.7,48,AWS-RAN-067,Ranchi,RAN,center
2025-02-23 23:00:00,16.5,945.1,54,AWS-RAN-067,Ranchi,RAN,center
2025-02-24 00:00:00,15.8,944.5,59,AWS-RAN-067,Ranchi,RAN,center
2025-02-24 01:00:00,15.4,943.9,62,AWS-RAN-067,Ranchi,RAN,center
2025-02-24 02:00:00,14.5,943.5,67,AWS-RAN-067,Ranchi,RAN,center
2025-02-24 03:00:00,14.2,943.4,68,AWS-RAN-067,Ranchi,RAN,center
2025-02-24 04:00:00,14.1,943.7,69,AWS-RAN-067,Ranchi,RAN,center
2025-02-24 05:00:00,13.9,944.3,69,AWS-RAN-067,Ranchi,RAN,center
2025-02-24 06:00:00,14.0,945.3,76,AWS-RAN-067,Ranchi,RAN,center
2025-02-24 07:00:00,16.9,946.8,66,AWS-RAN-067,Ranchi,RAN,center
2025-02-24 08:00:00,20.4,948.3,50,AWS-RAN-067,Ranchi,RAN,center
2025-02-24 09:00:00,22.2,949.0,39,AWS-RAN-067,Ranchi,RAN,center
2025-02-24 10:00:00,23.6,948.8,33,AWS-RAN-067,Ranchi,RAN,center
2025-02-24 11:00:00,24.9,948.0,28,AWS-RAN-067,Ranchi,RAN,center
2025-02-24 12:00:00,26.3,946.7,22,AWS-RAN-067,Ranchi,RAN,center
2025-02-24 13:00:00,26.8,945.4,21,AWS-RAN-067,Ranchi,RAN,center
2025-02-24 14:00:00,26.6,944.2,22,AWS-RAN-067,Ranchi,RAN,center
2025-02-24 15:00:00,26.5,943.5,20,AWS-RAN-067,Ranchi,RAN,center
2025-02-24 16:00:00,25.5,943.3,21,AWS-RAN-067,Ranchi,RAN,center
2025-02-24 17:00:00,23.2,943.4,26,AWS-RAN-067,Ranchi,RAN,center
2025-02-24 18:00:00,21.3,943.8,32,AWS-RAN-067,Ranchi,RAN,center
2025-02-24 19:00:00,19.9,944.7,36,AWS-RAN-067,Ranchi,RAN,center
2025-02-24 20:00:00,18.2,945.2,41,AWS-RAN-067,Ranchi,RAN,center
2025-02-24 21:00:00,18.4,945.7,40,AWS-RAN-067,Ranchi,RAN,center
2025-02-24 22:00:00,17.9,945.9,42,AWS-RAN-067,Ranchi,RAN,center
2025-02-24 23:00:00,16.9,945.6,46,AWS-RAN-067,Ranchi,RAN,center
2025-02-25 00:00:00,16.5,945.2,51,AWS-RAN-067,Ranchi,RAN,center
2025-02-25 01:00:00,16.1,944.6,53,AWS-RAN-067,Ranchi,RAN,center
2025-02-25 02:00:00,15.7,943.8,54,AWS-RAN-067,Ranchi,RAN,center
2025-02-25 03:00:00,15.3,943.6,56,AWS-RAN-067,Ranchi,RAN,center
2025-02-25 04:00:00,14.8,943.7,59,AWS-RAN-067,Ranchi,RAN,center
2025-02-25 05:00:00,14.2,943.9,62,AWS-RAN-067,Ranchi,RAN,center
2025-02-25 06:00:00,14.2,945.4,65,AWS-RAN-067,Ranchi,RAN,center
2025-02-25 07:00:00,17.3,946.9,56,AWS-RAN-067,Ranchi,RAN,center
2025-02-25 08:00:00,20.5,948.3,45,AWS-RAN-067,Ranchi,RAN,center
2025-02-25 09:00:00,22.6,949.2,38,AWS-RAN-067,Ranchi,RAN,center
2025-02-25 10:00:00,24.3,949.0,33,AWS-RAN-067,Ranchi,RAN,center
2025-02-25 11:00:00,25.5,948.2,31,AWS-RAN-067,Ranchi,RAN,center
2025-02-25 12:00:00,26.4,947.2,30,AWS-RAN-067,Ranchi,RAN,center
2025-02-25 13:00:00,27.2,946.3,28,AWS-RAN-067,Ranchi,RAN,center
2025-02-25 14:00:00,28.1,945.2,24,AWS-RAN-067,Ranchi,RAN,center
2025-02-25 15:00:00,27.7,944.9,25,AWS-RAN-067,Ranchi,RAN,center
2025-02-25 16:00:00,26.9,944.7,27,AWS-RAN-067,Ranchi,RAN,center
2025-02-25 17:00:00,24.4,944.7,39,AWS-RAN-067,Ranchi,RAN,center
2025-02-25 18:00:00,22.3,946.0,43,AWS-RAN-067,Ranchi,RAN,center
2025-02-25 19:00:00,20.5,946.6,49,AWS-RAN-067,Ranchi,RAN,center
2025-02-25 20:00:00,19.9,947.5,50,AWS-RAN-067,Ranchi,RAN,center
2025-02-25 21:00:00,18.7,947.7,53,AWS-RAN-067,Ranchi,RAN,center
2025-02-25 22:00:00,17.7,947.2,57,AWS-RAN-067,Ranchi,RAN,center
2025-02-25 23:00:00,17.5,946.7,56,AWS-RAN-067,Ranchi,RAN,center
2025-02-26 00:00:00,17.0,946.3,57,AWS-RAN-067,Ranchi,RAN,center
2025-02-26 01:00:00,16.8,945.7,57,AWS-RAN-067,Ranchi,RAN,center
2025-02-26 02:00:00,15.6,944.7,60,AWS-RAN-067,Ranchi,RAN,center
2025-02-26 03:00:00,15.2,944.5,61,AWS-RAN-067,Ranchi,RAN,center
2025-02-26 04:00:00,14.4,944.5,65,AWS-RAN-067,Ranchi,RAN,center
2025-02-26 05:00:00,14.2,944.9,67,AWS-RAN-067,Ranchi,RAN,center
2025-02-26 06:00:00,14.3,946.1,74,AWS-RAN-067,Ranchi,RAN,center
2025-02-26 07:00:00,17.9,947.8,60,AWS-RAN-067,Ranchi,RAN,center
2025-02-26 08:00:00,20.8,948.9,49,AWS-RAN-067,Ranchi,RAN,center
2025-02-26 09:00:00,22.8,949.5,44,AWS-RAN-067,Ranchi,RAN,center
2025-02-26 10:00:00,24.3,949.7,41,AWS-RAN-067,Ranchi,RAN,center
2025-02-26 11:00:00,25.2,948.5,39,AWS-RAN-067,Ranchi,RAN,center
2025-02-26 12:00:00,25.9,947.5,38,AWS-RAN-067,Ranchi,RAN,center
2025-02-26 13:00:00,25.9,946.2,37,AWS-RAN-067,Ranchi,RAN,center
2025-02-26 14:00:00,26.1,945.2,36,AWS-RAN-067,Ranchi,RAN,center
2025-02-26 15:00:00,25.9,944.6,36,AWS-RAN-067,Ranchi,RAN,center
2025-02-26 16:00:00,25.4,944.5,37,AWS-RAN-067,Ranchi,RAN,center
2025-02-26 17:00:00,23.6,944.1,47,AWS-RAN-067,Ranchi,RAN,center
2025-02-26 18:00:00,21.5,944.2,49,AWS-RAN-067,Ranchi,RAN,center
2025-02-26 19:00:00,20.6,944.7,52,AWS-RAN-067,Ranchi,RAN,center
2025-02-26 20:00:00,19.6,945.3,57,AWS-RAN-067,Ranchi,RAN,center
2025-02-26 21:00:00,19.6,945.5,57,AWS-RAN-067,Ranchi,RAN,center
2025-02-26 22:00:00,18.8,945.5,56,AWS-RAN-067,Ranchi,RAN,center
2025-02-26 23:00:00,17.9,945.3,54,AWS-RAN-067,Ranchi,RAN,center
2025-02-27 00:00:00,17.8,944.8,44,AWS-RAN-067,Ranchi,RAN,center
2025-02-27 01:00:00,16.7,943.6,51,AWS-RAN-067,Ranchi,RAN,center
2025-02-27 02:00:00,16.4,943.1,54,AWS-RAN-067,Ranchi,RAN,center
2025-02-27 03:00:00,15.2,942.7,54,AWS-RAN-067,Ranchi,RAN,center
2025-02-27 04:00:00,14.5,942.9,55,AWS-RAN-067,Ranchi,RAN,center
2025-02-27 05:00:00,14.0,943.3,60,AWS-RAN-067,Ranchi,RAN,center
2025-02-27 06:00:00,13.9,943.7,72,AWS-RAN-067,Ranchi,RAN,center
2025-02-27 07:00:00,17.5,945.3,63,AWS-RAN-067,Ranchi,RAN,center
2025-02-27 08:00:00,21.0,946.5,54,AWS-RAN-067,Ranchi,RAN,center
2025-02-27 09:00:00,23.3,947.3,39,AWS-RAN-067,Ranchi,RAN,center
2025-02-27 10:00:00,24.7,947.3,36,AWS-RAN-067,Ranchi,RAN,center
2025-02-27 11:00:00,26.1,946.3,33,AWS-RAN-067,Ranchi,RAN,center
2025-02-27 12:00:00,27.3,945.1,30,AWS-RAN-067,Ranchi,RAN,center
2025-02-27 13:00:00,27.8,943.8,28,AWS-RAN-067,Ranchi,RAN,center
2025-02-27 14:00:00,27.7,942.6,28,AWS-RAN-067,Ranchi,RAN,center
2025-02-27 15:00:00,27.2,942.2,29,AWS-RAN-067,Ranchi,RAN,center
2025-02-27 16:00:00,26.4,942.3,31,AWS-RAN-067,Ranchi,RAN,center
2025-02-27 17:00:00,24.5,942.2,36,AWS-RAN-067,Ranchi,RAN,center
2025-02-27 18:00:00,22.5,942.7,42,AWS-RAN-067,Ranchi,RAN,center
2025-02-27 19:00:00,21.1,943.1,45,AWS-RAN-067,Ranchi,RAN,center
2025-02-27 20:00:00,20.3,943.7,48,AWS-RAN-067,Ranchi,RAN,center
2025-02-27 21:00:00,19.9,944.1,50,AWS-RAN-067,Ranchi,RAN,center
2025-02-27 22:00:00,19.1,943.7,54,AWS-RAN-067,Ranchi,RAN,center
2025-02-27 23:00:00,18.0,943.1,59,AWS-RAN-067,Ranchi,RAN,center
2025-02-28 00:00:00,17.2,942.4,63,AWS-RAN-067,Ranchi,RAN,center
2025-02-28 01:00:00,16.7,941.5,65,AWS-RAN-067,Ranchi,RAN,center
2025-02-28 02:00:00,16.4,941.4,67,AWS-RAN-067,Ranchi,RAN,center
2025-02-28 03:00:00,16.7,941.6,66,AWS-RAN-067,Ranchi,RAN,center
2025-02-28 04:00:00,16.4,941.5,67,AWS-RAN-067,Ranchi,RAN,center
2025-02-28 05:00:00,17.0,941.9,64,AWS-RAN-067,Ranchi,RAN,center
2025-02-28 06:00:00,16.6,942.2,68,AWS-RAN-067,Ranchi,RAN,center
2025-02-28 07:00:00,19.1,943.4,60,AWS-RAN-067,Ranchi,RAN,center
2025-02-28 08:00:00,22.7,944.8,49,AWS-RAN-067,Ranchi,RAN,center
2025-02-28 09:00:00,25.6,945.9,39,AWS-RAN-067,Ranchi,RAN,center
2025-02-28 10:00:00,27.6,946.0,30,AWS-RAN-067,Ranchi,RAN,center
2025-02-28 11:00:00,28.8,945.4,27,AWS-RAN-067,Ranchi,RAN,center
2025-02-28 12:00:00,29.7,944.1,26,AWS-RAN-067,Ranchi,RAN,center
2025-02-28 13:00:00,30.3,942.7,25,AWS-RAN-067,Ranchi,RAN,center
2025-02-28 14:00:00,30.9,941.5,23,AWS-RAN-067,Ranchi,RAN,center
2025-02-28 15:00:00,31.2,940.5,21,AWS-RAN-067,Ranchi,RAN,center
2025-02-28 16:00:00,30.0,940.6,23,AWS-RAN-067,Ranchi,RAN,center
2025-02-28 17:00:00,26.8,941.1,35,AWS-RAN-067,Ranchi,RAN,center
2025-02-28 18:00:00,24.7,941.8,43,AWS-RAN-067,Ranchi,RAN,center
2025-02-28 19:00:00,22.6,942.1,49,AWS-RAN-067,Ranchi,RAN,center
2025-02-28 20:00:00,21.9,942.7,51,AWS-RAN-067,Ranchi,RAN,center
2025-02-28 21:00:00,21.3,942.5,53,AWS-RAN-067,Ranchi,RAN,center
2025-02-28 22:00:00,20.4,942.2,56,AWS-RAN-067,Ranchi,RAN,center
2025-02-28 23:00:00,19.8,941.5,58,AWS-RAN-067,Ranchi,RAN,center
2025-03-01 00:00:00,19.5,940.8,59,AWS-RAN-067,Ranchi,RAN,center
2025-03-01 01:00:00,19.7,940.2,58,AWS-RAN-067,Ranchi,RAN,center
2025-03-01 02:00:00,19.7,939.9,55,AWS-RAN-067,Ranchi,RAN,center
2025-03-01 03:00:00,19.7,939.6,53,AWS-RAN-067,Ranchi,RAN,center
2025-03-01 04:00:00,19.3,939.2,56,AWS-RAN-067,Ranchi,RAN,center
2025-03-01 05:00:00,19.2,939.6,59,AWS-RAN-067,Ranchi,RAN,center
2025-03-01 06:00:00,19.2,940.8,60,AWS-RAN-067,Ranchi,RAN,center
2025-03-01 07:00:00,21.3,942.1,54,AWS-RAN-067,Ranchi,RAN,center
2025-03-01 08:00:00,24.5,943.4,46,AWS-RAN-067,Ranchi,RAN,center
2025-03-01 09:00:00,27.1,944.1,39,AWS-RAN-067,Ranchi,RAN,center
2025-03-01 10:00:00,29.2,943.9,33,AWS-RAN-067,Ranchi,RAN,center
2025-03-01 11:00:00,30.7,942.9,27,AWS-RAN-067,Ranchi,RAN,center
2025-03-01 12:00:00,31.4,941.7,24,AWS-RAN-067,Ranchi,RAN,center
2025-03-01 13:00:00,32.1,940.4,23,AWS-RAN-067,Ranchi,RAN,center
2025-03-01 14:00:00,31.8,939.3,23,AWS-RAN-067,Ranchi,RAN,center
2025-03-01 15:00:00,31.4,938.5,23,AWS-RAN-067,Ranchi,RAN,center
2025-03-01 16:00:00,30.7,938.5,24,AWS-RAN-067,Ranchi,RAN,center
2025-03-01 17:00:00,26.7,939.3,47,AWS-RAN-067,Ranchi,RAN,center
2025-03-01 18:00:00,25.5,939.5,37,AWS-RAN-067,Ranchi,RAN,center
2025-03-01 19:00:00,24.2,940.3,38,AWS-RAN-067,Ranchi,RAN,center
2025-03-01 20:00:00,22.8,940.7,42,AWS-RAN-067,Ranchi,RAN,center
2025-03-01 21:00:00,22.0,940.5,44,AWS-RAN-067,Ranchi,RAN,center
2025-03-01 22:00:00,21.2,940.2,46,AWS-RAN-067,Ranchi,RAN,center
2025-03-01 23:00:00,21.2,939.8,44,AWS-RAN-067,Ranchi,RAN,center
2025-03-02 00:00:00,20.7,939.4,48,AWS-RAN-067,Ranchi,RAN,center
2025-03-02 01:00:00,20.0,938.8,54,AWS-RAN-067,Ranchi,RAN,center
2025-03-02 02:00:00,19.4,938.2,61,AWS-RAN-067,Ranchi,RAN,center
2025-03-02 03:00:00,19.5,937.5,62,AWS-RAN-067,Ranchi,RAN,center
2025-03-02 04:00:00,19.6,937.5,61,AWS-RAN-067,Ranchi,RAN,center
2025-03-02 05:00:00,19.8,937.9,60,AWS-RAN-067,Ranchi,RAN,center
2025-03-02 06:00:00,20.3,938.6,63,AWS-RAN-067,Ranchi,RAN,center
2025-03-02 07:00:00,22.5,940.0,56,AWS-RAN-067,Ranchi,RAN,center
2025-03-02 08:00:00,25.6,941.2,45,AWS-RAN-067,Ranchi,RAN,center
2025-03-02 09:00:00,27.7,941.9,33,AWS-RAN-067,Ranchi,RAN,center
2025-03-02 10:00:00,29.2,942.0,30,AWS-RAN-067,Ranchi,RAN,center
2025-03-02 11:00:00,30.4,941.3,26,AWS-RAN-067,Ranchi,RAN,center
2025-03-02 12:00:00,30.9,940.2,25,AWS-RAN-067,Ranchi,RAN,center
2025-03-02 13:00:00,30.9,938.9,26,AWS-RAN-067,Ranchi,RAN,center
2025-03-02 14:00:00,30.6,938.0,26,AWS-RAN-067,Ranchi,RAN,center
2025-03-02 15:00:00,30.6,937.3,24,AWS-RAN-067,Ranchi,RAN,center
2025-03-02 16:00:00,29.3,937.2,28,AWS-RAN-067,Ranchi,RAN,center
2025-03-02 17:00:00,27.9,937.1,29,AWS-RAN-067,Ranchi,RAN,center
2025-03-02 18:00:00,24.3,937.5,43,AWS-RAN-067,Ranchi,RAN,center
2025-03-02 19:00:00,23.2,938.3,47,AWS-RAN-067,Ranchi,RAN,center
2025-03-02 20:00:00,22.3,939.0,49,AWS-RAN-067,Ranchi,RAN,center
2025-03-02 21:00:00,21.8,939.7,50,AWS-RAN-067,Ranchi,RAN,center
2025-03-02 22:00:00,20.6,940.0,54,AWS-RAN-067,Ranchi,RAN,center
2025-03-02 23:00:00,19.9,939.6,59,AWS-RAN-067,Ranchi,RAN,center
2025-03-03 00:00:00,19.7,939.2,61,AWS-RAN-067,Ranchi,RAN,center
2025-03-03 01:00:00,19.3,938.6,63,AWS-RAN-067,Ranchi,RAN,center
2025-03-03 02:00:00,19.3,938.1,63,AWS-RAN-067,Ranchi,RAN,center
2025-03-03 03:00:00,19.0,938.0,64,AWS-RAN-067,Ranchi,RAN,center
2025-03-03 04:00:00,18.5,938.4,66,AWS-RAN-067,Ranchi,RAN,center
2025-03-03 05:00:00,17.9,939.0,68,AWS-RAN-067,Ranchi,RAN,center
2025-03-03 06:00:00,18.2,940.0,70,AWS-RAN-067,Ranchi,RAN,center
2025-03-03 07:00:00,20.5,941.6,62,AWS-RAN-067,Ranchi,RAN,center
2025-03-03 08:00:00,23.2,942.7,50,AWS-RAN-067,Ranchi,RAN,center
2025-03-03 09:00:00,25.1,943.4,44,AWS-RAN-067,Ranchi,RAN,center
2025-03-03 10:00:00,26.6,943.6,40,AWS-RAN-067,Ranchi,RAN,center
2025-03-03 11:00:00,27.9,942.9,36,AWS-RAN-067,Ranchi,RAN,center
2025-03-03 12:00:00,29.1,941.6,33,AWS-RAN-067,Ranchi,RAN,center
2025-03-03 13:00:00,29.8,940.6,28,AWS-RAN-067,Ranchi,RAN,center
2025-03-03 14:00:00,29.4,939.7,28,AWS-RAN-067,Ranchi,RAN,center
2025-03-03 15:00:00,29.0,938.6,28,AWS-RAN-067,Ranchi,RAN,center
2025-03-03 16:00:00,28.3,938.7,30,AWS-RAN-067,Ranchi,RAN,center
2025-03-03 17:00:00,26.1,938.8,37,AWS-RAN-067,Ranchi,RAN,center
2025-03-03 18:00:00,23.9,939.2,39,AWS-RAN-067,Ranchi,RAN,center
2025-03-03 19:00:00,23.0,939.8,39,AWS-RAN-067,Ranchi,RAN,center
2025-03-03 20:00:00,22.2,940.2,38,AWS-RAN-067,Ranchi,RAN,center
2025-03-03 21:00:00,21.6,940.4,39,AWS-RAN-067,Ranchi,RAN,center
2025-03-03 22:00:00,21.0,940.4,40,AWS-RAN-067,Ranchi,RAN,center
2025-03-03 23:00:00,20.5,940.2,41,AWS-RAN-067,Ranchi,RAN,center
2025-03-04 00:00:00,19.8,939.8,43,AWS-RAN-067,Ranchi,RAN,center
2025-03-04 01:00:00,18.7,939.2,46,AWS-RAN-067,Ranchi,RAN,center
2025-03-04 02:00:00,18.1,938.4,48,AWS-RAN-067,Ranchi,RAN,center
2025-03-04 03:00:00,17.8,937.9,49,AWS-RAN-067,Ranchi,RAN,center
2025-03-04 04:00:00,17.4,938.2,49,AWS-RAN-067,Ranchi,RAN,center
2025-03-04 05:00:00,16.9,938.8,51,AWS-RAN-067,Ranchi,RAN,center
2025-03-04 06:00:00,16.2,939.6,58,AWS-RAN-067,Ranchi,RAN,center
2025-03-04 07:00:00,19.0,941.1,51,AWS-RAN-067,Ranchi,RAN,center
2025-03-04 08:00:00,22.4,942.3,42,AWS-RAN-067,Ranchi,RAN,center
2025-03-04 09:00:00,24.9,943.0,33,AWS-RAN-067,Ranchi,RAN,center
2025-03-04 10:00:00,27.1,943.5,28,AWS-RAN-067,Ranchi,RAN,center
2025-03-04 11:00:00,28.8,942.8,24,AWS-RAN-067,Ranchi,RAN,center
2025-03-04 12:00:00,29.0,941.5,26,AWS-RAN-067,Ranchi,RAN,center
2025-03-04 13:00:00,29.7,940.6,24,AWS-RAN-067,Ranchi,RAN,center
2025-03-04 14:00:00,29.9,939.9,22,AWS-RAN-067,Ranchi,RAN,center
2025-03-04 15:00:00,28.9,939.4,25,AWS-RAN-067,Ranchi,RAN,center
2025-03-04 16:00:00,28.5,939.0,25,AWS-RAN-067,Ranchi,RAN,center
2025-03-04 17:00:00,26.5,938.7,30,AWS-RAN-067,Ranchi,RAN,center
2025-03-04 18:00:00,24.3,938.7,33,AWS-RAN-067,Ranchi,RAN,center
2025-03-04 19:00:00,23.0,939.2,36,AWS-RAN-067,Ranchi,RAN,center
2025-03-04 20:00:00,22.5,939.9,36,AWS-RAN-067,Ranchi,RAN,center
2025-03-04 21:00:00,21.4,940.3,40,AWS-RAN-067,Ranchi,RAN,center
2025-03-04 22:00:00,20.2,940.3,50,AWS-RAN-067,Ranchi,RAN,center
2025-03-04 23:00:00,20.1,940.2,56,AWS-RAN-067,Ranchi,RAN,center
2025-03-05 00:00:00,20.0,939.7,59,AWS-RAN-067,Ranchi,RAN,center
2025-03-05 01:00:00,19.4,939.0,61,AWS-RAN-067,Ranchi,RAN,center
2025-03-05 02:00:00,18.6,938.5,63,AWS-RAN-067,Ranchi,RAN,center
2025-03-05 03:00:00,18.1,937.7,60,AWS-RAN-067,Ranchi,RAN,center
2025-03-05 04:00:00,18.0,938.0,55,AWS-RAN-067,Ranchi,RAN,center
2025-03-05 05:00:00,18.3,938.1,50,AWS-RAN-067,Ranchi,RAN,center
2025-03-05 06:00:00,18.3,939.3,51,AWS-RAN-067,Ranchi,RAN,center
2025-03-05 07:00:00,19.4,940.6,51,AWS-RAN-067,Ranchi,RAN,center
2025-03-05 08:00:00,20.9,941.3,36,AWS-RAN-067,Ranchi,RAN,center
2025-03-05 09:00:00,22.1,941.8,31,AWS-RAN-067,Ranchi,RAN,center
2025-03-05 10:00:00,23.4,942.1,29,AWS-RAN-067,Ranchi,RAN,center
2025-03-05 11:00:00,24.6,941.1,27,AWS-RAN-067,Ranchi,RAN,center
2025-03-05 12:00:00,26.0,939.9,24,AWS-RAN-067,Ranchi,RAN,center
2025-03-05 13:00:00,27.0,938.9,20,AWS-RAN-067,Ranchi,RAN,center
2025-03-05 14:00:00,27.2,938.1,20,AWS-RAN-067,Ranchi,RAN,center
2025-03-05 15:00:00,26.8,937.5,20,AWS-RAN-067,Ranchi,RAN,center
2025-03-05 16:00:00,26.0,937.4,21,AWS-RAN-067,Ranchi,RAN,center
2025-03-05 17:00:00,24.1,937.5,23,AWS-RAN-067,Ranchi,RAN,center
2025-03-05 18:00:00,21.5,938.2,27,AWS-RAN-067,Ranchi,RAN,center
2025-03-05 19:00:00,20.5,938.7,29,AWS-RAN-067,Ranchi,RAN,center
2025-03-05 20:00:00,19.3,939.1,30,AWS-RAN-067,Ranchi,RAN,center
2025-03-05 21:00:00,18.4,939.5,31,AWS-RAN-067,Ranchi,RAN,center
2025-03-05 22:00:00,18.1,939.9,30,AWS-RAN-067,Ranchi,RAN,center
2025-03-05 23:00:00,17.2,939.7,32,AWS-RAN-067,Ranchi,RAN,center
2025-03-06 00:00:00,15.9,939.3,36,AWS-RAN-067,Ranchi,RAN,center
2025-03-06 01:00:00,15.0,938.7,38,AWS-RAN-067,Ranchi,RAN,center
2025-03-06 02:00:00,14.3,938.2,39,AWS-RAN-067,Ranchi,RAN,center
2025-03-06 03:00:00,14.0,938.1,40,AWS-RAN-067,Ranchi,RAN,center
2025-03-06 04:00:00,13.9,938.3,40,AWS-RAN-067,Ranchi,RAN,center
2025-03-06 05:00:00,13.7,938.6,41,AWS-RAN-067,Ranchi,RAN,center
2025-03-06 06:00:00,13.3,939.7,48,AWS-RAN-067,Ranchi,RAN,center
2025-03-06 07:00:00,15.6,941.0,44,AWS-RAN-067,Ranchi,RAN,center
2025-03-06 08:00:00,18.2,942.1,35,AWS-RAN-067,Ranchi,RAN,center
2025-03-06 09:00:00,20.3,942.9,27,AWS-RAN-067,Ranchi,RAN,center
2025-03-06 10:00:00,22.2,943.0,21,AWS-RAN-067,Ranchi,RAN,center
2025-03-06 11:00:00,23.9,942.6,18,AWS-RAN-067,Ranchi,RAN,center
2025-03-06 12:00:00,25.3,941.8,16,AWS-RAN-067,Ranchi,RAN,center
2025-03-06 13:00:00,26.3,941.1,15,AWS-RAN-067,Ranchi,RAN,center
2025-03-06 14:00:00,26.9,940.3,14,AWS-RAN-067,Ranchi,RAN,center
2025-03-06 15:00:00,26.9,939.9,14,AWS-RAN-067,Ranchi,RAN,center
2025-03-06 16:00:00,25.8,939.9,16,AWS-RAN-067,Ranchi,RAN,center
2025-03-06 17:00:00,23.3,939.9,21,AWS-RAN-067,Ranchi,RAN,center
2025-03-06 18:00:00,20.8,939.8,27,AWS-RAN-067,Ranchi,RAN,center
2025-03-06 19:00:00,18.8,939.7,33,AWS-RAN-067,Ranchi,RAN,center
2025-03-06 20:00:00,18.3,940.3,34,AWS-RAN-067,Ranchi,RAN,center
2025-03-06 21:00:00,17.7,940.4,33,AWS-RAN-067,Ranchi,RAN,center
2025-03-06 22:00:00,18.0,940.3,29,AWS-RAN-067,Ranchi,RAN,center
2025-03-06 23:00:00,17.2,939.8,30,AWS-RAN-067,Ranchi,RAN,center
2025-03-07 00:00:00,15.6,939.1,36,AWS-RAN-067,Ranchi,RAN,center
2025-03-07 01:00:00,14.9,938.4,41,AWS-RAN-067,Ranchi,RAN,center
2025-03-07 02:00:00,14.3,937.8,46,AWS-RAN-067,Ranchi,RAN,center
2025-03-07 03:00:00,13.9,937.3,48,AWS-RAN-067,Ranchi,RAN,center
2025-03-07 04:00:00,13.7,937.4,49,AWS-RAN-067,Ranchi,RAN,center
2025-03-07 05:00:00,13.8,937.9,48,AWS-RAN-067,Ranchi,RAN,center
2025-03-07 06:00:00,13.9,938.4,50,AWS-RAN-067,Ranchi,RAN,center
2025-03-07 07:00:00,16.8,939.7,41,AWS-RAN-067,Ranchi,RAN,center
2025-03-07 08:00:00,20.2,941.1,32,AWS-RAN-067,Ranchi,RAN,center
2025-03-07 09:00:00,22.7,941.4,26,AWS-RAN-067,Ranchi,RAN,center
2025-03-07 10:00:00,24.9,941.7,21,AWS-RAN-067,Ranchi,RAN,center
2025-03-07 11:00:00,26.5,941.2,16,AWS-RAN-067,Ranchi,RAN,center
2025-03-07 12:00:00,27.5,940.2,14,AWS-RAN-067,Ranchi,RAN,center
2025-03-07 13:00:00,27.7,939.3,14,AWS-RAN-067,Ranchi,RAN,center
2025-03-07 14:00:00,27.7,938.3,14,AWS-RAN-067,Ranchi,RAN,center
2025-03-07 15:00:00,27.3,938.0,14,AWS-RAN-067,Ranchi,RAN,center
2025-03-07 16:00:00,26.4,938.0,16,AWS-RAN-067,Ranchi,RAN,center
2025-03-07 17:00:00,24.3,937.8,19,AWS-RAN-067,Ranchi,RAN,center
2025-03-07 18:00:00,22.1,937.5,24,AWS-RAN-067,Ranchi,RAN,center
2025-03-07 19:00:00,20.9,938.0,26,AWS-RAN-067,Ranchi,RAN,center
2025-03-07 20:00:00,20.3,938.3,26,AWS-RAN-067,Ranchi,RAN,center
2025-03-07 21:00:00,20.2,938.4,24,AWS-RAN-067,Ranchi,RAN,center
2025-03-07 22:00:00,18.7,938.1,28,AWS-RAN-067,Ranchi,RAN,center
2025-03-07 23:00:00,17.1,937.9,36,AWS-RAN-067,Ranchi,RAN,center
2025-03-08 00:00:00,16.7,937.8,40,AWS-RAN-067,Ranchi,RAN,center
2025-03-08 01:00:00,16.4,937.1,43,AWS-RAN-067,Ranchi,RAN,center
2025-03-08 02:00:00,15.9,936.4,45,AWS-RAN-067,Ranchi,RAN,center
2025-03-08 03:00:00,15.7,935.8,45,AWS-RAN-067,Ranchi,RAN,center
2025-03-08 04:00:00,15.5,935.8,46,AWS-RAN-067,Ranchi,RAN,center
2025-03-08 05:00:00,15.4,936.2,45,AWS-RAN-067,Ranchi,RAN,center
2025-03-08 06:00:00,15.1,936.7,51,AWS-RAN-067,Ranchi,RAN,center
2025-03-08 07:00:00,18.6,938.3,41,AWS-RAN-067,Ranchi,RAN,center
2025-03-08 08:00:00,22.5,940.0,31,AWS-RAN-067,Ranchi,RAN,center
2025-03-08 09:00:00,24.9,940.6,24,AWS-RAN-067,Ranchi,RAN,center
2025-03-08 10:00:00,26.8,940.6,20,AWS-RAN-067,Ranchi,RAN,center
2025-03-08 11:00:00,28.3,940.2,17,AWS-RAN-067,Ranchi,RAN,center
2025-03-08 12:00:00,28.8,939.4,17,AWS-RAN-067,Ranchi,RAN,center
2025-03-08 13:00:00,29.2,938.5,17,AWS-RAN-067,Ranchi,RAN,center
2025-03-08 14:00:00,28.8,937.8,18,AWS-RAN-067,Ranchi,RAN,center
2025-03-08 15:00:00,28.5,937.4,18,AWS-RAN-067,Ranchi,RAN,center
2025-03-08 16:00:00,27.8,937.4,18,AWS-RAN-067,Ranchi,RAN,center
2025-03-08 17:00:00,25.8,937.5,23,AWS-RAN-067,Ranchi,RAN,center
2025-03-08 18:00:00,23.3,937.7,27,AWS-RAN-067,Ranchi,RAN,center
2025-03-08 19:00:00,22.7,938.5,27,AWS-RAN-067,Ranchi,RAN,center
2025-03-08 20:00:00,21.8,939.0,28,AWS-RAN-067,Ranchi,RAN,center
2025-03-08 21:00:00,19.9,939.3,33,AWS-RAN-067,Ranchi,RAN,center
2025-03-08 22:00:00,18.8,939.4,36,AWS-RAN-067,Ranchi,RAN,center
2025-03-08 23:00:00,18.0,939.1,39,AWS-RAN-067,Ranchi,RAN,center
2025-03-09 00:00:00,17.4,939.0,41,AWS-RAN-067,Ranchi,RAN,center
2025-03-09 01:00:00,16.9,938.5,44,AWS-RAN-067,Ranchi,RAN,center
2025-03-09 02:00:00,16.5,938.2,46,AWS-RAN-067,Ranchi,RAN,center
2025-03-09 03:00:00,15.9,938.1,48,AWS-RAN-067,Ranchi,RAN,center
2025-03-09 04:00:00,15.7,938.3,48,AWS-RAN-067,Ranchi,RAN,center
2025-03-09 05:00:00,15.9,939.2,49,AWS-RAN-067,Ranchi,RAN,center
2025-03-09 06:00:00,16.2,940.2,54,AWS-RAN-067,Ranchi,RAN,center
2025-03-09 07:00:00,20.2,941.8,44,AWS-RAN-067,Ranchi,RAN,center
2025-03-09 08:00:00,23.4,943.5,38,AWS-RAN-067,Ranchi,RAN,center
2025-03-09 09:00:00,25.6,944.1,31,AWS-RAN-067,Ranchi,RAN,center
2025-03-09 10:00:00,27.3,944.5,27,AWS-RAN-067,Ranchi,RAN,center
2025-03-09 11:00:00,28.5,944.0,24,AWS-RAN-067,Ranchi,RAN,center
2025-03-09 12:00:00,29.2,943.2,22,AWS-RAN-067,Ranchi,RAN,center
2025-03-09 13:00:00,29.6,942.2,21,AWS-RAN-067,Ranchi,RAN,center
2025-03-09 14:00:00,29.8,941.5,21,AWS-RAN-067,Ranchi,RAN,center
2025-03-09 15:00:00,29.7,941.1,20,AWS-RAN-067,Ranchi,RAN,center
2025-03-09 16:00:00,29.5,941.0,20,AWS-RAN-067,Ranchi,RAN,center
2025-03-09 17:00:00,27.3,941.0,26,AWS-RAN-067,Ranchi,RAN,center
2025-03-09 18:00:00,25.0,941.4,28,AWS-RAN-067,Ranchi,RAN,center
2025-03-09 19:00:00,22.6,942.1,35,AWS-RAN-067,Ranchi,RAN,center
2025-03-09 20:00:00,22.4,942.8,36,AWS-RAN-067,Ranchi,RAN,center
2025-03-09 21:00:00,22.6,943.0,33,AWS-RAN-067,Ranchi,RAN,center
2025-03-09 22:00:00,21.0,943.4,37,AWS-RAN-067,Ranchi,RAN,center
2025-03-09 23:00:00,19.9,943.2,41,AWS-RAN-067,Ranchi,RAN,center
2025-03-10 00:00:00,19.1,943.2,44,AWS-RAN-067,Ranchi,RAN,center
2025-03-10 01:00:00,18.6,942.7,48,AWS-RAN-067,Ranchi,RAN,center
2025-03-10 02:00:00,17.3,942.2,55,AWS-RAN-067,Ranchi,RAN,center
2025-03-10 03:00:00,17.4,942.0,57,AWS-RAN-067,Ranchi,RAN,center
2025-03-10 04:00:00,17.3,942.1,59,AWS-RAN-067,Ranchi,RAN,center
2025-03-10 05:00:00,16.8,942.4,62,AWS-RAN-067,Ranchi,RAN,center
2025-03-10 06:00:00,17.0,943.7,71,AWS-RAN-067,Ranchi,RAN,center
2025-03-10 07:00:00,20.8,945.0,57,AWS-RAN-067,Ranchi,RAN,center
2025-03-10 08:00:00,24.0,946.3,48,AWS-RAN-067,Ranchi,RAN,center
2025-03-10 09:00:00,26.9,947.0,36,AWS-RAN-067,Ranchi,RAN,center
2025-03-10 10:00:00,28.7,947.1,29,AWS-RAN-067,Ranchi,RAN,center
2025-03-10 11:00:00,29.9,946.3,27,AWS-RAN-067,Ranchi,RAN,center
2025-03-10 12:00:00,30.6,945.1,26,AWS-RAN-067,Ranchi,RAN,center
2025-03-10 13:00:00,31.0,944.1,25,AWS-RAN-067,Ranchi,RAN,center
2025-03-10 14:00:00,31.3,943.1,24,AWS-RAN-067,Ranchi,RAN,center
2025-03-10 15:00:00,31.2,942.5,24,AWS-RAN-067,Ranchi,RAN,center
2025-03-10 16:00:00,30.0,942.2,25,AWS-RAN-067,Ranchi,RAN,center
2025-03-10 17:00:00,28.5,942.2,27,AWS-RAN-067,Ranchi,RAN,center
2025-03-10 18:00:00,26.5,942.5,31,AWS-RAN-067,Ranchi,RAN,center
2025-03-10 19:00:00,25.0,942.9,33,AWS-RAN-067,Ranchi,RAN,center
2025-03-10 20:00:00,23.8,944.0,36,AWS-RAN-067,Ranchi,RAN,center
2025-03-10 21:00:00,22.5,943.9,46,AWS-RAN-067,Ranchi,RAN,center
2025-03-10 22:00:00,21.6,943.5,56,AWS-RAN-067,Ranchi,RAN,center
2025-03-10 23:00:00,20.4,942.8,62,AWS-RAN-067,Ranchi,RAN,center
2025-03-11 00:00:00,19.7,942.8,65,AWS-RAN-067,Ranchi,RAN,center
2025-03-11 01:00:00,18.8,942.1,69,AWS-RAN-067,Ranchi,RAN,center
2025-03-11 02:00:00,18.3,941.5,73,AWS-RAN-067,Ranchi,RAN,center
2025-03-11 03:00:00,18.2,941.5,76,AWS-RAN-067,Ranchi,RAN,center
2025-03-11 04:00:00,17.7,942.0,78,AWS-RAN-067,Ranchi,RAN,center
2025-03-11 05:00:00,16.6,941.6,83,AWS-RAN-067,Ranchi,RAN,center
2025-03-11 06:00:00,17.4,942.9,85,AWS-RAN-067,Ranchi,RAN,center
2025-03-11 07:00:00,20.6,944.5,70,AWS-RAN-067,Ranchi,RAN,center
2025-03-11 08:00:00,23.7,945.9,52,AWS-RAN-067,Ranchi,RAN,center
2025-03-11 09:00:00,25.8,946.2,39,AWS-RAN-067,Ranchi,RAN,center
2025-03-11 10:00:00,27.7,945.9,29,AWS-RAN-067,Ranchi,RAN,center
2025-03-11 11:00:00,29.2,945.0,25,AWS-RAN-067,Ranchi,RAN,center
2025-03-11 12:00:00,30.2,943.7,22,AWS-RAN-067,Ranchi,RAN,center
2025-03-11 13:00:00,30.7,942.6,21,AWS-RAN-067,Ranchi,RAN,center
2025-03-11 14:00:00,30.6,941.8,20,AWS-RAN-067,Ranchi,RAN,center
2025-03-11 15:00:00,29.9,941.3,23,AWS-RAN-067,Ranchi,RAN,center
2025-03-11 16:00:00,29.4,941.0,21,AWS-RAN-067,Ranchi,RAN,center
2025-03-11 17:00:00,27.7,941.0,25,AWS-RAN-067,Ranchi,RAN,center
2025-03-11 18:00:00,25.4,941.3,30,AWS-RAN-067,Ranchi,RAN,center
2025-03-11 19:00:00,24.2,941.7,33,AWS-RAN-067,Ranchi,RAN,center
2025-03-11 20:00:00,23.4,941.7,37,AWS-RAN-067,Ranchi,RAN,center
2025-03-11 21:00:00,22.7,941.6,39,AWS-RAN-067,Ranchi,RAN,center
2025-03-11 22:00:00,22.4,941.3,38,AWS-RAN-067,Ranchi,RAN,center
2025-03-11 23:00:00,21.8,940.5,39,AWS-RAN-067,Ranchi,RAN,center
2025-03-12 00:00:00,20.7,940.1,42,AWS-RAN-067,Ranchi,RAN,center
2025-03-12 01:00:00,19.8,939.1,45,AWS-RAN-067,Ranchi,RAN,center
2025-03-12 02:00:00,19.3,938.5,46,AWS-RAN-067,Ranchi,RAN,center
2025-03-12 03:00:00,19.3,938.0,46,AWS-RAN-067,Ranchi,RAN,center
2025-03-12 04:00:00,19.9,938.0,43,AWS-RAN-067,Ranchi,RAN,center
2025-03-12 05:00:00,20.1,938.5,41,AWS-RAN-067,Ranchi,RAN,center
2025-03-12 06:00:00,19.8,939.5,45,AWS-RAN-067,Ranchi,RAN,center
2025-03-12 07:00:00,22.9,940.6,39,AWS-RAN-067,Ranchi,RAN,center
2025-03-12 08:00:00,26.7,941.8,32,AWS-RAN-067,Ranchi,RAN,center
2025-03-12 09:00:00,29.5,942.4,24,AWS-RAN-067,Ranchi,RAN,center
2025-03-12 10:00:00,31.4,942.1,19,AWS-RAN-067,Ranchi,RAN,center
2025-03-12 11:00:00,32.3,941.0,18,AWS-RAN-067,Ranchi,RAN,center
2025-03-12 12:00:00,32.7,939.9,17,AWS-RAN-067,Ranchi,RAN,center
2025-03-12 13:00:00,33.0,938.8,16,AWS-RAN-067,Ranchi,RAN,center
2025-03-12 14:00:00,33.1,937.8,16,AWS-RAN-067,Ranchi,RAN,center
2025-03-12 15:00:00,32.7,937.1,16,AWS-RAN-067,Ranchi,RAN,center
2025-03-12 16:00:00,32.1,936.8,17,AWS-RAN-067,Ranchi,RAN,center
2025-03-12 17:00:00,29.9,936.6,21,AWS-RAN-067,Ranchi,RAN,center
2025-03-12 18:00:00,27.7,937.1,24,AWS-RAN-067,Ranchi,RAN,center
2025-03-12 19:00:00,26.2,937.4,27,AWS-RAN-067,Ranchi,RAN,center
2025-03-12 20:00:00,25.2,938.0,29,AWS-RAN-067,Ranchi,RAN,center
2025-03-12 21:00:00,23.9,938.1,32,AWS-RAN-067,Ranchi,RAN,center
2025-03-12 22:00:00,22.1,938.2,36,AWS-RAN-067,Ranchi,RAN,center
2025-03-12 23:00:00,21.5,937.9,36,AWS-RAN-067,Ranchi,RAN,center
2025-03-13 00:00:00,21.9,937.4,32,AWS-RAN-067,Ranchi,RAN,center
2025-03-13 01:00:00,22.0,936.7,31,AWS-RAN-067,Ranchi,RAN,center
2025-03-13 02:00:00,21.5,936.1,32,AWS-RAN-067,Ranchi,RAN,center
2025-03-13 03:00:00,21.7,935.9,33,AWS-RAN-067,Ranchi,RAN,center
2025-03-13 04:00:00,20.6,936.2,36,AWS-RAN-067,Ranchi,RAN,center
2025-03-13 05:00:00,20.4,936.6,37,AWS-RAN-067,Ranchi,RAN,center
2025-03-13 06:00:00,20.5,937.7,42,AWS-RAN-067,Ranchi,RAN,center
2025-03-13 07:00:00,23.6,939.3,37,AWS-RAN-067,Ranchi,RAN,center
2025-03-13 08:00:00,27.4,940.8,31,AWS-RAN-067,Ranchi,RAN,center
2025-03-13 09:00:00,29.7,941.3,27,AWS-RAN-067,Ranchi,RAN,center
2025-03-13 10:00:00,31.5,941.0,23,AWS-RAN-067,Ranchi,RAN,center
2025-03-13 11:00:00,32.8,940.2,20,AWS-RAN-067,Ranchi,RAN,center
2025-03-13 12:00:00,33.7,939.1,17,AWS-RAN-067,Ranchi,RAN,center
2025-03-13 13:00:00,33.8,937.9,16,AWS-RAN-067,Ranchi,RAN,center
2025-03-13 14:00:00,33.5,936.9,16,AWS-RAN-067,Ranchi,RAN,center
2025-03-13 15:00:00,33.0,936.2,17,AWS-RAN-067,Ranchi,RAN,center
2025-03-13 16:00:00,32.1,936.1,19,AWS-RAN-067,Ranchi,RAN,center
2025-03-13 17:00:00,30.3,936.2,21,AWS-RAN-067,Ranchi,RAN,center
2025-03-13 18:00:00,28.2,936.5,24,AWS-RAN-067,Ranchi,RAN,center
2025-03-13 19:00:00,27.0,936.8,25,AWS-RAN-067,Ranchi,RAN,center
2025-03-13 20:00:00,25.9,937.5,26,AWS-RAN-067,Ranchi,RAN,center
2025-03-13 21:00:00,24.5,938.1,30,AWS-RAN-067,Ranchi,RAN,center
2025-03-13 22:00:00,23.5,938.1,34,AWS-RAN-067,Ranchi,RAN,center
2025-03-13 23:00:00,23.2,938.1,37,AWS-RAN-067,Ranchi,RAN,center
2025-03-14 00:00:00,22.3,937.5,41,AWS-RAN-067,Ranchi,RAN,center
2025-03-14 01:00:00,20.5,936.7,48,AWS-RAN-067,Ranchi,RAN,center
2025-03-14 02:00:00,19.8,936.5,51,AWS-RAN-067,Ranchi,RAN,center
2025-03-14 03:00:00,19.3,936.1,52,AWS-RAN-067,Ranchi,RAN,center
2025-03-14 04:00:00,19.3,936.4,53,AWS-RAN-067,Ranchi,RAN,center
2025-03-14 05:00:00,19.3,937.3,53,AWS-RAN-067,Ranchi,RAN,center
2025-03-14 06:00:00,19.2,938.3,62,AWS-RAN-067,Ranchi,RAN,center
2025-03-14 07:00:00,23.3,940.1,49,AWS-RAN-067,Ranchi,RAN,center
2025-03-14 08:00:00,27.6,941.9,37,AWS-RAN-067,Ranchi,RAN,center
2025-03-14 09:00:00,29.9,942.3,29,AWS-RAN-067,Ranchi,RAN,center
2025-03-14 10:00:00,31.6,942.3,24,AWS-RAN-067,Ranchi,RAN,center
2025-03-14 11:00:00,32.9,941.7,21,AWS-RAN-067,Ranchi,RAN,center
2025-03-14 12:00:00,34.0,940.7,18,AWS-RAN-067,Ranchi,RAN,center
2025-03-14 13:00:00,35.3,939.6,14,AWS-RAN-067,Ranchi,RAN,center
2025-03-14 14:00:00,34.3,938.5,16,AWS-RAN-067,Ranchi,RAN,center
2025-03-14 15:00:00,34.0,937.6,16,AWS-RAN-067,Ranchi,RAN,center
2025-03-14 16:00:00,32.9,937.6,15,AWS-RAN-067,Ranchi,RAN,center
2025-03-14 17:00:00,31.0,937.6,17,AWS-RAN-067,Ranchi,RAN,center
2025-03-14 18:00:00,27.4,938.2,23,AWS-RAN-067,Ranchi,RAN,center
2025-03-14 19:00:00,27.4,938.9,21,AWS-RAN-067,Ranchi,RAN,center
2025-03-14 20:00:00,26.5,939.4,24,AWS-RAN-067,Ranchi,RAN,center
2025-03-14 21:00:00,25.0,939.8,28,AWS-RAN-067,Ranchi,RAN,center
2025-03-14 22:00:00,23.5,939.8,35,AWS-RAN-067,Ranchi,RAN,center
2025-03-14 23:00:00,22.5,939.8,39,AWS-RAN-067,Ranchi,RAN,center
2025-03-15 00:00:00,22.2,939.2,42,AWS-RAN-067,Ranchi,RAN,center
2025-03-15 01:00:00,21.5,938.6,44,AWS-RAN-067,Ranchi,RAN,center
2025-03-15 02:00:00,21.2,937.9,46,AWS-RAN-067,Ranchi,RAN,center
2025-03-15 03:00:00,20.7,937.5,47,AWS-RAN-067,Ranchi,RAN,center
2025-03-15 04:00:00,20.4,937.6,48,AWS-RAN-067,Ranchi,RAN,center
2025-03-15 05:00:00,21.3,938.2,45,AWS-RAN-067,Ranchi,RAN,center
2025-03-15 06:00:00,21.4,939.5,54,AWS-RAN-067,Ranchi,RAN,center
2025-03-15 07:00:00,24.7,941.4,43,AWS-RAN-067,Ranchi,RAN,center
2025-03-15 08:00:00,28.7,943.0,34,AWS-RAN-067,Ranchi,RAN,center
2025-03-15 09:00:00,30.9,943.7,26,AWS-RAN-067,Ranchi,RAN,center
2025-03-15 10:00:00,32.3,943.7,23,AWS-RAN-067,Ranchi,RAN,center
2025-03-15 11:00:00,33.6,943.2,21,AWS-RAN-067,Ranchi,RAN,center
2025-03-15 12:00:00,34.9,942.2,17,AWS-RAN-067,Ranchi,RAN,center
2025-03-15 13:00:00,35.4,941.3,16,AWS-RAN-067,Ranchi,RAN,center
2025-03-15 14:00:00,35.1,940.4,15,AWS-RAN-067,Ranchi,RAN,center
2025-03-15 15:00:00,34.6,939.7,14,AWS-RAN-067,Ranchi,RAN,center
2025-03-15 16:00:00,33.8,939.5,14,AWS-RAN-067,Ranchi,RAN,center
2025-03-15 17:00:00,31.9,939.5,17,AWS-RAN-067,Ranchi,RAN,center
2025-03-15 18:00:00,29.4,940.2,20,AWS-RAN-067,Ranchi,RAN,center
2025-03-15 19:00:00,28.5,940.6,20,AWS-RAN-067,Ranchi,RAN,center
2025-03-15 20:00:00,27.6,941.2,21,AWS-RAN-067,Ranchi,RAN,center
2025-03-15 21:00:00,26.6,941.5,23,AWS-RAN-067,Ranchi,RAN,center
2025-03-15 22:00:00,25.8,941.8,24,AWS-RAN-067,Ranchi,RAN,center
2025-03-15 23:00:00,24.5,941.6,28,AWS-RAN-067,Ranchi,RAN,center
2025-03-16 00:00:00,23.5,940.8,34,AWS-RAN-067,Ranchi,RAN,center
2025-03-16 01:00:00,24.0,940.3,36,AWS-RAN-067,Ranchi,RAN,center
2025-03-16 02:00:00,23.9,939.5,36,AWS-RAN-067,Ranchi,RAN,center
2025-03-16 03:00:00,23.4,938.9,37,AWS-RAN-067,Ranchi,RAN,center
2025-03-16 04:00:00,23.1,939.1,39,AWS-RAN-067,Ranchi,RAN,center
2025-03-16 05:00:00,22.7,939.4,40,AWS-RAN-067,Ranchi,RAN,center
2025-03-16 06:00:00,22.5,939.7,53,AWS-RAN-067,Ranchi,RAN,center
2025-03-16 07:00:00,25.8,941.1,43,AWS-RAN-067,Ranchi,RAN,center
2025-03-16 08:00:00,29.6,942.4,36,AWS-RAN-067,Ranchi,RAN,center
2025-03-16 09:00:00,32.3,942.9,25,AWS-RAN-067,Ranchi,RAN,center
2025-03-16 10:00:00,34.2,943.0,18,AWS-RAN-067,Ranchi,RAN,center
2025-03-16 11:00:00,34.9,942.3,17,AWS-RAN-067,Ranchi,RAN,center
2025-03-16 12:00:00,35.1,941.3,16,AWS-RAN-067,Ranchi,RAN,center
2025-03-16 13:00:00,34.9,940.1,17,AWS-RAN-067,Ranchi,RAN,center
2025-03-16 14:00:00,35.2,938.9,17,AWS-RAN-067,Ranchi,RAN,center
2025-03-16 15:00:00,34.8,938.2,17,AWS-RAN-067,Ranchi,RAN,center
2025-03-16 16:00:00,34.2,938.2,17,AWS-RAN-067,Ranchi,RAN,center
2025-03-16 17:00:00,30.2,938.9,28,AWS-RAN-067,Ranchi,RAN,center
2025-03-16 18:00:00,27.4,939.6,38,AWS-RAN-067,Ranchi,RAN,center
2025-03-16 19:00:00,27.0,939.8,39,AWS-RAN-067,Ranchi,RAN,center
2025-03-16 20:00:00,26.3,940.0,40,AWS-RAN-067,Ranchi,RAN,center
2025-03-16 21:00:00,24.8,939.9,44,AWS-RAN-067,Ranchi,RAN,center
2025-03-16 22:00:00,23.9,939.7,48,AWS-RAN-067,Ranchi,RAN,center
2025-03-16 23:00:00,23.7,939.3,48,AWS-RAN-067,Ranchi,RAN,center
2025-03-17 00:00:00,23.0,938.8,50,AWS-RAN-067,Ranchi,RAN,center
2025-03-17 01:00:00,22.1,938.3,53,AWS-RAN-067,Ranchi,RAN,center
2025-03-17 02:00:00,21.9,937.8,54,AWS-RAN-067,Ranchi,RAN,center
2025-03-17 03:00:00,21.5,937.5,55,AWS-RAN-067,Ranchi,RAN,center
2025-03-17 04:00:00,21.4,937.6,55,AWS-RAN-067,Ranchi,RAN,center
2025-03-17 05:00:00,21.0,938.0,56,AWS-RAN-067,Ranchi,RAN,center
2025-03-17 06:00:00,21.7,939.2,61,AWS-RAN-067,Ranchi,RAN,center
2025-03-17 07:00:00,23.6,940.7,55,AWS-RAN-067,Ranchi,RAN,center
2025-03-17 08:00:00,26.2,941.7,47,AWS-RAN-067,Ranchi,RAN,center
2025-03-17 09:00:00,28.6,942.1,40,AWS-RAN-067,Ranchi,RAN,center
2025-03-17 10:00:00,30.4,942.9,37,AWS-RAN-067,Ranchi,RAN,center
2025-03-17 11:00:00,27.1,942.3,49,AWS-RAN-067,Ranchi,RAN,center
2025-03-17 12:00:00,27.6,941.9,46,AWS-RAN-067,Ranchi,RAN,center
2025-03-17 13:00:00,28.9,940.4,40,AWS-RAN-067,Ranchi,RAN,center
2025-03-17 14:00:00,30.6,939.4,37,AWS-RAN-067,Ranchi,RAN,center
2025-03-17 15:00:00,27.4,938.9,43,AWS-RAN-067,Ranchi,RAN,center
2025-03-17 16:00:00,29.2,938.7,36,AWS-RAN-067,Ranchi,RAN,center
2025-03-17 17:00:00,28.6,938.7,39,AWS-RAN-067,Ranchi,RAN,center
2025-03-17 18:00:00,26.4,939.0,47,AWS-RAN-067,Ranchi,RAN,center
2025-03-17 19:00:00,25.8,939.4,47,AWS-RAN-067,Ranchi,RAN,center
2025-03-17 20:00:00,24.5,939.8,47,AWS-RAN-067,Ranchi,RAN,center
2025-03-17 21:00:00,24.1,940.4,46,AWS-RAN-067,Ranchi,RAN,center
2025-03-17 22:00:00,23.3,941.0,50,AWS-RAN-067,Ranchi,RAN,center
2025-03-17 23:00:00,22.4,940.6,53,AWS-RAN-067,Ranchi,RAN,center
2025-03-18 00:00:00,21.8,940.4,53,AWS-RAN-067,Ranchi,RAN,center
2025-03-18 01:00:00,21.3,940.0,53,AWS-RAN-067,Ranchi,RAN,center
2025-03-18 02:00:00,20.8,939.5,53,AWS-RAN-067,Ranchi,RAN,center
2025-03-18 03:00:00,20.5,939.0,52,AWS-RAN-067,Ranchi,RAN,center
2025-03-18 04:00:00,20.2,939.3,51,AWS-RAN-067,Ranchi,RAN,center
2025-03-18 05:00:00,19.5,939.3,52,AWS-RAN-067,Ranchi,RAN,center
2025-03-18 06:00:00,19.8,940.4,52,AWS-RAN-067,Ranchi,RAN,center
2025-03-18 07:00:00,22.0,941.6,44,AWS-RAN-067,Ranchi,RAN,center
2025-03-18 08:00:00,24.7,942.8,33,AWS-RAN-067,Ranchi,RAN,center
2025-03-18 09:00:00,26.6,943.1,29,AWS-RAN-067,Ranchi,RAN,center
2025-03-18 10:00:00,28.3,943.1,26,AWS-RAN-067,Ranchi,RAN,center
2025-03-18 11:00:00,29.5,942.5,25,AWS-RAN-067,Ranchi,RAN,center
2025-03-18 12:00:00,30.6,941.7,24,AWS-RAN-067,Ranchi,RAN,center
2025-03-18 13:00:00,31.1,940.8,23,AWS-RAN-067,Ranchi,RAN,center
2025-03-18 14:00:00,31.6,940.0,22,AWS-RAN-067,Ranchi,RAN,center
2025-03-18 15:00:00,32.1,939.2,20,AWS-RAN-067,Ranchi,RAN,center
2025-03-18 16:00:00,30.7,939.2,21,AWS-RAN-067,Ranchi,RAN,center
2025-03-18 17:00:00,28.4,939.5,26,AWS-RAN-067,Ranchi,RAN,center
2025-03-18 18:00:00,25.9,940.1,31,AWS-RAN-067,Ranchi,RAN,center
2025-03-18 19:00:00,24.4,940.9,34,AWS-RAN-067,Ranchi,RAN,center
2025-03-18 20:00:00,23.9,941.5,31,AWS-RAN-067,Ranchi,RAN,center
2025-03-18 21:00:00,23.2,941.6,31,AWS-RAN-067,Ranchi,RAN,center
2025-03-18 22:00:00,22.4,941.8,33,AWS-RAN-067,Ranchi,RAN,center
2025-03-18 23:00:00,21.9,941.6,34,AWS-RAN-067,Ranchi,RAN,center
2025-03-19 00:00:00,21.1,941.4,36,AWS-RAN-067,Ranchi,RAN,center
2025-03-19 01:00:00,20.6,940.8,37,AWS-RAN-067,Ranchi,RAN,center
2025-03-19 02:00:00,20.1,940.3,37,AWS-RAN-067,Ranchi,RAN,center
2025-03-19 03:00:00,20.0,940.1,37,AWS-RAN-067,Ranchi,RAN,center
2025-03-19 04:00:00,19.9,940.2,37,AWS-RAN-067,Ranchi,RAN,center
2025-03-19 05:00:00,18.5,940.8,41,AWS-RAN-067,Ranchi,RAN,center
2025-03-19 06:00:00,18.2,942.5,50,AWS-RAN-067,Ranchi,RAN,center
2025-03-19 07:00:00,21.6,943.6,40,AWS-RAN-067,Ranchi,RAN,center
2025-03-19 08:00:00,24.4,944.9,32,AWS-RAN-067,Ranchi,RAN,center
2025-03-19 09:00:00,26.7,945.4,27,AWS-RAN-067,Ranchi,RAN,center
2025-03-19 10:00:00,28.7,945.8,24,AWS-RAN-067,Ranchi,RAN,center
2025-03-19 11:00:00,30.3,945.3,23,AWS-RAN-067,Ranchi,RAN,center
2025-03-19 12:00:00,31.7,944.4,22,AWS-RAN-067,Ranchi,RAN,center
2025-03-19 13:00:00,32.8,943.4,21,AWS-RAN-067,Ranchi,RAN,center
2025-03-19 14:00:00,33.4,942.5,20,AWS-RAN-067,Ranchi,RAN,center
2025-03-19 15:00:00,33.2,941.9,20,AWS-RAN-067,Ranchi,RAN,center
2025-03-19 16:00:00,32.4,941.4,22,AWS-RAN-067,Ranchi,RAN,center
2025-03-19 17:00:00,31.0,941.5,33,AWS-RAN-067,Ranchi,RAN,center
2025-03-19 18:00:00,28.4,942.2,30,AWS-RAN-067,Ranchi,RAN,center
2025-03-19 19:00:00,27.2,942.8,30,AWS-RAN-067,Ranchi,RAN,center
2025-03-19 20:00:00,25.9,943.1,33,AWS-RAN-067,Ranchi,RAN,center
2025-03-19 21:00:00,25.2,943.9,36,AWS-RAN-067,Ranchi,RAN,center
2025-03-19 22:00:00,24.3,944.1,39,AWS-RAN-067,Ranchi,RAN,center
2025-03-19 23:00:00,23.5,943.7,41,AWS-RAN-067,Ranchi,RAN,center
2025-03-20 00:00:00,23.0,943.5,42,AWS-RAN-067,Ranchi,RAN,center
2025-03-20 01:00:00,22.4,942.6,45,AWS-RAN-067,Ranchi,RAN,center
2025-03-20 02:00:00,21.6,942.2,51,AWS-RAN-067,Ranchi,RAN,center
2025-03-20 03:00:00,21.1,942.1,54,AWS-RAN-067,Ranchi,RAN,center
2025-03-20 04:00:00,21.0,942.6,52,AWS-RAN-067,Ranchi,RAN,center
2025-03-20 05:00:00,21.2,943.0,51,AWS-RAN-067,Ranchi,RAN,center
2025-03-20 06:00:00,21.3,944.3,64,AWS-RAN-067,Ranchi,RAN,center
2025-03-20 07:00:00,23.8,945.7,46,AWS-RAN-067,Ranchi,RAN,center
2025-03-20 08:00:00,26.0,946.4,32,AWS-RAN-067,Ranchi,RAN,center
2025-03-20 09:00:00,28.1,946.9,32,AWS-RAN-067,Ranchi,RAN,center
2025-03-20 10:00:00,29.3,946.6,32,AWS-RAN-067,Ranchi,RAN,center
2025-03-20 11:00:00,30.5,945.8,31,AWS-RAN-067,Ranchi,RAN,center
2025-03-20 12:00:00,31.9,945.2,29,AWS-RAN-067,Ranchi,RAN,center
2025-03-20 13:00:00,30.8,943.6,32,AWS-RAN-067,Ranchi,RAN,center
2025-03-20 14:00:00,29.7,943.0,36,AWS-RAN-067,Ranchi,RAN,center
2025-03-20 15:00:00,24.9,943.1,61,AWS-RAN-067,Ranchi,RAN,center
2025-03-20 16:00:00,26.1,942.4,52,AWS-RAN-067,Ranchi,RAN,center
2025-03-20 17:00:00,25.7,942.5,51,AWS-RAN-067,Ranchi,RAN,center
2025-03-20 18:00:00,25.4,943.1,51,AWS-RAN-067,Ranchi,RAN,center
2025-03-20 19:00:00,24.3,944.1,55,AWS-RAN-067,Ranchi,RAN,center
2025-03-20 20:00:00,23.7,944.7,61,AWS-RAN-067,Ranchi,RAN,center
2025-03-20 21:00:00,22.9,944.9,65,AWS-RAN-067,Ranchi,RAN,center
2025-03-20 22:00:00,22.1,944.6,68,AWS-RAN-067,Ranchi,RAN,center
2025-03-20 23:00:00,20.9,944.9,76,AWS-RAN-067,Ranchi,RAN,center
2025-03-21 00:00:00,20.7,943.9,76,AWS-RAN-067,Ranchi,RAN,center
2025-03-21 01:00:00,20.2,943.5,80,AWS-RAN-067,Ranchi,RAN,center
2025-03-21 02:00:00,19.9,942.9,84,AWS-RAN-067,Ranchi,RAN,center
2025-03-21 03:00:00,19.8,942.7,82,AWS-RAN-067,Ranchi,RAN,center
2025-03-21 04:00:00,18.6,943.2,90,AWS-RAN-067,Ranchi,RAN,center
2025-03-21 05:00:00,18.6,942.8,90,AWS-RAN-067,Ranchi,RAN,center
2025-03-21 06:00:00,20.0,944.3,81,AWS-RAN-067,Ranchi,RAN,center
2025-03-21 07:00:00,22.1,945.2,73,AWS-RAN-067,Ranchi,RAN,center
2025-03-21 08:00:00,24.0,946.3,67,AWS-RAN-067,Ranchi,RAN,center
2025-03-21 09:00:00,25.5,946.4,60,AWS-RAN-067,Ranchi,RAN,center
2025-03-21 10:00:00,26.7,946.7,53,AWS-RAN-067,Ranchi,RAN,center
2025-03-21 11:00:00,23.4,946.5,68,AWS-RAN-067,Ranchi,RAN,center
2025-03-21 12:00:00,21.2,945.1,81,AWS-RAN-067,Ranchi,RAN,center
2025-03-21 13:00:00,21.1,943.5,88,AWS-RAN-067,Ranchi,RAN,center
2025-03-21 14:00:00,23.2,942.3,71,AWS-RAN-067,Ranchi,RAN,center
2025-03-21 15:00:00,25.5,942.0,58,AWS-RAN-067,Ranchi,RAN,center
2025-03-21 16:00:00,23.4,941.4,71,AWS-RAN-067,Ranchi,RAN,center
2025-03-21 17:00:00,22.3,941.9,75,AWS-RAN-067,Ranchi,RAN,center
2025-03-21 18:00:00,19.9,943.2,83,AWS-RAN-067,Ranchi,RAN,center
2025-03-21 19:00:00,19.1,942.6,92,AWS-RAN-067,Ranchi,RAN,center
2025-03-21 20:00:00,18.4,943.3,94,AWS-RAN-067,Ranchi,RAN,center
2025-03-21 21:00:00,18.4,943.1,92,AWS-RAN-067,Ranchi,RAN,center
2025-03-21 22:00:00,17.9,944.3,95,AWS-RAN-067,Ranchi,RAN,center
2025-03-21 23:00:00,17.9,943.7,98,AWS-RAN-067,Ranchi,RAN,center
2025-03-22 00:00:00,17.5,942.4,99,AWS-RAN-067,Ranchi,RAN,center
2025-03-22 01:00:00,17.5,941.5,98,AWS-RAN-067,Ranchi,RAN,center
2025-03-22 02:00:00,17.5,942.0,96,AWS-RAN-067,Ranchi,RAN,center
2025-03-22 03:00:00,17.9,940.6,92,AWS-RAN-067,Ranchi,RAN,center
2025-03-22 04:00:00,17.8,940.9,92,AWS-RAN-067,Ranchi,RAN,center
2025-03-22 05:00:00,17.1,941.1,92,AWS-RAN-067,Ranchi,RAN,center
2025-03-22 06:00:00,16.8,942.5,91,AWS-RAN-067,Ranchi,RAN,center
2025-03-22 07:00:00,17.7,943.9,85,AWS-RAN-067,Ranchi,RAN,center
2025-03-22 08:00:00,19.6,945.1,76,AWS-RAN-067,Ranchi,RAN,center
2025-03-22 09:00:00,22.4,945.2,67,AWS-RAN-067,Ranchi,RAN,center
2025-03-22 10:00:00,24.8,945.3,57,AWS-RAN-067,Ranchi,RAN,center
2025-03-22 11:00:00,26.3,944.6,50,AWS-RAN-067,Ranchi,RAN,center
2025-03-22 12:00:00,27.3,943.6,46,AWS-RAN-067,Ranchi,RAN,center
2025-03-22 13:00:00,27.8,942.5,44,AWS-RAN-067,Ranchi,RAN,center
2025-03-22 14:00:00,27.8,941.6,43,AWS-RAN-067,Ranchi,RAN,center
2025-03-22 15:00:00,27.7,940.6,39,AWS-RAN-067,Ranchi,RAN,center
2025-03-22 16:00:00,20.3,941.1,77,AWS-RAN-067,Ranchi,RAN,center
2025-03-22 17:00:00,20.4,940.9,75,AWS-RAN-067,Ranchi,RAN,center
2025-03-22 18:00:00,20.6,942.1,66,AWS-RAN-067,Ranchi,RAN,center
2025-03-22 19:00:00,18.7,942.1,75,AWS-RAN-067,Ranchi,RAN,center
2025-03-22 20:00:00,17.8,943.4,80,AWS-RAN-067,Ranchi,RAN,center
2025-03-22 21:00:00,17.4,943.8,81,AWS-RAN-067,Ranchi,RAN,center
2025-03-22 22:00:00,17.7,943.7,75,AWS-RAN-067,Ranchi,RAN,center
2025-03-22 23:00:00,17.3,943.6,80,AWS-RAN-067,Ranchi,RAN,center
2025-03-23 00:00:00,16.7,942.7,91,AWS-RAN-067,Ranchi,RAN,center
2025-03-23 01:00:00,16.4,941.6,94,AWS-RAN-067,Ranchi,RAN,center
2025-03-23 02:00:00,16.1,940.8,94,AWS-RAN-067,Ranchi,RAN,center
2025-03-23 03:00:00,16.7,941.3,88,AWS-RAN-067,Ranchi,RAN,center
2025-03-23 04:00:00,17.3,941.9,79,AWS-RAN-067,Ranchi,RAN,center
2025-03-23 05:00:00,18.2,942.4,65,AWS-RAN-067,Ranchi,RAN,center
2025-03-23 06:00:00,17.8,943.7,67,AWS-RAN-067,Ranchi,RAN,center
2025-03-23 07:00:00,20.2,944.2,58,AWS-RAN-067,Ranchi,RAN,center
2025-03-23 08:00:00,23.9,945.4,43,AWS-RAN-067,Ranchi,RAN,center
2025-03-23 09:00:00,26.9,945.9,30,AWS-RAN-067,Ranchi,RAN,center
2025-03-23 10:00:00,27.9,945.8,25,AWS-RAN-067,Ranchi,RAN,center
2025-03-23 11:00:00,28.0,945.0,24,AWS-RAN-067,Ranchi,RAN,center
2025-03-23 12:00:00,28.9,944.0,22,AWS-RAN-067,Ranchi,RAN,center
2025-03-23 13:00:00,28.2,942.9,23,AWS-RAN-067,Ranchi,RAN,center
2025-03-23 14:00:00,28.1,942.0,23,AWS-RAN-067,Ranchi,RAN,center
2025-03-23 15:00:00,28.0,941.5,22,AWS-RAN-067,Ranchi,RAN,center
2025-03-23 16:00:00,27.5,941.4,23,AWS-RAN-067,Ranchi,RAN,center
2025-03-23 17:00:00,24.9,941.2,36,AWS-RAN-067,Ranchi,RAN,center
2025-03-23 18:00:00,22.0,942.2,43,AWS-RAN-067,Ranchi,RAN,center
2025-03-23 19:00:00,21.6,943.0,46,AWS-RAN-067,Ranchi,RAN,center
2025-03-23 20:00:00,20.1,943.3,52,AWS-RAN-067,Ranchi,RAN,center
2025-03-23 21:00:00,19.1,943.6,59,AWS-RAN-067,Ranchi,RAN,center
2025-03-23 22:00:00,18.0,943.7,71,AWS-RAN-067,Ranchi,RAN,center
2025-03-23 23:00:00,17.4,943.2,78,AWS-RAN-067,Ranchi,RAN,center
2025-03-24 00:00:00,17.2,942.9,81,AWS-RAN-067,Ranchi,RAN,center
2025-03-24 01:00:00,16.8,942.1,82,AWS-RAN-067,Ranchi,RAN,center
2025-03-24 02:00:00,16.5,941.6,83,AWS-RAN-067,Ranchi,RAN,center
2025-03-24 03:00:00,16.4,941.3,82,AWS-RAN-067,Ranchi,RAN,center
2025-03-24 04:00:00,16.7,941.6,80,AWS-RAN-067,Ranchi,RAN,center
2025-03-24 05:00:00,16.4,942.3,81,AWS-RAN-067,Ranchi,RAN,center
2025-03-24 06:00:00,18.2,943.4,80,AWS-RAN-067,Ranchi,RAN,center
2025-03-24 07:00:00,21.3,945.1,69,AWS-RAN-067,Ranchi,RAN,center
2025-03-24 08:00:00,23.7,946.3,57,AWS-RAN-067,Ranchi,RAN,center
2025-03-24 09:00:00,25.8,946.5,43,AWS-RAN-067,Ranchi,RAN,center
2025-03-24 10:00:00,27.2,946.2,34,AWS-RAN-067,Ranchi,RAN,center
2025-03-24 11:00:00,28.0,945.2,31,AWS-RAN-067,Ranchi,RAN,center
2025-03-24 12:00:00,28.6,944.0,29,AWS-RAN-067,Ranchi,RAN,center
2025-03-24 13:00:00,29.0,942.6,28,AWS-RAN-067,Ranchi,RAN,center
2025-03-24 14:00:00,29.2,941.6,27,AWS-RAN-067,Ranchi,RAN,center
2025-03-24 15:00:00,29.2,941.0,27,AWS-RAN-067,Ranchi,RAN,center
2025-03-24 16:00:00,28.5,941.0,27,AWS-RAN-067,Ranchi,RAN,center
2025-03-24 17:00:00,26.3,940.7,33,AWS-RAN-067,Ranchi,RAN,center
2025-03-24 18:00:00,24.0,940.9,38,AWS-RAN-067,Ranchi,RAN,center
2025-03-24 19:00:00,22.5,941.4,42,AWS-RAN-067,Ranchi,RAN,center
2025-03-24 20:00:00,21.6,942.0,48,AWS-RAN-067,Ranchi,RAN,center
2025-03-24 21:00:00,20.8,942.7,49,AWS-RAN-067,Ranchi,RAN,center
2025-03-24 22:00:00,20.0,942.1,48,AWS-RAN-067,Ranchi,RAN,center
2025-03-24 23:00:00,20.5,941.6,48,AWS-RAN-067,Ranchi,RAN,center
2025-03-25 00:00:00,19.4,940.5,53,AWS-RAN-067,Ranchi,RAN,center
2025-03-25 01:00:00,18.8,939.6,56,AWS-RAN-067,Ranchi,RAN,center
2025-03-25 02:00:00,18.2,939.2,59,AWS-RAN-067,Ranchi,RAN,center
2025-03-25 03:00:00,18.1,939.0,60,AWS-RAN-067,Ranchi,RAN,center
2025-03-25 04:00:00,18.4,939.0,57,AWS-RAN-067,Ranchi,RAN,center
2025-03-25 05:00:00,18.8,939.0,55,AWS-RAN-067,Ranchi,RAN,center
2025-03-25 06:00:00,19.9,939.7,63,AWS-RAN-067,Ranchi,RAN,center
2025-03-25 07:00:00,22.7,940.9,57,AWS-RAN-067,Ranchi,RAN,center
2025-03-25 08:00:00,25.7,942.3,40,AWS-RAN-067,Ranchi,RAN,center
2025-03-25 09:00:00,27.2,942.5,34,AWS-RAN-067,Ranchi,RAN,center
2025-03-25 10:00:00,28.4,942.1,30,AWS-RAN-067,Ranchi,RAN,center
2025-03-25 11:00:00,29.5,941.5,27,AWS-RAN-067,Ranchi,RAN,center
2025-03-25 12:00:00,30.3,940.3,24,AWS-RAN-067,Ranchi,RAN,center
2025-03-25 13:00:00,30.6,939.2,24,AWS-RAN-067,Ranchi,RAN,center
2025-03-25 14:00:00,30.9,938.0,21,AWS-RAN-067,Ranchi,RAN,center
2025-03-25 15:00:00,30.7,937.5,19,AWS-RAN-067,Ranchi,RAN,center
2025-03-25 16:00:00,29.7,937.4,19,AWS-RAN-067,Ranchi,RAN,center
2025-03-25 17:00:00,27.0,937.2,26,AWS-RAN-067,Ranchi,RAN,center
2025-03-25 18:00:00,24.6,937.1,29,AWS-RAN-067,Ranchi,RAN,center
2025-03-25 19:00:00,23.8,937.5,28,AWS-RAN-067,Ranchi,RAN,center
2025-03-25 20:00:00,23.1,938.1,29,AWS-RAN-067,Ranchi,RAN,center
2025-03-25 21:00:00,22.0,938.4,32,AWS-RAN-067,Ranchi,RAN,center
2025-03-25 22:00:00,20.8,938.1,36,AWS-RAN-067,Ranchi,RAN,center
2025-03-25 23:00:00,21.2,937.6,36,AWS-RAN-067,Ranchi,RAN,center
2025-03-26 00:00:00,20.6,937.0,39,AWS-RAN-067,Ranchi,RAN,center
2025-03-26 01:00:00,19.5,936.3,43,AWS-RAN-067,Ranchi,RAN,center
2025-03-26 02:00:00,18.9,935.6,46,AWS-RAN-067,Ranchi,RAN,center
2025-03-26 03:00:00,18.8,935.3,48,AWS-RAN-067,Ranchi,RAN,center
2025-03-26 04:00:00,19.0,935.4,48,AWS-RAN-067,Ranchi,RAN,center
2025-03-26 05:00:00,19.2,936.0,47,AWS-RAN-067,Ranchi,RAN,center
2025-03-26 06:00:00,20.6,937.3,53,AWS-RAN-067,Ranchi,RAN,center
2025-03-26 07:00:00,24.1,938.9,46,AWS-RAN-067,Ranchi,RAN,center
2025-03-26 08:00:00,26.9,940.1,37,AWS-RAN-067,Ranchi,RAN,center
2025-03-26 09:00:00,28.8,940.5,27,AWS-RAN-067,Ranchi,RAN,center
2025-03-26 10:00:00,30.0,940.4,24,AWS-RAN-067,Ranchi,RAN,center
2025-03-26 11:00:00,31.0,939.8,21,AWS-RAN-067,Ranchi,RAN,center
2025-03-26 12:00:00,32.0,938.8,19,AWS-RAN-067,Ranchi,RAN,center
2025-03-26 13:00:00,32.5,937.6,16,AWS-RAN-067,Ranchi,RAN,center
2025-03-26 14:00:00,32.2,936.9,16,AWS-RAN-067,Ranchi,RAN,center
2025-03-26 15:00:00,31.9,936.6,16,AWS-RAN-067,Ranchi,RAN,center
2025-03-26 16:00:00,31.1,936.4,16,AWS-RAN-067,Ranchi,RAN,center
2025-03-26 17:00:00,28.2,936.1,24,AWS-RAN-067,Ranchi,RAN,center
2025-03-26 18:00:00,25.3,936.2,28,AWS-RAN-067,Ranchi,RAN,center
2025-03-26 19:00:00,24.7,936.6,30,AWS-RAN-067,Ranchi,RAN,center
2025-03-26 20:00:00,23.9,937.2,33,AWS-RAN-067,Ranchi,RAN,center
2025-03-26 21:00:00,22.7,937.2,36,AWS-RAN-067,Ranchi,RAN,center
2025-03-26 22:00:00,22.4,937.1,37,AWS-RAN-067,Ranchi,RAN,center
2025-03-26 23:00:00,21.3,936.5,38,AWS-RAN-067,Ranchi,RAN,center
2025-03-27 00:00:00,20.7,936.0,38,AWS-RAN-067,Ranchi,RAN,center
2025-03-27 01:00:00,20.3,935.3,39,AWS-RAN-067,Ranchi,RAN,center
2025-03-27 02:00:00,20.2,934.7,40,AWS-RAN-067,Ranchi,RAN,center
2025-03-27 03:00:00,20.1,934.5,40,AWS-RAN-067,Ranchi,RAN,center
2025-03-27 04:00:00,20.1,934.8,40,AWS-RAN-067,Ranchi,RAN,center
2025-03-27 05:00:00,20.0,935.4,40,AWS-RAN-067,Ranchi,RAN,center
2025-03-27 06:00:00,21.0,936.3,41,AWS-RAN-067,Ranchi,RAN,center
2025-03-27 07:00:00,24.9,937.9,36,AWS-RAN-067,Ranchi,RAN,center
2025-03-27 08:00:00,28.8,939.3,29,AWS-RAN-067,Ranchi,RAN,center
2025-03-27 09:00:00,31.2,939.8,20,AWS-RAN-067,Ranchi,RAN,center
2025-03-27 10:00:00,32.5,939.7,17,AWS-RAN-067,Ranchi,RAN,center
2025-03-27 11:00:00,33.8,938.8,14,AWS-RAN-067,Ranchi,RAN,center
2025-03-27 12:00:00,34.0,937.9,15,AWS-RAN-067,Ranchi,RAN,center
2025-03-27 13:00:00,34.6,936.7,14,AWS-RAN-067,Ranchi,RAN,center
2025-03-27 14:00:00,34.5,935.8,14,AWS-RAN-067,Ranchi,RAN,center
2025-03-27 15:00:00,33.8,935.3,15,AWS-RAN-067,Ranchi,RAN,center
2025-03-27 16:00:00,32.7,935.1,17,AWS-RAN-067,Ranchi,RAN,center
2025-03-27 17:00:00,30.3,934.8,21,AWS-RAN-067,Ranchi,RAN,center
2025-03-27 18:00:00,28.2,934.7,22,AWS-RAN-067,Ranchi,RAN,center
2025-03-27 19:00:00,27.5,935.1,22,AWS-RAN-067,Ranchi,RAN,center
2025-03-27 20:00:00,26.2,935.7,25,AWS-RAN-067,Ranchi,RAN,center
2025-03-27 21:00:00,25.6,936.3,26,AWS-RAN-067,Ranchi,RAN,center
2025-03-27 22:00:00,25.7,936.2,26,AWS-RAN-067,Ranchi,RAN,center
2025-03-27 23:00:00,24.9,935.9,27,AWS-RAN-067,Ranchi,RAN,center
2025-03-28 00:00:00,24.2,935.3,29,AWS-RAN-067,Ranchi,RAN,center
2025-03-28 01:00:00,23.7,934.6,30,AWS-RAN-067,Ranchi,RAN,center
2025-03-28 02:00:00,23.4,934.1,31,AWS-RAN-067,Ranchi,RAN,center
2025-03-28 03:00:00,23.4,934.1,31,AWS-RAN-067,Ranchi,RAN,center
2025-03-28 04:00:00,23.1,934.7,32,AWS-RAN-067,Ranchi,RAN,center
2025-03-28 05:00:00,22.6,935.1,34,AWS-RAN-067,Ranchi,RAN,center
2025-03-28 06:00:00,22.8,935.9,37,AWS-RAN-067,Ranchi,RAN,center
2025-03-28 07:00:00,26.3,937.8,33,AWS-RAN-067,Ranchi,RAN,center
2025-03-28 08:00:00,29.7,939.0,28,AWS-RAN-067,Ranchi,RAN,center
2025-03-28 09:00:00,31.7,939.6,24,AWS-RAN-067,Ranchi,RAN,center
2025-03-28 10:00:00,33.1,939.7,21,AWS-RAN-067,Ranchi,RAN,center
2025-03-28 11:00:00,34.0,939.2,19,AWS-RAN-067,Ranchi,RAN,center
2025-03-28 12:00:00,34.3,938.5,20,AWS-RAN-067,Ranchi,RAN,center
2025-03-28 13:00:00,34.7,937.5,18,AWS-RAN-067,Ranchi,RAN,center
2025-03-28 14:00:00,34.5,936.5,19,AWS-RAN-067,Ranchi,RAN,center
2025-03-28 15:00:00,33.9,935.8,19,AWS-RAN-067,Ranchi,RAN,center
2025-03-28 16:00:00,32.9,935.9,22,AWS-RAN-067,Ranchi,RAN,center
2025-03-28 17:00:00,30.8,935.7,26,AWS-RAN-067,Ranchi,RAN,center
2025-03-28 18:00:00,28.6,935.3,28,AWS-RAN-067,Ranchi,RAN,center
2025-03-28 19:00:00,28.5,936.1,26,AWS-RAN-067,Ranchi,RAN,center
2025-03-28 20:00:00,27.9,936.6,27,AWS-RAN-067,Ranchi,RAN,center
2025-03-28 21:00:00,26.3,936.9,31,AWS-RAN-067,Ranchi,RAN,center
2025-03-28 22:00:00,24.7,937.0,36,AWS-RAN-067,Ranchi,RAN,center
2025-03-28 23:00:00,24.1,936.6,38,AWS-RAN-067,Ranchi,RAN,center
2025-03-29 00:00:00,24.4,936.1,36,AWS-RAN-067,Ranchi,RAN,center
2025-03-29 01:00:00,24.3,935.5,37,AWS-RAN-067,Ranchi,RAN,center
2025-03-29 02:00:00,23.8,935.1,39,AWS-RAN-067,Ranchi,RAN,center
2025-03-29 03:00:00,23.1,935.0,41,AWS-RAN-067,Ranchi,RAN,center
2025-03-29 04:00:00,22.7,935.3,42,AWS-RAN-067,Ranchi,RAN,center
2025-03-29 05:00:00,22.0,936.1,44,AWS-RAN-067,Ranchi,RAN,center
2025-03-29 06:00:00,22.2,937.3,48,AWS-RAN-067,Ranchi,RAN,center
2025-03-29 07:00:00,24.4,938.6,42,AWS-RAN-067,Ranchi,RAN,center
2025-03-29 08:00:00,26.9,939.7,30,AWS-RAN-067,Ranchi,RAN,center
2025-03-29 09:00:00,28.7,940.3,23,AWS-RAN-067,Ranchi,RAN,center
2025-03-29 10:00:00,30.2,940.7,20,AWS-RAN-067,Ranchi,RAN,center
2025-03-29 11:00:00,31.5,940.4,18,AWS-RAN-067,Ranchi,RAN,center
2025-03-29 12:00:00,32.5,939.4,17,AWS-RAN-067,Ranchi,RAN,center
2025-03-29 13:00:00,33.1,938.5,17,AWS-RAN-067,Ranchi,RAN,center
2025-03-29 14:00:00,33.2,937.8,16,AWS-RAN-067,Ranchi,RAN,center
2025-03-29 15:00:00,33.0,937.1,16,AWS-RAN-067,Ranchi,RAN,center
2025-03-29 16:00:00,32.3,936.8,15,AWS-RAN-067,Ranchi,RAN,center
2025-03-29 17:00:00,29.5,936.5,20,AWS-RAN-067,Ranchi,RAN,center
2025-03-29 18:00:00,26.9,936.4,23,AWS-RAN-067,Ranchi,RAN,center
2025-03-29 19:00:00,26.0,937.2,23,AWS-RAN-067,Ranchi,RAN,center
2025-03-29 20:00:00,24.6,938.0,24,AWS-RAN-067,Ranchi,RAN,center
2025-03-29 21:00:00,23.6,938.4,24,AWS-RAN-067,Ranchi,RAN,center
2025-03-29 22:00:00,23.3,938.7,24,AWS-RAN-067,Ranchi,RAN,center
2025-03-29 23:00:00,23.1,938.5,24,AWS-RAN-067,Ranchi,RAN,center
2025-03-30 00:00:00,22.4,938.0,26,AWS-RAN-067,Ranchi,RAN,center
2025-03-30 01:00:00,21.9,937.3,26,AWS-RAN-067,Ranchi,RAN,center
2025-03-30 02:00:00,21.0,936.8,26,AWS-RAN-067,Ranchi,RAN,center
2025-03-30 03:00:00,20.5,936.6,27,AWS-RAN-067,Ranchi,RAN,center
2025-03-30 04:00:00,20.0,936.9,27,AWS-RAN-067,Ranchi,RAN,center
2025-03-30 05:00:00,19.7,937.6,27,AWS-RAN-067,Ranchi,RAN,center
2025-03-30 06:00:00,20.3,939.1,29,AWS-RAN-067,Ranchi,RAN,center
2025-03-30 07:00:00,22.8,940.8,27,AWS-RAN-067,Ranchi,RAN,center
2025-03-30 08:00:00,25.7,942.2,20,AWS-RAN-067,Ranchi,RAN,center
2025-03-30 09:00:00,28.1,942.8,15,AWS-RAN-067,Ranchi,RAN,center
2025-03-30 10:00:00,30.1,942.9,13,AWS-RAN-067,Ranchi,RAN,center
2025-03-30 11:00:00,31.6,942.6,12,AWS-RAN-067,Ranchi,RAN,center
2025-03-30 12:00:00,32.8,941.7,12,AWS-RAN-067,Ranchi,RAN,center
2025-03-30 13:00:00,33.6,940.9,12,AWS-RAN-067,Ranchi,RAN,center
2025-03-30 14:00:00,34.0,939.7,11,AWS-RAN-067,Ranchi,RAN,center
2025-03-30 15:00:00,33.9,939.0,11,AWS-RAN-067,Ranchi,RAN,center
2025-03-30 16:00:00,33.0,938.6,12,AWS-RAN-067,Ranchi,RAN,center
2025-03-30 17:00:00,30.1,938.3,17,AWS-RAN-067,Ranchi,RAN,center
2025-03-30 18:00:00,27.2,938.1,18,AWS-RAN-067,Ranchi,RAN,center
2025-03-30 19:00:00,24.7,938.5,21,AWS-RAN-067,Ranchi,RAN,center
2025-03-30 20:00:00,24.1,939.4,21,AWS-RAN-067,Ranchi,RAN,center
2025-03-30 21:00:00,23.6,939.8,18,AWS-RAN-067,Ranchi,RAN,center
2025-03-30 22:00:00,22.7,939.7,19,AWS-RAN-067,Ranchi,RAN,center
2025-03-30 23:00:00,21.5,939.2,21,AWS-RAN-067,Ranchi,RAN,center
2025-03-31 00:00:00,21.2,938.8,22,AWS-RAN-067,Ranchi,RAN,center
2025-03-31 01:00:00,20.7,937.9,22,AWS-RAN-067,Ranchi,RAN,center
2025-03-31 02:00:00,20.0,937.7,23,AWS-RAN-067,Ranchi,RAN,center
2025-03-31 03:00:00,19.1,937.4,26,AWS-RAN-067,Ranchi,RAN,center
2025-03-31 04:00:00,18.4,937.4,28,AWS-RAN-067,Ranchi,RAN,center
2025-03-31 05:00:00,18.6,938.0,29,AWS-RAN-067,Ranchi,RAN,center
2025-03-31 06:00:00,20.8,939.4,29,AWS-RAN-067,Ranchi,RAN,center
2025-03-31 07:00:00,24.5,941.1,26,AWS-RAN-067,Ranchi,RAN,center
2025-03-31 08:00:00,27.8,942.2,21,AWS-RAN-067,Ranchi,RAN,center
2025-03-31 09:00:00,29.8,942.7,16,AWS-RAN-067,Ranchi,RAN,center
2025-03-31 10:00:00,31.3,942.8,14,AWS-RAN-067,Ranchi,RAN,center
2025-03-31 11:00:00,32.4,942.3,12,AWS-RAN-067,Ranchi,RAN,center
2025-03-31 12:00:00,33.2,941.5,11,AWS-RAN-067,Ranchi,RAN,center
2025-03-31 13:00:00,33.7,940.5,11,AWS-RAN-067,Ranchi,RAN,center
2025-03-31 14:00:00,33.9,939.4,10,AWS-RAN-067,Ranchi,RAN,center
2025-03-31 15:00:00,33.7,938.7,10,AWS-RAN-067,Ranchi,RAN,center
2025-03-31 16:00:00,33.1,938.3,9,AWS-RAN-067,Ranchi,RAN,center
2025-03-31 17:00:00,30.6,937.9,12,AWS-RAN-067,Ranchi,RAN,center
2025-03-31 18:00:00,28.1,937.7,16,AWS-RAN-067,Ranchi,RAN,center
2025-03-31 19:00:00,27.1,938.2,16,AWS-RAN-067,Ranchi,RAN,center
2025-03-31 20:00:00,25.5,938.5,17,AWS-RAN-067,Ranchi,RAN,center
2025-03-31 21:00:00,24.5,938.6,17,AWS-RAN-067,Ranchi,RAN,center
2025-03-31 22:00:00,23.6,938.6,17,AWS-RAN-067,Ranchi,RAN,center
2025-03-31 23:00:00,22.9,938.1,18,AWS-RAN-067,Ranchi,RAN,center
