timestamp,temperature_c,pressure_hpa,humidity_pct,station_id,station_name,cluster_id,role,is_anomaly,fault_type
2025-01-01 00:00:00,25.8,1014.0,65.0,AWS-MUM-007,Mumbai,MUM,center,False,
2025-01-01 01:00:00,25.4,1013.5,68.0,AWS-MUM-007,Mumbai,MUM,center,False,
2025-01-01 02:00:00,25.2,1012.8,69.0,AWS-MUM-007,Mumbai,MUM,center,False,
2025-01-01 03:00:00,24.8,1012.3,70.0,AWS-MUM-007,Mumbai,MUM,center,False,
2025-01-01 04:00:00,24.2,1012.2,71.0,AWS-MUM-007,Mumbai,MUM,center,False,
2025-01-01 05:00:00,23.7,1012.4,73.0,AWS-MUM-007,Mumbai,MUM,center,False,
2025-01-01 06:00:00,22.8,1012.9,78.0,AWS-MUM-007,Mumbai,MUM,center,False,
2025-01-01 07:00:00,22.4,1013.4,78.0,AWS-MUM-007,Mumbai,MUM,center,False,
2025-01-01 08:00:00,23.5,1014.4,72.0,AWS-MUM-007,Mumbai,MUM,center,False,
2025-01-01 09:00:00,26.1,1015.1,60.0,AWS-MUM-007,Mumbai,MUM,center,False,
2025-01-01 10:00:00,28.8,1015.2,49.0,AWS-MUM-007,Mumbai,MUM,center,False,
2025-01-01 11:00:00,31.0,1014.7,41.0,AWS-MUM-007,Mumbai,MUM,center,False,
2025-01-01 12:00:00,32.0,1013.8,38.0,AWS-MUM-007,Mumbai,MUM,center,False,
2025-01-01 13:00:00,-9.930908665208165,1012.4,37.0,AWS-MUM-007,Mumbai,MUM,center,True,spike
2025-01-01 14:00:00,31.8,1011.3,42.0,AWS-MUM-007,Mumbai,MUM,center,False,
2025-01-01 15:00:00,30.6,1010.7,50.0,AWS-MUM-007,Mumbai,MUM,center,False,
2025-01-01 16:00:00,29.0,1010.6,56.0,AWS-MUM-007,Mumbai,MUM,center,False,
2025-01-01 17:00:00,27.6,1010.8,59.0,AWS-MUM-007,Mumbai,MUM,center,False,
2025-01-01 18:00:00,26.4,1011.4,71.0,AWS-MUM-007,Mumbai,MUM,center,False,
2025-01-01 19:00:00,26.0,1012.0,74.0,AWS-MUM-007,Mumbai,MUM,center,False,
2025-01-01 20:00:00,26.0,1012.9,69.0,AWS-MUM-007,Mumbai,MUM,center,False,
2025-01-01 21:00:00,26.3,1013.6,60.0,AWS-MUM-007,Mumbai,MUM,center,False,
2025-01-01 22:00:00,26.1,1013.9,59.0,AWS-MUM-007,Mumbai,MUM,center,False,
2025-01-01 23:00:00,121.05117298038883,1014.5001503419429,100.0,AWS-MUM-007,Mumbai,MUM,center,True,multivariate_inconsistency
2025-01-02 00:00:00,120.55117298038883,1014.6597561386288,100.0,AWS-MUM-007,Mumbai,MUM,center,True,multivariate_inconsistency
2025-01-02 01:00:00,119.75117298038882,1012.743816854516,100.0,AWS-MUM-007,Mumbai,MUM,center,True,multivariate_inconsistency
2025-01-02 02:00:00,118.95117298038883,1014.9562785814451,100.0,AWS-MUM-007,Mumbai,MUM,center,True,multivariate_inconsistency
2025-01-02 03:00:00,118.65117298038882,1012.8807010000361,100.0,AWS-MUM-007,Mumbai,MUM,center,True,multivariate_inconsistency
2025-01-02 04:00:00,22.6,1012.0,75.0,AWS-MUM-007,Mumbai,MUM,center,False,
2025-01-02 05:00:00,22.0,1012.1,79.0,AWS-MUM-007,Mumbai,MUM,center,False,
2025-01-02 06:00:00,21.4,1012.6,81.0,AWS-MUM-007,Mumbai,MUM,center,False,
2025-01-02 07:00:00,21.3,1013.2,82.0,AWS-MUM-007,Mumbai,MUM,center,False,
2025-01-02 08:00:00,22.7,1014.1,76.0,AWS-MUM-007,Mumbai,MUM,center,False,
2025-01-02 09:00:00,25.4,1014.9,63.0,AWS-MUM-007,Mumbai,MUM,center,False,
2025-01-02 10:00:00,28.5,1015.0,49.0,AWS-MUM-007,Mumbai,MUM,center,False,
2025-01-02 11:00:00,30.9,1014.3,40.0,AWS-MUM-007,Mumbai,MUM,center,False,
2025-01-02 12:00:00,32.3,1013.4,34.0,AWS-MUM-007,Mumbai,MUM,center,False,
2025-01-02 13:00:00,32.8,1012.1,33.0,AWS-MUM-007,Mumbai,MUM,center,False,
2025-01-02 14:00:00,32.5,1011.2,38.0,AWS-MUM-007,Mumbai,MUM,center,False,
2025-01-02 15:00:00,31.6,1010.8,43.0,AWS-MUM-007,Mumbai,MUM,center,False,
2025-01-02 16:00:00,30.3,1010.7,50.0,AWS-MUM-007,Mumbai,MUM,center,False,
2025-01-02 17:00:00,29.0,1010.9,50.0,AWS-MUM-007,Mumbai,MUM,center,False,
2025-01-02 18:00:00,27.3,1011.5,62.0,AWS-MUM-007,Mumbai,MUM,center,False,
2025-01-02 19:00:00,26.9,1012.2,61.0,AWS-MUM-007,Mumbai,MUM,center,False,
2025-01-02 20:00:00,27.2,1013.0,52.0,AWS-MUM-007,Mumbai,MUM,center,False,
2025-01-02 21:00:00,27.0,1013.5,52.0,AWS-MUM-007,Mumbai,MUM,center,False,
2025-01-02 22:00:00,26.6,1013.8,54.0,AWS-MUM-007,Mumbai,MUM,center,False,
2025-01-02 23:00:00,26.1,1013.8,55.0,AWS-MUM-007,Mumbai,MUM,center,False,
2025-01-03 00:00:00,-21.38400299116502,1100.0,100.0,AWS-MUM-007,Mumbai,MUM,center,True,unstructured_anomaly
2025-01-03 01:00:00,-21.2207887259083,1100.0,100.0,AWS-MUM-007,Mumbai,MUM,center,True,unstructured_anomaly
2025-01-03 02:00:00,-30.198367726523163,1100.0,22.612754941563487,AWS-MUM-007,Mumbai,MUM,center,True,unstructured_anomaly
2025-01-03 03:00:00,-20.86050727536417,1100.0,100.0,AWS-MUM-007,Mumbai,MUM,center,True,unstructured_anomaly
2025-01-03 04:00:00,-31.180608357022116,1100.0,100.0,AWS-MUM-007,Mumbai,MUM,center,True,unstructured_anomaly
2025-01-03 05:00:00,68.18241159256227,861.5981117447507,18.20316056156507,AWS-MUM-007,Mumbai,MUM,center,True,unstructured_anomaly
2025-01-03 06:00:00,21.5,1013.3,67.0,AWS-MUM-007,Mumbai,MUM,center,False,
2025-01-03 07:00:00,21.2,1014.1,68.0,AWS-MUM-007,Mumbai,MUM,center,False,
2025-01-03 08:00:00,22.3,1014.9,63.0,AWS-MUM-007,Mumbai,MUM,center,False,
2025-01-03 09:00:00,25.5,1015.4,51.0,AWS-MUM-007,Mumbai,MUM,center,False,
2025-01-03 10:00:00,28.9,1015.4,38.0,AWS-MUM-007,Mumbai,MUM,center,False,
2025-01-03 11:00:00,31.3,1014.6,31.0,AWS-MUM-007,Mumbai,MUM,center,False,
2025-01-03 12:00:00,33.0,1013.7,26.0,AWS-MUM-007,Mumbai,MUM,center,False,
2025-01-03 13:00:00,33.4,1012.2,25.0,AWS-MUM-007,Mumbai,MUM,center,False,
2025-01-03 14:00:00,32.6,1011.3,33.0,AWS-MUM-007,Mumbai,MUM,center,False,
2025-01-03 15:00:00,31.5,1010.8,38.0,AWS-MUM-007,Mumbai,MUM,center,False,
2025-01-03 16:00:00,30.6,1010.5,41.0,AWS-MUM-007,Mumbai,MUM,center,False,
2025-01-03 17:00:00,28.8,1010.6,48.0,AWS-MUM-007,Mumbai,MUM,center,False,
2025-01-03 18:00:00,27.1,1011.1,62.0,AWS-MUM-007,Mumbai,MUM,center,False,
2025-01-03 19:00:00,25.7,1011.7,67.0,AWS-MUM-007,Mumbai,MUM,center,False,
2025-01-03 20:00:00,26.0,1012.2,55.0,AWS-MUM-007,Mumbai,MUM,center,False,
2025-01-03 21:00:00,26.2,1012.4,46.0,AWS-MUM-007,Mumbai,MUM,center,False,
2025-01-03 22:00:00,25.7,1012.5,47.0,AWS-MUM-007,Mumbai,MUM,center,False,
2025-01-03 23:00:00,24.8,1012.2,50.0,AWS-MUM-007,Mumbai,MUM,center,False,
2025-01-04 00:00:00,23.7,1011.9,53.0,AWS-MUM-007,Mumbai,MUM,center,False,
2025-01-04 01:00:00,22.9,1011.5,55.0,AWS-MUM-007,Mumbai,MUM,center,False,
2025-01-04 02:00:00,22.2,1011.2,59.0,AWS-MUM-007,Mumbai,MUM,center,False,
2025-01-04 03:00:00,21.4,1010.8,62.0,AWS-MUM-007,Mumbai,MUM,center,False,
2025-01-04 04:00:00,20.6,1011.0,64.0,AWS-MUM-007,Mumbai,MUM,center,False,
2025-01-04 05:00:00,20.1,1011.2,63.0,AWS-MUM-007,Mumbai,MUM,center,False,
2025-01-04 06:00:00,19.3,1012.0,62.0,AWS-MUM-007,Mumbai,MUM,center,False,
2025-01-04 07:00:00,19.3,1012.6,62.0,AWS-MUM-007,Mumbai,MUM,center,False,
2025-01-04 08:00:00,21.1,1013.1,54.0,AWS-MUM-007,Mumbai,MUM,center,False,
2025-01-04 09:00:00,24.4,1013.8,44.0,AWS-MUM-007,Mumbai,MUM,center,False,
2025-01-04 10:00:00,28.6,1013.8,29.0,AWS-MUM-007,Mumbai,MUM,center,False,
2025-01-04 11:00:00,31.5,1013.1,21.0,AWS-MUM-007,Mumbai,MUM,center,False,
2025-01-04 12:00:00,32.9,1011.9,16.0,AWS-MUM-007,Mumbai,MUM,center,False,
2025-01-04 13:00:00,32.9,1010.8,18.0,AWS-MUM-007,Mumbai,MUM,center,False,
2025-01-04 14:00:00,31.0,1010.2,33.0,AWS-MUM-007,Mumbai,MUM,center,False,
2025-01-04 15:00:00,30.0,1009.7,32.0,AWS-MUM-007,Mumbai,MUM,center,False,
2025-01-04 16:00:00,29.6,1009.6,32.0,AWS-MUM-007,Mumbai,MUM,center,False,
2025-01-04 17:00:00,28.4,1010.0,39.0,AWS-MUM-007,Mumbai,MUM,center,False,
2025-01-04 18:00:00,26.5,1010.7,54.0,AWS-MUM-007,Mumbai,MUM,center,False,
2025-01-04 19:00:00,25.7,1011.4,60.0,AWS-MUM-007,Mumbai,MUM,center,False,
2025-01-04 20:00:00,24.9,1012.1,63.0,AWS-MUM-007,Mumbai,MUM,center,False,
2025-01-04 21:00:00,24.3,1012.5,58.0,AWS-MUM-007,Mumbai,MUM,center,False,
2025-01-04 22:00:00,23.6,1012.6,57.0,AWS-MUM-007,Mumbai,MUM,center,False,
2025-01-04 23:00:00,23.4,1012.3,57.0,AWS-MUM-007,Mumbai,MUM,center,False,
2025-01-05 00:00:00,22.7,1011.9,61.0,AWS-MUM-007,Mumbai,MUM,center,False,
2025-01-05 01:00:00,22.3,1011.3,65.0,AWS-MUM-007,Mumbai,MUM,center,False,
2025-01-05 02:00:00,22.0,1011.0,67.0,AWS-MUM-007,Mumbai,MUM,center,False,
2025-01-05 03:00:00,21.6,1010.5,69.0,AWS-MUM-007,Mumbai,MUM,center,False,
2025-01-05 04:00:00,21.6,1010.6,71.0,AWS-MUM-007,Mumbai,MUM,center,False,
2025-01-05 05:00:00,21.3,1010.9,73.0,AWS-MUM-007,Mumbai,MUM,center,False,
2025-01-05 06:00:00,21.5,1011.4,72.0,AWS-MUM-007,Mumbai,MUM,center,False,
2025-01-05 07:00:00,21.3,1012.3,73.0,AWS-MUM-007,Mumbai,MUM,center,False,
2025-01-05 08:00:00,22.4,1013.0,65.0,AWS-MUM-007,Mumbai,MUM,center,False,
2025-01-05 09:00:00,24.4,1013.6,50.0,AWS-MUM-007,Mumbai,MUM,center,False,
2025-01-05 10:00:00,26.3,1013.7,43.0,AWS-MUM-007,Mumbai,MUM,center,False,
2025-01-05 11:00:00,26.9,1013.1,41.0,AWS-MUM-007,Mumbai,MUM,center,False,
2025-01-05 12:00:00,28.4,1012.1,39.0,AWS-MUM-007,Mumbai,MUM,center,True,frozen_value
2025-01-05 13:00:00,29.1,1012.1326458922416,41.0,AWS-MUM-007,Mumbai,MUM,center,True,frozen_value
2025-01-05 14:00:00,29.2,1012.1103070232672,47.0,AWS-MUM-007,Mumbai,MUM,center,True,frozen_value
2025-01-05 15:00:00,27.8,1012.0572275218161,58.0,AWS-MUM-007,Mumbai,MUM,center,True,frozen_value
2025-01-05 16:00:00,26.6,1012.0734155067702,65.0,AWS-MUM-007,Mumbai,MUM,center,True,frozen_value
2025-01-05 17:00:00,25.4,1012.1076981257966,67.0,AWS-MUM-007,Mumbai,MUM,center,True,frozen_value
2025-01-05 18:00:00,24.8,1012.1214162441258,72.0,AWS-MUM-007,Mumbai,MUM,center,True,frozen_value
2025-01-05 19:00:00,24.5,1011.5,75.0,AWS-MUM-007,Mumbai,MUM,center,False,
2025-01-05 20:00:00,24.3,1012.3,76.0,AWS-MUM-007,Mumbai,MUM,center,False,
2025-01-05 21:00:00,24.3,1013.0,71.0,AWS-MUM-007,Mumbai,MUM,center,False,
2025-01-05 22:00:00,24.2,1013.0,65.0,AWS-MUM-007,Mumbai,MUM,center,False,
2025-01-05 23:00:00,23.6,1012.7,66.0,AWS-MUM-007,Mumbai,MUM,center,False,
2025-01-06 00:00:00,22.7,1012.3,72.0,AWS-MUM-007,Mumbai,MUM,center,False,
2025-01-06 01:00:00,22.1,1011.9,78.0,AWS-MUM-007,Mumbai,MUM,center,False,
2025-01-06 02:00:00,21.8,1011.5,82.0,AWS-MUM-007,Mumbai,MUM,center,False,
2025-01-06 03:00:00,21.5,1011.1,80.0,AWS-MUM-007,Mumbai,MUM,center,False,
2025-01-06 04:00:00,21.2,1011.0,76.0,AWS-MUM-007,Mumbai,MUM,center,False,
2025-01-06 05:00:00,21.1,1011.2,69.0,AWS-MUM-007,Mumbai,MUM,center,False,
2025-01-06 06:00:00,20.4,1011.9,65.0,AWS-MUM-007,Mumbai,MUM,center,False,
2025-01-06 07:00:00,20.0,1012.6,66.0,AWS-MUM-007,Mumbai,MUM,center,False,
2025-01-06 08:00:00,21.0,1013.4,63.0,AWS-MUM-007,Mumbai,MUM,center,False,
2025-01-06 09:00:00,22.8,1014.1,56.0,AWS-MUM-007,Mumbai,MUM,center,False,
2025-01-06 10:00:00,25.1,1014.2,48.0,AWS-MUM-007,Mumbai,MUM,center,False,
2025-01-06 11:00:00,27.3,1013.5,41.0,AWS-MUM-007,Mumbai,MUM,center,False,
2025-01-06 12:00:00,29.0,1012.4,35.0,AWS-MUM-007,Mumbai,MUM,center,False,
2025-01-06 13:00:00,29.9,1011.2,32.0,AWS-MUM-007,Mumbai,MUM,center,False,
2025-01-06 14:00:00,29.8,1010.4,34.0,AWS-MUM-007,Mumbai,MUM,center,False,
2025-01-06 15:00:00,28.8,1009.8,41.0,AWS-MUM-007,Mumbai,MUM,center,False,
2025-01-06 16:00:00,27.4,1009.8,51.0,AWS-MUM-007,Mumbai,MUM,center,False,
2025-01-06 17:00:00,26.0,1010.1,58.0,AWS-MUM-007,Mumbai,MUM,center,False,
2025-01-06 18:00:00,24.2,1010.6,67.0,AWS-MUM-007,Mumbai,MUM,center,False,
2025-01-06 19:00:00,23.5,1011.5,64.0,AWS-MUM-007,Mumbai,MUM,center,False,
2025-01-06 20:00:00,23.0,1012.5,61.0,AWS-MUM-007,Mumbai,MUM,center,False,
2025-01-06 21:00:00,22.5,1013.0,59.0,AWS-MUM-007,Mumbai,MUM,center,False,
2025-01-06 22:00:00,21.8,1013.4,60.0,AWS-MUM-007,Mumbai,MUM,center,False,
2025-01-06 23:00:00,21.3,1013.1,59.0,AWS-MUM-007,Mumbai,MUM,center,False,
2025-01-07 00:00:00,20.9,1012.7,56.0,AWS-MUM-007,Mumbai,MUM,center,False,
2025-01-07 01:00:00,20.6,1012.3,54.0,AWS-MUM-007,Mumbai,MUM,center,False,
2025-01-07 02:00:00,20.2,1011.9,54.0,AWS-MUM-007,Mumbai,MUM,center,False,
2025-01-07 03:00:00,19.9,1011.8,54.0,AWS-MUM-007,Mumbai,MUM,center,False,
2025-01-07 04:00:00,19.6,1011.6,56.0,AWS-MUM-007,Mumbai,MUM,center,False,
2025-01-07 05:00:00,19.3,1011.9,57.0,AWS-MUM-007,Mumbai,MUM,center,False,
2025-01-07 06:00:00,18.7,1012.5,64.0,AWS-MUM-007,Mumbai,MUM,center,False,
2025-01-07 07:00:00,18.5,1013.1,66.0,AWS-MUM-007,Mumbai,MUM,center,False,
2025-01-07 08:00:00,19.7,1013.9,62.0,AWS-MUM-007,Mumbai,MUM,center,False,
2025-01-07 09:00:00,22.3,1014.3,55.0,AWS-MUM-007,Mumbai,MUM,center,False,
2025-01-07 10:00:00,25.4,1014.2,48.0,AWS-MUM-007,Mumbai,MUM,center,False,
2025-01-07 11:00:00,28.2,1013.5,41.0,AWS-MUM-007,Mumbai,MUM,center,False,
2025-01-07 12:00:00,30.3,1012.1,35.0,AWS-MUM-007,Mumbai,MUM,center,False,
2025-01-07 13:00:00,31.4,1010.6,32.0,AWS-MUM-007,Mumbai,MUM,center,False,
2025-01-07 14:00:00,31.4,1009.6,34.0,AWS-MUM-007,Mumbai,MUM,center,False,
2025-01-07 15:00:00,30.1,1009.1,45.0,AWS-MUM-007,Mumbai,MUM,center,False,
2025-01-07 16:00:00,29.0,1008.9,53.0,AWS-MUM-007,Mumbai,MUM,center,False,
2025-01-07 17:00:00,27.4,1009.0,66.0,AWS-MUM-007,Mumbai,MUM,center,False,
2025-01-07 18:00:00,26.6,1009.6,73.0,AWS-MUM-007,Mumbai,MUM,center,False,
2025-01-07 19:00:00,26.1,1010.3,64.0,AWS-MUM-007,Mumbai,MUM,center,False,
2025-01-07 20:00:00,26.1,1011.1,53.0,AWS-MUM-007,Mumbai,MUM,center,False,
2025-01-07 21:00:00,25.6,1011.4,47.0,AWS-MUM-007,Mumbai,MUM,center,False,
2025-01-07 22:00:00,25.0,1011.3,49.0,AWS-MUM-007,Mumbai,MUM,center,False,
2025-01-07 23:00:00,24.5,1011.2,51.0,AWS-MUM-007,Mumbai,MUM,center,False,
2025-01-08 00:00:00,24.1,1011.1,53.0,AWS-MUM-007,Mumbai,MUM,center,False,
2025-01-08 01:00:00,23.6,1010.8,56.0,AWS-MUM-007,Mumbai,MUM,center,False,
2025-01-08 02:00:00,23.0,1010.1,58.0,AWS-MUM-007,Mumbai,MUM,center,False,
2025-01-08 03:00:00,22.3,1009.8,61.0,AWS-MUM-007,Mumbai,MUM,center,False,
2025-01-08 04:00:00,21.7,1009.6,63.0,AWS-MUM-007,Mumbai,MUM,center,False,
2025-01-08 05:00:00,21.2,1010.0,65.0,AWS-MUM-007,Mumbai,MUM,center,False,
2025-01-08 06:00:00,20.5,1011.0,68.0,AWS-MUM-007,Mumbai,MUM,center,False,
2025-01-08 07:00:00,20.0,1011.9,70.0,AWS-MUM-007,Mumbai,MUM,center,False,
2025-01-08 08:00:00,20.9,1013.1,67.0,AWS-MUM-007,Mumbai,MUM,center,False,
2025-01-08 09:00:00,23.3,1013.8,58.0,AWS-MUM-007,Mumbai,MUM,center,False,
2025-01-08 10:00:00,26.4,1013.9,47.0,AWS-MUM-007,Mumbai,MUM,center,False,
2025-01-08 11:00:00,29.0,1013.2,39.0,AWS-MUM-007,Mumbai,MUM,center,False,
2025-01-08 12:00:00,30.4,1012.0,36.0,AWS-MUM-007,Mumbai,MUM,center,False,
2025-01-08 13:00:00,30.6,1010.9,38.0,AWS-MUM-007,Mumbai,MUM,center,False,
2025-01-08 14:00:00,30.0,1010.1,43.0,AWS-MUM-007,Mumbai,MUM,center,False,
2025-01-08 15:00:00,29.3,1009.6,45.0,AWS-MUM-007,Mumbai,MUM,center,False,
2025-01-08 16:00:00,28.4,1009.4,46.0,AWS-MUM-007,Mumbai,MUM,center,False,
2025-01-08 17:00:00,27.2,1009.6,49.0,AWS-MUM-007,Mumbai,MUM,center,False,
2025-01-08 18:00:00,25.8,1009.9,61.0,AWS-MUM-007,Mumbai,MUM,center,False,
2025-01-08 19:00:00,25.2,1010.7,64.0,AWS-MUM-007,Mumbai,MUM,center,False,
2025-01-08 20:00:00,25.1,1011.4,60.0,AWS-MUM-007,Mumbai,MUM,center,False,
2025-01-08 21:00:00,25.2,1011.7,53.0,AWS-MUM-007,Mumbai,MUM,center,False,
2025-01-08 22:00:00,25.3,1011.8,47.0,AWS-MUM-007,Mumbai,MUM,center,False,
2025-01-08 23:00:00,25.1,1011.6,43.0,AWS-MUM-007,Mumbai,MUM,center,False,
2025-01-09 00:00:00,24.2,1011.3,44.0,AWS-MUM-007,Mumbai,MUM,center,False,
2025-01-09 01:00:00,23.2,1011.0,48.0,AWS-MUM-007,Mumbai,MUM,center,False,
2025-01-09 02:00:00,22.4,1010.6,52.0,AWS-MUM-007,Mumbai,MUM,center,False,
2025-01-09 03:00:00,21.8,1010.3,54.0,AWS-MUM-007,Mumbai,MUM,center,False,
2025-01-09 04:00:00,21.4,1010.2,55.0,AWS-MUM-007,Mumbai,MUM,center,False,
2025-01-09 05:00:00,20.9,1010.5,56.0,AWS-MUM-007,Mumbai,MUM,center,False,
2025-01-09 06:00:00,20.6,1011.5,58.0,AWS-MUM-007,Mumbai,MUM,center,False,
2025-01-09 07:00:00,20.4,1012.2,58.0,AWS-MUM-007,Mumbai,MUM,center,False,
2025-01-09 08:00:00,21.5,1013.0,54.0,AWS-MUM-007,Mumbai,MUM,center,False,
2025-01-09 09:00:00,24.2,1013.7,46.0,AWS-MUM-007,Mumbai,MUM,center,False,
2025-01-09 10:00:00,27.3,1013.6,35.0,AWS-MUM-007,Mumbai,MUM,center,False,
2025-01-09 11:00:00,29.7,1013.0,31.0,AWS-MUM-007,Mumbai,MUM,center,False,
2025-01-09 12:00:00,31.5,1011.8,27.0,AWS-MUM-007,Mumbai,MUM,center,False,
2025-01-09 13:00:00,32.0,1010.8,25.0,AWS-MUM-007,Mumbai,MUM,center,False,
2025-01-09 14:00:00,32.0,1009.8,26.0,AWS-MUM-007,Mumbai,MUM,center,False,
2025-01-09 15:00:00,31.4,1009.2,29.0,AWS-MUM-007,Mumbai,MUM,center,False,
2025-01-09 16:00:00,30.1,1009.3,35.0,AWS-MUM-007,Mumbai,MUM,center,False,
2025-01-09 17:00:00,28.5,1009.8,39.0,AWS-MUM-007,Mumbai,MUM,center,False,
2025-01-09 18:00:00,26.8,1011.0,51.0,AWS-MUM-007,Mumbai,MUM,center,False,
2025-01-09 19:00:00,25.6,1011.9,59.0,AWS-MUM-007,Mumbai,MUM,center,False,
2025-01-09 20:00:00,25.1,1012.7,59.0,AWS-MUM-007,Mumbai,MUM,center,False,
2025-01-09 21:00:00,25.1,1013.5,53.0,AWS-MUM-007,Mumbai,MUM,center,False,
2025-01-09 22:00:00,24.4,1014.0,54.0,AWS-MUM-007,Mumbai,MUM,center,False,
2025-01-09 23:00:00,23.5,1013.8,56.0,AWS-MUM-007,Mumbai,MUM,center,True,frozen_value
2025-01-10 00:00:00,23.547613368590365,1013.0,56.0,AWS-MUM-007,Mumbai,MUM,center,True,frozen_value
2025-01-10 01:00:00,23.51287355969195,1012.4,56.0,AWS-MUM-007,Mumbai,MUM,center,True,frozen_value
2025-01-10 02:00:00,23.53377004684177,1011.9,57.0,AWS-MUM-007,Mumbai,MUM,center,True,frozen_value
2025-01-10 03:00:00,23.556195561951814,1011.4,58.0,AWS-MUM-007,Mumbai,MUM,center,True,frozen_value
2025-01-10 04:00:00,23.457755190439094,1011.4,61.0,AWS-MUM-007,Mumbai,MUM,center,True,frozen_value
2025-01-10 05:00:00,23.445573820586898,1011.6,63.0,AWS-MUM-007,Mumbai,MUM,center,True,frozen_value
2025-01-10 06:00:00,23.505718107167432,1012.8,56.0,AWS-MUM-007,Mumbai,MUM,center,True,frozen_value
2025-01-10 07:00:00,20.5,1013.4,57.0,AWS-MUM-007,Mumbai,MUM,center,True,frozen_value
2025-01-10 08:00:00,21.6,1013.3911096111459,54.0,AWS-MUM-007,Mumbai,MUM,center,True,frozen_value
2025-01-10 09:00:00,24.3,1013.4122502553915,47.0,AWS-MUM-007,Mumbai,MUM,center,True,frozen_value
2025-01-10 10:00:00,27.2,1013.400151852649,38.0,AWS-MUM-007,Mumbai,MUM,center,True,frozen_value
2025-01-10 11:00:00,29.4,1013.3634013774218,33.0,AWS-MUM-007,Mumbai,MUM,center,True,frozen_value
2025-01-10 12:00:00,30.8,1013.3235936271092,29.0,AWS-MUM-007,Mumbai,MUM,center,True,frozen_value
2025-01-10 13:00:00,31.3,1013.3578408811313,28.0,AWS-MUM-007,Mumbai,MUM,center,True,frozen_value
2025-01-10 14:00:00,31.1,1013.3150318833566,29.0,AWS-MUM-007,Mumbai,MUM,center,True,frozen_value
2025-01-10 15:00:00,30.4,1011.5,32.0,AWS-MUM-007,Mumbai,MUM,center,False,
2025-01-10 16:00:00,29.5,1011.3,34.0,AWS-MUM-007,Mumbai,MUM,center,False,
2025-01-10 17:00:00,28.1,1011.5,38.0,AWS-MUM-007,Mumbai,MUM,center,False,
2025-01-10 18:00:00,26.3,1011.8,54.0,AWS-MUM-007,Mumbai,MUM,center,False,
2025-01-10 19:00:00,25.7,1012.6,62.0,AWS-MUM-007,Mumbai,MUM,center,False,
2025-01-10 20:00:00,25.3,1013.3,66.0,AWS-MUM-007,Mumbai,MUM,center,False,
2025-01-10 21:00:00,24.7,1014.0,71.0,AWS-MUM-007,Mumbai,MUM,center,False,
2025-01-10 22:00:00,24.0,1014.3,72.0,AWS-MUM-007,Mumbai,MUM,center,False,
2025-01-10 23:00:00,23.5,1014.2,69.0,AWS-MUM-007,Mumbai,MUM,center,False,
2025-01-11 00:00:00,22.8,1013.7,70.0,AWS-MUM-007,Mumbai,MUM,center,False,
2025-01-11 01:00:00,22.2,1013.3,70.0,AWS-MUM-007,Mumbai,MUM,center,False,
2025-01-11 02:00:00,21.8,1012.8,69.0,AWS-MUM-007,Mumbai,MUM,center,False,
2025-01-11 03:00:00,21.4,1012.3,68.0,AWS-MUM-007,Mumbai,MUM,center,False,
2025-01-11 04:00:00,20.9,1012.3,69.0,AWS-MUM-007,Mumbai,MUM,center,False,
2025-01-11 05:00:00,20.5,1012.5,70.0,AWS-MUM-007,Mumbai,MUM,center,False,
2025-01-11 06:00:00,20.8,1013.4,71.0,AWS-MUM-007,Mumbai,MUM,center,False,
2025-01-11 07:00:00,20.7,1013.9,72.0,AWS-MUM-007,Mumbai,MUM,center,False,
2025-01-11 08:00:00,22.2,1014.9,67.0,AWS-MUM-007,Mumbai,MUM,center,False,
2025-01-11 09:00:00,24.3,1015.5,60.0,AWS-MUM-007,Mumbai,MUM,center,False,
2025-01-11 10:00:00,44.294803411604946,1015.6,49.0,AWS-MUM-007,Mumbai,MUM,center,True,spike
2025-01-11 11:00:00,34.35591083724425,1014.9,43.0,AWS-MUM-007,Mumbai,MUM,center,True,spike
2025-01-11 12:00:00,30.942188546531895,1013.6,44.0,AWS-MUM-007,Mumbai,MUM,center,True,spike
2025-01-11 13:00:00,29.149740234307025,1012.6,50.0,AWS-MUM-007,Mumbai,MUM,center,True,spike
2025-01-11 14:00:00,28.308283663528847,1011.6,49.0,AWS-MUM-007,Mumbai,MUM,center,True,spike
2025-01-11 15:00:00,27.6,1011.1,46.0,AWS-MUM-007,Mumbai,MUM,center,False,
2025-01-11 16:00:00,27.1,1011.3,46.0,AWS-MUM-007,Mumbai,MUM,center,False,
2025-01-11 17:00:00,25.9,1011.5,52.0,AWS-MUM-007,Mumbai,MUM,center,False,
2025-01-11 18:00:00,24.4,1012.3,68.0,AWS-MUM-007,Mumbai,MUM,center,False,
2025-01-11 19:00:00,23.7,1012.9,76.0,AWS-MUM-007,Mumbai,MUM,center,False,
2025-01-11 20:00:00,23.4,1013.8,77.0,AWS-MUM-007,Mumbai,MUM,center,False,
2025-01-11 21:00:00,23.1,1014.4,77.0,AWS-MUM-007,Mumbai,MUM,center,False,
2025-01-11 22:00:00,22.9,1014.7,75.0,AWS-MUM-007,Mumbai,MUM,center,False,
2025-01-11 23:00:00,42.719024502701174,1014.6,78.0,AWS-MUM-007,Mumbai,MUM,center,True,spike
2025-01-12 00:00:00,30.6830006316592,1014.3,80.0,AWS-MUM-007,Mumbai,MUM,center,True,spike
2025-01-12 01:00:00,25.115273090223532,1014.0,79.0,AWS-MUM-007,Mumbai,MUM,center,True,spike
2025-01-12 02:00:00,20.7,1013.4,77.0,AWS-MUM-007,Mumbai,MUM,center,False,
2025-01-12 03:00:00,20.6,1013.0,76.0,AWS-MUM-007,Mumbai,MUM,center,False,
2025-01-12 04:00:00,20.8,1012.9,76.0,AWS-MUM-007,Mumbai,MUM,center,False,
2025-01-12 05:00:00,20.9,1013.4,75.0,AWS-MUM-007,Mumbai,MUM,center,False,
2025-01-12 06:00:00,20.8,1014.0,79.0,AWS-MUM-007,Mumbai,MUM,center,False,
2025-01-12 07:00:00,20.8,1014.6,76.0,AWS-MUM-007,Mumbai,MUM,center,False,
2025-01-12 08:00:00,21.6,1015.3,69.0,AWS-MUM-007,Mumbai,MUM,center,False,
2025-01-12 09:00:00,23.4,1015.7,58.0,AWS-MUM-007,Mumbai,MUM,center,False,
2025-01-12 10:00:00,25.7,1015.7,49.0,AWS-MUM-007,Mumbai,MUM,center,False,
2025-01-12 11:00:00,28.1,1014.9,41.0,AWS-MUM-007,Mumbai,MUM,center,False,
2025-01-12 12:00:00,29.5,1013.7,36.0,AWS-MUM-007,Mumbai,MUM,center,False,
2025-01-12 13:00:00,30.0,1012.1,37.0,AWS-MUM-007,Mumbai,MUM,center,False,
2025-01-12 14:00:00,29.7,1011.2,42.0,AWS-MUM-007,Mumbai,MUM,center,False,
2025-01-12 15:00:00,29.0,1010.4,46.0,AWS-MUM-007,Mumbai,MUM,center,False,
2025-01-12 16:00:00,28.2,1010.5,48.0,AWS-MUM-007,Mumbai,MUM,center,False,
2025-01-12 17:00:00,26.8,1010.8,53.0,AWS-MUM-007,Mumbai,MUM,center,False,
2025-01-12 18:00:00,25.1,1011.6,67.0,AWS-MUM-007,Mumbai,MUM,center,False,
2025-01-12 19:00:00,24.5,1012.2,68.0,AWS-MUM-007,Mumbai,MUM,center,False,
2025-01-12 20:00:00,24.6,1013.1,58.0,AWS-MUM-007,Mumbai,MUM,center,False,
2025-01-12 21:00:00,24.3,1013.6,53.0,AWS-MUM-007,Mumbai,MUM,center,False,
2025-01-12 22:00:00,24.1,1013.6,52.0,AWS-MUM-007,Mumbai,MUM,center,False,
2025-01-12 23:00:00,23.7,1013.2,50.0,AWS-MUM-007,Mumbai,MUM,center,False,
2025-01-13 00:00:00,23.3,1012.8,50.0,AWS-MUM-007,Mumbai,MUM,center,False,
2025-01-13 01:00:00,23.0,1012.4,53.0,AWS-MUM-007,Mumbai,MUM,center,False,
2025-01-13 02:00:00,22.5,1011.7,58.0,AWS-MUM-007,Mumbai,MUM,center,False,
2025-01-13 03:00:00,22.2,1011.2,62.0,AWS-MUM-007,Mumbai,MUM,center,False,
2025-01-13 04:00:00,22.0,1011.1,66.0,AWS-MUM-007,Mumbai,MUM,center,False,
2025-01-13 05:00:00,22.1,1011.0,67.0,AWS-MUM-007,Mumbai,MUM,center,False,
2025-01-13 06:00:00,22.3,1011.9,66.0,AWS-MUM-007,Mumbai,MUM,center,False,
2025-01-13 07:00:00,22.1,1012.4,67.0,AWS-MUM-007,Mumbai,MUM,center,False,
2025-01-13 08:00:00,23.1,1013.1,64.0,AWS-MUM-007,Mumbai,MUM,center,False,
2025-01-13 09:00:00,25.4,1013.4,56.0,AWS-MUM-007,Mumbai,MUM,center,False,
2025-01-13 10:00:00,28.2,1013.2,47.0,AWS-MUM-007,Mumbai,MUM,center,False,
2025-01-13 11:00:00,30.4,1012.4,41.0,AWS-MUM-007,Mumbai,MUM,center,False,
2025-01-13 12:00:00,32.0,1011.2,37.0,AWS-MUM-007,Mumbai,MUM,center,False,
2025-01-13 13:00:00,32.7,1009.9,35.0,AWS-MUM-007,Mumbai,MUM,center,False,
2025-01-13 14:00:00,32.4,1008.8,37.0,AWS-MUM-007,Mumbai,MUM,center,False,
2025-01-13 15:00:00,30.6,1008.3,48.0,AWS-MUM-007,Mumbai,MUM,center,False,
2025-01-13 16:00:00,29.3,1008.4,52.0,AWS-MUM-007,Mumbai,MUM,center,False,
2025-01-13 17:00:00,28.2,1008.7,55.0,AWS-MUM-007,Mumbai,MUM,center,False,
2025-01-13 18:00:00,26.5,1009.3,67.0,AWS-MUM-007,Mumbai,MUM,center,False,
2025-01-13 19:00:00,25.9,1009.9,67.0,AWS-MUM-007,Mumbai,MUM,center,False,
2025-01-13 20:00:00,25.7,1010.8,63.0,AWS-MUM-007,Mumbai,MUM,center,False,
2025-01-13 21:00:00,25.7,1011.3,59.0,AWS-MUM-007,Mumbai,MUM,center,False,
2025-01-13 22:00:00,25.7,1011.6,54.0,AWS-MUM-007,Mumbai,MUM,center,False,
2025-01-13 23:00:00,24.8,1011.6,59.0,AWS-MUM-007,Mumbai,MUM,center,False,
2025-01-14 00:00:00,24.0,1011.2,60.0,AWS-MUM-007,Mumbai,MUM,center,False,
2025-01-14 01:00:00,23.6,1011.0,60.0,AWS-MUM-007,Mumbai,MUM,center,False,
2025-01-14 02:00:00,22.9,1010.4,63.0,AWS-MUM-007,Mumbai,MUM,center,False,
2025-01-14 03:00:00,129.77750484335954,1010.0138428593841,100.0,AWS-MUM-007,Mumbai,MUM,center,True,multivariate_inconsistency
2025-01-14 04:00:00,129.47750484335953,1010.2204811139915,100.0,AWS-MUM-007,Mumbai,MUM,center,True,multivariate_inconsistency
2025-01-14 05:00:00,128.97750484335953,1010.9802757837891,100.0,AWS-MUM-007,Mumbai,MUM,center,True,multivariate_inconsistency
2025-01-14 06:00:00,22.3,1011.6,65.0,AWS-MUM-007,Mumbai,MUM,center,False,
2025-01-14 07:00:00,22.6,1012.1,64.0,AWS-MUM-007,Mumbai,MUM,center,False,
2025-01-14 08:00:00,24.1,1012.8,58.0,AWS-MUM-007,Mumbai,MUM,center,False,
2025-01-14 09:00:00,26.7,1013.4,51.0,AWS-MUM-007,Mumbai,MUM,center,False,
2025-01-14 10:00:00,29.3,1013.3,42.0,AWS-MUM-007,Mumbai,MUM,center,False,
2025-01-14 11:00:00,31.5,1012.6,36.0,AWS-MUM-007,Mumbai,MUM,center,False,
2025-01-14 12:00:00,32.6,1011.3,33.0,AWS-MUM-007,Mumbai,MUM,center,False,
2025-01-14 13:00:00,32.9,1010.3,33.0,AWS-MUM-007,Mumbai,MUM,center,False,
2025-01-14 14:00:00,32.1,1009.6,37.0,AWS-MUM-007,Mumbai,MUM,center,False,
2025-01-14 15:00:00,30.6,1009.0,45.0,AWS-MUM-007,Mumbai,MUM,center,False,
2025-01-14 16:00:00,29.2,1009.5,52.0,AWS-MUM-007,Mumbai,MUM,center,False,
2025-01-14 17:00:00,28.0,1010.0,57.0,AWS-MUM-007,Mumbai,MUM,center,False,
2025-01-14 18:00:00,26.3,1010.9,68.0,AWS-MUM-007,Mumbai,MUM,center,False,
2025-01-14 19:00:00,25.3,1011.6,72.0,AWS-MUM-007,Mumbai,MUM,center,False,
2025-01-14 20:00:00,24.7,1012.6,74.0,AWS-MUM-007,Mumbai,MUM,center,False,
2025-01-14 21:00:00,24.6,1013.5,69.0,AWS-MUM-007,Mumbai,MUM,center,False,
2025-01-14 22:00:00,24.6,1013.9,67.0,AWS-MUM-007,Mumbai,MUM,center,False,
2025-01-14 23:00:00,24.5,1013.7,67.0,AWS-MUM-007,Mumbai,MUM,center,True,drift
2025-01-15 00:00:00,24.0,1008.9676471280197,69.0,AWS-MUM-007,Mumbai,MUM,center,True,drift
2025-01-15 01:00:00,23.7,1004.1352942560395,70.0,AWS-MUM-007,Mumbai,MUM,center,True,drift
2025-01-15 02:00:00,23.3,999.2029413840594,71.0,AWS-MUM-007,Mumbai,MUM,center,True,drift
2025-01-15 03:00:00,23.0,993.9705885120791,72.0,AWS-MUM-007,Mumbai,MUM,center,True,drift
2025-01-15 04:00:00,22.7,989.7382356400989,74.0,AWS-MUM-007,Mumbai,MUM,center,True,drift
2025-01-15 05:00:00,22.6,985.6058827681187,75.0,AWS-MUM-007,Mumbai,MUM,center,True,drift
2025-01-15 06:00:00,21.9,982.1735298961385,77.0,AWS-MUM-007,Mumbai,MUM,center,True,drift
2025-01-15 07:00:00,22.1,978.6411770241582,78.0,AWS-MUM-007,Mumbai,MUM,center,True,drift
2025-01-15 08:00:00,23.4,974.908824152178,74.0,AWS-MUM-007,Mumbai,MUM,center,True,drift
2025-01-15 09:00:00,-40.05333187737108,971.2764712801978,65.0,AWS-MUM-007,Mumbai,MUM,center,True,sensor_fail_low
2025-01-15 10:00:00,-40.07430453384169,967.0441184082176,54.0,AWS-MUM-007,Mumbai,MUM,center,True,sensor_fail_low
2025-01-15 11:00:00,-40.08831284201554,962.0117655362374,49.0,AWS-MUM-007,Mumbai,MUM,center,True,sensor_fail_low
2025-01-15 12:00:00,-40.01280019168063,956.5794126642571,47.0,AWS-MUM-007,Mumbai,MUM,center,True,sensor_fail_low
2025-01-15 13:00:00,29.6,951.4470597922768,52.0,AWS-MUM-007,Mumbai,MUM,center,True,drift
2025-01-15 14:00:00,28.6,946.4147069202966,55.0,AWS-MUM-007,Mumbai,MUM,center,True,drift
2025-01-15 15:00:00,27.9,941.4823540483163,57.0,AWS-MUM-007,Mumbai,MUM,center,True,drift
2025-01-15 16:00:00,27.1,937.2500011763361,61.0,AWS-MUM-007,Mumbai,MUM,center,True,drift
2025-01-15 17:00:00,26.1,933.3176483043559,67.0,AWS-MUM-007,Mumbai,MUM,center,True,drift
2025-01-15 18:00:00,24.7,930.0852954323757,75.0,AWS-MUM-007,Mumbai,MUM,center,True,drift
2025-01-15 19:00:00,24.0,926.4529425603955,80.0,AWS-MUM-007,Mumbai,MUM,center,True,drift
2025-01-15 20:00:00,23.8,923.0205896884153,78.0,AWS-MUM-007,Mumbai,MUM,center,True,drift
2025-01-15 21:00:00,23.6,919.3882368164351,72.0,AWS-MUM-007,Mumbai,MUM,center,True,drift
2025-01-15 22:00:00,23.4,915.2558839444548,71.0,AWS-MUM-007,Mumbai,MUM,center,True,drift
2025-01-15 23:00:00,23.2,910.9235310724746,70.0,AWS-MUM-007,Mumbai,MUM,center,True,drift
2025-01-16 00:00:00,22.9,906.0911782004944,70.0,AWS-MUM-007,Mumbai,MUM,center,True,drift
2025-01-16 01:00:00,22.6,901.3588253285142,71.0,AWS-MUM-007,Mumbai,MUM,center,True,drift
2025-01-16 02:00:00,22.2,896.3264724565339,74.0,AWS-MUM-007,Mumbai,MUM,center,True,drift
2025-01-16 03:00:00,21.8,891.2941195845538,75.0,AWS-MUM-007,Mumbai,MUM,center,True,drift
2025-01-16 04:00:00,21.4,886.6617667125735,75.0,AWS-MUM-007,Mumbai,MUM,center,True,drift
2025-01-16 05:00:00,21.0,882.4294138405933,76.0,AWS-MUM-007,Mumbai,MUM,center,True,drift
2025-01-16 06:00:00,20.4,878.997060968613,79.0,AWS-MUM-007,Mumbai,MUM,center,True,drift
2025-01-16 07:00:00,20.2,875.2647080966328,80.0,AWS-MUM-007,Mumbai,MUM,center,True,drift
2025-01-16 08:00:00,21.3,1014.6,74.0,AWS-MUM-007,Mumbai,MUM,center,False,
2025-01-16 09:00:00,23.5,1015.1,65.0,AWS-MUM-007,Mumbai,MUM,center,False,
2025-01-16 10:00:00,26.0,1015.3,57.0,AWS-MUM-007,Mumbai,MUM,center,False,
2025-01-16 11:00:00,28.3,1014.4,50.0,AWS-MUM-007,Mumbai,MUM,center,False,
2025-01-16 12:00:00,29.6,1013.4,46.0,AWS-MUM-007,Mumbai,MUM,center,False,
2025-01-16 13:00:00,29.7,1012.2,47.0,AWS-MUM-007,Mumbai,MUM,center,False,
2025-01-16 14:00:00,29.2,1011.4,51.0,AWS-MUM-007,Mumbai,MUM,center,False,
2025-01-16 15:00:00,28.6,1011.1,55.0,AWS-MUM-007,Mumbai,MUM,center,False,
2025-01-16 16:00:00,27.7,1011.2,60.0,AWS-MUM-007,Mumbai,MUM,center,False,
2025-01-16 17:00:00,26.5,1011.7,65.0,AWS-MUM-007,Mumbai,MUM,center,False,
2025-01-16 18:00:00,24.9,1012.7,74.0,AWS-MUM-007,Mumbai,MUM,center,False,
2025-01-16 19:00:00,24.3,1013.3,76.0,AWS-MUM-007,Mumbai,MUM,center,False,
2025-01-16 20:00:00,24.3,1014.2,69.0,AWS-MUM-007,Mumbai,MUM,center,False,
2025-01-16 21:00:00,24.4,1014.7,64.0,AWS-MUM-007,Mumbai,MUM,center,False,
2025-01-16 22:00:00,24.3,1014.9,63.0,AWS-MUM-007,Mumbai,MUM,center,False,
2025-01-16 23:00:00,24.1,1014.5,63.0,AWS-MUM-007,Mumbai,MUM,center,False,
2025-01-17 00:00:00,23.8,1013.8,63.0,AWS-MUM-007,Mumbai,MUM,center,False,
2025-01-17 01:00:00,23.6,1013.1,63.0,AWS-MUM-007,Mumbai,MUM,center,False,
2025-01-17 02:00:00,23.3,1012.5,64.0,AWS-MUM-007,Mumbai,MUM,center,False,
2025-01-17 03:00:00,23.1,1012.1,66.0,AWS-MUM-007,Mumbai,MUM,center,False,
2025-01-17 04:00:00,23.1,1011.7,66.0,AWS-MUM-007,Mumbai,MUM,center,False,
2025-01-17 05:00:00,23.2,1011.6,67.0,AWS-MUM-007,Mumbai,MUM,center,False,
2025-01-17 06:00:00,23.0,1012.2,71.0,AWS-MUM-007,Mumbai,MUM,center,False,
2025-01-17 07:00:00,22.9,1012.6,71.0,AWS-MUM-007,Mumbai,MUM,center,False,
2025-01-17 08:00:00,23.9,1013.2,67.0,AWS-MUM-007,Mumbai,MUM,center,False,
2025-01-17 09:00:00,26.2,1013.5,59.0,AWS-MUM-007,Mumbai,MUM,center,False,
2025-01-17 10:00:00,29.1,1013.4,47.0,AWS-MUM-007,Mumbai,MUM,center,False,
2025-01-17 11:00:00,31.2,1012.9,40.0,AWS-MUM-007,Mumbai,MUM,center,False,
2025-01-17 12:00:00,32.7,1011.4,35.0,AWS-MUM-007,Mumbai,MUM,center,False,
2025-01-17 13:00:00,33.4,1009.9,32.0,AWS-MUM-007,Mumbai,MUM,center,False,
2025-01-17 14:00:00,32.4,1008.9,40.0,AWS-MUM-007,Mumbai,MUM,center,False,
2025-01-17 15:00:00,30.7,1008.4,49.0,AWS-MUM-007,Mumbai,MUM,center,False,
2025-01-17 16:00:00,29.3,1008.5,54.0,AWS-MUM-007,Mumbai,MUM,center,False,
2025-01-17 17:00:00,27.7,1009.0,57.0,AWS-MUM-007,Mumbai,MUM,center,False,
2025-01-17 18:00:00,26.2,1009.7,69.0,AWS-MUM-007,Mumbai,MUM,center,False,
2025-01-17 19:00:00,25.4,1010.4,75.0,AWS-MUM-007,Mumbai,MUM,center,False,
2025-01-17 20:00:00,25.4,1011.3,73.0,AWS-MUM-007,Mumbai,MUM,center,False,
2025-01-17 21:00:00,25.1,1011.8,72.0,AWS-MUM-007,Mumbai,MUM,center,False,
2025-01-17 22:00:00,25.2,1012.0,66.0,AWS-MUM-007,Mumbai,MUM,center,False,
2025-01-17 23:00:00,25.4,1011.6,62.0,AWS-MUM-007,Mumbai,MUM,center,False,
2025-01-18 00:00:00,25.4,1011.2,59.0,AWS-MUM-007,Mumbai,MUM,center,False,
2025-01-18 01:00:00,24.5,1010.8,60.0,AWS-MUM-007,Mumbai,MUM,center,False,
2025-01-18 02:00:00,23.8,1010.6,60.0,AWS-MUM-007,Mumbai,MUM,center,False,
2025-01-18 03:00:00,23.6,1010.4,58.0,AWS-MUM-007,Mumbai,MUM,center,False,
2025-01-18 04:00:00,23.4,1010.3,57.0,AWS-MUM-007,Mumbai,MUM,center,False,
2025-01-18 05:00:00,23.1,1010.6,57.0,AWS-MUM-007,Mumbai,MUM,center,False,
2025-01-18 06:00:00,22.5,1011.3,60.0,AWS-MUM-007,Mumbai,MUM,center,False,
2025-01-18 07:00:00,22.2,1012.1,59.0,AWS-MUM-007,Mumbai,MUM,center,False,
2025-01-18 08:00:00,23.9,1012.9,52.0,AWS-MUM-007,Mumbai,MUM,center,False,
2025-01-18 09:00:00,26.6,1013.6,42.0,AWS-MUM-007,Mumbai,MUM,center,False,
2025-01-18 10:00:00,29.3,1013.7,34.0,AWS-MUM-007,Mumbai,MUM,center,False,
2025-01-18 11:00:00,31.7,1012.9,28.0,AWS-MUM-007,Mumbai,MUM,center,False,
2025-01-18 12:00:00,124.64672202738666,1011.5340845055636,66.23324777850698,AWS-MUM-007,Mumbai,MUM,center,True,multivariate_inconsistency
2025-01-18 13:00:00,125.24672202738665,1009.9113590976856,60.46124660455489,AWS-MUM-007,Mumbai,MUM,center,True,multivariate_inconsistency
2025-01-18 14:00:00,124.94672202738666,1008.9057602391933,60.46755469670321,AWS-MUM-007,Mumbai,MUM,center,True,multivariate_inconsistency
2025-01-18 15:00:00,124.54672202738665,1008.5912323371134,66.23553378238084,AWS-MUM-007,Mumbai,MUM,center,True,multivariate_inconsistency
2025-01-18 16:00:00,32.9,1008.3,25.0,AWS-MUM-007,Mumbai,MUM,center,False,
2025-01-18 17:00:00,31.4,1008.7,32.0,AWS-MUM-007,Mumbai,MUM,center,False,
2025-01-18 18:00:00,27.2,1009.9,63.0,AWS-MUM-007,Mumbai,MUM,center,False,
2025-01-18 19:00:00,26.1,1010.6,61.0,AWS-MUM-007,Mumbai,MUM,center,False,
2025-01-18 20:00:00,25.8,1011.3,60.0,AWS-MUM-007,Mumbai,MUM,center,False,
2025-01-18 21:00:00,25.9,1011.8,51.0,AWS-MUM-007,Mumbai,MUM,center,False,
2025-01-18 22:00:00,25.2,1012.4,54.0,AWS-MUM-007,Mumbai,MUM,center,False,
2025-01-18 23:00:00,24.7,1012.1,56.0,AWS-MUM-007,Mumbai,MUM,center,False,
2025-01-19 00:00:00,24.0,1011.8,57.0,AWS-MUM-007,Mumbai,MUM,center,False,
2025-01-19 01:00:00,23.6,1011.6,57.0,AWS-MUM-007,Mumbai,MUM,center,False,
2025-01-19 02:00:00,23.3,1011.1,56.0,AWS-MUM-007,Mumbai,MUM,center,True,drift
2025-01-19 03:00:00,22.5,1010.8,57.53352565715308,AWS-MUM-007,Mumbai,MUM,center,True,drift
2025-01-19 04:00:00,21.9,1010.9,60.04852879151433,AWS-MUM-007,Mumbai,MUM,center,True,drift
2025-01-19 05:00:00,21.5,1011.1,62.50180729560385,AWS-MUM-007,Mumbai,MUM,center,True,drift
2025-01-19 06:00:00,21.3,1012.2,66.87129272057116,AWS-MUM-007,Mumbai,MUM,center,True,drift
2025-01-19 07:00:00,21.0,1012.9,72.14189688462446,AWS-MUM-007,Mumbai,MUM,center,True,drift
2025-01-19 08:00:00,22.3,1013.7,72.30215968953912,AWS-MUM-007,Mumbai,MUM,center,True,drift
2025-01-19 09:00:00,25.2,1014.5,69.34285398502524,AWS-MUM-007,Mumbai,MUM,center,True,drift
2025-01-19 10:00:00,28.7,1014.6,66.25626629908741,AWS-MUM-007,Mumbai,MUM,center,True,drift
2025-01-19 11:00:00,31.0,1014.1,69.0357766271417,AWS-MUM-007,Mumbai,MUM,center,True,drift
2025-01-19 12:00:00,32.9,1013.1,72.67559150726382,AWS-MUM-007,Mumbai,MUM,center,True,drift
2025-01-19 13:00:00,33.2,1011.9,81.17056389968573,AWS-MUM-007,Mumbai,MUM,center,True,drift
2025-01-19 14:00:00,33.1,1010.7,92.51606593254552,AWS-MUM-007,Mumbai,MUM,center,True,drift
2025-01-19 15:00:00,31.9,1010.0,100.0,AWS-MUM-007,Mumbai,MUM,center,True,drift
2025-01-19 16:00:00,30.7,1009.8,100.0,AWS-MUM-007,Mumbai,MUM,center,True,drift
2025-01-19 17:00:00,29.0,1010.0,100.0,AWS-MUM-007,Mumbai,MUM,center,True,drift
2025-01-19 18:00:00,27.3,1010.6,100.0,AWS-MUM-007,Mumbai,MUM,center,True,drift
2025-01-19 19:00:00,26.7,1011.2,100.0,AWS-MUM-007,Mumbai,MUM,center,True,drift
2025-01-19 20:00:00,26.4,1011.8,100.0,AWS-MUM-007,Mumbai,MUM,center,True,drift
2025-01-19 21:00:00,26.1,1012.3,100.0,AWS-MUM-007,Mumbai,MUM,center,True,drift
2025-01-19 22:00:00,25.6,1012.6,100.0,AWS-MUM-007,Mumbai,MUM,center,True,drift
2025-01-19 23:00:00,24.8,1012.6,100.0,AWS-MUM-007,Mumbai,MUM,center,True,drift
2025-01-20 00:00:00,24.5,1012.1,100.0,AWS-MUM-007,Mumbai,MUM,center,True,drift
2025-01-20 01:00:00,23.6,1011.6,100.0,AWS-MUM-007,Mumbai,MUM,center,True,drift
2025-01-20 02:00:00,23.0,1011.1,100.0,AWS-MUM-007,Mumbai,MUM,center,True,drift
2025-01-20 03:00:00,22.3,1010.6,100.0,AWS-MUM-007,Mumbai,MUM,center,True,drift
2025-01-20 04:00:00,21.8,1010.7,100.0,AWS-MUM-007,Mumbai,MUM,center,True,drift
2025-01-20 05:00:00,21.3,1010.9,100.0,AWS-MUM-007,Mumbai,MUM,center,True,drift
2025-01-20 06:00:00,21.2,1011.5,100.0,AWS-MUM-007,Mumbai,MUM,center,True,drift
2025-01-20 07:00:00,20.9,1012.0,62.0,AWS-MUM-007,Mumbai,MUM,center,False,
2025-01-20 08:00:00,22.2,1013.0,58.0,AWS-MUM-007,Mumbai,MUM,center,False,
2025-01-20 09:00:00,25.1,1013.8,49.0,AWS-MUM-007,Mumbai,MUM,center,False,
2025-01-20 10:00:00,28.6,1013.9,38.0,AWS-MUM-007,Mumbai,MUM,center,False,
2025-01-20 11:00:00,31.2,1013.2,29.0,AWS-MUM-007,Mumbai,MUM,center,False,
2025-01-20 12:00:00,32.7,1012.2,26.0,AWS-MUM-007,Mumbai,MUM,center,False,
2025-01-20 13:00:00,33.2,1011.0,25.0,AWS-MUM-007,Mumbai,MUM,center,False,
2025-01-20 14:00:00,32.6,1009.9,30.0,AWS-MUM-007,Mumbai,MUM,center,False,
2025-01-20 15:00:00,31.6,1009.5,33.0,AWS-MUM-007,Mumbai,MUM,center,False,
2025-01-20 16:00:00,30.5,1009.2,-0.04450507790543182,AWS-MUM-007,Mumbai,MUM,center,True,sensor_fail_low
2025-01-20 17:00:00,29.1,1009.4,-0.06495815924138995,AWS-MUM-007,Mumbai,MUM,center,True,sensor_fail_low
2025-01-20 18:00:00,27.5,1009.7,0.04947302205275633,AWS-MUM-007,Mumbai,MUM,center,True,sensor_fail_low
2025-01-20 19:00:00,26.9,1010.3,-0.02427170316019362,AWS-MUM-007,Mumbai,MUM,center,True,sensor_fail_low
2025-01-20 20:00:00,26.4,1011.2,49.0,AWS-MUM-007,Mumbai,MUM,center,False,
2025-01-20 21:00:00,26.0,1011.7,48.0,AWS-MUM-007,Mumbai,MUM,center,False,
2025-01-20 22:00:00,25.7,1012.0,48.0,AWS-MUM-007,Mumbai,MUM,center,False,
2025-01-20 23:00:00,25.3,1011.9,47.0,AWS-MUM-007,Mumbai,MUM,center,False,
2025-01-21 00:00:00,24.5,1011.6,47.0,AWS-MUM-007,Mumbai,MUM,center,False,
2025-01-21 01:00:00,24.2,1010.9,48.0,AWS-MUM-007,Mumbai,MUM,center,False,
2025-01-21 02:00:00,23.3,1010.2,53.0,AWS-MUM-007,Mumbai,MUM,center,False,
2025-01-21 03:00:00,22.4,1009.8,56.0,AWS-MUM-007,Mumbai,MUM,center,False,
2025-01-21 04:00:00,21.9,1009.6,58.0,AWS-MUM-007,Mumbai,MUM,center,False,
2025-01-21 05:00:00,121.48457468304248,1009.8440305111783,100.0,AWS-MUM-007,Mumbai,MUM,center,True,multivariate_inconsistency
2025-01-21 06:00:00,121.48457468304248,1010.2006660926238,100.0,AWS-MUM-007,Mumbai,MUM,center,True,multivariate_inconsistency
2025-01-21 07:00:00,121.08457468304249,1013.7940051901373,100.0,AWS-MUM-007,Mumbai,MUM,center,True,multivariate_inconsistency
2025-01-21 08:00:00,122.38457468304249,1011.7708738882191,100.0,AWS-MUM-007,Mumbai,MUM,center,True,multivariate_inconsistency
2025-01-21 09:00:00,124.78457468304248,1013.34303747185,100.0,AWS-MUM-007,Mumbai,MUM,center,True,multivariate_inconsistency
2025-01-21 10:00:00,27.8,1012.8,43.0,AWS-MUM-007,Mumbai,MUM,center,False,
2025-01-21 11:00:00,30.1,1012.2,35.0,AWS-MUM-007,Mumbai,MUM,center,False,
2025-01-21 12:00:00,31.4,1011.2,32.0,AWS-MUM-007,Mumbai,MUM,center,False,
2025-01-21 13:00:00,31.3,1010.0,36.0,AWS-MUM-007,Mumbai,MUM,center,False,
2025-01-21 14:00:00,31.0,1009.0,40.0,AWS-MUM-007,Mumbai,MUM,center,False,
2025-01-21 15:00:00,30.7,1008.2,39.0,AWS-MUM-007,Mumbai,MUM,center,False,
2025-01-21 16:00:00,30.0,1008.2,40.0,AWS-MUM-007,Mumbai,MUM,center,False,
2025-01-21 17:00:00,28.6,1008.4,44.0,AWS-MUM-007,Mumbai,MUM,center,False,
2025-01-21 18:00:00,26.6,1008.9,62.0,AWS-MUM-007,Mumbai,MUM,center,False,
2025-01-21 19:00:00,26.0,1009.1,62.0,AWS-MUM-007,Mumbai,MUM,center,False,
2025-01-21 20:00:00,25.7,1010.0,58.0,AWS-MUM-007,Mumbai,MUM,center,False,
2025-01-21 21:00:00,25.3,1010.7,58.0,AWS-MUM-007,Mumbai,MUM,center,False,
2025-01-21 22:00:00,25.0,1010.8,54.0,AWS-MUM-007,Mumbai,MUM,center,False,
2025-01-21 23:00:00,24.4,1010.6,53.0,AWS-MUM-007,Mumbai,MUM,center,False,
2025-01-22 00:00:00,24.3,1010.2,52.0,AWS-MUM-007,Mumbai,MUM,center,False,
2025-01-22 01:00:00,23.8,1009.8,53.0,AWS-MUM-007,Mumbai,MUM,center,False,
2025-01-22 02:00:00,23.3,1009.3,55.0,AWS-MUM-007,Mumbai,MUM,center,False,
2025-01-22 03:00:00,22.8,1008.9,57.0,AWS-MUM-007,Mumbai,MUM,center,False,
2025-01-22 04:00:00,22.2,1008.9,59.0,AWS-MUM-007,Mumbai,MUM,center,False,
2025-01-22 05:00:00,21.3,1008.9,62.0,AWS-MUM-007,Mumbai,MUM,center,False,
2025-01-22 06:00:00,20.6,1009.8,70.0,AWS-MUM-007,Mumbai,MUM,center,False,
2025-01-22 07:00:00,20.4,1010.5,71.0,AWS-MUM-007,Mumbai,MUM,center,False,
2025-01-22 08:00:00,22.3,1011.4,62.0,AWS-MUM-007,Mumbai,MUM,center,False,
2025-01-22 09:00:00,24.9,1012.3,53.0,AWS-MUM-007,Mumbai,MUM,center,False,
2025-01-22 10:00:00,27.7,1012.3,45.0,AWS-MUM-007,Mumbai,MUM,center,False,
2025-01-22 11:00:00,29.8,1011.7,39.0,AWS-MUM-007,Mumbai,MUM,center,False,
2025-01-22 12:00:00,31.1,1010.8,36.0,AWS-MUM-007,Mumbai,MUM,center,False,
2025-01-22 13:00:00,31.4,1009.4,38.0,AWS-MUM-007,Mumbai,MUM,center,False,
2025-01-22 14:00:00,30.9,1008.4,42.0,AWS-MUM-007,Mumbai,MUM,center,False,
2025-01-22 15:00:00,29.7,1007.9,46.0,AWS-MUM-007,Mumbai,MUM,center,False,
2025-01-22 16:00:00,28.5,1008.1,49.0,AWS-MUM-007,Mumbai,MUM,center,False,
2025-01-22 17:00:00,27.3,1008.4,57.0,AWS-MUM-007,Mumbai,MUM,center,False,
2025-01-22 18:00:00,26.1,1008.8,64.0,AWS-MUM-007,Mumbai,MUM,center,False,
2025-01-22 19:00:00,25.8,1009.6,59.0,AWS-MUM-007,Mumbai,MUM,center,False,
2025-01-22 20:00:00,25.7,1010.6,54.0,AWS-MUM-007,Mumbai,MUM,center,False,
2025-01-22 21:00:00,25.3,1011.4,51.0,AWS-MUM-007,Mumbai,MUM,center,False,
2025-01-22 22:00:00,25.0,1011.7,50.0,AWS-MUM-007,Mumbai,MUM,center,False,
2025-01-22 23:00:00,24.6,1011.7,50.0,AWS-MUM-007,Mumbai,MUM,center,False,
2025-01-23 00:00:00,24.2,1011.5,52.0,AWS-MUM-007,Mumbai,MUM,center,False,
2025-01-23 01:00:00,23.9,1010.9,53.0,AWS-MUM-007,Mumbai,MUM,center,False,
2025-01-23 02:00:00,23.7,1010.2,55.0,AWS-MUM-007,Mumbai,MUM,center,False,
2025-01-23 03:00:00,23.4,1009.6,56.0,AWS-MUM-007,Mumbai,MUM,center,False,
2025-01-23 04:00:00,22.9,1009.5,58.0,AWS-MUM-007,Mumbai,MUM,center,False,
2025-01-23 05:00:00,22.6,1009.7,58.0,AWS-MUM-007,Mumbai,MUM,center,False,
2025-01-23 06:00:00,22.1,1010.3,61.0,AWS-MUM-007,Mumbai,MUM,center,False,
2025-01-23 07:00:00,21.7,1010.9,61.0,AWS-MUM-007,Mumbai,MUM,center,False,
2025-01-23 08:00:00,22.6,1011.8,56.0,AWS-MUM-007,Mumbai,MUM,center,False,
2025-01-23 09:00:00,24.6,1012.6,47.0,AWS-MUM-007,Mumbai,MUM,center,False,
2025-01-23 10:00:00,26.9,1012.6,39.0,AWS-MUM-007,Mumbai,MUM,center,False,
2025-01-23 11:00:00,28.9,1012.2,34.0,AWS-MUM-007,Mumbai,MUM,center,False,
2025-01-23 12:00:00,30.1,1011.3,32.0,AWS-MUM-007,Mumbai,MUM,center,False,
2025-01-23 13:00:00,30.5,1010.0,33.0,AWS-MUM-007,Mumbai,MUM,center,False,
2025-01-23 14:00:00,29.9,1009.1,38.0,AWS-MUM-007,Mumbai,MUM,center,False,
2025-01-23 15:00:00,29.0,1008.5,45.0,AWS-MUM-007,Mumbai,MUM,center,False,
2025-01-23 16:00:00,28.2,1008.3,49.0,AWS-MUM-007,Mumbai,MUM,center,False,
2025-01-23 17:00:00,26.6,1008.5,56.0,AWS-MUM-007,Mumbai,MUM,center,False,
2025-01-23 18:00:00,25.1,1008.9,64.0,AWS-MUM-007,Mumbai,MUM,center,False,
2025-01-23 19:00:00,24.7,1009.3,59.0,AWS-MUM-007,Mumbai,MUM,center,False,
2025-01-23 20:00:00,24.7,1010.2,52.0,AWS-MUM-007,Mumbai,MUM,center,False,
2025-01-23 21:00:00,24.5,1010.7,47.0,AWS-MUM-007,Mumbai,MUM,center,False,
2025-01-23 22:00:00,24.2,1010.7,46.0,AWS-MUM-007,Mumbai,MUM,center,False,
2025-01-23 23:00:00,23.9,1010.6,45.0,AWS-MUM-007,Mumbai,MUM,center,False,
2025-01-24 00:00:00,23.6,1010.0,43.0,AWS-MUM-007,Mumbai,MUM,center,False,
2025-01-24 01:00:00,23.2,1009.3,42.0,AWS-MUM-007,Mumbai,MUM,center,False,
2025-01-24 02:00:00,23.0,1008.8,42.0,AWS-MUM-007,Mumbai,MUM,center,False,
2025-01-24 03:00:00,22.6,1008.2,44.0,AWS-MUM-007,Mumbai,MUM,center,False,
2025-01-24 04:00:00,22.2,1008.2,46.0,AWS-MUM-007,Mumbai,MUM,center,False,
2025-01-24 05:00:00,21.8,1008.4,47.0,AWS-MUM-007,Mumbai,MUM,center,False,
2025-01-24 06:00:00,20.7,1009.0,55.0,AWS-MUM-007,Mumbai,MUM,center,False,
2025-01-24 07:00:00,20.4,1009.5,57.0,AWS-MUM-007,Mumbai,MUM,center,False,
2025-01-24 08:00:00,21.6,1010.2,54.0,AWS-MUM-007,Mumbai,MUM,center,False,
2025-01-24 09:00:00,24.3,1010.7,48.0,AWS-MUM-007,Mumbai,MUM,center,False,
2025-01-24 10:00:00,27.4,1010.9,44.0,AWS-MUM-007,Mumbai,MUM,center,False,
2025-01-24 11:00:00,30.1,1010.4,-0.05488124136043744,AWS-MUM-007,Mumbai,MUM,center,True,sensor_fail_low
2025-01-24 12:00:00,31.5,1009.5,-0.09548980895380123,AWS-MUM-007,Mumbai,MUM,center,True,sensor_fail_low
2025-01-24 13:00:00,31.7,1008.6,0.014205307359024486,AWS-MUM-007,Mumbai,MUM,center,True,sensor_fail_low
2025-01-24 14:00:00,31.5,1007.8,0.05055786104663598,AWS-MUM-007,Mumbai,MUM,center,True,sensor_fail_low
2025-01-24 15:00:00,31.0,1007.3,40.0,AWS-MUM-007,Mumbai,MUM,center,False,
2025-01-24 16:00:00,30.1,1007.3,43.0,AWS-MUM-007,Mumbai,MUM,center,False,
2025-01-24 17:00:00,28.7,1007.8,47.0,AWS-MUM-007,Mumbai,MUM,center,False,
2025-01-24 18:00:00,27.0,1008.6,57.0,AWS-MUM-007,Mumbai,MUM,center,False,
2025-01-24 19:00:00,106.78831160595773,1009.9038013941073,100.0,AWS-MUM-007,Mumbai,MUM,center,True,multivariate_inconsistency
2025-01-24 20:00:00,106.48831160595773,1011.1487327061125,100.0,AWS-MUM-007,Mumbai,MUM,center,True,multivariate_inconsistency
2025-01-24 21:00:00,106.58831160595773,1011.4887295596524,100.0,AWS-MUM-007,Mumbai,MUM,center,True,multivariate_inconsistency
2025-01-24 22:00:00,106.38831160595774,1012.73219840488,100.0,AWS-MUM-007,Mumbai,MUM,center,True,multivariate_inconsistency
2025-01-24 23:00:00,105.78831160595773,1010.1528198930974,100.0,AWS-MUM-007,Mumbai,MUM,center,True,multivariate_inconsistency
2025-01-25 00:00:00,24.9,1010.4,62.0,AWS-MUM-007,Mumbai,MUM,center,False,
2025-01-25 01:00:00,24.3,1009.9,64.0,AWS-MUM-007,Mumbai,MUM,center,False,
2025-01-25 02:00:00,23.7,1009.4,68.0,AWS-MUM-007,Mumbai,MUM,center,False,
2025-01-25 03:00:00,23.3,1009.0,68.0,AWS-MUM-007,Mumbai,MUM,center,False,
2025-01-25 04:00:00,23.0,1008.9,69.0,AWS-MUM-007,Mumbai,MUM,center,False,
2025-01-25 05:00:00,22.6,1009.0,69.0,AWS-MUM-007,Mumbai,MUM,center,False,
2025-01-25 06:00:00,22.2,1009.6,71.0,AWS-MUM-007,Mumbai,MUM,center,False,
2025-01-25 07:00:00,22.0,1010.0,73.0,AWS-MUM-007,Mumbai,MUM,center,False,
2025-01-25 08:00:00,23.6,1011.0,67.0,AWS-MUM-007,Mumbai,MUM,center,False,
2025-01-25 09:00:00,26.5,1011.7,56.0,AWS-MUM-007,Mumbai,MUM,center,False,
2025-01-25 10:00:00,,1012.1,45.0,AWS-MUM-007,Mumbai,MUM,center,True,dropout
2025-01-25 11:00:00,32.4,1011.7,,AWS-MUM-007,Mumbai,MUM,center,True,dropout
2025-01-25 12:00:00,33.2,1010.9,33.0,AWS-MUM-007,Mumbai,MUM,center,False,
2025-01-25 13:00:00,32.8,1009.8,37.0,AWS-MUM-007,Mumbai,MUM,center,False,
2025-01-25 14:00:00,32.2,1009.0,39.0,AWS-MUM-007,Mumbai,MUM,center,False,
2025-01-25 15:00:00,31.4,1008.4,42.0,AWS-MUM-007,Mumbai,MUM,center,False,
2025-01-25 16:00:00,30.5,1008.3,44.0,AWS-MUM-007,Mumbai,MUM,center,False,
2025-01-25 17:00:00,29.0,1008.7,49.0,AWS-MUM-007,Mumbai,MUM,center,False,
2025-01-25 18:00:00,27.3,1009.1,60.0,AWS-MUM-007,Mumbai,MUM,center,False,
2025-01-25 19:00:00,26.1,1009.8,70.0,AWS-MUM-007,Mumbai,MUM,center,False,
2025-01-25 20:00:00,25.7,1010.5,68.0,AWS-MUM-007,Mumbai,MUM,center,False,
2025-01-25 21:00:00,25.7,1011.3,62.0,AWS-MUM-007,Mumbai,MUM,center,False,
2025-01-25 22:00:00,25.9,1011.5,58.0,AWS-MUM-007,Mumbai,MUM,center,False,
2025-01-25 23:00:00,25.7,1011.2,58.0,AWS-MUM-007,Mumbai,MUM,center,False,
2025-01-26 00:00:00,25.0,1010.6,60.0,AWS-MUM-007,Mumbai,MUM,center,False,
2025-01-26 01:00:00,24.4,1010.3,62.0,AWS-MUM-007,Mumbai,MUM,center,False,
2025-01-26 02:00:00,24.2,1009.6,63.0,AWS-MUM-007,Mumbai,MUM,center,False,
2025-01-26 03:00:00,23.9,1009.3,64.0,AWS-MUM-007,Mumbai,MUM,center,False,
2025-01-26 04:00:00,23.6,1009.1,66.0,AWS-MUM-007,Mumbai,MUM,center,False,
2025-01-26 05:00:00,23.1,1009.3,69.0,AWS-MUM-007,Mumbai,MUM,center,False,
2025-01-26 06:00:00,22.0,1010.1,77.0,AWS-MUM-007,Mumbai,MUM,center,False,
2025-01-26 07:00:00,21.8,1010.9,78.0,AWS-MUM-007,Mumbai,MUM,center,False,
2025-01-26 08:00:00,23.4,1011.9,71.0,AWS-MUM-007,Mumbai,MUM,center,False,
2025-01-26 09:00:00,26.4,1012.4,59.0,AWS-MUM-007,Mumbai,MUM,center,False,
2025-01-26 10:00:00,30.0,1012.7,47.0,AWS-MUM-007,Mumbai,MUM,center,False,
2025-01-26 11:00:00,32.7,1011.8,38.0,AWS-MUM-007,Mumbai,MUM,center,False,
2025-01-26 12:00:00,33.5,1010.6,35.0,AWS-MUM-007,Mumbai,MUM,center,False,
2025-01-26 13:00:00,33.1,1009.3,41.0,AWS-MUM-007,Mumbai,MUM,center,False,
2025-01-26 14:00:00,32.4,1008.5,43.0,AWS-MUM-007,Mumbai,MUM,center,False,
2025-01-26 15:00:00,31.8,1007.8,41.0,AWS-MUM-007,Mumbai,MUM,center,False,
2025-01-26 16:00:00,31.0,1007.4,42.0,AWS-MUM-007,Mumbai,MUM,center,False,
2025-01-26 17:00:00,29.3,1007.8,51.0,AWS-MUM-007,Mumbai,MUM,center,False,
2025-01-26 18:00:00,27.2,1008.2,67.0,AWS-MUM-007,Mumbai,MUM,center,False,
2025-01-26 19:00:00,26.0,1008.7,76.0,AWS-MUM-007,Mumbai,MUM,center,False,
2025-01-26 20:00:00,25.5,1009.7,78.0,AWS-MUM-007,Mumbai,MUM,center,False,
2025-01-26 21:00:00,25.9,1010.8,65.0,AWS-MUM-007,Mumbai,MUM,center,False,
2025-01-26 22:00:00,26.1,1011.2,58.0,AWS-MUM-007,Mumbai,MUM,center,False,
2025-01-26 23:00:00,25.8,1011.0,58.0,AWS-MUM-007,Mumbai,MUM,center,False,
2025-01-27 00:00:00,25.3,1010.7,59.0,AWS-MUM-007,Mumbai,MUM,center,False,
2025-01-27 01:00:00,25.0,1010.3,59.0,AWS-MUM-007,Mumbai,MUM,center,False,
2025-01-27 02:00:00,24.4,1009.8,62.0,AWS-MUM-007,Mumbai,MUM,center,False,
2025-01-27 03:00:00,23.8,1009.3,65.0,AWS-MUM-007,Mumbai,MUM,center,False,
2025-01-27 04:00:00,23.3,1009.2,66.0,AWS-MUM-007,Mumbai,MUM,center,False,
2025-01-27 05:00:00,22.8,1009.1,68.0,AWS-MUM-007,Mumbai,MUM,center,False,
2025-01-27 06:00:00,22.0,1009.8,75.0,AWS-MUM-007,Mumbai,MUM,center,False,
2025-01-27 07:00:00,21.6,1010.4,77.0,AWS-MUM-007,Mumbai,MUM,center,False,
2025-01-27 08:00:00,23.4,1011.0,69.0,AWS-MUM-007,Mumbai,MUM,center,False,
2025-01-27 09:00:00,26.3,1011.5,58.0,AWS-MUM-007,Mumbai,MUM,center,False,
2025-01-27 10:00:00,108.56458606009917,1012.5080114341692,100.0,AWS-MUM-007,Mumbai,MUM,center,True,multivariate_inconsistency
2025-01-27 11:00:00,110.56458606009917,1010.0000933470192,100.0,AWS-MUM-007,Mumbai,MUM,center,True,multivariate_inconsistency
2025-01-27 12:00:00,111.46458606009918,1008.3300652478652,100.0,AWS-MUM-007,Mumbai,MUM,center,True,multivariate_inconsistency
2025-01-27 13:00:00,32.5,1008.5,44.0,AWS-MUM-007,Mumbai,MUM,center,False,
2025-01-27 14:00:00,32.3,1007.5,45.0,AWS-MUM-007,Mumbai,MUM,center,False,
2025-01-27 15:00:00,31.8,1006.9,42.0,AWS-MUM-007,Mumbai,MUM,center,False,
2025-01-27 16:00:00,30.7,1006.7,41.0,AWS-MUM-007,Mumbai,MUM,center,False,
2025-01-27 17:00:00,28.9,1006.9,49.0,AWS-MUM-007,Mumbai,MUM,center,False,
2025-01-27 18:00:00,26.9,1007.4,62.0,AWS-MUM-007,Mumbai,MUM,center,False,
2025-01-27 19:00:00,25.9,1007.9,67.0,AWS-MUM-007,Mumbai,MUM,center,False,
2025-01-27 20:00:00,25.7,1008.9,60.0,AWS-MUM-007,Mumbai,MUM,center,False,
2025-01-27 21:00:00,25.5,1009.4,52.0,AWS-MUM-007,Mumbai,MUM,center,False,
2025-01-27 22:00:00,25.3,1009.5,46.0,AWS-MUM-007,Mumbai,MUM,center,False,
2025-01-27 23:00:00,24.9,1009.5,45.0,AWS-MUM-007,Mumbai,MUM,center,False,
2025-01-28 00:00:00,23.9,1009.1,47.0,AWS-MUM-007,Mumbai,MUM,center,False,
2025-01-28 01:00:00,23.2,1008.9,49.0,AWS-MUM-007,Mumbai,MUM,center,False,
2025-01-28 02:00:00,23.3,1008.3,48.0,AWS-MUM-007,Mumbai,MUM,center,False,
2025-01-28 03:00:00,23.2,1007.8,52.0,AWS-MUM-007,Mumbai,MUM,center,False,
2025-01-28 04:00:00,22.5,1007.5,56.0,AWS-MUM-007,Mumbai,MUM,center,False,
2025-01-28 05:00:00,21.8,1007.6,59.0,AWS-MUM-007,Mumbai,MUM,center,False,
2025-01-28 06:00:00,21.3,1008.5,66.0,AWS-MUM-007,Mumbai,MUM,center,False,
2025-01-28 07:00:00,21.3,1009.3,68.0,AWS-MUM-007,Mumbai,MUM,center,False,
2025-01-28 08:00:00,22.9,1010.5,62.0,AWS-MUM-007,Mumbai,MUM,center,False,
2025-01-28 09:00:00,25.4,1011.3,52.0,AWS-MUM-007,Mumbai,MUM,center,False,
2025-01-28 10:00:00,28.1,1011.5,44.0,AWS-MUM-007,Mumbai,MUM,center,False,
2025-01-28 11:00:00,30.1,1011.3,40.0,AWS-MUM-007,Mumbai,MUM,center,False,
2025-01-28 12:00:00,30.0,1010.4,44.0,AWS-MUM-007,Mumbai,MUM,center,False,
2025-01-28 13:00:00,29.9,,47.0,AWS-MUM-007,Mumbai,MUM,center,True,dropout
2025-01-28 14:00:00,30.5,1008.8,41.0,AWS-MUM-007,Mumbai,MUM,center,False,
2025-01-28 15:00:00,30.4,1008.2,40.0,AWS-MUM-007,Mumbai,MUM,center,False,
2025-01-28 16:00:00,29.5,1008.0,43.0,AWS-MUM-007,Mumbai,MUM,center,False,
2025-01-28 17:00:00,27.9,1008.3,51.0,AWS-MUM-007,Mumbai,MUM,center,False,
2025-01-28 18:00:00,26.1,1009.2,63.0,AWS-MUM-007,Mumbai,MUM,center,False,
2025-01-28 19:00:00,25.1,1009.9,71.0,AWS-MUM-007,Mumbai,MUM,center,False,
2025-01-28 20:00:00,24.4,1011.0,80.0,AWS-MUM-007,Mumbai,MUM,center,False,
2025-01-28 21:00:00,23.9,1011.7,81.0,AWS-MUM-007,Mumbai,MUM,center,False,
2025-01-28 22:00:00,23.2,1011.8,81.0,AWS-MUM-007,Mumbai,MUM,center,False,
2025-01-28 23:00:00,22.5,1011.8,80.0,AWS-MUM-007,Mumbai,MUM,center,False,
2025-01-29 00:00:00,21.8,1011.5,82.0,AWS-MUM-007,Mumbai,MUM,center,False,
2025-01-29 01:00:00,21.4,1011.2,80.0,AWS-MUM-007,Mumbai,MUM,center,False,
2025-01-29 02:00:00,21.2,1011.0,76.0,AWS-MUM-007,Mumbai,MUM,center,False,
2025-01-29 03:00:00,21.1,1010.4,71.0,AWS-MUM-007,Mumbai,MUM,center,False,
2025-01-29 04:00:00,21.0,1010.3,69.0,AWS-MUM-007,Mumbai,MUM,center,False,
2025-01-29 05:00:00,20.7,1010.4,69.0,AWS-MUM-007,Mumbai,MUM,center,False,
2025-01-29 06:00:00,20.6,1011.1,71.0,AWS-MUM-007,Mumbai,MUM,center,False,
2025-01-29 07:00:00,20.8,1012.0,67.0,AWS-MUM-007,Mumbai,MUM,center,False,
2025-01-29 08:00:00,22.3,1013.0,59.0,AWS-MUM-007,Mumbai,MUM,center,False,
2025-01-29 09:00:00,5.106908540104325,1013.8,46.0,AWS-MUM-007,Mumbai,MUM,center,True,spike
2025-01-29 10:00:00,18.379238271781634,1014.1,35.0,AWS-MUM-007,Mumbai,MUM,center,True,spike
2025-01-29 11:00:00,25.31607429694908,1013.8,28.0,AWS-MUM-007,Mumbai,MUM,center,True,spike
2025-01-29 12:00:00,28.66582122650893,1012.7,27.0,AWS-MUM-007,Mumbai,MUM,center,True,spike
2025-01-29 13:00:00,29.784211751296244,1011.5,30.0,AWS-MUM-007,Mumbai,MUM,center,True,spike
2025-01-29 14:00:00,30.4,1010.6,32.0,AWS-MUM-007,Mumbai,MUM,center,False,
2025-01-29 15:00:00,29.7,1009.7,36.0,AWS-MUM-007,Mumbai,MUM,center,False,
2025-01-29 16:00:00,28.7,1009.5,39.0,AWS-MUM-007,Mumbai,MUM,center,False,
2025-01-29 17:00:00,27.4,1009.7,47.0,AWS-MUM-007,Mumbai,MUM,center,False,
2025-01-29 18:00:00,25.6,1009.8,68.0,AWS-MUM-007,Mumbai,MUM,center,False,
2025-01-29 19:00:00,24.6,1010.4,77.0,AWS-MUM-007,Mumbai,MUM,center,False,
2025-01-29 20:00:00,24.3,1011.2,77.0,AWS-MUM-007,Mumbai,MUM,center,False,
2025-01-29 21:00:00,24.0,1011.6,73.0,AWS-MUM-007,Mumbai,MUM,center,False,
2025-01-29 22:00:00,23.5,1011.7,71.0,AWS-MUM-007,Mumbai,MUM,center,False,
2025-01-29 23:00:00,23.2,1011.7,67.0,AWS-MUM-007,Mumbai,MUM,center,False,
2025-01-30 00:00:00,22.7,1011.5,63.0,AWS-MUM-007,Mumbai,MUM,center,False,
2025-01-30 01:00:00,22.1,1011.0,61.0,AWS-MUM-007,Mumbai,MUM,center,False,
2025-01-30 02:00:00,21.8,1010.3,61.0,AWS-MUM-007,Mumbai,MUM,center,False,
2025-01-30 03:00:00,21.6,1009.5,62.0,AWS-MUM-007,Mumbai,MUM,center,False,
2025-01-30 04:00:00,21.4,1009.2,64.0,AWS-MUM-007,Mumbai,MUM,center,False,
2025-01-30 05:00:00,21.0,1009.3,65.0,AWS-MUM-007,Mumbai,MUM,center,False,
2025-01-30 06:00:00,20.3,1010.3,72.0,AWS-MUM-007,Mumbai,MUM,center,False,
2025-01-30 07:00:00,20.2,1010.9,71.0,AWS-MUM-007,Mumbai,MUM,center,False,
2025-01-30 08:00:00,21.8,1011.6,64.0,AWS-MUM-007,Mumbai,MUM,center,False,
2025-01-30 09:00:00,24.7,1012.4,53.0,AWS-MUM-007,Mumbai,MUM,center,False,
2025-01-30 10:00:00,27.8,1012.7,44.0,AWS-MUM-007,Mumbai,MUM,center,False,
2025-01-30 11:00:00,30.2,1012.4,37.0,AWS-MUM-007,Mumbai,MUM,center,False,
2025-01-30 12:00:00,31.4,1011.6,,AWS-MUM-007,Mumbai,MUM,center,True,dropout
2025-01-30 13:00:00,31.2,1010.5,40.0,AWS-MUM-007,Mumbai,MUM,center,False,
2025-01-30 14:00:00,31.0,1009.2,40.0,AWS-MUM-007,Mumbai,MUM,center,False,
2025-01-30 15:00:00,83.26149021227742,838.2670683769893,0.0,AWS-MUM-007,Mumbai,MUM,center,True,unstructured_anomaly
2025-01-30 16:00:00,-16.470810056166773,1100.0,80.50589100623692,AWS-MUM-007,Mumbai,MUM,center,True,unstructured_anomaly
2025-01-30 17:00:00,-25.217649931814275,1100.0,87.78791227993477,AWS-MUM-007,Mumbai,MUM,center,True,unstructured_anomaly
2025-01-30 18:00:00,69.47711818143048,871.9518927988336,0.30842025034804976,AWS-MUM-007,Mumbai,MUM,center,True,unstructured_anomaly
2025-01-30 19:00:00,-22.448254934843174,1100.0,7.052602791834424,AWS-MUM-007,Mumbai,MUM,center,True,unstructured_anomaly
2025-01-30 20:00:00,-18.861256205247653,1100.0,100.0,AWS-MUM-007,Mumbai,MUM,center,True,unstructured_anomaly
2025-01-30 21:00:00,24.8,1010.3,50.0,AWS-MUM-007,Mumbai,MUM,center,False,
2025-01-30 22:00:00,24.3,1010.4,48.0,AWS-MUM-007,Mumbai,MUM,center,False,
2025-01-30 23:00:00,23.9,1010.0,46.0,AWS-MUM-007,Mumbai,MUM,center,False,
2025-01-31 00:00:00,23.5,1009.6,44.0,AWS-MUM-007,Mumbai,MUM,center,False,
2025-01-31 01:00:00,22.9,1009.5,45.0,AWS-MUM-007,Mumbai,MUM,center,True,frozen_value
2025-01-31 02:00:00,22.2,1009.1,44.973489154375535,AWS-MUM-007,Mumbai,MUM,center,True,frozen_value
2025-01-31 03:00:00,21.6,1008.9,44.98207736603431,AWS-MUM-007,Mumbai,MUM,center,True,frozen_value
2025-01-31 04:00:00,21.2,1008.9,44.967514428747194,AWS-MUM-007,Mumbai,MUM,center,True,frozen_value
2025-01-31 05:00:00,21.0,1009.2,45.013157832529835,AWS-MUM-007,Mumbai,MUM,center,True,frozen_value
2025-01-31 06:00:00,20.6,1010.0,44.98803454774926,AWS-MUM-007,Mumbai,MUM,center,True,frozen_value
2025-01-31 07:00:00,20.5,-0.08666532497908215,44.975768799388874,AWS-MUM-007,Mumbai,MUM,center,True,sensor_fail_low
2025-01-31 08:00:00,22.4,-0.018656112696709207,45.00400946380066,AWS-MUM-007,Mumbai,MUM,center,True,sensor_fail_low
2025-01-31 09:00:00,25.0,-0.004637339777089589,44.97143606072291,AWS-MUM-007,Mumbai,MUM,center,True,sensor_fail_low
2025-01-31 10:00:00,27.5,0.023423081200782764,41.0,AWS-MUM-007,Mumbai,MUM,center,True,sensor_fail_low
2025-01-31 11:00:00,29.2,1012.0,38.0,AWS-MUM-007,Mumbai,MUM,center,False,
2025-01-31 12:00:00,29.6,1011.0,43.0,AWS-MUM-007,Mumbai,MUM,center,False,
2025-01-31 13:00:00,29.4,1010.1,48.0,AWS-MUM-007,Mumbai,MUM,center,False,
2025-01-31 14:00:00,29.3,1009.0,48.0,AWS-MUM-007,Mumbai,MUM,center,False,
2025-01-31 15:00:00,28.7,1008.4,49.0,AWS-MUM-007,Mumbai,MUM,center,False,
2025-01-31 16:00:00,-24.657243798409826,1100.0,100.0,AWS-MUM-007,Mumbai,MUM,center,True,unstructured_anomaly
2025-01-31 17:00:00,69.47808169046945,864.0326779922228,16.432339401913254,AWS-MUM-007,Mumbai,MUM,center,True,unstructured_anomaly
2025-01-31 18:00:00,-24.42695708705605,1100.0,16.870841873598984,AWS-MUM-007,Mumbai,MUM,center,True,unstructured_anomaly
2025-01-31 19:00:00,-18.201967491004957,1100.0,100.0,AWS-MUM-007,Mumbai,MUM,center,True,unstructured_anomaly
2025-01-31 20:00:00,-20.24464384907938,1100.0,32.29612253819618,AWS-MUM-007,Mumbai,MUM,center,True,unstructured_anomaly
2025-01-31 21:00:00,23.4,1011.5,73.0,AWS-MUM-007,Mumbai,MUM,center,False,
2025-01-31 22:00:00,22.9,1011.9,73.0,AWS-MUM-007,Mumbai,MUM,center,False,
2025-01-31 23:00:00,22.3,1011.7,71.0,AWS-MUM-007,Mumbai,MUM,center,False,
2025-02-01 00:00:00,21.7,1011.3,67.0,AWS-MUM-007,Mumbai,MUM,center,False,
2025-02-01 01:00:00,21.2,1010.7,64.0,AWS-MUM-007,Mumbai,MUM,center,False,
2025-02-01 02:00:00,20.4,1010.2,64.0,AWS-MUM-007,Mumbai,MUM,center,False,
2025-02-01 03:00:00,20.0,1009.7,63.0,AWS-MUM-007,Mumbai,MUM,center,False,
2025-02-01 04:00:00,20.1,1009.7,60.0,AWS-MUM-007,Mumbai,MUM,center,False,
2025-02-01 05:00:00,19.9,1009.9,62.0,AWS-MUM-007,Mumbai,MUM,center,False,
2025-02-01 06:00:00,19.9,1010.9,72.0,AWS-MUM-007,Mumbai,MUM,center,False,
2025-02-01 07:00:00,20.0,1011.7,77.0,AWS-MUM-007,Mumbai,MUM,center,False,
2025-02-01 08:00:00,21.5,1012.4,75.0,AWS-MUM-007,Mumbai,MUM,center,False,
2025-02-01 09:00:00,23.7,1013.0,71.0,AWS-MUM-007,Mumbai,MUM,center,False,
2025-02-01 10:00:00,25.8,1013.3,59.0,AWS-MUM-007,Mumbai,MUM,center,False,
2025-02-01 11:00:00,28.1,1012.7,43.0,AWS-MUM-007,Mumbai,MUM,center,False,
2025-02-01 12:00:00,-23.867211216304185,1100.0,0.0,AWS-MUM-007,Mumbai,MUM,center,True,unstructured_anomaly
2025-02-01 13:00:00,-24.22655852836457,1100.0,0.0,AWS-MUM-007,Mumbai,MUM,center,True,unstructured_anomaly
2025-02-01 14:00:00,-21.231885332690204,1100.0,0.0,AWS-MUM-007,Mumbai,MUM,center,True,unstructured_anomaly
2025-02-01 15:00:00,-21.274547908701397,1100.0,3.890967881914598,AWS-MUM-007,Mumbai,MUM,center,True,unstructured_anomaly
2025-02-01 16:00:00,73.66584419588246,878.2962571120872,100.0,AWS-MUM-007,Mumbai,MUM,center,True,unstructured_anomaly
2025-02-01 17:00:00,-19.732021330835625,1100.0,100.0,AWS-MUM-007,Mumbai,MUM,center,True,unstructured_anomaly
2025-02-01 18:00:00,24.8,1010.3,59.0,AWS-MUM-007,Mumbai,MUM,center,False,
2025-02-01 19:00:00,24.1,1010.9,63.0,AWS-MUM-007,Mumbai,MUM,center,False,
2025-02-01 20:00:00,23.9,1011.7,56.0,AWS-MUM-007,Mumbai,MUM,center,False,
2025-02-01 21:00:00,23.5,1012.2,52.0,AWS-MUM-007,Mumbai,MUM,center,False,
2025-02-01 22:00:00,23.3,1012.4,47.0,AWS-MUM-007,Mumbai,MUM,center,False,
2025-02-01 23:00:00,23.0,1012.2,44.0,AWS-MUM-007,Mumbai,MUM,center,False,
2025-02-02 00:00:00,22.7,1012.0,42.0,AWS-MUM-007,Mumbai,MUM,center,False,
2025-02-02 01:00:00,22.1,1011.5,43.0,AWS-MUM-007,Mumbai,MUM,center,False,
2025-02-02 02:00:00,21.7,1010.8,44.0,AWS-MUM-007,Mumbai,MUM,center,False,
2025-02-02 03:00:00,21.6,1010.1,47.0,AWS-MUM-007,Mumbai,MUM,center,False,
2025-02-02 04:00:00,21.3,1009.8,50.0,AWS-MUM-007,Mumbai,MUM,center,False,
2025-02-02 05:00:00,21.1,1009.9,50.0,AWS-MUM-007,Mumbai,MUM,center,False,
2025-02-02 06:00:00,20.7,1010.8,54.0,AWS-MUM-007,Mumbai,MUM,center,False,
2025-02-02 07:00:00,20.5,1011.8,53.0,AWS-MUM-007,Mumbai,MUM,center,False,
2025-02-02 08:00:00,21.5,1012.6,49.0,AWS-MUM-007,Mumbai,MUM,center,False,
2025-02-02 09:00:00,24.1,1013.2,41.0,AWS-MUM-007,Mumbai,MUM,center,False,
2025-02-02 10:00:00,27.0,1013.4,34.0,AWS-MUM-007,Mumbai,MUM,center,False,
2025-02-02 11:00:00,29.2,1012.7,30.0,AWS-MUM-007,Mumbai,MUM,center,False,
2025-02-02 12:00:00,30.3,1011.4,31.0,AWS-MUM-007,Mumbai,MUM,center,False,
2025-02-02 13:00:00,30.9,1010.2,32.0,AWS-MUM-007,Mumbai,MUM,center,False,
2025-02-02 14:00:00,30.8,1009.3,33.0,AWS-MUM-007,Mumbai,MUM,center,False,
2025-02-02 15:00:00,30.2,1008.8,34.0,AWS-MUM-007,Mumbai,MUM,center,False,
2025-02-02 16:00:00,29.1,1008.8,38.0,AWS-MUM-007,Mumbai,MUM,center,False,
2025-02-02 17:00:00,27.6,1009.0,46.0,AWS-MUM-007,Mumbai,MUM,center,False,
2025-02-02 18:00:00,25.9,1009.7,58.0,AWS-MUM-007,Mumbai,MUM,center,False,
2025-02-02 19:00:00,25.1,1010.1,63.0,AWS-MUM-007,Mumbai,MUM,center,False,
2025-02-02 20:00:00,25.0,1010.9,55.0,AWS-MUM-007,Mumbai,MUM,center,False,
2025-02-02 21:00:00,24.7,1011.6,51.0,AWS-MUM-007,Mumbai,MUM,center,False,
2025-02-02 22:00:00,43.15613972572144,1011.8,46.0,AWS-MUM-007,Mumbai,MUM,center,True,spike
2025-02-02 23:00:00,31.995639328671178,1011.9,44.0,AWS-MUM-007,Mumbai,MUM,center,True,spike
2025-02-03 00:00:00,27.106144381366683,1011.3,44.0,AWS-MUM-007,Mumbai,MUM,center,True,spike
2025-02-03 01:00:00,24.5843832292023,1010.8,46.0,AWS-MUM-007,Mumbai,MUM,center,True,spike
2025-02-03 02:00:00,22.6,1010.3,48.0,AWS-MUM-007,Mumbai,MUM,center,False,
2025-02-03 03:00:00,22.1,1009.7,50.0,AWS-MUM-007,Mumbai,MUM,center,False,
2025-02-03 04:00:00,21.9,1009.4,52.0,AWS-MUM-007,Mumbai,MUM,center,False,
2025-02-03 05:00:00,21.6,1009.5,55.0,AWS-MUM-007,Mumbai,MUM,center,False,
2025-02-03 06:00:00,21.2,1010.3,63.0,AWS-MUM-007,Mumbai,MUM,center,False,
2025-02-03 07:00:00,20.7,1011.1,63.0,AWS-MUM-007,Mumbai,MUM,center,False,
2025-02-03 08:00:00,22.3,1012.0,54.0,AWS-MUM-007,Mumbai,MUM,center,False,
2025-02-03 09:00:00,25.3,1012.8,40.0,AWS-MUM-007,Mumbai,MUM,center,True,drift
2025-02-03 10:00:00,27.4,1013.2,11.891837113438875,AWS-MUM-007,Mumbai,MUM,center,True,drift
2025-02-03 11:00:00,28.5,1012.7,0.0,AWS-MUM-007,Mumbai,MUM,center,True,drift
2025-02-03 12:00:00,25.639554503075058,1011.9,0.0,AWS-MUM-007,Mumbai,MUM,center,True,drift
2025-02-03 13:00:00,22.379109006150117,1010.8,0.0,AWS-MUM-007,Mumbai,MUM,center,True,drift
2025-02-03 14:00:00,18.918663509225176,1010.0,0.0,AWS-MUM-007,Mumbai,MUM,center,True,drift
2025-02-03 15:00:00,15.058218012300234,1009.6,0.0,AWS-MUM-007,Mumbai,MUM,center,True,drift
2025-02-03 16:00:00,11.09777251537529,1009.5,0.0,AWS-MUM-007,Mumbai,MUM,center,True,drift
2025-02-03 17:00:00,6.63732701845035,1009.8,0.0,AWS-MUM-007,Mumbai,MUM,center,True,drift
2025-02-03 18:00:00,2.276881521525411,1010.9,0.0,AWS-MUM-007,Mumbai,MUM,center,True,drift
2025-02-03 19:00:00,-1.6835639753995366,1011.8,0.0,AWS-MUM-007,Mumbai,MUM,center,True,drift
2025-02-03 20:00:00,-5.144009472324477,1012.7,0.0,AWS-MUM-007,Mumbai,MUM,center,True,drift
2025-02-03 21:00:00,-8.804454969249417,1013.5,0.0,AWS-MUM-007,Mumbai,MUM,center,True,drift
2025-02-03 22:00:00,-12.464900466174363,1013.7,0.0,AWS-MUM-007,Mumbai,MUM,center,True,drift
2025-02-03 23:00:00,-16.1253459630993,1013.4,0.0,AWS-MUM-007,Mumbai,MUM,center,True,drift
2025-02-04 00:00:00,-19.785791460024242,1013.1,0.0,AWS-MUM-007,Mumbai,MUM,center,True,drift
2025-02-04 01:00:00,-23.446236956949182,1012.5,0.0,AWS-MUM-007,Mumbai,MUM,center,True,drift
2025-02-04 02:00:00,-27.106682453874132,1011.8,0.0,AWS-MUM-007,Mumbai,MUM,center,True,drift
2025-02-04 03:00:00,-30.66712795079907,1011.2,0.0,AWS-MUM-007,Mumbai,MUM,center,True,drift
2025-02-04 04:00:00,-34.92757344772401,1010.9,0.0,AWS-MUM-007,Mumbai,MUM,center,True,drift
2025-02-04 05:00:00,-38.58801894464895,1010.9,0.0,AWS-MUM-007,Mumbai,MUM,center,True,drift
2025-02-04 06:00:00,-41.44846444157389,1012.3,0.0,AWS-MUM-007,Mumbai,MUM,center,True,drift
2025-02-04 07:00:00,-44.40890993849884,1012.9,0.0,AWS-MUM-007,Mumbai,MUM,center,True,drift
2025-02-04 08:00:00,-45.86935543542378,1013.8,0.0,AWS-MUM-007,Mumbai,MUM,center,True,drift
2025-02-04 09:00:00,-46.729800932348724,1014.8,63.0,AWS-MUM-007,Mumbai,MUM,center,True,drift
2025-02-04 10:00:00,-47.79024642927365,1014.9,51.0,AWS-MUM-007,Mumbai,MUM,center,True,drift
2025-02-04 11:00:00,-49.7506919261986,1014.7,45.0,AWS-MUM-007,Mumbai,MUM,center,True,drift
2025-02-04 12:00:00,-52.41113742312354,1013.5,47.0,AWS-MUM-007,Mumbai,MUM,center,True,drift
2025-02-04 13:00:00,-55.171582920048486,1012.3,44.0,AWS-MUM-007,Mumbai,MUM,center,True,drift
2025-02-04 14:00:00,-58.33202841697343,1011.3,39.0,AWS-MUM-007,Mumbai,MUM,center,True,drift
2025-02-04 15:00:00,-62.19247391389836,1032.2682221248874,37.0,AWS-MUM-007,Mumbai,MUM,center,True,drift
2025-02-04 16:00:00,-66.6529194108233,1010.3,43.0,AWS-MUM-007,Mumbai,MUM,center,True,drift
2025-02-04 17:00:00,-71.21336490774826,1010.4,52.0,AWS-MUM-007,Mumbai,MUM,center,True,drift
2025-02-04 18:00:00,25.1,1011.3,62.0,AWS-MUM-007,Mumbai,MUM,center,False,
2025-02-04 19:00:00,24.4,1011.5,67.0,AWS-MUM-007,Mumbai,MUM,center,False,
2025-02-04 20:00:00,24.4,1012.3,55.0,AWS-MUM-007,Mumbai,MUM,center,False,
2025-02-04 21:00:00,24.4,1012.7,46.0,AWS-MUM-007,Mumbai,MUM,center,False,
2025-02-04 22:00:00,24.1,1012.9,40.0,AWS-MUM-007,Mumbai,MUM,center,False,
2025-02-04 23:00:00,23.7,1012.9,39.0,AWS-MUM-007,Mumbai,MUM,center,False,
2025-02-05 00:00:00,23.2,1012.5,39.0,AWS-MUM-007,Mumbai,MUM,center,False,
2025-02-05 01:00:00,22.7,1012.1,39.0,AWS-MUM-007,Mumbai,MUM,center,False,
2025-02-05 02:00:00,22.4,1011.8,38.0,AWS-MUM-007,Mumbai,MUM,center,False,
2025-02-05 03:00:00,22.2,1011.3,37.0,AWS-MUM-007,Mumbai,MUM,center,False,
2025-02-05 04:00:00,21.9,1011.1,37.0,AWS-MUM-007,Mumbai,MUM,center,False,
2025-02-05 05:00:00,21.7,1011.1,37.0,AWS-MUM-007,Mumbai,MUM,center,False,
2025-02-05 06:00:00,21.2,1011.6,41.0,AWS-MUM-007,Mumbai,MUM,center,False,
2025-02-05 07:00:00,20.9,1012.3,40.0,AWS-MUM-007,Mumbai,MUM,center,False,
2025-02-05 08:00:00,22.1,1013.4,36.0,AWS-MUM-007,Mumbai,MUM,center,False,
2025-02-05 09:00:00,24.6,991.7228661118631,30.0,AWS-MUM-007,Mumbai,MUM,center,True,spike
2025-02-05 10:00:00,27.3,1013.5,26.0,AWS-MUM-007,Mumbai,MUM,center,False,
2025-02-05 11:00:00,29.6,1012.6,23.0,AWS-MUM-007,Mumbai,MUM,center,False,
2025-02-05 12:00:00,31.2,1011.6,21.0,AWS-MUM-007,Mumbai,MUM,center,False,
2025-02-05 13:00:00,31.6,1010.4,22.0,AWS-MUM-007,Mumbai,MUM,center,False,
2025-02-05 14:00:00,30.7,1009.4,29.0,AWS-MUM-007,Mumbai,MUM,center,False,
2025-02-05 15:00:00,29.5,1008.8,38.0,AWS-MUM-007,Mumbai,MUM,center,False,
2025-02-05 16:00:00,27.9,1008.8,45.0,AWS-MUM-007,Mumbai,MUM,center,False,
2025-02-05 17:00:00,69.47146211141103,869.3755981224697,94.45837704069751,AWS-MUM-007,Mumbai,MUM,center,True,unstructured_anomaly
2025-02-05 18:00:00,74.07339143761644,842.5789066855366,5.831799190758325,AWS-MUM-007,Mumbai,MUM,center,True,unstructured_anomaly
2025-02-05 19:00:00,67.57920215060079,854.2378316290841,6.889773107389807,AWS-MUM-007,Mumbai,MUM,center,True,unstructured_anomaly
2025-02-05 20:00:00,74.73695426819707,858.5449044126193,93.79731062365832,AWS-MUM-007,Mumbai,MUM,center,True,unstructured_anomaly
2025-02-05 21:00:00,68.67100677425097,852.9065340327174,0.0,AWS-MUM-007,Mumbai,MUM,center,True,unstructured_anomaly
2025-02-05 22:00:00,23.5,1011.6,43.0,AWS-MUM-007,Mumbai,MUM,center,False,
2025-02-05 23:00:00,23.2,1011.5,41.0,AWS-MUM-007,Mumbai,MUM,center,False,
2025-02-06 00:00:00,22.9,1011.1,39.0,AWS-MUM-007,Mumbai,MUM,center,False,
2025-02-06 01:00:00,22.6,1010.7,37.0,AWS-MUM-007,Mumbai,MUM,center,False,
2025-02-06 02:00:00,22.2,1010.0,35.0,AWS-MUM-007,Mumbai,MUM,center,False,
2025-02-06 03:00:00,21.7,1009.4,35.0,AWS-MUM-007,Mumbai,MUM,center,False,
2025-02-06 04:00:00,21.0,1009.3,37.0,AWS-MUM-007,Mumbai,MUM,center,False,
2025-02-06 05:00:00,20.5,1009.6,38.0,AWS-MUM-007,Mumbai,MUM,center,False,
2025-02-06 06:00:00,19.5,1010.2,48.0,AWS-MUM-007,Mumbai,MUM,center,False,
2025-02-06 07:00:00,19.3,1010.8,48.0,AWS-MUM-007,Mumbai,MUM,center,False,
2025-02-06 08:00:00,21.2,1011.5,43.0,AWS-MUM-007,Mumbai,MUM,center,False,
2025-02-06 09:00:00,24.2,1012.0,37.0,AWS-MUM-007,Mumbai,MUM,center,False,
2025-02-06 10:00:00,27.3,1012.1,33.0,AWS-MUM-007,Mumbai,MUM,center,False,
2025-02-06 11:00:00,29.9,1011.6,31.0,AWS-MUM-007,Mumbai,MUM,center,False,
2025-02-06 12:00:00,31.4,1010.7,31.0,AWS-MUM-007,Mumbai,MUM,center,False,
2025-02-06 13:00:00,31.8,1009.5,35.0,AWS-MUM-007,Mumbai,MUM,center,False,
2025-02-06 14:00:00,31.6,1008.4,38.0,AWS-MUM-007,Mumbai,MUM,center,False,
2025-02-06 15:00:00,31.0,1007.7,40.0,AWS-MUM-007,Mumbai,MUM,center,False,
2025-02-06 16:00:00,29.9,1007.5,42.0,AWS-MUM-007,Mumbai,MUM,center,False,
2025-02-06 17:00:00,28.7,1007.8,45.0,AWS-MUM-007,Mumbai,MUM,center,False,
2025-02-06 18:00:00,26.9,1008.7,57.0,AWS-MUM-007,Mumbai,MUM,center,False,
2025-02-06 19:00:00,26.3,1009.2,61.0,AWS-MUM-007,Mumbai,MUM,center,False,
2025-02-06 20:00:00,26.1,1010.1,58.0,AWS-MUM-007,Mumbai,MUM,center,False,
2025-02-06 21:00:00,25.7,1010.7,59.0,AWS-MUM-007,Mumbai,MUM,center,False,
2025-02-06 22:00:00,25.6,1011.0,56.0,AWS-MUM-007,Mumbai,MUM,center,False,
2025-02-06 23:00:00,25.2,1010.7,56.0,AWS-MUM-007,Mumbai,MUM,center,False,
2025-02-07 00:00:00,24.8,1010.5,58.0,AWS-MUM-007,Mumbai,MUM,center,False,
2025-02-07 01:00:00,24.2,1010.1,60.0,AWS-MUM-007,Mumbai,MUM,center,False,
2025-02-07 02:00:00,23.7,1009.7,63.0,AWS-MUM-007,Mumbai,MUM,center,False,
2025-02-07 03:00:00,23.0,1009.3,67.0,AWS-MUM-007,Mumbai,MUM,center,False,
2025-02-07 04:00:00,22.4,1009.3,67.0,AWS-MUM-007,Mumbai,MUM,center,False,
2025-02-07 05:00:00,22.3,1009.4,65.0,AWS-MUM-007,Mumbai,MUM,center,False,
2025-02-07 06:00:00,22.6,1010.4,66.0,AWS-MUM-007,Mumbai,MUM,center,False,
2025-02-07 07:00:00,22.5,1011.2,66.0,AWS-MUM-007,Mumbai,MUM,center,False,
2025-02-07 08:00:00,24.0,1012.3,62.0,AWS-MUM-007,Mumbai,MUM,center,False,
2025-02-07 09:00:00,26.6,1013.2,54.0,AWS-MUM-007,Mumbai,MUM,center,False,
2025-02-07 10:00:00,29.8,1013.7,44.0,AWS-MUM-007,Mumbai,MUM,center,False,
2025-02-07 11:00:00,32.4,1013.1,36.0,AWS-MUM-007,Mumbai,MUM,center,False,
2025-02-07 12:00:00,33.9,1012.0,32.0,AWS-MUM-007,Mumbai,MUM,center,False,
2025-02-07 13:00:00,34.3,1010.9,33.0,AWS-MUM-007,Mumbai,MUM,center,False,
2025-02-07 14:00:00,33.7,1010.0,36.0,AWS-MUM-007,Mumbai,MUM,center,False,
2025-02-07 15:00:00,33.1,,37.0,AWS-MUM-007,Mumbai,MUM,center,True,dropout
2025-02-07 16:00:00,31.6,1009.4,41.0,AWS-MUM-007,Mumbai,MUM,center,False,
2025-02-07 17:00:00,29.7,1009.6,48.0,AWS-MUM-007,Mumbai,MUM,center,False,
2025-02-07 18:00:00,27.8,1010.3,56.0,AWS-MUM-007,Mumbai,MUM,center,False,
2025-02-07 19:00:00,26.9,1010.7,60.0,AWS-MUM-007,Mumbai,MUM,center,False,
2025-02-07 20:00:00,45.97002488352538,1011.7,60.0,AWS-MUM-007,Mumbai,MUM,center,True,spike
2025-02-07 21:00:00,34.28801787698492,1012.4,55.0,AWS-MUM-007,Mumbai,MUM,center,True,spike
2025-02-07 22:00:00,29.331292954807896,1012.6,55.0,AWS-MUM-007,Mumbai,MUM,center,True,spike
2025-02-07 23:00:00,26.65898472804039,1012.2,59.0,AWS-MUM-007,Mumbai,MUM,center,True,spike
2025-02-08 00:00:00,25.1,1011.8,63.0,AWS-MUM-007,Mumbai,MUM,center,True,drift
2025-02-08 01:00:00,24.5,1011.1,76.32953030864832,AWS-MUM-007,Mumbai,MUM,center,True,drift
2025-02-08 02:00:00,23.9,1010.6,90.65906061729663,AWS-MUM-007,Mumbai,MUM,center,True,drift
2025-02-08 03:00:00,23.3,1010.1,100.0,AWS-MUM-007,Mumbai,MUM,center,True,drift
2025-02-08 04:00:00,22.6,1010.1,100.0,AWS-MUM-007,Mumbai,MUM,center,True,drift
2025-02-08 05:00:00,22.1,1010.1,100.0,AWS-MUM-007,Mumbai,MUM,center,True,drift
2025-02-08 06:00:00,22.1,1010.9,100.0,AWS-MUM-007,Mumbai,MUM,center,True,drift
2025-02-08 07:00:00,21.9,1011.4,100.0,AWS-MUM-007,Mumbai,MUM,center,True,drift
2025-02-08 08:00:00,23.9,1012.4,100.0,AWS-MUM-007,Mumbai,MUM,center,True,drift
2025-02-08 09:00:00,27.3,1013.0,100.0,AWS-MUM-007,Mumbai,MUM,center,True,drift
2025-02-08 10:00:00,30.6,1013.3,100.0,AWS-MUM-007,Mumbai,MUM,center,True,drift
2025-02-08 11:00:00,32.7,1013.0,100.0,AWS-MUM-007,Mumbai,MUM,center,True,drift
2025-02-08 12:00:00,33.3,1012.0,100.0,AWS-MUM-007,Mumbai,MUM,center,True,drift
2025-02-08 13:00:00,32.9,1010.9,100.0,AWS-MUM-007,Mumbai,MUM,center,True,drift
2025-02-08 14:00:00,32.8,1009.9,100.0,AWS-MUM-007,Mumbai,MUM,center,True,drift
2025-02-08 15:00:00,32.5,1009.1,100.0,AWS-MUM-007,Mumbai,MUM,center,True,drift
2025-02-08 16:00:00,31.6,1009.1,100.0,AWS-MUM-007,Mumbai,MUM,center,True,drift
2025-02-08 17:00:00,29.9,1009.3,100.0,AWS-MUM-007,Mumbai,MUM,center,True,drift
2025-02-08 18:00:00,27.8,1009.8,100.0,AWS-MUM-007,Mumbai,MUM,center,True,drift
2025-02-08 19:00:00,26.8,1010.5,100.0,AWS-MUM-007,Mumbai,MUM,center,True,drift
2025-02-08 20:00:00,26.5,1011.4,100.0,AWS-MUM-007,Mumbai,MUM,center,True,drift
2025-02-08 21:00:00,26.7,1011.9,100.0,AWS-MUM-007,Mumbai,MUM,center,True,drift
2025-02-08 22:00:00,26.8,1023.3043529418591,100.0,AWS-MUM-007,Mumbai,MUM,center,True,drift
2025-02-08 23:00:00,26.5,1015.7907724925864,100.0,AWS-MUM-007,Mumbai,MUM,center,True,drift
2025-02-09 00:00:00,25.8,1013.0073338577361,100.0,AWS-MUM-007,Mumbai,MUM,center,True,drift
2025-02-09 01:00:00,25.0,1011.5512655938171,100.0,AWS-MUM-007,Mumbai,MUM,center,True,drift
2025-02-09 02:00:00,24.3,1010.6114275667971,100.0,AWS-MUM-007,Mumbai,MUM,center,True,drift
2025-02-09 03:00:00,24.1,1010.0,100.0,AWS-MUM-007,Mumbai,MUM,center,True,drift
2025-02-09 04:00:00,23.9,1009.8,100.0,AWS-MUM-007,Mumbai,MUM,center,True,drift
2025-02-09 05:00:00,23.7,1009.8,100.0,AWS-MUM-007,Mumbai,MUM,center,True,drift
2025-02-09 06:00:00,23.1,1010.5,100.0,AWS-MUM-007,Mumbai,MUM,center,True,drift
2025-02-09 07:00:00,22.7,1011.2,100.0,AWS-MUM-007,Mumbai,MUM,center,True,drift
2025-02-09 08:00:00,24.1,1011.9,100.0,AWS-MUM-007,Mumbai,MUM,center,True,drift
2025-02-09 09:00:00,27.1,1012.5,100.0,AWS-MUM-007,Mumbai,MUM,center,True,drift
2025-02-09 10:00:00,30.2,1012.8,100.0,AWS-MUM-007,Mumbai,MUM,center,True,drift
2025-02-09 11:00:00,32.4,1012.4,100.0,AWS-MUM-007,Mumbai,MUM,center,True,drift
2025-02-09 12:00:00,33.1,1011.2,100.0,AWS-MUM-007,Mumbai,MUM,center,True,drift
2025-02-09 13:00:00,32.8,1010.0,100.0,AWS-MUM-007,Mumbai,MUM,center,True,drift
2025-02-09 14:00:00,32.5,1008.8,100.0,AWS-MUM-007,Mumbai,MUM,center,True,drift
2025-02-09 15:00:00,31.9,1008.4,100.0,AWS-MUM-007,Mumbai,MUM,center,True,drift
2025-02-09 16:00:00,30.9,1008.3,100.0,AWS-MUM-007,Mumbai,MUM,center,True,drift
2025-02-09 17:00:00,29.5,1008.6,100.0,AWS-MUM-007,Mumbai,MUM,center,True,drift
2025-02-09 18:00:00,28.3,1009.0,100.0,AWS-MUM-007,Mumbai,MUM,center,True,drift
2025-02-09 19:00:00,27.6,1009.5,100.0,AWS-MUM-007,Mumbai,MUM,center,True,drift
2025-02-09 20:00:00,27.6,1010.7,100.0,AWS-MUM-007,Mumbai,MUM,center,True,drift
2025-02-09 21:00:00,27.3,1011.4,100.0,AWS-MUM-007,Mumbai,MUM,center,True,drift
2025-02-09 22:00:00,27.0,1011.5,100.0,AWS-MUM-007,Mumbai,MUM,center,True,drift
2025-02-09 23:00:00,26.7,1011.7,39.0,AWS-MUM-007,Mumbai,MUM,center,False,
2025-02-10 00:00:00,26.1,1011.5,38.0,AWS-MUM-007,Mumbai,MUM,center,False,
2025-02-10 01:00:00,25.5,1011.2,39.0,AWS-MUM-007,Mumbai,MUM,center,False,
2025-02-10 02:00:00,25.1,1010.9,42.0,AWS-MUM-007,Mumbai,MUM,center,False,
2025-02-10 03:00:00,24.6,1010.5,46.0,AWS-MUM-007,Mumbai,MUM,center,False,
2025-02-10 04:00:00,24.3,1010.5,49.0,AWS-MUM-007,Mumbai,MUM,center,False,
2025-02-10 05:00:00,24.0,1010.7,52.0,AWS-MUM-007,Mumbai,MUM,center,False,
2025-02-10 06:00:00,23.6,1011.5,58.0,AWS-MUM-007,Mumbai,MUM,center,False,
2025-02-10 07:00:00,23.3,1012.2,58.0,AWS-MUM-007,Mumbai,MUM,center,False,
2025-02-10 08:00:00,24.5,1013.3,50.0,AWS-MUM-007,Mumbai,MUM,center,False,
2025-02-10 09:00:00,27.2,1014.0,38.0,AWS-MUM-007,Mumbai,MUM,center,False,
2025-02-10 10:00:00,30.3,1014.5,30.0,AWS-MUM-007,Mumbai,MUM,center,False,
2025-02-10 11:00:00,32.7,1013.9,27.0,AWS-MUM-007,Mumbai,MUM,center,False,
2025-02-10 12:00:00,33.6,1012.9,27.0,AWS-MUM-007,Mumbai,MUM,center,False,
2025-02-10 13:00:00,33.1,1011.7,35.0,AWS-MUM-007,Mumbai,MUM,center,False,
2025-02-10 14:00:00,32.7,1010.7,34.0,AWS-MUM-007,Mumbai,MUM,center,False,
2025-02-10 15:00:00,32.0,1010.1,33.0,AWS-MUM-007,Mumbai,MUM,center,False,
2025-02-10 16:00:00,30.8,1009.9,37.0,AWS-MUM-007,Mumbai,MUM,center,False,
2025-02-10 17:00:00,29.1,1010.2,46.0,AWS-MUM-007,Mumbai,MUM,center,False,
2025-02-10 18:00:00,27.2,1011.0,56.0,AWS-MUM-007,Mumbai,MUM,center,False,
2025-02-10 19:00:00,26.3,1011.6,62.0,AWS-MUM-007,Mumbai,MUM,center,False,
2025-02-10 20:00:00,26.1,1012.5,60.0,AWS-MUM-007,Mumbai,MUM,center,False,
2025-02-10 21:00:00,26.0,1013.1,54.0,AWS-MUM-007,Mumbai,MUM,center,False,
2025-02-10 22:00:00,25.2,1024.8926837606625,63.0,AWS-MUM-007,Mumbai,MUM,center,True,spike
2025-02-10 23:00:00,24.9,1016.4023680328719,61.0,AWS-MUM-007,Mumbai,MUM,center,True,spike
2025-02-11 00:00:00,24.3,1013.8775778232991,59.0,AWS-MUM-007,Mumbai,MUM,center,True,spike
2025-02-11 01:00:00,23.5,1012.9013834628756,58.0,AWS-MUM-007,Mumbai,MUM,center,True,spike
2025-02-11 02:00:00,23.2,1011.9,56.0,AWS-MUM-007,Mumbai,MUM,center,False,
2025-02-11 03:00:00,23.1,1011.5,54.0,AWS-MUM-007,Mumbai,MUM,center,False,
2025-02-11 04:00:00,23.2,1011.3,51.0,AWS-MUM-007,Mumbai,MUM,center,False,
2025-02-11 05:00:00,23.0,1011.6,49.0,AWS-MUM-007,Mumbai,MUM,center,False,
2025-02-11 06:00:00,22.1,1012.3,57.0,AWS-MUM-007,Mumbai,MUM,center,False,
2025-02-11 07:00:00,21.7,1013.1,57.0,AWS-MUM-007,Mumbai,MUM,center,False,
2025-02-11 08:00:00,23.4,1013.9,49.0,AWS-MUM-007,Mumbai,MUM,center,False,
2025-02-11 09:00:00,26.5,1014.7,37.0,AWS-MUM-007,Mumbai,MUM,center,False,
2025-02-11 10:00:00,29.7,1014.9,29.0,AWS-MUM-007,Mumbai,MUM,center,False,
2025-02-11 11:00:00,31.7,1014.5,26.0,AWS-MUM-007,Mumbai,MUM,center,False,
2025-02-11 12:00:00,32.4,1013.7,28.0,AWS-MUM-007,Mumbai,MUM,center,False,
2025-02-11 13:00:00,32.2,1012.5,33.0,AWS-MUM-007,Mumbai,MUM,center,False,
2025-02-11 14:00:00,31.6,1011.7,33.0,AWS-MUM-007,Mumbai,MUM,center,False,
2025-02-11 15:00:00,30.8,1011.1,34.0,AWS-MUM-007,Mumbai,MUM,center,False,
2025-02-11 16:00:00,29.4,1010.9,43.0,AWS-MUM-007,Mumbai,MUM,center,False,
2025-02-11 17:00:00,27.9,1011.0,52.0,AWS-MUM-007,Mumbai,MUM,center,False,
2025-02-11 18:00:00,26.1,1011.5,61.0,AWS-MUM-007,Mumbai,MUM,center,False,
2025-02-11 19:00:00,25.3,1012.3,65.0,AWS-MUM-007,Mumbai,MUM,center,False,
2025-02-11 20:00:00,25.2,1012.9,54.0,AWS-MUM-007,Mumbai,MUM,center,False,
2025-02-11 21:00:00,24.8,1013.4,52.0,AWS-MUM-007,Mumbai,MUM,center,False,
2025-02-11 22:00:00,24.4,1013.6,50.0,AWS-MUM-007,Mumbai,MUM,center,True,frozen_value
2025-02-11 23:00:00,24.42115397050379,1013.7,49.0,AWS-MUM-007,Mumbai,MUM,center,True,frozen_value
2025-02-12 00:00:00,24.36905552989418,1013.3,54.0,AWS-MUM-007,Mumbai,MUM,center,True,frozen_value
2025-02-12 01:00:00,24.293521954158944,1012.9,63.0,AWS-MUM-007,Mumbai,MUM,center,True,frozen_value
2025-02-12 02:00:00,24.259742478224528,1012.4,67.0,AWS-MUM-007,Mumbai,MUM,center,True,frozen_value
2025-02-12 03:00:00,24.253005002292,1011.9,65.0,AWS-MUM-007,Mumbai,MUM,center,True,frozen_value
2025-02-12 04:00:00,24.223978472079875,1012.0,60.0,AWS-MUM-007,Mumbai,MUM,center,True,frozen_value
2025-02-12 05:00:00,24.33335981594217,1012.4,53.0,AWS-MUM-007,Mumbai,MUM,center,True,frozen_value
2025-02-12 06:00:00,20.7,1013.2,57.0,AWS-MUM-007,Mumbai,MUM,center,False,
2025-02-12 07:00:00,20.4,1014.1,55.0,AWS-MUM-007,Mumbai,MUM,center,False,
2025-02-12 08:00:00,21.9,1014.9,49.0,AWS-MUM-007,Mumbai,MUM,center,False,
2025-02-12 09:00:00,25.1,1015.6,38.0,AWS-MUM-007,Mumbai,MUM,center,False,
2025-02-12 10:00:00,28.6,1015.6,30.0,AWS-MUM-007,Mumbai,MUM,center,False,
2025-02-12 11:00:00,31.1,1014.9,26.0,AWS-MUM-007,Mumbai,MUM,center,False,
2025-02-12 12:00:00,32.7,1013.5,23.0,AWS-MUM-007,Mumbai,MUM,center,False,
2025-02-12 13:00:00,33.3,1012.3,23.0,AWS-MUM-007,Mumbai,MUM,center,False,
2025-02-12 14:00:00,32.5,1011.2,34.0,AWS-MUM-007,Mumbai,MUM,center,False,
2025-02-12 15:00:00,31.4,1010.4,43.0,AWS-MUM-007,Mumbai,MUM,center,False,
2025-02-12 16:00:00,30.5,1010.2,47.0,AWS-MUM-007,Mumbai,MUM,center,False,
2025-02-12 17:00:00,29.0,1010.4,51.0,AWS-MUM-007,Mumbai,MUM,center,False,
2025-02-12 18:00:00,26.9,1011.0,57.0,AWS-MUM-007,Mumbai,MUM,center,False,
2025-02-12 19:00:00,26.0,1011.6,61.0,AWS-MUM-007,Mumbai,MUM,center,False,
2025-02-12 20:00:00,26.1,1012.2,57.0,AWS-MUM-007,Mumbai,MUM,center,False,
2025-02-12 21:00:00,25.8,1012.6,55.0,AWS-MUM-007,Mumbai,MUM,center,False,
2025-02-12 22:00:00,25.4,1012.9,52.0,AWS-MUM-007,Mumbai,MUM,center,False,
2025-02-12 23:00:00,25.1,1012.8,50.0,AWS-MUM-007,Mumbai,MUM,center,False,
2025-02-13 00:00:00,24.7,1012.3,48.0,AWS-MUM-007,Mumbai,MUM,center,False,
2025-02-13 01:00:00,24.5,1011.8,45.0,AWS-MUM-007,Mumbai,MUM,center,False,
2025-02-13 02:00:00,24.2,1011.4,43.0,AWS-MUM-007,Mumbai,MUM,center,False,
2025-02-13 03:00:00,23.7,1010.9,43.0,AWS-MUM-007,Mumbai,MUM,center,False,
2025-02-13 04:00:00,23.1,1010.9,44.0,AWS-MUM-007,Mumbai,MUM,center,False,
2025-02-13 05:00:00,22.7,1011.2,44.0,AWS-MUM-007,Mumbai,MUM,center,False,
2025-02-13 06:00:00,117.05875393671649,1012.3848798117301,100.0,AWS-MUM-007,Mumbai,MUM,center,True,multivariate_inconsistency
2025-02-13 07:00:00,116.85875393671648,1012.4683240089399,100.0,AWS-MUM-007,Mumbai,MUM,center,True,multivariate_inconsistency
2025-02-13 08:00:00,118.25875393671649,1012.8762593752243,100.0,AWS-MUM-007,Mumbai,MUM,center,True,multivariate_inconsistency
2025-02-13 09:00:00,25.8,1014.2,38.0,AWS-MUM-007,Mumbai,MUM,center,False,
2025-02-13 10:00:00,29.2,1014.6,31.0,AWS-MUM-007,Mumbai,MUM,center,False,
2025-02-13 11:00:00,32.2,1014.0,25.0,AWS-MUM-007,Mumbai,MUM,center,False,
2025-02-13 12:00:00,34.1,1012.9,21.0,AWS-MUM-007,Mumbai,MUM,center,False,
2025-02-13 13:00:00,34.8,1011.6,20.0,AWS-MUM-007,Mumbai,MUM,center,False,
2025-02-13 14:00:00,33.9,1010.6,32.0,AWS-MUM-007,Mumbai,MUM,center,False,
2025-02-13 15:00:00,32.8,1009.9,37.0,AWS-MUM-007,Mumbai,MUM,center,False,
2025-02-13 16:00:00,31.4,1009.5,39.0,AWS-MUM-007,Mumbai,MUM,center,False,
2025-02-13 17:00:00,29.7,1009.6,42.0,AWS-MUM-007,Mumbai,MUM,center,False,
2025-02-13 18:00:00,28.4,1010.3,49.0,AWS-MUM-007,Mumbai,MUM,center,False,
2025-02-13 19:00:00,28.2,1010.6,46.0,AWS-MUM-007,Mumbai,MUM,center,False,
2025-02-13 20:00:00,28.0,1011.5,42.0,AWS-MUM-007,Mumbai,MUM,center,False,
2025-02-13 21:00:00,27.7,1012.2,40.0,AWS-MUM-007,Mumbai,MUM,center,False,
2025-02-13 22:00:00,27.4,1012.3,38.0,AWS-MUM-007,Mumbai,MUM,center,False,
2025-02-13 23:00:00,27.2,1012.0,36.0,AWS-MUM-007,Mumbai,MUM,center,False,
2025-02-14 00:00:00,26.6,1011.5,36.0,AWS-MUM-007,Mumbai,MUM,center,False,
2025-02-14 01:00:00,26.3,1011.1,35.0,AWS-MUM-007,Mumbai,MUM,center,False,
2025-02-14 02:00:00,25.8,1010.7,35.0,AWS-MUM-007,Mumbai,MUM,center,False,
2025-02-14 03:00:00,25.2,1010.4,37.0,AWS-MUM-007,Mumbai,MUM,center,False,
2025-02-14 04:00:00,24.6,1010.6,39.0,AWS-MUM-007,Mumbai,MUM,center,False,
2025-02-14 05:00:00,24.2,1010.8,41.0,AWS-MUM-007,Mumbai,MUM,center,False,
2025-02-14 06:00:00,22.8,1011.9,48.0,AWS-MUM-007,Mumbai,MUM,center,False,
2025-02-14 07:00:00,22.6,1012.5,49.0,AWS-MUM-007,Mumbai,MUM,center,False,
2025-02-14 08:00:00,24.2,1013.4,45.0,AWS-MUM-007,Mumbai,MUM,center,False,
2025-02-14 09:00:00,27.3,1014.1,37.0,AWS-MUM-007,Mumbai,MUM,center,False,
2025-02-14 10:00:00,30.7,1014.3,29.0,AWS-MUM-007,Mumbai,MUM,center,False,
2025-02-14 11:00:00,33.4,1013.7,23.0,AWS-MUM-007,Mumbai,MUM,center,False,
2025-02-14 12:00:00,34.7,1012.4,20.0,AWS-MUM-007,Mumbai,MUM,center,False,
2025-02-14 13:00:00,34.6,1011.1,25.0,AWS-MUM-007,Mumbai,MUM,center,False,
2025-02-14 14:00:00,33.7,1010.1,34.0,AWS-MUM-007,Mumbai,MUM,center,False,
2025-02-14 15:00:00,33.0,1009.1,35.0,AWS-MUM-007,Mumbai,MUM,center,False,
2025-02-14 16:00:00,31.9,1008.9,33.0,AWS-MUM-007,Mumbai,MUM,center,False,
2025-02-14 17:00:00,30.6,1009.2,33.0,AWS-MUM-007,Mumbai,MUM,center,False,
2025-02-14 18:00:00,29.2,1009.4,39.0,AWS-MUM-007,Mumbai,MUM,center,False,
2025-02-14 19:00:00,28.8,1010.1,38.0,AWS-MUM-007,Mumbai,MUM,center,False,
2025-02-14 20:00:00,28.9,1010.8,32.0,AWS-MUM-007,Mumbai,MUM,center,False,
2025-02-14 21:00:00,28.7,1011.7,30.0,AWS-MUM-007,Mumbai,MUM,center,False,
2025-02-14 22:00:00,28.3,1012.2,29.0,AWS-MUM-007,Mumbai,MUM,center,False,
2025-02-14 23:00:00,27.9,1012.1,30.0,AWS-MUM-007,Mumbai,MUM,center,False,
2025-02-15 00:00:00,27.5,1011.6,31.0,AWS-MUM-007,Mumbai,MUM,center,False,
2025-02-15 01:00:00,27.0,1011.0,31.0,AWS-MUM-007,Mumbai,MUM,center,False,
2025-02-15 02:00:00,26.4,1010.4,32.0,AWS-MUM-007,Mumbai,MUM,center,False,
2025-02-15 03:00:00,25.6,1010.0,33.0,AWS-MUM-007,Mumbai,MUM,center,False,
2025-02-15 04:00:00,24.6,1010.0,36.0,AWS-MUM-007,Mumbai,MUM,center,False,
2025-02-15 05:00:00,23.9,1010.1,38.0,AWS-MUM-007,Mumbai,MUM,center,False,
2025-02-15 06:00:00,22.1,1011.1,46.0,AWS-MUM-007,Mumbai,MUM,center,False,
2025-02-15 07:00:00,22.3,1012.0,45.0,AWS-MUM-007,Mumbai,MUM,center,True,frozen_value
2025-02-15 08:00:00,24.2,1012.0572220461338,40.0,AWS-MUM-007,Mumbai,MUM,center,True,frozen_value
2025-02-15 09:00:00,27.6,1012.0485429597951,34.0,AWS-MUM-007,Mumbai,MUM,center,True,frozen_value
2025-02-15 10:00:00,31.2,1012.0669674275396,26.0,AWS-MUM-007,Mumbai,MUM,center,True,frozen_value
2025-02-15 11:00:00,33.6,1012.0765922755436,21.0,AWS-MUM-007,Mumbai,MUM,center,True,frozen_value
2025-02-15 12:00:00,35.0,1012.074436563649,19.0,AWS-MUM-007,Mumbai,MUM,center,True,frozen_value
2025-02-15 13:00:00,35.2,1012.0851868141889,22.0,AWS-MUM-007,Mumbai,MUM,center,True,frozen_value
2025-02-15 14:00:00,34.7,1008.9,25.0,AWS-MUM-007,Mumbai,MUM,center,False,
2025-02-15 15:00:00,33.9,1008.2,27.0,AWS-MUM-007,Mumbai,MUM,center,False,
2025-02-15 16:00:00,32.9,1008.2,28.0,AWS-MUM-007,Mumbai,MUM,center,False,
2025-02-15 17:00:00,31.8,1008.4,29.0,AWS-MUM-007,Mumbai,MUM,center,False,
2025-02-15 18:00:00,29.8,1009.1,34.0,AWS-MUM-007,Mumbai,MUM,center,False,
2025-02-15 19:00:00,28.9,1009.6,32.0,AWS-MUM-007,Mumbai,MUM,center,False,
2025-02-15 20:00:00,28.3,1010.5,32.0,AWS-MUM-007,Mumbai,MUM,center,False,
2025-02-15 21:00:00,27.8,1010.9,30.0,AWS-MUM-007,Mumbai,MUM,center,False,
2025-02-15 22:00:00,27.5,1010.8,25.0,AWS-MUM-007,Mumbai,MUM,center,False,
2025-02-15 23:00:00,26.6,1010.9,23.0,AWS-MUM-007,Mumbai,MUM,center,False,
2025-02-16 00:00:00,25.4,1010.6,25.0,AWS-MUM-007,Mumbai,MUM,center,False,
2025-02-16 01:00:00,24.6,1010.3,28.0,AWS-MUM-007,Mumbai,MUM,center,False,
2025-02-16 02:00:00,24.1,1009.8,32.0,AWS-MUM-007,Mumbai,MUM,center,False,
2025-02-16 03:00:00,24.2,1009.5,33.0,AWS-MUM-007,Mumbai,MUM,center,False,
2025-02-16 04:00:00,23.8,1009.7,32.0,AWS-MUM-007,Mumbai,MUM,center,False,
2025-02-16 05:00:00,23.2,1010.0,32.0,AWS-MUM-007,Mumbai,MUM,center,False,
2025-02-16 06:00:00,21.6,1011.1,42.0,AWS-MUM-007,Mumbai,MUM,center,False,
2025-02-16 07:00:00,21.6,1011.8,42.0,AWS-MUM-007,Mumbai,MUM,center,False,
2025-02-16 08:00:00,23.8,1012.8,37.0,AWS-MUM-007,Mumbai,MUM,center,False,
2025-02-16 09:00:00,27.9,1013.5,29.0,AWS-MUM-007,Mumbai,MUM,center,False,
2025-02-16 10:00:00,31.3,1013.7,23.0,AWS-MUM-007,Mumbai,MUM,center,False,
2025-02-16 11:00:00,33.7,1012.9,18.0,AWS-MUM-007,Mumbai,MUM,center,False,
2025-02-16 12:00:00,34.9,1011.9,17.0,AWS-MUM-007,Mumbai,MUM,center,False,
2025-02-16 13:00:00,35.1,1010.7,19.0,AWS-MUM-007,Mumbai,MUM,center,False,
2025-02-16 14:00:00,34.1,1009.7,26.0,AWS-MUM-007,Mumbai,MUM,center,False,
2025-02-16 15:00:00,32.7,1009.4,28.0,AWS-MUM-007,Mumbai,MUM,center,False,
2025-02-16 16:00:00,31.6,1009.5,28.0,AWS-MUM-007,Mumbai,MUM,center,False,
2025-02-16 17:00:00,30.0,1009.9,36.0,AWS-MUM-007,Mumbai,MUM,center,False,
2025-02-16 18:00:00,27.7,1010.6,47.0,AWS-MUM-007,Mumbai,MUM,center,False,
2025-02-16 19:00:00,26.7,1011.0,53.0,AWS-MUM-007,Mumbai,MUM,center,False,
2025-02-16 20:00:00,26.5,1012.0,48.0,AWS-MUM-007,Mumbai,MUM,center,False,
2025-02-16 21:00:00,26.1,1012.5,47.0,AWS-MUM-007,Mumbai,MUM,center,False,
2025-02-16 22:00:00,25.2,1012.6,53.0,AWS-MUM-007,Mumbai,MUM,center,False,
2025-02-16 23:00:00,24.4,-0.002713047550124096,62.0,AWS-MUM-007,Mumbai,MUM,center,True,sensor_fail_low
2025-02-17 00:00:00,23.8,-0.0023629085472838033,66.0,AWS-MUM-007,Mumbai,MUM,center,True,sensor_fail_low
2025-02-17 01:00:00,23.6,-0.01517824536496926,61.0,AWS-MUM-007,Mumbai,MUM,center,True,sensor_fail_low
2025-02-17 02:00:00,23.2,0.09753090723511831,58.0,AWS-MUM-007,Mumbai,MUM,center,True,sensor_fail_low
2025-02-17 03:00:00,22.3,1011.0,58.0,AWS-MUM-007,Mumbai,MUM,center,False,
2025-02-17 04:00:00,21.7,1010.9,57.0,AWS-MUM-007,Mumbai,MUM,center,False,
2025-02-17 05:00:00,21.3,1010.8,56.0,AWS-MUM-007,Mumbai,MUM,center,False,
2025-02-17 06:00:00,20.8,1011.9,62.0,AWS-MUM-007,Mumbai,MUM,center,False,
2025-02-17 07:00:00,21.2,1012.9,59.0,AWS-MUM-007,Mumbai,MUM,center,False,
2025-02-17 08:00:00,23.7,1013.7,52.0,AWS-MUM-007,Mumbai,MUM,center,False,
2025-02-17 09:00:00,27.2,1014.1,39.0,AWS-MUM-007,Mumbai,MUM,center,False,
2025-02-17 10:00:00,30.6,1014.2,26.0,AWS-MUM-007,Mumbai,MUM,center,False,
2025-02-17 11:00:00,32.7,1013.7,23.0,AWS-MUM-007,Mumbai,MUM,center,False,
2025-02-17 12:00:00,34.2,1012.5,22.0,AWS-MUM-007,Mumbai,MUM,center,False,
2025-02-17 13:00:00,34.3,1011.3,26.0,AWS-MUM-007,Mumbai,MUM,center,False,
2025-02-17 14:00:00,32.6,1010.6,36.0,AWS-MUM-007,Mumbai,MUM,center,False,
2025-02-17 15:00:00,31.8,1010.0,33.0,AWS-MUM-007,Mumbai,MUM,center,False,
2025-02-17 16:00:00,31.1,1009.7,0.06611203551317428,AWS-MUM-007,Mumbai,MUM,center,True,sensor_fail_low
2025-02-17 17:00:00,29.9,1009.9,0.04133417336174108,AWS-MUM-007,Mumbai,MUM,center,True,sensor_fail_low
2025-02-17 18:00:00,28.1,1010.5,0.025137459030653328,AWS-MUM-007,Mumbai,MUM,center,True,sensor_fail_low
2025-02-17 19:00:00,27.7,1010.9,0.05997221619078666,AWS-MUM-007,Mumbai,MUM,center,True,sensor_fail_low
2025-02-17 20:00:00,27.7,1011.7,42.0,AWS-MUM-007,Mumbai,MUM,center,False,
2025-02-17 21:00:00,68.83015012877088,868.1577225059168,0.0,AWS-MUM-007,Mumbai,MUM,center,True,unstructured_anomaly
2025-02-17 22:00:00,75.49926229559571,883.9037888852904,0.0,AWS-MUM-007,Mumbai,MUM,center,True,unstructured_anomaly
2025-02-17 23:00:00,76.59439466437078,862.7814139273199,0.0,AWS-MUM-007,Mumbai,MUM,center,True,unstructured_anomaly
2025-02-18 00:00:00,74.66541170526247,864.3213657005301,83.79240714100916,AWS-MUM-007,Mumbai,MUM,center,True,unstructured_anomaly
2025-02-18 01:00:00,-21.099511378740683,1100.0,93.07511514875291,AWS-MUM-007,Mumbai,MUM,center,True,unstructured_anomaly
2025-02-18 02:00:00,24.8,1011.5,42.0,AWS-MUM-007,Mumbai,MUM,center,False,
2025-02-18 03:00:00,24.3,1011.0,44.0,AWS-MUM-007,Mumbai,MUM,center,False,
2025-02-18 04:00:00,23.9,1010.8,46.0,AWS-MUM-007,Mumbai,MUM,center,False,
2025-02-18 05:00:00,23.5,1010.8,47.0,AWS-MUM-007,Mumbai,MUM,center,False,
2025-02-18 06:00:00,23.4,1012.1,53.0,AWS-MUM-007,Mumbai,MUM,center,False,
2025-02-18 07:00:00,23.4,1012.8,49.0,AWS-MUM-007,Mumbai,MUM,center,False,
2025-02-18 08:00:00,24.9,1013.6,44.0,AWS-MUM-007,Mumbai,MUM,center,False,
2025-02-18 09:00:00,27.9,1014.0,36.0,AWS-MUM-007,Mumbai,MUM,center,False,
2025-02-18 10:00:00,31.2,1014.3,29.0,AWS-MUM-007,Mumbai,MUM,center,False,
2025-02-18 11:00:00,33.6,1013.8,24.0,AWS-MUM-007,Mumbai,MUM,center,False,
2025-02-18 12:00:00,34.8,1012.5,22.0,AWS-MUM-007,Mumbai,MUM,center,False,
2025-02-18 13:00:00,34.6,1011.3,27.0,AWS-MUM-007,Mumbai,MUM,center,False,
2025-02-18 14:00:00,34.1,1010.3,31.0,AWS-MUM-007,Mumbai,MUM,center,False,
2025-02-18 15:00:00,32.1,1009.7,34.0,AWS-MUM-007,Mumbai,MUM,center,False,
2025-02-18 16:00:00,30.6,1009.7,42.0,AWS-MUM-007,Mumbai,MUM,center,False,
2025-02-18 17:00:00,29.7,1009.9,48.0,AWS-MUM-007,Mumbai,MUM,center,False,
2025-02-18 18:00:00,28.6,1010.4,49.0,AWS-MUM-007,Mumbai,MUM,center,False,
2025-02-18 19:00:00,28.5,1010.6,44.0,AWS-MUM-007,Mumbai,MUM,center,False,
2025-02-18 20:00:00,28.4,1011.4,40.0,AWS-MUM-007,Mumbai,MUM,center,False,
2025-02-18 21:00:00,28.3,1011.9,36.0,AWS-MUM-007,Mumbai,MUM,center,False,
2025-02-18 22:00:00,28.3,1012.1,34.0,AWS-MUM-007,Mumbai,MUM,center,False,
2025-02-18 23:00:00,27.9,1011.9,32.0,AWS-MUM-007,Mumbai,MUM,center,False,
2025-02-19 00:00:00,27.1,1011.3,33.0,AWS-MUM-007,Mumbai,MUM,center,False,
2025-02-19 01:00:00,26.2,1010.8,36.0,AWS-MUM-007,Mumbai,MUM,center,False,
2025-02-19 02:00:00,25.5,1010.3,37.0,AWS-MUM-007,Mumbai,MUM,center,False,
2025-02-19 03:00:00,25.1,1010.0,38.0,AWS-MUM-007,Mumbai,MUM,center,False,
2025-02-19 04:00:00,24.9,1009.8,38.0,AWS-MUM-007,Mumbai,MUM,center,False,
2025-02-19 05:00:00,24.7,1010.2,38.0,AWS-MUM-007,Mumbai,MUM,center,True,frozen_value
2025-02-19 06:00:00,23.4,1010.2062027049757,50.0,AWS-MUM-007,Mumbai,MUM,center,True,frozen_value
2025-02-19 07:00:00,23.3,1010.2444530599952,50.0,AWS-MUM-007,Mumbai,MUM,center,True,frozen_value
2025-02-19 08:00:00,24.9,1010.2353707513654,45.0,AWS-MUM-007,Mumbai,MUM,center,True,frozen_value
2025-02-19 09:00:00,28.0,1010.2043031300815,36.0,AWS-MUM-007,Mumbai,MUM,center,True,drift
2025-02-19 10:00:00,30.588934101713686,1010.1749511477494,31.0,AWS-MUM-007,Mumbai,MUM,center,True,drift
2025-02-19 11:00:00,31.780459060259062,1010.2032289143538,27.0,AWS-MUM-007,Mumbai,MUM,center,True,drift
2025-02-19 12:00:00,31.586969094548063,1010.2185180423372,26.0,AWS-MUM-007,Mumbai,MUM,center,True,drift
2025-02-19 13:00:00,29.714874007083587,0.04210245959090581,32.0,AWS-MUM-007,Mumbai,MUM,center,True,sensor_fail_low
2025-02-19 14:00:00,27.568583597988766,0.05702889288369756,34.0,AWS-MUM-007,Mumbai,MUM,center,True,sensor_fail_low
2025-02-19 15:00:00,24.85146217396685,0.018288957827149354,34.0,AWS-MUM-007,Mumbai,MUM,center,True,sensor_fail_low
2025-02-19 16:00:00,21.76622793390741,-0.0563474228275783,34.0,AWS-MUM-007,Mumbai,MUM,center,True,sensor_fail_low
2025-02-19 17:00:00,17.81515966919482,1009.1,38.0,AWS-MUM-007,Mumbai,MUM,center,True,drift
2025-02-19 18:00:00,12.70021789206334,1009.5,48.0,AWS-MUM-007,Mumbai,MUM,center,True,drift
2025-02-19 19:00:00,8.723121975068267,1010.0,47.0,AWS-MUM-007,Mumbai,MUM,center,True,drift
2025-02-19 20:00:00,4.485402319268037,1010.8,44.0,AWS-MUM-007,Mumbai,MUM,center,True,drift
2025-02-19 21:00:00,-0.011562717907466435,1011.0,41.0,AWS-MUM-007,Mumbai,MUM,center,True,drift
2025-02-19 22:00:00,-5.066519726800081,1011.2,36.0,AWS-MUM-007,Mumbai,MUM,center,True,drift
2025-02-19 23:00:00,-10.878319777858405,1011.3,36.0,AWS-MUM-007,Mumbai,MUM,center,True,drift
2025-02-20 00:00:00,-17.04590258518015,1011.1,42.0,AWS-MUM-007,Mumbai,MUM,center,True,drift
2025-02-20 01:00:00,-23.468284003602992,1010.6,48.0,AWS-MUM-007,Mumbai,MUM,center,True,drift
2025-02-20 02:00:00,-29.944545986305723,1010.0,53.0,AWS-MUM-007,Mumbai,MUM,center,True,drift
2025-02-20 03:00:00,-36.573828397999414,1009.6,52.0,AWS-MUM-007,Mumbai,MUM,center,True,drift
2025-02-20 04:00:00,-43.155322253818724,1009.5,47.0,AWS-MUM-007,Mumbai,MUM,center,True,drift
2025-02-20 05:00:00,-50.78826407161567,1009.8,45.0,AWS-MUM-007,Mumbai,MUM,center,True,drift
2025-02-20 06:00:00,-59.771931106362715,1011.0,57.0,AWS-MUM-007,Mumbai,MUM,center,True,drift
2025-02-20 07:00:00,-67.50563729241446,1012.0,55.0,AWS-MUM-007,Mumbai,MUM,center,True,drift
2025-02-20 08:00:00,-73.68872976033865,1012.7,48.0,AWS-MUM-007,Mumbai,MUM,center,True,drift
2025-02-20 09:00:00,-78.82058582495829,1013.4,38.0,AWS-MUM-007,Mumbai,MUM,center,True,drift
2025-02-20 10:00:00,-84.10061036346278,1013.7,28.0,AWS-MUM-007,Mumbai,MUM,center,True,drift
2025-02-20 11:00:00,-91.22823351917103,1013.4,22.0,AWS-MUM-007,Mumbai,MUM,center,True,drift
2025-02-20 12:00:00,-99.7029086792844,1012.2,20.0,AWS-MUM-007,Mumbai,MUM,center,True,drift
2025-02-20 13:00:00,-109.5241106848096,1011.1,24.0,AWS-MUM-007,Mumbai,MUM,center,True,drift
2025-02-20 14:00:00,-120.99133423850631,1010.3,34.0,AWS-MUM-007,Mumbai,MUM,center,True,drift
2025-02-20 15:00:00,-132.20409248276076,1009.5,35.0,AWS-MUM-007,Mumbai,MUM,center,True,drift
2025-02-20 16:00:00,-143.56191572409443,1009.1,34.0,AWS-MUM-007,Mumbai,MUM,center,True,drift
2025-02-20 17:00:00,-156.06435028486825,1009.4,39.0,AWS-MUM-007,Mumbai,MUM,center,True,drift
2025-02-20 18:00:00,-169.91095746585756,1009.7,43.0,AWS-MUM-007,Mumbai,MUM,center,True,drift
2025-02-20 19:00:00,-182.10131260590555,1010.4,41.0,AWS-MUM-007,Mumbai,MUM,center,True,drift
2025-02-20 20:00:00,-194.53500422694205,1011.3,36.0,AWS-MUM-007,Mumbai,MUM,center,True,drift
2025-02-20 21:00:00,-207.4116332543643,1011.8,32.0,AWS-MUM-007,Mumbai,MUM,center,True,drift
2025-02-20 22:00:00,-220.53081230419997,1012.5,29.0,AWS-MUM-007,Mumbai,MUM,center,True,drift
2025-02-20 23:00:00,28.3,1012.5,28.0,AWS-MUM-007,Mumbai,MUM,center,False,
2025-02-21 00:00:00,28.0,1012.1,28.0,AWS-MUM-007,Mumbai,MUM,center,False,
2025-02-21 01:00:00,27.8,1011.8,29.0,AWS-MUM-007,Mumbai,MUM,center,False,
2025-02-21 02:00:00,28.0,1011.1,27.0,AWS-MUM-007,Mumbai,MUM,center,False,
2025-02-21 03:00:00,27.8,1010.6,27.0,AWS-MUM-007,Mumbai,MUM,center,False,
2025-02-21 04:00:00,26.9,1010.9,28.0,AWS-MUM-007,Mumbai,MUM,center,False,
2025-02-21 05:00:00,26.2,1011.2,29.0,AWS-MUM-007,Mumbai,MUM,center,False,
2025-02-21 06:00:00,24.8,1012.2,36.0,AWS-MUM-007,Mumbai,MUM,center,False,
2025-02-21 07:00:00,24.7,1012.9,37.0,AWS-MUM-007,Mumbai,MUM,center,False,
2025-02-21 08:00:00,26.4,1014.0,34.0,AWS-MUM-007,Mumbai,MUM,center,False,
2025-02-21 09:00:00,29.1,1014.5,30.0,AWS-MUM-007,Mumbai,MUM,center,False,
2025-02-21 10:00:00,32.4,1014.6,24.0,AWS-MUM-007,Mumbai,MUM,center,False,
2025-02-21 11:00:00,35.1,1014.1,20.0,AWS-MUM-007,Mumbai,MUM,center,False,
2025-02-21 12:00:00,36.3,1013.1,18.0,AWS-MUM-007,Mumbai,MUM,center,False,
2025-02-21 13:00:00,36.7,1012.2,18.0,AWS-MUM-007,Mumbai,MUM,center,False,
2025-02-21 14:00:00,35.4,1011.1,27.0,AWS-MUM-007,Mumbai,MUM,center,False,
2025-02-21 15:00:00,34.2,1010.3,32.0,AWS-MUM-007,Mumbai,MUM,center,False,
2025-02-21 16:00:00,32.8,1010.0,37.0,AWS-MUM-007,Mumbai,MUM,center,False,
2025-02-21 17:00:00,31.5,1010.2,38.0,AWS-MUM-007,Mumbai,MUM,center,False,
2025-02-21 18:00:00,30.2,1010.7,42.0,AWS-MUM-007,Mumbai,MUM,center,False,
2025-02-21 19:00:00,29.7,1011.4,43.0,AWS-MUM-007,Mumbai,MUM,center,True,drift
2025-02-21 20:00:00,29.5,1012.4,35.00146643497269,AWS-MUM-007,Mumbai,MUM,center,True,drift
2025-02-21 21:00:00,29.4,1013.2,26.043860628349357,AWS-MUM-007,Mumbai,MUM,center,True,drift
2025-02-21 22:00:00,29.0,1013.4,18.023376008825366,AWS-MUM-007,Mumbai,MUM,center,True,drift
2025-02-21 23:00:00,28.8,1013.0,9.209262591656877,AWS-MUM-007,Mumbai,MUM,center,True,drift
2025-02-22 00:00:00,28.7,1012.3,0.0,AWS-MUM-007,Mumbai,MUM,center,True,drift
2025-02-22 01:00:00,28.3,1011.8,0.0,AWS-MUM-007,Mumbai,MUM,center,True,drift
2025-02-22 02:00:00,27.6,1011.8,0.0,AWS-MUM-007,Mumbai,MUM,center,True,drift
2025-02-22 03:00:00,27.2,1011.3,0.0,AWS-MUM-007,Mumbai,MUM,center,True,drift
2025-02-22 04:00:00,26.7,1011.4,0.0,AWS-MUM-007,Mumbai,MUM,center,True,drift
2025-02-22 05:00:00,26.0,1011.6,0.0,AWS-MUM-007,Mumbai,MUM,center,True,drift
2025-02-22 06:00:00,24.8,1012.0,0.0,AWS-MUM-007,Mumbai,MUM,center,True,drift
2025-02-22 07:00:00,24.5,1012.7,0.0,AWS-MUM-007,Mumbai,MUM,center,True,drift
2025-02-22 08:00:00,26.0,1013.6,0.0,AWS-MUM-007,Mumbai,MUM,center,True,drift
2025-02-22 09:00:00,28.8,1014.4,0.0,AWS-MUM-007,Mumbai,MUM,center,True,drift
2025-02-22 10:00:00,32.0,1014.6,0.0,AWS-MUM-007,Mumbai,MUM,center,True,drift
2025-02-22 11:00:00,34.2,1014.6,0.0,AWS-MUM-007,Mumbai,MUM,center,True,drift
2025-02-22 12:00:00,34.9,1013.7,0.0,AWS-MUM-007,Mumbai,MUM,center,True,drift
2025-02-22 13:00:00,34.6,1012.6,0.0,AWS-MUM-007,Mumbai,MUM,center,True,drift
2025-02-22 14:00:00,34.0,1011.8,0.0,AWS-MUM-007,Mumbai,MUM,center,True,drift
2025-02-22 15:00:00,32.9,1011.0,0.0,AWS-MUM-007,Mumbai,MUM,center,True,drift
2025-02-22 16:00:00,31.4,1010.9,0.0,AWS-MUM-007,Mumbai,MUM,center,True,drift
2025-02-22 17:00:00,30.2,1011.1,0.0,AWS-MUM-007,Mumbai,MUM,center,True,drift
2025-02-22 18:00:00,28.3,1011.4,0.0,AWS-MUM-007,Mumbai,MUM,center,True,drift
2025-02-22 19:00:00,28.1,1012.1,0.0,AWS-MUM-007,Mumbai,MUM,center,True,drift
2025-02-22 20:00:00,28.4,1013.1,0.0,AWS-MUM-007,Mumbai,MUM,center,True,drift
2025-02-22 21:00:00,28.4,1013.8,0.0,AWS-MUM-007,Mumbai,MUM,center,True,drift
2025-02-22 22:00:00,28.3,1014.0,0.0,AWS-MUM-007,Mumbai,MUM,center,True,drift
2025-02-22 23:00:00,28.0,1013.9,0.0,AWS-MUM-007,Mumbai,MUM,center,True,drift
2025-02-23 00:00:00,27.5,1013.4,0.0,AWS-MUM-007,Mumbai,MUM,center,True,drift
2025-02-23 01:00:00,27.2,1012.9,0.0,AWS-MUM-007,Mumbai,MUM,center,True,drift
2025-02-23 02:00:00,26.9,1012.4,0.0,AWS-MUM-007,Mumbai,MUM,center,True,drift
2025-02-23 03:00:00,26.4,1012.0,0.0,AWS-MUM-007,Mumbai,MUM,center,True,drift
2025-02-23 04:00:00,25.7,1011.9,0.0,AWS-MUM-007,Mumbai,MUM,center,True,drift
2025-02-23 05:00:00,24.9,1012.0,0.0,AWS-MUM-007,Mumbai,MUM,center,True,drift
2025-02-23 06:00:00,23.7,1012.6,0.0,AWS-MUM-007,Mumbai,MUM,center,True,drift
2025-02-23 07:00:00,23.6,1013.5,0.0,AWS-MUM-007,Mumbai,MUM,center,True,drift
2025-02-23 08:00:00,25.5,1014.2,42.0,AWS-MUM-007,Mumbai,MUM,center,False,
2025-02-23 09:00:00,28.8,1015.0,34.0,AWS-MUM-007,Mumbai,MUM,center,False,
2025-02-23 10:00:00,32.6,1015.2,26.0,AWS-MUM-007,Mumbai,MUM,center,False,
2025-02-23 11:00:00,34.9,1014.7,21.0,AWS-MUM-007,Mumbai,MUM,center,False,
2025-02-23 12:00:00,35.6,1013.7,22.0,AWS-MUM-007,Mumbai,MUM,center,False,
2025-02-23 13:00:00,35.7,1012.6,26.0,AWS-MUM-007,Mumbai,MUM,center,False,
2025-02-23 14:00:00,35.7,1011.4,23.0,AWS-MUM-007,Mumbai,MUM,center,False,
2025-02-23 15:00:00,34.8,1010.5,24.0,AWS-MUM-007,Mumbai,MUM,center,False,
2025-02-23 16:00:00,33.3,1010.3,29.0,AWS-MUM-007,Mumbai,MUM,center,False,
2025-02-23 17:00:00,31.5,1010.8,40.0,AWS-MUM-007,Mumbai,MUM,center,False,
2025-02-23 18:00:00,29.9,1011.2,45.0,AWS-MUM-007,Mumbai,MUM,center,False,
2025-02-23 19:00:00,29.2,1011.6,48.0,AWS-MUM-007,Mumbai,MUM,center,False,
2025-02-23 20:00:00,29.1,1012.5,42.0,AWS-MUM-007,Mumbai,MUM,center,False,
2025-02-23 21:00:00,29.4,1013.3,33.0,AWS-MUM-007,Mumbai,MUM,center,False,
2025-02-23 22:00:00,29.3,1013.2,30.0,AWS-MUM-007,Mumbai,MUM,center,False,
2025-02-23 23:00:00,28.8,1013.0,31.0,AWS-MUM-007,Mumbai,MUM,center,False,
2025-02-24 00:00:00,27.8,1012.5,34.0,AWS-MUM-007,Mumbai,MUM,center,False,
2025-02-24 01:00:00,26.9,1012.2,35.0,AWS-MUM-007,Mumbai,MUM,center,False,
2025-02-24 02:00:00,26.2,1011.8,35.0,AWS-MUM-007,Mumbai,MUM,center,False,
2025-02-24 03:00:00,25.8,1011.5,34.0,AWS-MUM-007,Mumbai,MUM,center,False,
2025-02-24 04:00:00,25.2,1011.5,33.0,AWS-MUM-007,Mumbai,MUM,center,False,
2025-02-24 05:00:00,24.6,1011.7,34.0,AWS-MUM-007,Mumbai,MUM,center,False,
2025-02-24 06:00:00,24.3,1012.6,40.0,AWS-MUM-007,Mumbai,MUM,center,False,
2025-02-24 07:00:00,24.4,1013.4,39.0,AWS-MUM-007,Mumbai,MUM,center,False,
2025-02-24 08:00:00,26.1,1014.3,36.0,AWS-MUM-007,Mumbai,MUM,center,False,
2025-02-24 09:00:00,29.4,1014.8,30.0,AWS-MUM-007,Mumbai,MUM,center,False,
2025-02-24 10:00:00,33.3,1015.0,23.0,AWS-MUM-007,Mumbai,MUM,center,False,
2025-02-24 11:00:00,35.8,1014.5,17.0,AWS-MUM-007,Mumbai,MUM,center,False,
2025-02-24 12:00:00,36.9,1013.6,15.0,AWS-MUM-007,Mumbai,MUM,center,False,
2025-02-24 13:00:00,36.2,1012.1,21.0,AWS-MUM-007,Mumbai,MUM,center,False,
2025-02-24 14:00:00,35.4,1010.9,25.0,AWS-MUM-007,Mumbai,MUM,center,False,
2025-02-24 15:00:00,34.8,1010.1,25.0,AWS-MUM-007,Mumbai,MUM,center,False,
2025-02-24 16:00:00,33.7,1010.0,28.0,AWS-MUM-007,Mumbai,MUM,center,False,
2025-02-24 17:00:00,32.3,1010.2,34.0,AWS-MUM-007,Mumbai,MUM,center,False,
2025-02-24 18:00:00,29.9,1011.1,49.0,AWS-MUM-007,Mumbai,MUM,center,False,
2025-02-24 19:00:00,28.8,1011.9,56.0,AWS-MUM-007,Mumbai,MUM,center,False,
2025-02-24 20:00:00,29.0,1013.2,44.0,AWS-MUM-007,Mumbai,MUM,center,False,
2025-02-24 21:00:00,28.9,1014.0,39.0,AWS-MUM-007,Mumbai,MUM,center,False,
2025-02-24 22:00:00,28.9,1014.2,32.0,AWS-MUM-007,Mumbai,MUM,center,False,
2025-02-24 23:00:00,29.0,1014.0,28.0,AWS-MUM-007,Mumbai,MUM,center,False,
2025-02-25 00:00:00,28.5,1013.3,28.0,AWS-MUM-007,Mumbai,MUM,center,False,
2025-02-25 01:00:00,27.9,1012.7,28.0,AWS-MUM-007,Mumbai,MUM,center,False,
2025-02-25 02:00:00,27.1,1011.9,29.0,AWS-MUM-007,Mumbai,MUM,center,False,
2025-02-25 03:00:00,26.4,1011.4,29.0,AWS-MUM-007,Mumbai,MUM,center,False,
2025-02-25 04:00:00,25.8,1011.2,30.0,AWS-MUM-007,Mumbai,MUM,center,False,
2025-02-25 05:00:00,25.4,1011.4,31.0,AWS-MUM-007,Mumbai,MUM,center,False,
2025-02-25 06:00:00,24.7,1012.6,36.0,AWS-MUM-007,Mumbai,MUM,center,False,
2025-02-25 07:00:00,24.8,1013.4,36.0,AWS-MUM-007,Mumbai,MUM,center,False,
2025-02-25 08:00:00,26.4,1014.2,33.0,AWS-MUM-007,Mumbai,MUM,center,False,
2025-02-25 09:00:00,29.4,1014.8,29.0,AWS-MUM-007,Mumbai,MUM,center,False,
2025-02-25 10:00:00,33.1,1015.3,22.0,AWS-MUM-007,Mumbai,MUM,center,False,
2025-02-25 11:00:00,35.7,1014.9,17.0,AWS-MUM-007,Mumbai,MUM,center,False,
2025-02-25 12:00:00,-10.828776136285747,1100.0,0.0,AWS-MUM-007,Mumbai,MUM,center,True,unstructured_anomaly
2025-02-25 13:00:00,-8.778030581773208,1100.0,61.422644736468925,AWS-MUM-007,Mumbai,MUM,center,True,unstructured_anomaly
2025-02-25 14:00:00,86.2056317740003,852.5932257599177,0.0,AWS-MUM-007,Mumbai,MUM,center,True,unstructured_anomaly
2025-02-25 15:00:00,79.40503044200145,881.9671261599241,73.33266370227003,AWS-MUM-007,Mumbai,MUM,center,True,unstructured_anomaly
2025-02-25 16:00:00,-19.182412725893577,1100.0,0.0,AWS-MUM-007,Mumbai,MUM,center,True,unstructured_anomaly
2025-02-25 17:00:00,77.32243813041327,871.2009135579842,84.58424311295795,AWS-MUM-007,Mumbai,MUM,center,True,unstructured_anomaly
2025-02-25 18:00:00,-25.799240824204738,1100.0,0.0,AWS-MUM-007,Mumbai,MUM,center,True,unstructured_anomaly
2025-02-25 19:00:00,28.3,1013.7,53.0,AWS-MUM-007,Mumbai,MUM,center,False,
2025-02-25 20:00:00,27.8,1014.8,56.0,AWS-MUM-007,Mumbai,MUM,center,False,
2025-02-25 21:00:00,27.8,1015.9,52.0,AWS-MUM-007,Mumbai,MUM,center,False,
2025-02-25 22:00:00,27.3,1015.9,54.0,AWS-MUM-007,Mumbai,MUM,center,False,
2025-02-25 23:00:00,26.7,1015.7,56.0,AWS-MUM-007,Mumbai,MUM,center,False,
2025-02-26 00:00:00,26.1,1014.8,59.0,AWS-MUM-007,Mumbai,MUM,center,False,
2025-02-26 01:00:00,25.6,1014.2,65.0,AWS-MUM-007,Mumbai,MUM,center,False,
2025-02-26 02:00:00,25.0,1013.4,67.0,AWS-MUM-007,Mumbai,MUM,center,False,
2025-02-26 03:00:00,24.0,1012.9,66.0,AWS-MUM-007,Mumbai,MUM,center,False,
2025-02-26 04:00:00,23.2,1012.7,66.0,AWS-MUM-007,Mumbai,MUM,center,False,
2025-02-26 05:00:00,23.1,1012.9,61.0,AWS-MUM-007,Mumbai,MUM,center,False,
2025-02-26 06:00:00,22.9,1013.6,63.0,AWS-MUM-007,Mumbai,MUM,center,False,
2025-02-26 07:00:00,,1014.4,58.0,AWS-MUM-007,Mumbai,MUM,center,True,dropout
2025-02-26 08:00:00,25.7,1015.4,48.0,AWS-MUM-007,Mumbai,MUM,center,False,
2025-02-26 09:00:00,29.2,1015.9,35.0,AWS-MUM-007,Mumbai,MUM,center,False,
2025-02-26 10:00:00,33.1,1015.9,25.0,AWS-MUM-007,Mumbai,MUM,center,True,frozen_value
2025-02-26 11:00:00,35.4,1015.8783541003869,20.0,AWS-MUM-007,Mumbai,MUM,center,True,frozen_value
2025-02-26 12:00:00,36.8,1015.8341552859248,18.0,AWS-MUM-007,Mumbai,MUM,center,True,frozen_value
2025-02-26 13:00:00,37.2,1015.8178381744826,17.0,AWS-MUM-007,Mumbai,MUM,center,True,frozen_value
2025-02-26 14:00:00,35.7,1015.8203093332708,24.0,AWS-MUM-007,Mumbai,MUM,center,True,frozen_value
2025-02-26 15:00:00,34.2,1015.8229456700805,29.0,AWS-MUM-007,Mumbai,MUM,center,True,frozen_value
2025-02-26 16:00:00,33.1,1015.7779655122612,32.0,AWS-MUM-007,Mumbai,MUM,center,True,frozen_value
2025-02-26 17:00:00,32.3,1015.7717353059476,37.0,AWS-MUM-007,Mumbai,MUM,center,True,frozen_value
2025-02-26 18:00:00,29.8,1015.7375339146656,49.0,AWS-MUM-007,Mumbai,MUM,center,True,frozen_value
2025-02-26 19:00:00,28.7,1012.3,54.0,AWS-MUM-007,Mumbai,MUM,center,False,
2025-02-26 20:00:00,28.2,1013.3,55.0,AWS-MUM-007,Mumbai,MUM,center,False,
2025-02-26 21:00:00,28.1,1014.2,53.0,AWS-MUM-007,Mumbai,MUM,center,False,
2025-02-26 22:00:00,27.8,1014.4,51.0,AWS-MUM-007,Mumbai,MUM,center,False,
2025-02-26 23:00:00,27.3,1014.0,50.0,AWS-MUM-007,Mumbai,MUM,center,False,
2025-02-27 00:00:00,26.5,1013.5,51.0,AWS-MUM-007,Mumbai,MUM,center,True,drift
2025-02-27 01:00:00,26.0,1014.9395883072723,52.0,AWS-MUM-007,Mumbai,MUM,center,True,drift
2025-02-27 02:00:00,25.6,1016.2791766145447,53.0,AWS-MUM-007,Mumbai,MUM,center,True,drift
2025-02-27 03:00:00,25.1,1017.9187649218169,54.0,AWS-MUM-007,Mumbai,MUM,center,True,drift
2025-02-27 04:00:00,24.6,1020.0583532290893,54.0,AWS-MUM-007,Mumbai,MUM,center,True,drift
2025-02-27 05:00:00,66.33865760413104,1022.1979415363617,54.0,AWS-MUM-007,Mumbai,MUM,center,True,drift
2025-02-27 06:00:00,23.9,1025.0375298436338,55.0,AWS-MUM-007,Mumbai,MUM,center,True,drift
2025-02-27 07:00:00,24.1,1027.5771181509062,53.0,AWS-MUM-007,Mumbai,MUM,center,True,drift
2025-02-27 08:00:00,26.2,1030.5167064581788,46.0,AWS-MUM-007,Mumbai,MUM,center,True,drift
2025-02-27 09:00:00,29.7,1032.856294765451,37.0,AWS-MUM-007,Mumbai,MUM,center,True,drift
2025-02-27 10:00:00,33.4,1035.1958830727233,27.0,AWS-MUM-007,Mumbai,MUM,center,True,drift
2025-02-27 11:00:00,35.3,1036.7354713799955,23.0,AWS-MUM-007,Mumbai,MUM,center,True,drift
2025-02-27 12:00:00,35.8,1037.3750596872678,23.0,AWS-MUM-007,Mumbai,MUM,center,True,drift
2025-02-27 13:00:00,35.6,1038.0146479945402,24.0,AWS-MUM-007,Mumbai,MUM,center,True,drift
2025-02-27 14:00:00,35.4,1038.6542363018125,25.0,AWS-MUM-007,Mumbai,MUM,center,True,drift
2025-02-27 15:00:00,34.5,1039.793824609085,27.0,AWS-MUM-007,Mumbai,MUM,center,True,drift
2025-02-27 16:00:00,33.2,1041.6334129163572,32.0,AWS-MUM-007,Mumbai,MUM,center,True,drift
2025-02-27 17:00:00,31.5,1043.8730012236297,39.0,AWS-MUM-007,Mumbai,MUM,center,True,drift
2025-02-27 18:00:00,29.8,1046.812589530902,48.0,AWS-MUM-007,Mumbai,MUM,center,True,drift
2025-02-27 19:00:00,28.9,1049.4521778381743,56.0,AWS-MUM-007,Mumbai,MUM,center,True,drift
2025-02-27 20:00:00,28.6,1052.6917661454465,58.0,AWS-MUM-007,Mumbai,MUM,center,True,drift
2025-02-27 21:00:00,28.4,1055.7313544527187,0.0525986456510302,AWS-MUM-007,Mumbai,MUM,center,True,sensor_fail_low
2025-02-27 22:00:00,28.1,1057.7709427599912,0.042087712150728734,AWS-MUM-007,Mumbai,MUM,center,True,sensor_fail_low
2025-02-27 23:00:00,27.1,1059.5105310672636,0.011986276747914018,AWS-MUM-007,Mumbai,MUM,center,True,sensor_fail_low
2025-02-28 00:00:00,26.4,1060.950119374536,-0.02323909267800023,AWS-MUM-007,Mumbai,MUM,center,True,sensor_fail_low
2025-02-28 01:00:00,25.9,1062.489707681808,64.0,AWS-MUM-007,Mumbai,MUM,center,True,drift
2025-02-28 02:00:00,25.5,1063.8292959890805,64.0,AWS-MUM-007,Mumbai,MUM,center,True,drift
2025-02-28 03:00:00,25.2,1065.1688842963529,69.0,AWS-MUM-007,Mumbai,MUM,center,True,drift
2025-02-28 04:00:00,24.8,1066.9084726036251,73.0,AWS-MUM-007,Mumbai,MUM,center,True,drift
2025-02-28 05:00:00,24.3,1069.2480609108975,76.0,AWS-MUM-007,Mumbai,MUM,center,True,drift
2025-02-28 06:00:00,24.2,1072.5876492181699,79.0,AWS-MUM-007,Mumbai,MUM,center,True,drift
2025-02-28 07:00:00,24.2,1075.4272375254423,73.0,AWS-MUM-007,Mumbai,MUM,center,True,drift
2025-02-28 08:00:00,26.2,1078.2668258327144,61.0,AWS-MUM-007,Mumbai,MUM,center,True,drift
2025-02-28 09:00:00,29.4,1013.7,45.0,AWS-MUM-007,Mumbai,MUM,center,False,
2025-02-28 10:00:00,31.8,1013.9,35.0,AWS-MUM-007,Mumbai,MUM,center,False,
2025-02-28 11:00:00,33.2,1013.3,33.0,AWS-MUM-007,Mumbai,MUM,center,False,
2025-02-28 12:00:00,33.4,1012.1,38.0,AWS-MUM-007,Mumbai,MUM,center,False,
2025-02-28 13:00:00,33.3,1010.8,40.0,AWS-MUM-007,Mumbai,MUM,center,False,
2025-02-28 14:00:00,33.3,1009.7,38.0,AWS-MUM-007,Mumbai,MUM,center,False,
2025-02-28 15:00:00,33.4,1008.6,35.0,AWS-MUM-007,Mumbai,MUM,center,False,
2025-02-28 16:00:00,33.3,1008.1,35.0,AWS-MUM-007,Mumbai,MUM,center,False,
2025-02-28 17:00:00,32.1,1008.1,38.0,AWS-MUM-007,Mumbai,MUM,center,False,
2025-02-28 18:00:00,29.6,1009.2,50.0,AWS-MUM-007,Mumbai,MUM,center,False,
2025-02-28 19:00:00,28.7,1009.8,52.0,AWS-MUM-007,Mumbai,MUM,center,False,
2025-02-28 20:00:00,28.5,1010.3,49.0,AWS-MUM-007,Mumbai,MUM,center,False,
2025-02-28 21:00:00,28.7,1010.7,41.0,AWS-MUM-007,Mumbai,MUM,center,False,
2025-02-28 22:00:00,28.3,1010.8,38.0,AWS-MUM-007,Mumbai,MUM,center,False,
2025-02-28 23:00:00,27.9,1010.8,37.0,AWS-MUM-007,Mumbai,MUM,center,False,
2025-03-01 00:00:00,27.1,1010.7,41.0,AWS-MUM-007,Mumbai,MUM,center,False,
2025-03-01 01:00:00,26.4,1010.6,44.0,AWS-MUM-007,Mumbai,MUM,center,False,
2025-03-01 02:00:00,26.1,1010.0,45.0,AWS-MUM-007,Mumbai,MUM,center,False,
2025-03-01 03:00:00,26.0,1009.3,45.0,AWS-MUM-007,Mumbai,MUM,center,False,
2025-03-01 04:00:00,25.8,1009.3,47.0,AWS-MUM-007,Mumbai,MUM,center,False,
2025-03-01 05:00:00,25.4,1009.5,50.0,AWS-MUM-007,Mumbai,MUM,center,False,
2025-03-01 06:00:00,24.9,1010.6,56.0,AWS-MUM-007,Mumbai,MUM,center,False,
2025-03-01 07:00:00,24.6,1011.2,56.0,AWS-MUM-007,Mumbai,MUM,center,False,
2025-03-01 08:00:00,26.2,1012.1,46.0,AWS-MUM-007,Mumbai,MUM,center,False,
2025-03-01 09:00:00,-7.950220335166922,1012.6,36.0,AWS-MUM-007,Mumbai,MUM,center,True,spike
2025-03-01 10:00:00,13.036612643125093,1012.9,30.0,AWS-MUM-007,Mumbai,MUM,center,True,spike
2025-03-01 11:00:00,27.65298723433344,1012.4,34.0,AWS-MUM-007,Mumbai,MUM,center,True,spike
2025-03-01 12:00:00,31.72711452041931,1011.2,42.0,AWS-MUM-007,Mumbai,MUM,center,True,spike
2025-03-01 13:00:00,32.94581183516411,1010.1,44.0,AWS-MUM-007,Mumbai,MUM,center,True,spike
2025-03-01 14:00:00,33.568848119106555,1009.1,39.0,AWS-MUM-007,Mumbai,MUM,center,True,spike
2025-03-01 15:00:00,33.5,1008.5,33.0,AWS-MUM-007,Mumbai,MUM,center,False,
2025-03-01 16:00:00,32.2,1008.2,39.0,AWS-MUM-007,Mumbai,MUM,center,False,
2025-03-01 17:00:00,30.8,1008.2,49.0,AWS-MUM-007,Mumbai,MUM,center,False,
2025-03-01 18:00:00,29.3,1009.2,53.0,AWS-MUM-007,Mumbai,MUM,center,False,
2025-03-01 19:00:00,29.0,1009.8,47.0,AWS-MUM-007,Mumbai,MUM,center,False,
2025-03-01 20:00:00,29.2,1010.6,37.0,AWS-MUM-007,Mumbai,MUM,center,False,
2025-03-01 21:00:00,29.1,1010.8,33.0,AWS-MUM-007,Mumbai,MUM,center,False,
2025-03-01 22:00:00,28.9,1010.5,30.0,AWS-MUM-007,Mumbai,MUM,center,False,
2025-03-01 23:00:00,28.3,1010.3,30.0,AWS-MUM-007,Mumbai,MUM,center,False,
2025-03-02 00:00:00,27.2,1010.0,32.0,AWS-MUM-007,Mumbai,MUM,center,False,
2025-03-02 01:00:00,26.2,1009.5,34.0,AWS-MUM-007,Mumbai,MUM,center,False,
2025-03-02 02:00:00,25.8,1008.9,37.0,AWS-MUM-007,Mumbai,MUM,center,False,
2025-03-02 03:00:00,25.4,1008.5,39.0,AWS-MUM-007,Mumbai,MUM,center,False,
2025-03-02 04:00:00,25.1,1008.5,41.0,AWS-MUM-007,Mumbai,MUM,center,False,
2025-03-02 05:00:00,65.31792281821322,1008.7,42.0,AWS-MUM-007,Mumbai,MUM,center,True,spike
2025-03-02 06:00:00,24.6,1009.8,48.0,AWS-MUM-007,Mumbai,MUM,center,False,
2025-03-02 07:00:00,24.8,1010.5,42.0,AWS-MUM-007,Mumbai,MUM,center,False,
2025-03-02 08:00:00,26.4,1011.1,36.0,AWS-MUM-007,Mumbai,MUM,center,False,
2025-03-02 09:00:00,29.6,1011.7,30.0,AWS-MUM-007,Mumbai,MUM,center,False,
2025-03-02 10:00:00,32.8,1012.2,25.0,AWS-MUM-007,Mumbai,MUM,center,False,
2025-03-02 11:00:00,34.9,1011.6,21.0,AWS-MUM-007,Mumbai,MUM,center,False,
2025-03-02 12:00:00,36.0,1010.5,18.0,AWS-MUM-007,Mumbai,MUM,center,False,
2025-03-02 13:00:00,154.09601915992408,1010.4850356663505,52.76990657007484,AWS-MUM-007,Mumbai,MUM,center,True,multivariate_inconsistency
2025-03-02 14:00:00,153.79601915992407,1008.5174803132389,65.33762137276673,AWS-MUM-007,Mumbai,MUM,center,True,multivariate_inconsistency
2025-03-02 15:00:00,152.99601915992406,1008.0802249480964,75.40007426916702,AWS-MUM-007,Mumbai,MUM,center,True,multivariate_inconsistency
2025-03-02 16:00:00,150.89601915992407,1006.4741226412262,95.54076722400117,AWS-MUM-007,Mumbai,MUM,center,True,multivariate_inconsistency
2025-03-02 17:00:00,149.39601915992407,1008.2349866431208,100.0,AWS-MUM-007,Mumbai,MUM,center,True,multivariate_inconsistency
2025-03-02 18:00:00,29.1,1008.6,52.0,AWS-MUM-007,Mumbai,MUM,center,False,
2025-03-02 19:00:00,28.3,1009.2,54.0,AWS-MUM-007,Mumbai,MUM,center,False,
2025-03-02 20:00:00,28.6,1009.8,41.0,AWS-MUM-007,Mumbai,MUM,center,False,
2025-03-02 21:00:00,28.4,1010.5,37.0,AWS-MUM-007,Mumbai,MUM,center,False,
2025-03-02 22:00:00,27.9,1011.1,40.0,AWS-MUM-007,Mumbai,MUM,center,False,
2025-03-02 23:00:00,27.1,1011.4,44.0,AWS-MUM-007,Mumbai,MUM,center,False,
2025-03-03 00:00:00,26.2,1011.0,49.0,AWS-MUM-007,Mumbai,MUM,center,False,
2025-03-03 01:00:00,25.4,1010.3,55.0,AWS-MUM-007,Mumbai,MUM,center,False,
2025-03-03 02:00:00,24.9,1009.7,56.0,AWS-MUM-007,Mumbai,MUM,center,False,
2025-03-03 03:00:00,24.7,1009.1,54.0,AWS-MUM-007,Mumbai,MUM,center,False,
2025-03-03 04:00:00,24.7,1009.0,52.0,AWS-MUM-007,Mumbai,MUM,center,False,
2025-03-03 05:00:00,24.8,1009.2,51.0,AWS-MUM-007,Mumbai,MUM,center,False,
2025-03-03 06:00:00,24.3,1010.0,52.0,AWS-MUM-007,Mumbai,MUM,center,False,
2025-03-03 07:00:00,24.5,1010.9,50.0,AWS-MUM-007,Mumbai,MUM,center,False,
2025-03-03 08:00:00,26.3,1011.6,45.0,AWS-MUM-007,Mumbai,MUM,center,True,drift
2025-03-03 09:00:00,29.9,1012.2,24.32323637901576,AWS-MUM-007,Mumbai,MUM,center,True,drift
2025-03-03 10:00:00,33.1,1012.4,5.646472758031525,AWS-MUM-007,Mumbai,MUM,center,True,drift
2025-03-03 11:00:00,35.4,1011.6,0.0,AWS-MUM-007,Mumbai,MUM,center,True,drift
2025-03-03 12:00:00,36.2,1010.4,0.0,AWS-MUM-007,Mumbai,MUM,center,True,drift
2025-03-03 13:00:00,35.2,1009.5,0.0,AWS-MUM-007,Mumbai,MUM,center,True,drift
2025-03-03 14:00:00,34.4,1008.4,0.0,AWS-MUM-007,Mumbai,MUM,center,True,drift
2025-03-03 15:00:00,33.9,1007.9,0.0,AWS-MUM-007,Mumbai,MUM,center,True,drift
2025-03-03 16:00:00,33.4,1007.4,0.0,AWS-MUM-007,Mumbai,MUM,center,True,drift
2025-03-03 17:00:00,32.1,1007.6,0.0,AWS-MUM-007,Mumbai,MUM,center,True,drift
2025-03-03 18:00:00,30.9,1008.9,0.0,AWS-MUM-007,Mumbai,MUM,center,True,drift
2025-03-03 19:00:00,30.2,1009.4,0.0,AWS-MUM-007,Mumbai,MUM,center,True,drift
2025-03-03 20:00:00,29.7,1010.1,0.0,AWS-MUM-007,Mumbai,MUM,center,True,drift
2025-03-03 21:00:00,29.5,1010.4,0.0,AWS-MUM-007,Mumbai,MUM,center,True,drift
2025-03-03 22:00:00,29.3,1010.7,0.0,AWS-MUM-007,Mumbai,MUM,center,True,drift
2025-03-03 23:00:00,29.0,1010.7,0.0,AWS-MUM-007,Mumbai,MUM,center,True,drift
2025-03-04 00:00:00,28.6,1010.5,0.0,AWS-MUM-007,Mumbai,MUM,center,True,drift
2025-03-04 01:00:00,27.9,1010.0,0.0,AWS-MUM-007,Mumbai,MUM,center,True,drift
2025-03-04 02:00:00,27.0,1009.4,0.0,AWS-MUM-007,Mumbai,MUM,center,True,drift
2025-03-04 03:00:00,26.5,1009.1,0.0,AWS-MUM-007,Mumbai,MUM,center,True,drift
2025-03-04 04:00:00,26.1,1009.2,0.0,AWS-MUM-007,Mumbai,MUM,center,True,drift
2025-03-04 05:00:00,25.7,1009.7,0.0,AWS-MUM-007,Mumbai,MUM,center,True,drift
2025-03-04 06:00:00,24.9,1010.6,0.0,AWS-MUM-007,Mumbai,MUM,center,True,drift
2025-03-04 07:00:00,25.0,1011.3,0.0,AWS-MUM-007,Mumbai,MUM,center,True,drift
2025-03-04 08:00:00,26.9,1012.2,0.0,AWS-MUM-007,Mumbai,MUM,center,True,drift
2025-03-04 09:00:00,29.9,1012.9,0.0,AWS-MUM-007,Mumbai,MUM,center,True,drift
2025-03-04 10:00:00,32.3,1013.3,0.0,AWS-MUM-007,Mumbai,MUM,center,True,drift
2025-03-04 11:00:00,34.4,1012.6,0.0,AWS-MUM-007,Mumbai,MUM,center,True,drift
2025-03-04 12:00:00,35.8,1011.3,0.0,AWS-MUM-007,Mumbai,MUM,center,True,drift
2025-03-04 13:00:00,35.8,1010.3,0.0,AWS-MUM-007,Mumbai,MUM,center,True,drift
2025-03-04 14:00:00,33.3,1009.4,0.0,AWS-MUM-007,Mumbai,MUM,center,True,drift
2025-03-04 15:00:00,32.3,1008.6,0.0,AWS-MUM-007,Mumbai,MUM,center,True,drift
2025-03-04 16:00:00,31.7,1008.3,0.0,AWS-MUM-007,Mumbai,MUM,center,True,drift
2025-03-04 17:00:00,30.8,1008.4,0.0,AWS-MUM-007,Mumbai,MUM,center,True,drift
2025-03-04 18:00:00,29.3,1009.8,0.0,AWS-MUM-007,Mumbai,MUM,center,True,drift
2025-03-04 19:00:00,28.5,1010.3,0.0,AWS-MUM-007,Mumbai,MUM,center,True,drift
2025-03-04 20:00:00,28.7,1010.8,0.0,AWS-MUM-007,Mumbai,MUM,center,True,drift
2025-03-04 21:00:00,28.6,1011.4,0.0,AWS-MUM-007,Mumbai,MUM,center,True,drift
2025-03-04 22:00:00,28.4,1011.8,0.0,AWS-MUM-007,Mumbai,MUM,center,True,drift
2025-03-04 23:00:00,28.2,1011.7,0.0,AWS-MUM-007,Mumbai,MUM,center,True,drift
2025-03-05 00:00:00,28.0,1011.3,0.0,AWS-MUM-007,Mumbai,MUM,center,True,drift
2025-03-05 01:00:00,27.6,1010.6,0.0,AWS-MUM-007,Mumbai,MUM,center,True,drift
2025-03-05 02:00:00,27.2,1009.8,0.0,AWS-MUM-007,Mumbai,MUM,center,True,drift
2025-03-05 03:00:00,26.6,1009.3,0.0,AWS-MUM-007,Mumbai,MUM,center,True,drift
2025-03-05 04:00:00,26.1,1009.2,0.0,AWS-MUM-007,Mumbai,MUM,center,True,drift
2025-03-05 05:00:00,25.6,1009.4,33.0,AWS-MUM-007,Mumbai,MUM,center,False,
2025-03-05 06:00:00,24.3,1010.2,38.0,AWS-MUM-007,Mumbai,MUM,center,False,
2025-03-05 07:00:00,24.2,1011.0,38.0,AWS-MUM-007,Mumbai,MUM,center,False,
2025-03-05 08:00:00,26.0,1011.8,34.0,AWS-MUM-007,Mumbai,MUM,center,False,
2025-03-05 09:00:00,29.0,1012.5,28.0,AWS-MUM-007,Mumbai,MUM,center,False,
2025-03-05 10:00:00,32.1,1012.6,23.0,AWS-MUM-007,Mumbai,MUM,center,False,
2025-03-05 11:00:00,34.7,1011.8,19.0,AWS-MUM-007,Mumbai,MUM,center,False,
2025-03-05 12:00:00,36.4,1010.7,16.0,AWS-MUM-007,Mumbai,MUM,center,False,
2025-03-05 13:00:00,36.8,1009.5,17.0,AWS-MUM-007,Mumbai,MUM,center,False,
2025-03-05 14:00:00,35.4,1008.6,28.0,AWS-MUM-007,Mumbai,MUM,center,False,
2025-03-05 15:00:00,34.8,1008.1,29.0,AWS-MUM-007,Mumbai,MUM,center,False,
2025-03-05 16:00:00,33.5,1007.9,28.0,AWS-MUM-007,Mumbai,MUM,center,False,
2025-03-05 17:00:00,31.6,1008.2,32.0,AWS-MUM-007,Mumbai,MUM,center,False,
2025-03-05 18:00:00,29.2,1009.1,46.0,AWS-MUM-007,Mumbai,MUM,center,False,
2025-03-05 19:00:00,28.3,1009.5,47.0,AWS-MUM-007,Mumbai,MUM,center,False,
2025-03-05 20:00:00,28.4,1010.3,41.0,AWS-MUM-007,Mumbai,MUM,center,False,
2025-03-05 21:00:00,28.6,1011.0,32.0,AWS-MUM-007,Mumbai,MUM,center,False,
2025-03-05 22:00:00,28.8,1011.4,22.0,AWS-MUM-007,Mumbai,MUM,center,False,
2025-03-05 23:00:00,28.8,1011.2,18.0,AWS-MUM-007,Mumbai,MUM,center,False,
2025-03-06 00:00:00,28.0,1011.0,18.0,AWS-MUM-007,Mumbai,MUM,center,False,
2025-03-06 01:00:00,27.2,1010.6,20.0,AWS-MUM-007,Mumbai,MUM,center,False,
2025-03-06 02:00:00,26.3,1010.1,21.0,AWS-MUM-007,Mumbai,MUM,center,False,
2025-03-06 03:00:00,25.5,1010.0,23.0,AWS-MUM-007,Mumbai,MUM,center,False,
2025-03-06 04:00:00,24.8,1010.3,24.0,AWS-MUM-007,Mumbai,MUM,center,False,
2025-03-06 05:00:00,24.3,1010.3,25.0,AWS-MUM-007,Mumbai,MUM,center,False,
2025-03-06 06:00:00,22.6,1011.1,33.0,AWS-MUM-007,Mumbai,MUM,center,False,
2025-03-06 07:00:00,22.5,1011.9,33.0,AWS-MUM-007,Mumbai,MUM,center,False,
2025-03-06 08:00:00,24.6,1012.9,28.0,AWS-MUM-007,Mumbai,MUM,center,False,
2025-03-06 09:00:00,27.7,1013.7,22.0,AWS-MUM-007,Mumbai,MUM,center,False,
2025-03-06 10:00:00,31.0,1013.7,18.0,AWS-MUM-007,Mumbai,MUM,center,False,
2025-03-06 11:00:00,33.8,1013.0,15.0,AWS-MUM-007,Mumbai,MUM,center,False,
2025-03-06 12:00:00,34.8,1012.1,16.0,AWS-MUM-007,Mumbai,MUM,center,False,
2025-03-06 13:00:00,35.0,1011.0,19.0,AWS-MUM-007,Mumbai,MUM,center,False,
2025-03-06 14:00:00,34.3,1010.3,21.0,AWS-MUM-007,Mumbai,MUM,center,False,
2025-03-06 15:00:00,33.3,1009.6,19.0,AWS-MUM-007,Mumbai,MUM,center,False,
2025-03-06 16:00:00,32.3,1009.2,24.0,AWS-MUM-007,Mumbai,MUM,center,False,
2025-03-06 17:00:00,30.8,1008.9,38.0,AWS-MUM-007,Mumbai,MUM,center,False,
2025-03-06 18:00:00,29.1,1009.4,40.0,AWS-MUM-007,Mumbai,MUM,center,False,
2025-03-06 19:00:00,28.3,1009.8,38.0,AWS-MUM-007,Mumbai,MUM,center,False,
2025-03-06 20:00:00,28.4,1010.5,32.0,AWS-MUM-007,Mumbai,MUM,center,False,
2025-03-06 21:00:00,27.9,1010.9,30.0,AWS-MUM-007,Mumbai,MUM,center,False,
2025-03-06 22:00:00,27.5,1010.9,25.0,AWS-MUM-007,Mumbai,MUM,center,False,
2025-03-06 23:00:00,27.0,1010.4,23.0,AWS-MUM-007,Mumbai,MUM,center,False,
2025-03-07 00:00:00,26.9,1009.6,24.0,AWS-MUM-007,Mumbai,MUM,center,False,
2025-03-07 01:00:00,26.7,1009.3,23.0,AWS-MUM-007,Mumbai,MUM,center,False,
2025-03-07 02:00:00,26.1,1008.7,23.0,AWS-MUM-007,Mumbai,MUM,center,False,
2025-03-07 03:00:00,25.6,1008.4,23.0,AWS-MUM-007,Mumbai,MUM,center,False,
2025-03-07 04:00:00,25.3,1008.6,22.0,AWS-MUM-007,Mumbai,MUM,center,False,
2025-03-07 05:00:00,25.2,1009.1,20.0,AWS-MUM-007,Mumbai,MUM,center,False,
2025-03-07 06:00:00,24.5,1010.0,22.0,AWS-MUM-007,Mumbai,MUM,center,False,
2025-03-07 07:00:00,24.5,1010.9,22.0,AWS-MUM-007,Mumbai,MUM,center,False,
2025-03-07 08:00:00,26.3,1011.7,20.0,AWS-MUM-007,Mumbai,MUM,center,False,
2025-03-07 09:00:00,29.3,1012.2,17.0,AWS-MUM-007,Mumbai,MUM,center,False,
2025-03-07 10:00:00,32.4,1011.9,15.0,AWS-MUM-007,Mumbai,MUM,center,False,
2025-03-07 11:00:00,34.9,1011.4,13.0,AWS-MUM-007,Mumbai,MUM,center,False,
2025-03-07 12:00:00,36.5,1010.1,11.0,AWS-MUM-007,Mumbai,MUM,center,False,
2025-03-07 13:00:00,36.9,1008.9,12.0,AWS-MUM-007,Mumbai,MUM,center,False,
2025-03-07 14:00:00,35.7,1007.9,23.0,AWS-MUM-007,Mumbai,MUM,center,False,
2025-03-07 15:00:00,35.0,1006.8,24.0,AWS-MUM-007,Mumbai,MUM,center,False,
2025-03-07 16:00:00,33.3,1006.6,27.0,AWS-MUM-007,Mumbai,MUM,center,False,
2025-03-07 17:00:00,31.5,1006.7,34.0,AWS-MUM-007,Mumbai,MUM,center,False,
2025-03-07 18:00:00,29.7,1007.1,42.0,AWS-MUM-007,Mumbai,MUM,center,False,
2025-03-07 19:00:00,28.8,1007.8,45.0,AWS-MUM-007,Mumbai,MUM,center,False,
2025-03-07 20:00:00,28.6,1008.6,40.0,AWS-MUM-007,Mumbai,MUM,center,False,
2025-03-07 21:00:00,28.3,1009.4,39.0,AWS-MUM-007,Mumbai,MUM,center,False,
2025-03-07 22:00:00,27.3,1009.9,36.0,AWS-MUM-007,Mumbai,MUM,center,False,
2025-03-07 23:00:00,27.0,1009.8,32.0,AWS-MUM-007,Mumbai,MUM,center,False,
2025-03-08 00:00:00,27.2,1009.3,29.0,AWS-MUM-007,Mumbai,MUM,center,False,
2025-03-08 01:00:00,26.4,1008.9,32.0,AWS-MUM-007,Mumbai,MUM,center,False,
2025-03-08 02:00:00,25.7,1008.1,35.0,AWS-MUM-007,Mumbai,MUM,center,True,drift
2025-03-08 03:00:00,25.2,1007.4,40.70692750545019,AWS-MUM-007,Mumbai,MUM,center,True,drift
2025-03-08 04:00:00,25.0,1007.2,41.98553756097188,AWS-MUM-007,Mumbai,MUM,center,True,drift
2025-03-08 05:00:00,24.8,1007.4,44.16324027786676,AWS-MUM-007,Mumbai,MUM,center,True,drift
2025-03-08 06:00:00,23.6,1008.1,54.02757298955193,AWS-MUM-007,Mumbai,MUM,center,True,drift
2025-03-08 07:00:00,23.5,1008.7,59.46186623583483,AWS-MUM-007,Mumbai,MUM,center,True,drift
2025-03-08 08:00:00,25.7,1009.5,61.39015811404645,AWS-MUM-007,Mumbai,MUM,center,True,drift
2025-03-08 09:00:00,29.4,1010.2,62.758206434835856,AWS-MUM-007,Mumbai,MUM,center,True,drift
2025-03-08 10:00:00,33.1,1010.1,64.52492879189963,AWS-MUM-007,Mumbai,MUM,center,True,drift
2025-03-08 11:00:00,35.3,1009.6,69.6579050952063,AWS-MUM-007,Mumbai,MUM,center,True,drift
2025-03-08 12:00:00,36.0,1008.3,79.1307622445551,AWS-MUM-007,Mumbai,MUM,center,True,drift
2025-03-08 13:00:00,35.5,1007.3,91.92153833309546,AWS-MUM-007,Mumbai,MUM,center,True,drift
2025-03-08 14:00:00,34.4,1006.4,100.0,AWS-MUM-007,Mumbai,MUM,center,True,drift
2025-03-08 15:00:00,33.5,1005.6,100.0,AWS-MUM-007,Mumbai,MUM,center,True,drift
2025-03-08 16:00:00,32.5,1005.5,100.0,AWS-MUM-007,Mumbai,MUM,center,True,drift
2025-03-08 17:00:00,31.2,1005.7,100.0,AWS-MUM-007,Mumbai,MUM,center,True,drift
2025-03-08 18:00:00,29.3,1006.0,100.0,AWS-MUM-007,Mumbai,MUM,center,True,drift
2025-03-08 19:00:00,28.2,1006.4,100.0,AWS-MUM-007,Mumbai,MUM,center,True,drift
2025-03-08 20:00:00,28.2,1007.2,100.0,AWS-MUM-007,Mumbai,MUM,center,True,drift
2025-03-08 21:00:00,27.6,1007.8,100.0,AWS-MUM-007,Mumbai,MUM,center,True,drift
2025-03-08 22:00:00,27.0,1008.2,100.0,AWS-MUM-007,Mumbai,MUM,center,True,drift
2025-03-08 23:00:00,26.3,1008.5,100.0,AWS-MUM-007,Mumbai,MUM,center,True,drift
2025-03-09 00:00:00,25.4,1008.0,100.0,AWS-MUM-007,Mumbai,MUM,center,True,drift
2025-03-09 01:00:00,24.8,1007.8,100.0,AWS-MUM-007,Mumbai,MUM,center,True,drift
2025-03-09 02:00:00,24.6,1007.2,100.0,AWS-MUM-007,Mumbai,MUM,center,True,drift
2025-03-09 03:00:00,24.2,1006.8,100.0,AWS-MUM-007,Mumbai,MUM,center,True,drift
2025-03-09 04:00:00,23.7,1006.8,100.0,AWS-MUM-007,Mumbai,MUM,center,True,drift
2025-03-09 05:00:00,22.9,1007.0,100.0,AWS-MUM-007,Mumbai,MUM,center,True,drift
2025-03-09 06:00:00,23.1,1007.5,100.0,AWS-MUM-007,Mumbai,MUM,center,True,drift
2025-03-09 07:00:00,23.4,1008.3,100.0,AWS-MUM-007,Mumbai,MUM,center,True,drift
2025-03-09 08:00:00,26.2,1009.3,100.0,AWS-MUM-007,Mumbai,MUM,center,True,drift
2025-03-09 09:00:00,29.4,1009.9,100.0,AWS-MUM-007,Mumbai,MUM,center,True,drift
2025-03-09 10:00:00,32.5,1009.8,100.0,AWS-MUM-007,Mumbai,MUM,center,True,drift
2025-03-09 11:00:00,34.9,1009.4,100.0,AWS-MUM-007,Mumbai,MUM,center,True,drift
2025-03-09 12:00:00,35.6,1008.4,100.0,AWS-MUM-007,Mumbai,MUM,center,True,drift
2025-03-09 13:00:00,35.1,1007.4,100.0,AWS-MUM-007,Mumbai,MUM,center,True,drift
2025-03-09 14:00:00,34.5,1006.6,100.0,AWS-MUM-007,Mumbai,MUM,center,True,drift
2025-03-09 15:00:00,33.6,1005.8,100.0,AWS-MUM-007,Mumbai,MUM,center,True,drift
2025-03-09 16:00:00,32.8,1005.7,100.0,AWS-MUM-007,Mumbai,MUM,center,True,drift
2025-03-09 17:00:00,31.0,1005.8,100.0,AWS-MUM-007,Mumbai,MUM,center,True,drift
2025-03-09 18:00:00,28.7,1006.7,100.0,AWS-MUM-007,Mumbai,MUM,center,True,drift
2025-03-09 19:00:00,27.6,1007.3,100.0,AWS-MUM-007,Mumbai,MUM,center,True,drift
2025-03-09 20:00:00,27.5,1008.6,100.0,AWS-MUM-007,Mumbai,MUM,center,True,drift
2025-03-09 21:00:00,28.1,1009.9,100.0,AWS-MUM-007,Mumbai,MUM,center,True,drift
2025-03-09 22:00:00,27.7,1010.3,100.0,AWS-MUM-007,Mumbai,MUM,center,True,drift
2025-03-09 23:00:00,27.3,1010.0,46.0,AWS-MUM-007,Mumbai,MUM,center,False,
2025-03-10 00:00:00,27.2,1009.8,42.0,AWS-MUM-007,Mumbai,MUM,center,False,
2025-03-10 01:00:00,26.6,1009.0,43.0,AWS-MUM-007,Mumbai,MUM,center,False,
2025-03-10 02:00:00,26.2,1008.3,45.0,AWS-MUM-007,Mumbai,MUM,center,False,
2025-03-10 03:00:00,26.1,1007.7,44.0,AWS-MUM-007,Mumbai,MUM,center,False,
2025-03-10 04:00:00,25.2,1007.8,41.0,AWS-MUM-007,Mumbai,MUM,center,False,
2025-03-10 05:00:00,25.5,1007.9,38.0,AWS-MUM-007,Mumbai,MUM,center,False,
2025-03-10 06:00:00,24.3,1009.0,47.0,AWS-MUM-007,Mumbai,MUM,center,False,
2025-03-10 07:00:00,25.0,1009.9,45.0,AWS-MUM-007,Mumbai,MUM,center,False,
2025-03-10 08:00:00,27.5,1010.6,38.0,AWS-MUM-007,Mumbai,MUM,center,False,
2025-03-10 09:00:00,31.0,1011.2,30.0,AWS-MUM-007,Mumbai,MUM,center,False,
2025-03-10 10:00:00,34.8,1011.3,23.0,AWS-MUM-007,Mumbai,MUM,center,False,
2025-03-10 11:00:00,36.8,1010.8,20.0,AWS-MUM-007,Mumbai,MUM,center,False,
2025-03-10 12:00:00,38.6,1009.9,17.0,AWS-MUM-007,Mumbai,MUM,center,False,
2025-03-10 13:00:00,39.0,1008.6,18.0,AWS-MUM-007,Mumbai,MUM,center,False,
2025-03-10 14:00:00,38.0,1007.7,20.0,AWS-MUM-007,Mumbai,MUM,center,False,
2025-03-10 15:00:00,36.2,1007.0,22.0,AWS-MUM-007,Mumbai,MUM,center,False,
2025-03-10 16:00:00,34.9,1006.9,26.0,AWS-MUM-007,Mumbai,MUM,center,False,
2025-03-10 17:00:00,33.5,1007.6,33.0,AWS-MUM-007,Mumbai,MUM,center,False,
2025-03-10 18:00:00,32.0,1008.1,38.0,AWS-MUM-007,Mumbai,MUM,center,False,
2025-03-10 19:00:00,30.9,1009.1,41.0,AWS-MUM-007,Mumbai,MUM,center,False,
2025-03-10 20:00:00,30.5,1010.3,42.0,AWS-MUM-007,Mumbai,MUM,center,False,
2025-03-10 21:00:00,30.0,1010.9,41.0,AWS-MUM-007,Mumbai,MUM,center,False,
2025-03-10 22:00:00,29.5,1011.0,40.0,AWS-MUM-007,Mumbai,MUM,center,False,
2025-03-10 23:00:00,29.2,1010.8,37.0,AWS-MUM-007,Mumbai,MUM,center,False,
2025-03-11 00:00:00,28.4,1010.4,39.0,AWS-MUM-007,Mumbai,MUM,center,False,
2025-03-11 01:00:00,27.9,1009.8,42.0,AWS-MUM-007,Mumbai,MUM,center,False,
2025-03-11 02:00:00,27.3,998.4395166285492,43.0,AWS-MUM-007,Mumbai,MUM,center,True,spike
2025-03-11 03:00:00,26.4,1006.7713563172745,46.0,AWS-MUM-007,Mumbai,MUM,center,True,spike
2025-03-11 04:00:00,26.0,1008.5103023842083,46.0,AWS-MUM-007,Mumbai,MUM,center,True,spike
2025-03-11 05:00:00,25.6,1009.0251400169252,48.0,AWS-MUM-007,Mumbai,MUM,center,True,spike
2025-03-11 06:00:00,25.7,1010.0856195756944,51.0,AWS-MUM-007,Mumbai,MUM,center,True,spike
2025-03-11 07:00:00,26.4,1011.3,51.0,AWS-MUM-007,Mumbai,MUM,center,False,
2025-03-11 08:00:00,28.2,1012.4,49.0,AWS-MUM-007,Mumbai,MUM,center,False,
2025-03-11 09:00:00,31.3,1013.2,39.0,AWS-MUM-007,Mumbai,MUM,center,False,
2025-03-11 10:00:00,34.2,1003.6234618653071,30.0,AWS-MUM-007,Mumbai,MUM,center,True,spike
2025-03-11 11:00:00,36.4,1010.6001265626386,25.0,AWS-MUM-007,Mumbai,MUM,center,True,spike
2025-03-11 12:00:00,37.4,1010.9617207236106,23.0,AWS-MUM-007,Mumbai,MUM,center,True,spike
2025-03-11 13:00:00,37.2,1009.8,26.0,AWS-MUM-007,Mumbai,MUM,center,False,
2025-03-11 14:00:00,36.2,1008.9,30.0,AWS-MUM-007,Mumbai,MUM,center,False,
2025-03-11 15:00:00,34.9,1008.0,34.0,AWS-MUM-007,Mumbai,MUM,center,False,
2025-03-11 16:00:00,34.2,1007.6,38.0,AWS-MUM-007,Mumbai,MUM,center,False,
2025-03-11 17:00:00,32.7,1007.9,45.0,AWS-MUM-007,Mumbai,MUM,center,False,
2025-03-11 18:00:00,30.5,1008.8,55.0,AWS-MUM-007,Mumbai,MUM,center,False,
2025-03-11 19:00:00,29.4,1009.8,63.0,AWS-MUM-007,Mumbai,MUM,center,False,
2025-03-11 20:00:00,29.2,1010.9,62.0,AWS-MUM-007,Mumbai,MUM,center,False,
2025-03-11 21:00:00,29.0,1011.7,60.0,AWS-MUM-007,Mumbai,MUM,center,False,
2025-03-11 22:00:00,28.9,1011.7,57.0,AWS-MUM-007,Mumbai,MUM,center,False,
2025-03-11 23:00:00,28.6,1011.4,55.0,AWS-MUM-007,Mumbai,MUM,center,False,
2025-03-12 00:00:00,28.1,1010.8,54.0,AWS-MUM-007,Mumbai,MUM,center,False,
2025-03-12 01:00:00,27.4,1010.1,56.0,AWS-MUM-007,Mumbai,MUM,center,False,
2025-03-12 02:00:00,26.8,1009.2,58.0,AWS-MUM-007,Mumbai,MUM,center,False,
2025-03-12 03:00:00,26.6,1008.7,59.0,AWS-MUM-007,Mumbai,MUM,center,False,
2025-03-12 04:00:00,26.0,1008.5,63.0,AWS-MUM-007,Mumbai,MUM,center,False,
2025-03-12 05:00:00,25.4,1009.0,65.0,AWS-MUM-007,Mumbai,MUM,center,False,
2025-03-12 06:00:00,25.1,1009.9,62.0,AWS-MUM-007,Mumbai,MUM,center,False,
2025-03-12 07:00:00,25.8,1010.3,55.0,AWS-MUM-007,Mumbai,MUM,center,False,
2025-03-12 08:00:00,28.2,1011.0,45.0,AWS-MUM-007,Mumbai,MUM,center,False,
2025-03-12 09:00:00,31.5,1011.1,35.0,AWS-MUM-007,Mumbai,MUM,center,False,
2025-03-12 10:00:00,34.4,1011.3,28.0,AWS-MUM-007,Mumbai,MUM,center,True,frozen_value
2025-03-12 11:00:00,34.428209521699465,1010.6,24.0,AWS-MUM-007,Mumbai,MUM,center,True,frozen_value
2025-03-12 12:00:00,34.35665566433665,1009.5,24.0,AWS-MUM-007,Mumbai,MUM,center,True,frozen_value
2025-03-12 13:00:00,34.31937242195082,1008.4,26.0,AWS-MUM-007,Mumbai,MUM,center,True,frozen_value
2025-03-12 14:00:00,34.37072758766829,1007.7,26.0,AWS-MUM-007,Mumbai,MUM,center,True,frozen_value
2025-03-12 15:00:00,34.36254072577874,1006.7,30.0,AWS-MUM-007,Mumbai,MUM,center,True,frozen_value
2025-03-12 16:00:00,34.341958923638956,1006.4,36.0,AWS-MUM-007,Mumbai,MUM,center,True,frozen_value
2025-03-12 17:00:00,32.0,1006.4,47.0,AWS-MUM-007,Mumbai,MUM,center,False,
2025-03-12 18:00:00,30.0,1007.2,63.0,AWS-MUM-007,Mumbai,MUM,center,False,
2025-03-12 19:00:00,29.1,1007.9,67.0,AWS-MUM-007,Mumbai,MUM,center,False,
2025-03-12 20:00:00,28.7,1008.9,71.0,AWS-MUM-007,Mumbai,MUM,center,False,
2025-03-12 21:00:00,28.9,1010.0,66.0,AWS-MUM-007,Mumbai,MUM,center,False,
2025-03-12 22:00:00,28.4,1010.3,66.0,AWS-MUM-007,Mumbai,MUM,center,False,
2025-03-12 23:00:00,27.9,1010.2,69.0,AWS-MUM-007,Mumbai,MUM,center,False,
2025-03-13 00:00:00,-39.927148122024875,1009.8,74.0,AWS-MUM-007,Mumbai,MUM,center,True,sensor_fail_low
2025-03-13 01:00:00,-39.89270774690042,1009.4,72.0,AWS-MUM-007,Mumbai,MUM,center,True,sensor_fail_low
2025-03-13 02:00:00,-40.10157931588358,1008.6,77.0,AWS-MUM-007,Mumbai,MUM,center,True,sensor_fail_low
2025-03-13 03:00:00,-39.96409062956364,1008.3,80.0,AWS-MUM-007,Mumbai,MUM,center,True,sensor_fail_low
2025-03-13 04:00:00,25.4,1008.2,84.0,AWS-MUM-007,Mumbai,MUM,center,False,
2025-03-13 05:00:00,25.0,1008.2,82.0,AWS-MUM-007,Mumbai,MUM,center,False,
2025-03-13 06:00:00,24.8,1008.9,81.0,AWS-MUM-007,Mumbai,MUM,center,False,
2025-03-13 07:00:00,25.4,1009.5,72.0,AWS-MUM-007,Mumbai,MUM,center,False,
2025-03-13 08:00:00,28.0,1010.3,58.0,AWS-MUM-007,Mumbai,MUM,center,False,
2025-03-13 09:00:00,31.3,1010.8,43.0,AWS-MUM-007,Mumbai,MUM,center,False,
2025-03-13 10:00:00,33.9,1010.9,33.0,AWS-MUM-007,Mumbai,MUM,center,False,
2025-03-13 11:00:00,34.2,1010.5,38.0,AWS-MUM-007,Mumbai,MUM,center,False,
2025-03-13 12:00:00,33.8,1009.5,40.0,AWS-MUM-007,Mumbai,MUM,center,False,
2025-03-13 13:00:00,34.2,1008.2,38.0,AWS-MUM-007,Mumbai,MUM,center,False,
2025-03-13 14:00:00,34.2,1007.1,40.0,AWS-MUM-007,Mumbai,MUM,center,False,
2025-03-13 15:00:00,33.7,1006.4,43.0,AWS-MUM-007,Mumbai,MUM,center,False,
2025-03-13 16:00:00,32.8,1006.0,48.0,AWS-MUM-007,Mumbai,MUM,center,False,
2025-03-13 17:00:00,31.9,1006.2,51.0,AWS-MUM-007,Mumbai,MUM,center,False,
2025-03-13 18:00:00,30.1,1006.9,61.0,AWS-MUM-007,Mumbai,MUM,center,False,
2025-03-13 19:00:00,29.0,1007.3,69.0,AWS-MUM-007,Mumbai,MUM,center,False,
2025-03-13 20:00:00,83.42108886542002,876.295419912954,19.828931493179127,AWS-MUM-007,Mumbai,MUM,center,True,unstructured_anomaly
2025-03-13 21:00:00,82.41052395063346,883.4985810042032,26.629296252787704,AWS-MUM-007,Mumbai,MUM,center,True,unstructured_anomaly
2025-03-13 22:00:00,-21.959105742168653,1100.0,20.320341480955534,AWS-MUM-007,Mumbai,MUM,center,True,unstructured_anomaly
2025-03-13 23:00:00,84.06001801164561,856.2383644049684,100.0,AWS-MUM-007,Mumbai,MUM,center,True,unstructured_anomaly
2025-03-14 00:00:00,-16.4960474623389,1100.0,11.963226497069456,AWS-MUM-007,Mumbai,MUM,center,True,unstructured_anomaly
2025-03-14 01:00:00,-24.721199989664164,1100.0,100.0,AWS-MUM-007,Mumbai,MUM,center,True,unstructured_anomaly
2025-03-14 02:00:00,25.8,1008.3,64.0,AWS-MUM-007,Mumbai,MUM,center,False,
2025-03-14 03:00:00,25.0,1008.1,69.0,AWS-MUM-007,Mumbai,MUM,center,False,
2025-03-14 04:00:00,25.0,1008.2,71.0,AWS-MUM-007,Mumbai,MUM,center,False,
2025-03-14 05:00:00,24.5,1008.4,73.0,AWS-MUM-007,Mumbai,MUM,center,False,
2025-03-14 06:00:00,24.3,1009.6,93.0,AWS-MUM-007,Mumbai,MUM,center,False,
2025-03-14 07:00:00,24.9,1010.1,91.0,AWS-MUM-007,Mumbai,MUM,center,False,
2025-03-14 08:00:00,27.6,1011.1,72.0,AWS-MUM-007,Mumbai,MUM,center,False,
2025-03-14 09:00:00,30.5,1011.8,54.0,AWS-MUM-007,Mumbai,MUM,center,False,
2025-03-14 10:00:00,32.4,1011.7,47.0,AWS-MUM-007,Mumbai,MUM,center,False,
2025-03-14 11:00:00,33.3,1011.2,48.0,AWS-MUM-007,Mumbai,MUM,center,False,
2025-03-14 12:00:00,33.8,1010.1,47.0,AWS-MUM-007,Mumbai,MUM,center,False,
2025-03-14 13:00:00,34.3,1009.0,41.0,AWS-MUM-007,Mumbai,MUM,center,False,
2025-03-14 14:00:00,,1007.9,32.0,AWS-MUM-007,Mumbai,MUM,center,True,dropout
2025-03-14 15:00:00,34.6,1007.1,28.0,AWS-MUM-007,Mumbai,MUM,center,False,
2025-03-14 16:00:00,33.9,1006.9,30.0,AWS-MUM-007,Mumbai,MUM,center,False,
2025-03-14 17:00:00,32.7,1007.0,35.0,AWS-MUM-007,Mumbai,MUM,center,False,
2025-03-14 18:00:00,30.5,1007.7,46.0,AWS-MUM-007,Mumbai,MUM,center,False,
2025-03-14 19:00:00,29.4,1008.1,54.0,AWS-MUM-007,Mumbai,MUM,center,False,
2025-03-14 20:00:00,29.1,1008.8,52.0,AWS-MUM-007,Mumbai,MUM,center,False,
2025-03-14 21:00:00,28.5,1009.3,55.0,AWS-MUM-007,Mumbai,MUM,center,False,
2025-03-14 22:00:00,27.8,1030.167647638114,60.0,AWS-MUM-007,Mumbai,MUM,center,True,spike
2025-03-14 23:00:00,27.3,1009.8,63.0,AWS-MUM-007,Mumbai,MUM,center,False,
2025-03-15 00:00:00,26.9,1009.6,63.0,AWS-MUM-007,Mumbai,MUM,center,False,
2025-03-15 01:00:00,26.4,1009.1,64.0,AWS-MUM-007,Mumbai,MUM,center,False,
2025-03-15 02:00:00,25.9,1008.8,65.0,AWS-MUM-007,Mumbai,MUM,center,False,
2025-03-15 03:00:00,25.3,1008.3,66.0,AWS-MUM-007,Mumbai,MUM,center,False,
2025-03-15 04:00:00,25.2,1008.1,65.0,AWS-MUM-007,Mumbai,MUM,center,False,
2025-03-15 05:00:00,24.8,1008.5,66.0,AWS-MUM-007,Mumbai,MUM,center,False,
2025-03-15 06:00:00,25.0,1009.6,75.0,AWS-MUM-007,Mumbai,MUM,center,False,
2025-03-15 07:00:00,25.1,1010.3,71.0,AWS-MUM-007,Mumbai,MUM,center,False,
2025-03-15 08:00:00,27.3,1011.1,59.0,AWS-MUM-007,Mumbai,MUM,center,False,
2025-03-15 09:00:00,30.5,1011.6,44.0,AWS-MUM-007,Mumbai,MUM,center,False,
2025-03-15 10:00:00,33.3,1011.8,32.0,AWS-MUM-007,Mumbai,MUM,center,False,
2025-03-15 11:00:00,35.1,1011.1,27.0,AWS-MUM-007,Mumbai,MUM,center,False,
2025-03-15 12:00:00,35.5,1010.3,30.0,AWS-MUM-007,Mumbai,MUM,center,False,
2025-03-15 13:00:00,35.4,1009.5,29.0,AWS-MUM-007,Mumbai,MUM,center,False,
2025-03-15 14:00:00,35.0,1009.0,27.0,AWS-MUM-007,Mumbai,MUM,center,False,
2025-03-15 15:00:00,33.8,1008.5,33.0,AWS-MUM-007,Mumbai,MUM,center,False,
2025-03-15 16:00:00,32.4,1008.3,41.0,AWS-MUM-007,Mumbai,MUM,center,False,
2025-03-15 17:00:00,31.0,1008.6,48.0,AWS-MUM-007,Mumbai,MUM,center,False,
2025-03-15 18:00:00,29.4,1009.0,56.0,AWS-MUM-007,Mumbai,MUM,center,False,
2025-03-15 19:00:00,28.8,1009.4,60.0,AWS-MUM-007,Mumbai,MUM,center,False,
2025-03-15 20:00:00,-8.86092665358326,1010.1,64.0,AWS-MUM-007,Mumbai,MUM,center,True,spike
2025-03-15 21:00:00,28.2,1011.2,67.0,AWS-MUM-007,Mumbai,MUM,center,False,
2025-03-15 22:00:00,27.8,1012.1,64.0,AWS-MUM-007,Mumbai,MUM,center,False,
2025-03-15 23:00:00,27.2,1011.8,67.0,AWS-MUM-007,Mumbai,MUM,center,False,
2025-03-16 00:00:00,26.7,1011.6,68.0,AWS-MUM-007,Mumbai,MUM,center,False,
2025-03-16 01:00:00,26.1,1011.2,66.0,AWS-MUM-007,Mumbai,MUM,center,False,
2025-03-16 02:00:00,25.5,1010.6,65.0,AWS-MUM-007,Mumbai,MUM,center,False,
2025-03-16 03:00:00,25.3,1010.0,64.0,AWS-MUM-007,Mumbai,MUM,center,False,
2025-03-16 04:00:00,25.2,1010.0,63.0,AWS-MUM-007,Mumbai,MUM,center,False,
2025-03-16 05:00:00,25.2,1010.1,63.0,AWS-MUM-007,Mumbai,MUM,center,False,
2025-03-16 06:00:00,25.4,1011.0,65.0,AWS-MUM-007,Mumbai,MUM,center,False,
2025-03-16 07:00:00,25.7,1011.7,65.0,AWS-MUM-007,Mumbai,MUM,center,False,
2025-03-16 08:00:00,27.4,1012.5,58.0,AWS-MUM-007,Mumbai,MUM,center,False,
2025-03-16 09:00:00,29.6,1013.1,49.0,AWS-MUM-007,Mumbai,MUM,center,False,
2025-03-16 10:00:00,31.7,1013.1,42.0,AWS-MUM-007,Mumbai,MUM,center,False,
2025-03-16 11:00:00,32.9,1012.3,41.0,AWS-MUM-007,Mumbai,MUM,center,False,
2025-03-16 12:00:00,32.9,1011.3,48.0,AWS-MUM-007,Mumbai,MUM,center,False,
2025-03-16 13:00:00,32.8,1010.0,48.0,AWS-MUM-007,Mumbai,MUM,center,False,
2025-03-16 14:00:00,33.2,1009.0,40.0,AWS-MUM-007,Mumbai,MUM,center,False,
2025-03-16 15:00:00,33.2,1008.1,35.0,AWS-MUM-007,Mumbai,MUM,center,False,
2025-03-16 16:00:00,32.5,1007.7,37.0,AWS-MUM-007,Mumbai,MUM,center,False,
2025-03-16 17:00:00,31.3,1007.6,45.0,AWS-MUM-007,Mumbai,MUM,center,False,
2025-03-16 18:00:00,29.8,1008.0,52.0,AWS-MUM-007,Mumbai,MUM,center,False,
2025-03-16 19:00:00,29.0,1008.3,53.0,AWS-MUM-007,Mumbai,MUM,center,False,
2025-03-16 20:00:00,29.1,1008.9,47.0,AWS-MUM-007,Mumbai,MUM,center,False,
2025-03-16 21:00:00,29.3,1009.8,42.0,AWS-MUM-007,Mumbai,MUM,center,False,
2025-03-16 22:00:00,28.6,1010.2,50.0,AWS-MUM-007,Mumbai,MUM,center,False,
2025-03-16 23:00:00,27.3,1010.5,68.0,AWS-MUM-007,Mumbai,MUM,center,False,
2025-03-17 00:00:00,26.6,1010.6,75.0,AWS-MUM-007,Mumbai,MUM,center,False,
2025-03-17 01:00:00,26.2,1010.2,78.0,AWS-MUM-007,Mumbai,MUM,center,False,
2025-03-17 02:00:00,25.9,1009.8,76.0,AWS-MUM-007,Mumbai,MUM,center,False,
2025-03-17 03:00:00,25.4,1009.6,72.0,AWS-MUM-007,Mumbai,MUM,center,False,
2025-03-17 04:00:00,25.2,1009.3,70.0,AWS-MUM-007,Mumbai,MUM,center,False,
2025-03-17 05:00:00,24.8,1009.6,70.0,AWS-MUM-007,Mumbai,MUM,center,False,
2025-03-17 06:00:00,25.3,1010.4,74.0,AWS-MUM-007,Mumbai,MUM,center,False,
2025-03-17 07:00:00,25.5,1010.9,73.0,AWS-MUM-007,Mumbai,MUM,center,False,
2025-03-17 08:00:00,27.2,1011.8,64.0,AWS-MUM-007,Mumbai,MUM,center,False,
2025-03-17 09:00:00,29.6,1012.3,53.0,AWS-MUM-007,Mumbai,MUM,center,False,
2025-03-17 10:00:00,32.0,1012.4,42.0,AWS-MUM-007,Mumbai,MUM,center,False,
2025-03-17 11:00:00,33.5,1012.3,38.0,AWS-MUM-007,Mumbai,MUM,center,False,
2025-03-17 12:00:00,33.4,1011.5,40.0,AWS-MUM-007,Mumbai,MUM,center,False,
2025-03-17 13:00:00,33.3,1010.3,38.0,AWS-MUM-007,Mumbai,MUM,center,False,
2025-03-17 14:00:00,32.9,1009.3,37.0,AWS-MUM-007,Mumbai,MUM,center,False,
2025-03-17 15:00:00,32.6,1008.5,37.0,AWS-MUM-007,Mumbai,MUM,center,False,
2025-03-17 16:00:00,32.0,1008.3,39.0,AWS-MUM-007,Mumbai,MUM,center,False,
2025-03-17 17:00:00,30.6,1008.5,47.0,AWS-MUM-007,Mumbai,MUM,center,False,
2025-03-17 18:00:00,29.2,1009.3,57.0,AWS-MUM-007,Mumbai,MUM,center,False,
2025-03-17 19:00:00,28.3,1009.8,62.0,AWS-MUM-007,Mumbai,MUM,center,False,
2025-03-17 20:00:00,27.8,1010.3,64.0,AWS-MUM-007,Mumbai,MUM,center,False,
2025-03-17 21:00:00,27.6,1010.9,62.0,AWS-MUM-007,Mumbai,MUM,center,False,
2025-03-17 22:00:00,27.2,1011.2,64.0,AWS-MUM-007,Mumbai,MUM,center,False,
2025-03-17 23:00:00,26.6,1010.8,72.0,AWS-MUM-007,Mumbai,MUM,center,False,
2025-03-18 00:00:00,26.0,1010.5,77.0,AWS-MUM-007,Mumbai,MUM,center,False,
2025-03-18 01:00:00,25.5,1010.2,81.0,AWS-MUM-007,Mumbai,MUM,center,False,
2025-03-18 02:00:00,25.0,1009.3,84.0,AWS-MUM-007,Mumbai,MUM,center,False,
2025-03-18 03:00:00,24.1,1009.2,88.0,AWS-MUM-007,Mumbai,MUM,center,False,
2025-03-18 04:00:00,23.5,1009.1,88.0,AWS-MUM-007,Mumbai,MUM,center,False,
2025-03-18 05:00:00,23.1,1009.1,87.0,AWS-MUM-007,Mumbai,MUM,center,False,
2025-03-18 06:00:00,23.7,1009.7,87.0,AWS-MUM-007,Mumbai,MUM,center,False,
2025-03-18 07:00:00,24.1,1010.1,85.0,AWS-MUM-007,Mumbai,MUM,center,False,
2025-03-18 08:00:00,26.2,1010.7,72.0,AWS-MUM-007,Mumbai,MUM,center,False,
2025-03-18 09:00:00,28.8,1011.4,53.0,AWS-MUM-007,Mumbai,MUM,center,False,
2025-03-18 10:00:00,31.2,1011.3,40.0,AWS-MUM-007,Mumbai,MUM,center,False,
2025-03-18 11:00:00,32.8,1010.8,35.0,AWS-MUM-007,Mumbai,MUM,center,False,
2025-03-18 12:00:00,33.2,1009.8,40.0,AWS-MUM-007,Mumbai,MUM,center,False,
2025-03-18 13:00:00,33.0,991.9844171196257,43.0,AWS-MUM-007,Mumbai,MUM,center,True,spike
2025-03-18 14:00:00,32.5,1008.2,41.0,AWS-MUM-007,Mumbai,MUM,center,False,
2025-03-18 15:00:00,32.1,1007.8,41.0,AWS-MUM-007,Mumbai,MUM,center,False,
2025-03-18 16:00:00,31.5,1007.8,41.0,AWS-MUM-007,Mumbai,MUM,center,False,
2025-03-18 17:00:00,30.3,1007.9,48.0,AWS-MUM-007,Mumbai,MUM,center,False,
2025-03-18 18:00:00,-20.01168776738258,1100.0,100.0,AWS-MUM-007,Mumbai,MUM,center,True,unstructured_anomaly
2025-03-18 19:00:00,-21.825585556692094,1100.0,11.964938158152805,AWS-MUM-007,Mumbai,MUM,center,True,unstructured_anomaly
2025-03-18 20:00:00,79.4057315246368,874.9770415857298,26.152443769353823,AWS-MUM-007,Mumbai,MUM,center,True,unstructured_anomaly
2025-03-18 21:00:00,80.81973280578313,873.2115738742204,20.515251924765188,AWS-MUM-007,Mumbai,MUM,center,True,unstructured_anomaly
2025-03-18 22:00:00,-22.60906526960148,1100.0,21.57654414254054,AWS-MUM-007,Mumbai,MUM,center,True,unstructured_anomaly
2025-03-18 23:00:00,79.54790412873521,848.4175461999457,100.0,AWS-MUM-007,Mumbai,MUM,center,True,unstructured_anomaly
2025-03-19 00:00:00,25.3,1010.8,82.0,AWS-MUM-007,Mumbai,MUM,center,False,
2025-03-19 01:00:00,25.2,1010.3,84.0,AWS-MUM-007,Mumbai,MUM,center,False,
2025-03-19 02:00:00,24.9,1009.7,88.0,AWS-MUM-007,Mumbai,MUM,center,False,
2025-03-19 03:00:00,24.3,1009.3,91.0,AWS-MUM-007,Mumbai,MUM,center,False,
2025-03-19 04:00:00,23.6,1009.5,93.0,AWS-MUM-007,Mumbai,MUM,center,False,
2025-03-19 05:00:00,23.2,1009.8,89.0,AWS-MUM-007,Mumbai,MUM,center,False,
2025-03-19 06:00:00,23.2,1010.9,87.0,AWS-MUM-007,Mumbai,MUM,center,False,
2025-03-19 07:00:00,23.9,1011.4,82.0,AWS-MUM-007,Mumbai,MUM,center,False,
2025-03-19 08:00:00,26.4,1012.2,67.0,AWS-MUM-007,Mumbai,MUM,center,False,
2025-03-19 09:00:00,29.1,1012.7,49.0,AWS-MUM-007,Mumbai,MUM,center,False,
2025-03-19 10:00:00,31.2,1012.6,40.0,AWS-MUM-007,Mumbai,MUM,center,False,
2025-03-19 11:00:00,32.3,1012.4,39.0,AWS-MUM-007,Mumbai,MUM,center,False,
2025-03-19 12:00:00,31.8,1011.6,50.0,AWS-MUM-007,Mumbai,MUM,center,False,
2025-03-19 13:00:00,31.6,1010.8,49.0,AWS-MUM-007,Mumbai,MUM,center,False,
2025-03-19 14:00:00,31.5,1009.9,48.0,AWS-MUM-007,Mumbai,MUM,center,False,
2025-03-19 15:00:00,31.2,1009.1,48.0,AWS-MUM-007,Mumbai,MUM,center,False,
2025-03-19 16:00:00,30.5,1009.0,49.0,AWS-MUM-007,Mumbai,MUM,center,False,
2025-03-19 17:00:00,29.8,1009.0,48.0,AWS-MUM-007,Mumbai,MUM,center,False,
2025-03-19 18:00:00,28.5,1010.2,51.0,AWS-MUM-007,Mumbai,MUM,center,False,
2025-03-19 19:00:00,27.7,1010.7,55.0,AWS-MUM-007,Mumbai,MUM,center,False,
2025-03-19 20:00:00,27.6,1011.6,54.0,AWS-MUM-007,Mumbai,MUM,center,False,
2025-03-19 21:00:00,27.4,1012.3,57.0,AWS-MUM-007,Mumbai,MUM,center,False,
2025-03-19 22:00:00,26.9,1012.6,62.0,AWS-MUM-007,Mumbai,MUM,center,False,
2025-03-19 23:00:00,26.6,1012.5,67.0,AWS-MUM-007,Mumbai,MUM,center,False,
2025-03-20 00:00:00,25.9,1012.3,72.0,AWS-MUM-007,Mumbai,MUM,center,False,
2025-03-20 01:00:00,25.2,1011.9,74.0,AWS-MUM-007,Mumbai,MUM,center,False,
2025-03-20 02:00:00,24.6,1011.4,,AWS-MUM-007,Mumbai,MUM,center,True,dropout
2025-03-20 03:00:00,24.2,1010.8,67.0,AWS-MUM-007,Mumbai,MUM,center,False,
2025-03-20 04:00:00,23.7,1010.8,62.0,AWS-MUM-007,Mumbai,MUM,center,False,
2025-03-20 05:00:00,23.2,1011.3,60.0,AWS-MUM-007,Mumbai,MUM,center,False,
2025-03-20 06:00:00,23.6,1012.2,61.0,AWS-MUM-007,Mumbai,MUM,center,False,
2025-03-20 07:00:00,24.4,1012.9,57.0,AWS-MUM-007,Mumbai,MUM,center,False,
2025-03-20 08:00:00,26.9,1013.9,48.0,AWS-MUM-007,Mumbai,MUM,center,False,
2025-03-20 09:00:00,30.0,1014.5,35.0,AWS-MUM-007,Mumbai,MUM,center,False,
2025-03-20 10:00:00,32.7,1014.4,26.0,AWS-MUM-007,Mumbai,MUM,center,False,
2025-03-20 11:00:00,148.21104978918427,1014.4961254393412,64.34889114306162,AWS-MUM-007,Mumbai,MUM,center,True,multivariate_inconsistency
2025-03-20 12:00:00,148.71104978918427,1012.9920126526661,67.7281473081218,AWS-MUM-007,Mumbai,MUM,center,True,multivariate_inconsistency
2025-03-20 13:00:00,148.01104978918428,1011.4556068848225,98.22106676022722,AWS-MUM-007,Mumbai,MUM,center,True,multivariate_inconsistency
2025-03-20 14:00:00,148.4110497891843,1010.0737610571676,74.50593929407782,AWS-MUM-007,Mumbai,MUM,center,True,multivariate_inconsistency
2025-03-20 15:00:00,148.31104978918427,1010.1370325131596,57.574048628493195,AWS-MUM-007,Mumbai,MUM,center,True,multivariate_inconsistency
2025-03-20 16:00:00,34.2,1010.2,16.0,AWS-MUM-007,Mumbai,MUM,center,False,
2025-03-20 17:00:00,33.2,1010.2,19.0,AWS-MUM-007,Mumbai,MUM,center,False,
2025-03-20 18:00:00,30.9,1011.4,34.0,AWS-MUM-007,Mumbai,MUM,center,False,
2025-03-20 19:00:00,80.65212323241886,859.8948314562622,0.0,AWS-MUM-007,Mumbai,MUM,center,True,unstructured_anomaly
2025-03-20 20:00:00,70.66178418889665,869.5286330588008,91.19343136479343,AWS-MUM-007,Mumbai,MUM,center,True,unstructured_anomaly
2025-03-20 21:00:00,-26.090247708692534,1100.0,0.0,AWS-MUM-007,Mumbai,MUM,center,True,unstructured_anomaly
2025-03-20 22:00:00,-18.928953393984532,1100.0,23.40898872365539,AWS-MUM-007,Mumbai,MUM,center,True,unstructured_anomaly
2025-03-20 23:00:00,26.8,1013.8,68.0,AWS-MUM-007,Mumbai,MUM,center,False,
2025-03-21 00:00:00,26.5,1013.6,68.0,AWS-MUM-007,Mumbai,MUM,center,False,
2025-03-21 01:00:00,26.2,1013.2,69.0,AWS-MUM-007,Mumbai,MUM,center,False,
2025-03-21 02:00:00,25.9,1012.5,67.0,AWS-MUM-007,Mumbai,MUM,center,False,
2025-03-21 03:00:00,25.7,1012.3,66.0,AWS-MUM-007,Mumbai,MUM,center,False,
2025-03-21 04:00:00,25.5,1012.4,67.0,AWS-MUM-007,Mumbai,MUM,center,False,
2025-03-21 05:00:00,25.3,1012.8,69.0,AWS-MUM-007,Mumbai,MUM,center,False,
2025-03-21 06:00:00,25.5,1013.6,73.0,AWS-MUM-007,Mumbai,MUM,center,False,
2025-03-21 07:00:00,25.6,1014.0,73.0,AWS-MUM-007,Mumbai,MUM,center,False,
2025-03-21 08:00:00,27.3,1015.0,63.0,AWS-MUM-007,Mumbai,MUM,center,False,
2025-03-21 09:00:00,29.3,1015.5,49.0,AWS-MUM-007,Mumbai,MUM,center,False,
2025-03-21 10:00:00,31.2,1015.4,41.0,AWS-MUM-007,Mumbai,MUM,center,False,
2025-03-21 11:00:00,32.4,1014.8,38.0,AWS-MUM-007,Mumbai,MUM,center,False,
2025-03-21 12:00:00,32.4,1013.7,42.0,AWS-MUM-007,Mumbai,MUM,center,False,
2025-03-21 13:00:00,32.2,1012.6,41.0,AWS-MUM-007,Mumbai,MUM,center,False,
2025-03-21 14:00:00,31.7,1011.7,41.0,AWS-MUM-007,Mumbai,MUM,center,False,
2025-03-21 15:00:00,31.2,1010.9,42.0,AWS-MUM-007,Mumbai,MUM,center,False,
2025-03-21 16:00:00,30.7,1010.5,41.0,AWS-MUM-007,Mumbai,MUM,center,False,
2025-03-21 17:00:00,29.4,1010.5,49.0,AWS-MUM-007,Mumbai,MUM,center,False,
2025-03-21 18:00:00,27.8,1011.2,61.0,AWS-MUM-007,Mumbai,MUM,center,False,
2025-03-21 19:00:00,27.2,1011.9,65.0,AWS-MUM-007,Mumbai,MUM,center,False,
2025-03-21 20:00:00,27.0,1012.5,64.0,AWS-MUM-007,Mumbai,MUM,center,False,
2025-03-21 21:00:00,26.7,1012.8,66.0,AWS-MUM-007,Mumbai,MUM,center,False,
2025-03-21 22:00:00,25.8,1013.0,70.0,AWS-MUM-007,Mumbai,MUM,center,False,
2025-03-21 23:00:00,25.3,1013.0,73.0,AWS-MUM-007,Mumbai,MUM,center,False,
2025-03-22 00:00:00,24.9,1012.9,76.0,AWS-MUM-007,Mumbai,MUM,center,False,
2025-03-22 01:00:00,24.3,1012.4,81.0,AWS-MUM-007,Mumbai,MUM,center,False,
2025-03-22 02:00:00,24.1,1012.0,84.0,AWS-MUM-007,Mumbai,MUM,center,False,
2025-03-22 03:00:00,23.6,1011.5,84.0,AWS-MUM-007,Mumbai,MUM,center,False,
2025-03-22 04:00:00,23.0,1011.6,83.0,AWS-MUM-007,Mumbai,MUM,center,False,
2025-03-22 05:00:00,22.6,1012.0,83.0,AWS-MUM-007,Mumbai,MUM,center,False,
2025-03-22 06:00:00,23.1,1012.6,85.0,AWS-MUM-007,Mumbai,MUM,center,False,
2025-03-22 07:00:00,23.6,1013.3,82.0,AWS-MUM-007,Mumbai,MUM,center,False,
2025-03-22 08:00:00,25.7,1014.3,70.0,AWS-MUM-007,Mumbai,MUM,center,False,
2025-03-22 09:00:00,28.2,1014.8,57.0,AWS-MUM-007,Mumbai,MUM,center,False,
2025-03-22 10:00:00,30.6,1014.4,44.0,AWS-MUM-007,Mumbai,MUM,center,False,
2025-03-22 11:00:00,32.2,1013.7,37.0,AWS-MUM-007,Mumbai,MUM,center,False,
2025-03-22 12:00:00,32.7,1012.7,40.0,AWS-MUM-007,Mumbai,MUM,center,False,
2025-03-22 13:00:00,32.3,1011.4,45.0,AWS-MUM-007,Mumbai,MUM,center,False,
2025-03-22 14:00:00,32.3,1010.4,43.0,AWS-MUM-007,Mumbai,MUM,center,False,
2025-03-22 15:00:00,31.7,1009.5,42.0,AWS-MUM-007,Mumbai,MUM,center,False,
2025-03-22 16:00:00,31.1,1009.1,45.0,AWS-MUM-007,Mumbai,MUM,center,False,
2025-03-22 17:00:00,30.2,1008.9,52.0,AWS-MUM-007,Mumbai,MUM,center,False,
2025-03-22 18:00:00,28.4,1009.7,64.0,AWS-MUM-007,Mumbai,MUM,center,False,
2025-03-22 19:00:00,27.5,1010.1,73.0,AWS-MUM-007,Mumbai,MUM,center,False,
2025-03-22 20:00:00,27.1,1010.7,76.0,AWS-MUM-007,Mumbai,MUM,center,False,
2025-03-22 21:00:00,26.8,1011.5,75.0,AWS-MUM-007,Mumbai,MUM,center,False,
2025-03-22 22:00:00,26.3,1012.1,75.0,AWS-MUM-007,Mumbai,MUM,center,False,
2025-03-22 23:00:00,26.2,1012.0,74.0,AWS-MUM-007,Mumbai,MUM,center,False,
2025-03-23 00:00:00,25.9,1011.4,74.0,AWS-MUM-007,Mumbai,MUM,center,False,
2025-03-23 01:00:00,25.9,1011.0,75.0,AWS-MUM-007,Mumbai,MUM,center,False,
2025-03-23 02:00:00,24.9,1010.3,81.0,AWS-MUM-007,Mumbai,MUM,center,False,
2025-03-23 03:00:00,24.7,1010.1,82.0,AWS-MUM-007,Mumbai,MUM,center,False,
2025-03-23 04:00:00,24.3,1010.4,84.0,AWS-MUM-007,Mumbai,MUM,center,False,
2025-03-23 05:00:00,23.7,1010.8,87.0,AWS-MUM-007,Mumbai,MUM,center,False,
2025-03-23 06:00:00,23.7,1011.8,92.0,AWS-MUM-007,Mumbai,MUM,center,False,
2025-03-23 07:00:00,24.5,1012.5,88.0,AWS-MUM-007,Mumbai,MUM,center,False,
2025-03-23 08:00:00,26.7,1013.2,78.0,AWS-MUM-007,Mumbai,MUM,center,False,
2025-03-23 09:00:00,29.0,1013.6,66.0,AWS-MUM-007,Mumbai,MUM,center,False,
2025-03-23 10:00:00,31.5,1013.6,53.0,AWS-MUM-007,Mumbai,MUM,center,False,
2025-03-23 11:00:00,32.9,1012.9,48.0,AWS-MUM-007,Mumbai,MUM,center,False,
2025-03-23 12:00:00,33.6,1011.6,48.0,AWS-MUM-007,Mumbai,MUM,center,False,
2025-03-23 13:00:00,33.8,1010.4,47.0,AWS-MUM-007,Mumbai,MUM,center,False,
2025-03-23 14:00:00,33.7,1009.5,43.0,AWS-MUM-007,Mumbai,MUM,center,False,
2025-03-23 15:00:00,33.1,1009.1,44.0,AWS-MUM-007,Mumbai,MUM,center,False,
2025-03-23 16:00:00,32.1,1008.9,44.0,AWS-MUM-007,Mumbai,MUM,center,False,
2025-03-23 17:00:00,30.9,1009.1,49.0,AWS-MUM-007,Mumbai,MUM,center,False,
2025-03-23 18:00:00,29.3,1009.9,67.0,AWS-MUM-007,Mumbai,MUM,center,False,
2025-03-23 19:00:00,28.5,1010.8,70.0,AWS-MUM-007,Mumbai,MUM,center,False,
2025-03-23 20:00:00,28.0,1011.5,75.0,AWS-MUM-007,Mumbai,MUM,center,False,
2025-03-23 21:00:00,27.7,1012.6,77.0,AWS-MUM-007,Mumbai,MUM,center,False,
2025-03-23 22:00:00,27.4,1013.0,75.0,AWS-MUM-007,Mumbai,MUM,center,False,
2025-03-23 23:00:00,27.1,1012.8,76.0,AWS-MUM-007,Mumbai,MUM,center,False,
2025-03-24 00:00:00,26.5,1012.4,83.0,AWS-MUM-007,Mumbai,MUM,center,False,
2025-03-24 01:00:00,26.0,1011.8,88.0,AWS-MUM-007,Mumbai,MUM,center,False,
2025-03-24 02:00:00,25.3,1011.2,92.0,AWS-MUM-007,Mumbai,MUM,center,False,
2025-03-24 03:00:00,25.1,1010.7,94.0,AWS-MUM-007,Mumbai,MUM,center,False,
2025-03-24 04:00:00,25.1,1010.7,94.0,AWS-MUM-007,Mumbai,MUM,center,False,
2025-03-24 05:00:00,24.6,1011.0,95.0,AWS-MUM-007,Mumbai,MUM,center,False,
2025-03-24 06:00:00,24.7,1012.0,98.0,AWS-MUM-007,Mumbai,MUM,center,False,
2025-03-24 07:00:00,25.4,1012.9,97.0,AWS-MUM-007,Mumbai,MUM,center,False,
2025-03-24 08:00:00,26.8,1013.9,88.0,AWS-MUM-007,Mumbai,MUM,center,False,
2025-03-24 09:00:00,28.8,1014.4,75.0,AWS-MUM-007,Mumbai,MUM,center,False,
2025-03-24 10:00:00,30.8,1014.0,64.0,AWS-MUM-007,Mumbai,MUM,center,False,
2025-03-24 11:00:00,32.1,1013.0,61.0,AWS-MUM-007,Mumbai,MUM,center,False,
2025-03-24 12:00:00,32.7,1011.7,58.0,AWS-MUM-007,Mumbai,MUM,center,False,
2025-03-24 13:00:00,32.9,1010.4,53.0,AWS-MUM-007,Mumbai,MUM,center,False,
2025-03-24 14:00:00,32.5,1009.3,51.0,AWS-MUM-007,Mumbai,MUM,center,False,
2025-03-24 15:00:00,32.2,1008.6,48.0,AWS-MUM-007,Mumbai,MUM,center,False,
2025-03-24 16:00:00,31.6,1008.3,47.0,AWS-MUM-007,Mumbai,MUM,center,False,
2025-03-24 17:00:00,30.5,1008.2,53.0,AWS-MUM-007,Mumbai,MUM,center,False,
2025-03-24 18:00:00,28.8,1009.0,69.0,AWS-MUM-007,Mumbai,MUM,center,False,
2025-03-24 19:00:00,28.1,,76.0,AWS-MUM-007,Mumbai,MUM,center,True,dropout
2025-03-24 20:00:00,27.8,1010.6,79.0,AWS-MUM-007,Mumbai,MUM,center,False,
2025-03-24 21:00:00,27.6,1011.6,77.0,AWS-MUM-007,Mumbai,MUM,center,False,
2025-03-24 22:00:00,27.4,1011.9,74.0,AWS-MUM-007,Mumbai,MUM,center,False,
2025-03-24 23:00:00,26.7,1011.2,77.0,AWS-MUM-007,Mumbai,MUM,center,False,
2025-03-25 00:00:00,26.0,1010.4,79.0,AWS-MUM-007,Mumbai,MUM,center,False,
2025-03-25 01:00:00,25.7,1009.4,78.0,AWS-MUM-007,Mumbai,MUM,center,False,
2025-03-25 02:00:00,26.0,1008.7,72.0,AWS-MUM-007,Mumbai,MUM,center,False,
2025-03-25 03:00:00,25.7,1008.3,73.0,AWS-MUM-007,Mumbai,MUM,center,False,
2025-03-25 04:00:00,25.1,1008.3,79.0,AWS-MUM-007,Mumbai,MUM,center,False,
2025-03-25 05:00:00,24.6,1008.4,85.0,AWS-MUM-007,Mumbai,MUM,center,False,
2025-03-25 06:00:00,24.8,1009.1,84.0,AWS-MUM-007,Mumbai,MUM,center,False,
2025-03-25 07:00:00,25.8,1009.8,81.0,AWS-MUM-007,Mumbai,MUM,center,False,
2025-03-25 08:00:00,28.1,1010.7,71.0,AWS-MUM-007,Mumbai,MUM,center,False,
2025-03-25 09:00:00,30.3,1010.9,60.0,AWS-MUM-007,Mumbai,MUM,center,False,
2025-03-25 10:00:00,31.8,1010.7,53.0,AWS-MUM-007,Mumbai,MUM,center,False,
2025-03-25 11:00:00,32.6,1010.0,52.0,AWS-MUM-007,Mumbai,MUM,center,False,
2025-03-25 12:00:00,33.0,1009.0,48.0,AWS-MUM-007,Mumbai,MUM,center,False,
2025-03-25 13:00:00,33.2,1007.7,42.0,AWS-MUM-007,Mumbai,MUM,center,False,
2025-03-25 14:00:00,33.0,1006.8,42.0,AWS-MUM-007,Mumbai,MUM,center,False,
2025-03-25 15:00:00,32.5,1006.2,44.0,AWS-MUM-007,Mumbai,MUM,center,False,
2025-03-25 16:00:00,31.5,1005.9,51.0,AWS-MUM-007,Mumbai,MUM,center,False,
2025-03-25 17:00:00,30.2,1006.0,59.0,AWS-MUM-007,Mumbai,MUM,center,False,
2025-03-25 18:00:00,28.8,1006.2,72.0,AWS-MUM-007,Mumbai,MUM,center,False,
2025-03-25 19:00:00,28.0,1006.9,78.0,AWS-MUM-007,Mumbai,MUM,center,False,
2025-03-25 20:00:00,27.8,1008.1,80.0,AWS-MUM-007,Mumbai,MUM,center,False,
2025-03-25 21:00:00,27.6,1008.9,77.0,AWS-MUM-007,Mumbai,MUM,center,False,
2025-03-25 22:00:00,27.1,1009.1,78.0,AWS-MUM-007,Mumbai,MUM,center,False,
2025-03-25 23:00:00,26.7,1008.7,80.0,AWS-MUM-007,Mumbai,MUM,center,False,
2025-03-26 00:00:00,26.1,1008.2,81.0,AWS-MUM-007,Mumbai,MUM,center,False,
2025-03-26 01:00:00,25.7,1007.6,83.0,AWS-MUM-007,Mumbai,MUM,center,False,
2025-03-26 02:00:00,25.4,1006.9,84.0,AWS-MUM-007,Mumbai,MUM,center,False,
2025-03-26 03:00:00,24.7,1006.4,88.0,AWS-MUM-007,Mumbai,MUM,center,False,
2025-03-26 04:00:00,24.1,1006.6,91.0,AWS-MUM-007,Mumbai,MUM,center,False,
2025-03-26 05:00:00,23.9,1006.9,92.0,AWS-MUM-007,Mumbai,MUM,center,False,
2025-03-26 06:00:00,25.0,1007.7,89.0,AWS-MUM-007,Mumbai,MUM,center,False,
2025-03-26 07:00:00,25.8,1008.4,86.0,AWS-MUM-007,Mumbai,MUM,center,False,
2025-03-26 08:00:00,27.4,1009.4,79.0,AWS-MUM-007,Mumbai,MUM,center,False,
2025-03-26 09:00:00,29.1,1009.8,68.0,AWS-MUM-007,Mumbai,MUM,center,False,
2025-03-26 10:00:00,30.5,1009.9,60.0,AWS-MUM-007,Mumbai,MUM,center,False,
2025-03-26 11:00:00,31.2,1009.4,58.0,AWS-MUM-007,Mumbai,MUM,center,True,frozen_value
2025-03-26 12:00:00,31.5,1008.7,58.05347789700295,AWS-MUM-007,Mumbai,MUM,center,True,frozen_value
2025-03-26 13:00:00,31.6,1007.9,58.15164648379605,AWS-MUM-007,Mumbai,MUM,center,True,frozen_value
2025-03-26 14:00:00,31.3,1007.0,58.1938762683501,AWS-MUM-007,Mumbai,MUM,center,True,frozen_value
2025-03-26 15:00:00,31.1,1006.4,58.15976531090512,AWS-MUM-007,Mumbai,MUM,center,True,frozen_value
2025-03-26 16:00:00,30.3,1006.2,58.176079453505984,AWS-MUM-007,Mumbai,MUM,center,True,frozen_value
2025-03-26 17:00:00,29.3,1006.4,58.184831423541354,AWS-MUM-007,Mumbai,MUM,center,True,frozen_value
2025-03-26 18:00:00,28.1,1006.6,58.160038015213026,AWS-MUM-007,Mumbai,MUM,center,True,frozen_value
2025-03-26 19:00:00,27.4,1007.2,77.0,AWS-MUM-007,Mumbai,MUM,center,False,
2025-03-26 20:00:00,27.0,1008.1,81.0,AWS-MUM-007,Mumbai,MUM,center,False,
2025-03-26 21:00:00,26.9,1009.2,81.0,AWS-MUM-007,Mumbai,MUM,center,False,
2025-03-26 22:00:00,26.5,1009.7,82.0,AWS-MUM-007,Mumbai,MUM,center,False,
2025-03-26 23:00:00,25.9,1009.9,85.0,AWS-MUM-007,Mumbai,MUM,center,False,
2025-03-27 00:00:00,25.6,1009.5,87.0,AWS-MUM-007,Mumbai,MUM,center,False,
2025-03-27 01:00:00,25.3,1009.0,89.0,AWS-MUM-007,Mumbai,MUM,center,False,
2025-03-27 02:00:00,24.8,1008.4,91.0,AWS-MUM-007,Mumbai,MUM,center,False,
2025-03-27 03:00:00,24.5,1008.0,93.0,AWS-MUM-007,Mumbai,MUM,center,False,
2025-03-27 04:00:00,24.3,1008.1,94.0,AWS-MUM-007,Mumbai,MUM,center,False,
2025-03-27 05:00:00,24.4,1008.5,93.0,AWS-MUM-007,Mumbai,MUM,center,False,
2025-03-27 06:00:00,25.0,1009.6,92.0,AWS-MUM-007,Mumbai,MUM,center,False,
2025-03-27 07:00:00,25.2,1010.2,,AWS-MUM-007,Mumbai,MUM,center,True,dropout
2025-03-27 08:00:00,26.8,1010.9,81.0,AWS-MUM-007,Mumbai,MUM,center,False,
2025-03-27 09:00:00,28.5,1011.2,71.0,AWS-MUM-007,Mumbai,MUM,center,False,
2025-03-27 10:00:00,29.7,1011.2,64.0,AWS-MUM-007,Mumbai,MUM,center,False,
2025-03-27 11:00:00,30.2,1011.0,61.0,AWS-MUM-007,Mumbai,MUM,center,False,
2025-03-27 12:00:00,30.6,1010.2,56.0,AWS-MUM-007,Mumbai,MUM,center,False,
2025-03-27 13:00:00,30.8,1009.3,54.0,AWS-MUM-007,Mumbai,MUM,center,False,
2025-03-27 14:00:00,30.3,1008.6,56.0,AWS-MUM-007,Mumbai,MUM,center,False,
2025-03-27 15:00:00,29.9,1007.6,59.0,AWS-MUM-007,Mumbai,MUM,center,False,
2025-03-27 16:00:00,29.3,1007.1,61.0,AWS-MUM-007,Mumbai,MUM,center,False,
2025-03-27 17:00:00,28.5,1007.1,65.0,AWS-MUM-007,Mumbai,MUM,center,False,
2025-03-27 18:00:00,27.2,1007.5,73.0,AWS-MUM-007,Mumbai,MUM,center,False,
2025-03-27 19:00:00,26.6,1008.0,76.0,AWS-MUM-007,Mumbai,MUM,center,False,
2025-03-27 20:00:00,26.4,1008.6,76.0,AWS-MUM-007,Mumbai,MUM,center,False,
2025-03-27 21:00:00,26.2,1009.0,77.0,AWS-MUM-007,Mumbai,MUM,center,False,
2025-03-27 22:00:00,26.0,1009.4,78.0,AWS-MUM-007,Mumbai,MUM,center,False,
2025-03-27 23:00:00,25.8,1009.4,78.0,AWS-MUM-007,Mumbai,MUM,center,False,
2025-03-28 00:00:00,25.4,1009.0,80.0,AWS-MUM-007,Mumbai,MUM,center,False,
2025-03-28 01:00:00,25.0,1008.5,83.0,AWS-MUM-007,Mumbai,MUM,center,False,
2025-03-28 02:00:00,24.5,1007.9,85.0,AWS-MUM-007,Mumbai,MUM,center,False,
2025-03-28 03:00:00,24.2,1007.4,88.0,AWS-MUM-007,Mumbai,MUM,center,False,
2025-03-28 04:00:00,24.0,1007.6,89.0,AWS-MUM-007,Mumbai,MUM,center,False,
2025-03-28 05:00:00,23.7,1008.1,89.0,AWS-MUM-007,Mumbai,MUM,center,False,
2025-03-28 06:00:00,23.9,1008.9,87.0,AWS-MUM-007,Mumbai,MUM,center,False,
2025-03-28 07:00:00,24.4,1009.4,85.0,AWS-MUM-007,Mumbai,MUM,center,False,
2025-03-28 08:00:00,26.6,1010.3,75.0,AWS-MUM-007,Mumbai,MUM,center,False,
2025-03-28 09:00:00,-39.96646150626115,1010.6,65.0,AWS-MUM-007,Mumbai,MUM,center,True,sensor_fail_low
2025-03-28 10:00:00,-39.901451806990636,1010.4,54.0,AWS-MUM-007,Mumbai,MUM,center,True,sensor_fail_low
2025-03-28 11:00:00,-40.1083200655825,1009.6,49.0,AWS-MUM-007,Mumbai,MUM,center,True,sensor_fail_low
2025-03-28 12:00:00,-39.92908204226987,1008.8,52.0,AWS-MUM-007,Mumbai,MUM,center,True,sensor_fail_low
2025-03-28 13:00:00,32.3,1007.6,51.0,AWS-MUM-007,Mumbai,MUM,center,False,
2025-03-28 14:00:00,32.0,1006.4,52.0,AWS-MUM-007,Mumbai,MUM,center,False,
2025-03-28 15:00:00,32.1,1030.5287284651736,51.0,AWS-MUM-007,Mumbai,MUM,center,True,spike
2025-03-28 16:00:00,31.7,1005.0,50.0,AWS-MUM-007,Mumbai,MUM,center,False,
2025-03-28 17:00:00,31.2,1005.1,50.0,AWS-MUM-007,Mumbai,MUM,center,False,
2025-03-28 18:00:00,30.3,1005.4,49.0,AWS-MUM-007,Mumbai,MUM,center,False,
2025-03-28 19:00:00,29.9,1005.8,47.0,AWS-MUM-007,Mumbai,MUM,center,False,
2025-03-28 20:00:00,30.3,1006.8,37.0,AWS-MUM-007,Mumbai,MUM,center,False,
2025-03-28 21:00:00,30.1,1007.4,35.0,AWS-MUM-007,Mumbai,MUM,center,False,
2025-03-28 22:00:00,29.9,1007.8,32.0,AWS-MUM-007,Mumbai,MUM,center,False,
2025-03-28 23:00:00,29.4,1007.9,30.0,AWS-MUM-007,Mumbai,MUM,center,False,
2025-03-29 00:00:00,28.7,1007.5,29.0,AWS-MUM-007,Mumbai,MUM,center,False,
2025-03-29 01:00:00,28.5,1006.8,29.0,AWS-MUM-007,Mumbai,MUM,center,False,
2025-03-29 02:00:00,107.21496201668987,1004.7491649958806,100.0,AWS-MUM-007,Mumbai,MUM,center,True,multivariate_inconsistency
2025-03-29 03:00:00,106.51496201668986,1005.1713568808462,100.0,AWS-MUM-007,Mumbai,MUM,center,True,multivariate_inconsistency
2025-03-29 04:00:00,106.11496201668987,1003.1242108765558,100.0,AWS-MUM-007,Mumbai,MUM,center,True,multivariate_inconsistency
2025-03-29 05:00:00,105.91496201668987,1005.8759227418282,100.0,AWS-MUM-007,Mumbai,MUM,center,True,multivariate_inconsistency
2025-03-29 06:00:00,26.4,1006.3,30.0,AWS-MUM-007,Mumbai,MUM,center,False,
2025-03-29 07:00:00,26.8,1006.9,25.0,AWS-MUM-007,Mumbai,MUM,center,False,
2025-03-29 08:00:00,28.6,1007.8,20.0,AWS-MUM-007,Mumbai,MUM,center,False,
2025-03-29 09:00:00,31.3,1008.4,16.0,AWS-MUM-007,Mumbai,MUM,center,False,
2025-03-29 10:00:00,34.1,1008.3,15.0,AWS-MUM-007,Mumbai,MUM,center,False,
2025-03-29 11:00:00,35.9,1007.7,16.0,AWS-MUM-007,Mumbai,MUM,center,False,
2025-03-29 12:00:00,36.2,1006.9,20.0,AWS-MUM-007,Mumbai,MUM,center,False,
2025-03-29 13:00:00,36.2,1005.8,22.0,AWS-MUM-007,Mumbai,MUM,center,False,
2025-03-29 14:00:00,36.0,1004.9,23.0,AWS-MUM-007,Mumbai,MUM,center,False,
2025-03-29 15:00:00,35.4,1004.1,24.0,AWS-MUM-007,Mumbai,MUM,center,False,
2025-03-29 16:00:00,34.1,1003.9,30.0,AWS-MUM-007,Mumbai,MUM,center,False,
2025-03-29 17:00:00,32.6,1003.9,37.0,AWS-MUM-007,Mumbai,MUM,center,False,
2025-03-29 18:00:00,30.5,1004.6,50.0,AWS-MUM-007,Mumbai,MUM,center,False,
2025-03-29 19:00:00,29.6,1005.2,54.0,AWS-MUM-007,Mumbai,MUM,center,False,
2025-03-29 20:00:00,30.0,1006.4,47.0,AWS-MUM-007,Mumbai,MUM,center,False,
2025-03-29 21:00:00,30.8,1007.3,29.0,AWS-MUM-007,Mumbai,MUM,center,False,
2025-03-29 22:00:00,31.0,1007.6,23.0,AWS-MUM-007,Mumbai,MUM,center,False,
2025-03-29 23:00:00,30.8,1007.6,25.0,AWS-MUM-007,Mumbai,MUM,center,False,
2025-03-30 00:00:00,30.0,1007.4,30.0,AWS-MUM-007,Mumbai,MUM,center,False,
2025-03-30 01:00:00,28.3,1006.8,53.0,AWS-MUM-007,Mumbai,MUM,center,False,
2025-03-30 02:00:00,27.7,1006.0,61.0,AWS-MUM-007,Mumbai,MUM,center,False,
2025-03-30 03:00:00,27.6,1005.6,64.0,AWS-MUM-007,Mumbai,MUM,center,False,
2025-03-30 04:00:00,27.3,1005.6,68.0,AWS-MUM-007,Mumbai,MUM,center,False,
2025-03-30 05:00:00,26.8,1005.9,71.0,AWS-MUM-007,Mumbai,MUM,center,False,
2025-03-30 06:00:00,26.6,1006.9,74.0,AWS-MUM-007,Mumbai,MUM,center,False,
2025-03-30 07:00:00,26.8,1007.7,72.0,AWS-MUM-007,Mumbai,MUM,center,False,
2025-03-30 08:00:00,28.9,1008.6,53.0,AWS-MUM-007,Mumbai,MUM,center,False,
2025-03-30 09:00:00,31.8,1008.8,26.0,AWS-MUM-007,Mumbai,MUM,center,False,
2025-03-30 10:00:00,34.8,1008.5,17.0,AWS-MUM-007,Mumbai,MUM,center,False,
2025-03-30 11:00:00,37.0,1008.0,16.0,AWS-MUM-007,Mumbai,MUM,center,False,
2025-03-30 12:00:00,37.7,1007.3,17.0,AWS-MUM-007,Mumbai,MUM,center,False,
2025-03-30 13:00:00,36.8,1006.2,23.0,AWS-MUM-007,Mumbai,MUM,center,False,
2025-03-30 14:00:00,36.1,1005.3,22.0,AWS-MUM-007,Mumbai,MUM,center,False,
2025-03-30 15:00:00,35.4,1004.5,25.0,AWS-MUM-007,Mumbai,MUM,center,False,
2025-03-30 16:00:00,35.1,1003.9,28.0,AWS-MUM-007,Mumbai,MUM,center,False,
2025-03-30 17:00:00,33.9,1004.0,31.0,AWS-MUM-007,Mumbai,MUM,center,False,
2025-03-30 18:00:00,32.2,1004.9,36.0,AWS-MUM-007,Mumbai,MUM,center,False,
2025-03-30 19:00:00,31.4,1005.6,38.0,AWS-MUM-007,Mumbai,MUM,center,False,
2025-03-30 20:00:00,32.3,1006.9,25.0,AWS-MUM-007,Mumbai,MUM,center,False,
2025-03-30 21:00:00,31.6,1008.2,27.0,AWS-MUM-007,Mumbai,MUM,center,False,
2025-03-30 22:00:00,30.5,1008.6,30.0,AWS-MUM-007,Mumbai,MUM,center,False,
2025-03-30 23:00:00,29.9,1008.8,37.0,AWS-MUM-007,Mumbai,MUM,center,False,
2025-03-31 00:00:00,28.7,1008.3,57.0,AWS-MUM-007,Mumbai,MUM,center,False,
2025-03-31 01:00:00,28.4,1007.8,63.0,AWS-MUM-007,Mumbai,MUM,center,False,
2025-03-31 02:00:00,28.2,1007.1,60.0,AWS-MUM-007,Mumbai,MUM,center,False,
2025-03-31 03:00:00,28.1,1006.5,56.0,AWS-MUM-007,Mumbai,MUM,center,False,
2025-03-31 04:00:00,27.9,1006.5,54.0,AWS-MUM-007,Mumbai,MUM,center,False,
2025-03-31 05:00:00,26.8,1007.1,56.0,AWS-MUM-007,Mumbai,MUM,center,False,
2025-03-31 06:00:00,25.5,1007.7,76.0,AWS-MUM-007,Mumbai,MUM,center,False,
2025-03-31 07:00:00,26.7,1008.1,70.0,AWS-MUM-007,Mumbai,MUM,center,False,
2025-03-31 08:00:00,29.3,1008.7,57.0,AWS-MUM-007,Mumbai,MUM,center,False,
2025-03-31 09:00:00,31.2,1009.1,47.0,AWS-MUM-007,Mumbai,MUM,center,False,
2025-03-31 10:00:00,33.4,1009.0,39.0,AWS-MUM-007,Mumbai,MUM,center,False,
2025-03-31 11:00:00,34.8,1008.4,36.0,AWS-MUM-007,Mumbai,MUM,center,False,
2025-03-31 12:00:00,35.5,1007.8,34.0,AWS-MUM-007,Mumbai,MUM,center,False,
2025-03-31 13:00:00,36.3,1006.5,26.0,AWS-MUM-007,Mumbai,MUM,center,False,
2025-03-31 14:00:00,37.1,1005.6,19.0,AWS-MUM-007,Mumbai,MUM,center,False,
2025-03-31 15:00:00,36.5,1004.9,24.0,AWS-MUM-007,Mumbai,MUM,center,False,
2025-03-31 16:00:00,35.2,1004.5,28.0,AWS-MUM-007,Mumbai,MUM,center,False,
2025-03-31 17:00:00,33.6,1004.4,35.0,AWS-MUM-007,Mumbai,MUM,center,False,
2025-03-31 18:00:00,31.8,1005.0,38.0,AWS-MUM-007,Mumbai,MUM,center,False,
2025-03-31 19:00:00,31.5,1005.7,37.0,AWS-MUM-007,Mumbai,MUM,center,False,
2025-03-31 20:00:00,32.0,1006.5,29.0,AWS-MUM-007,Mumbai,MUM,center,False,
2025-03-31 21:00:00,31.6,1007.3,29.0,AWS-MUM-007,Mumbai,MUM,center,False,
2025-03-31 22:00:00,30.6,1007.9,38.0,AWS-MUM-007,Mumbai,MUM,center,False,
2025-03-31 23:00:00,29.9,1007.6,46.0,AWS-MUM-007,Mumbai,MUM,center,False,
