timestamp,temperature_c,pressure_hpa,humidity_pct,station_id,station_name,cluster_id,role
2025-01-01 00:00:00,14.2,960.7,94,AWS-BHO-030,Bhopal,BHO,center
2025-01-01 01:00:00,13.6,960.2,95,AWS-BHO-030,Bhopal,BHO,center
2025-01-01 02:00:00,13.1,959.5,96,AWS-BHO-030,Bhopal,BHO,center
2025-01-01 03:00:00,12.6,959.1,96,AWS-BHO-030,Bhopal,BHO,center
2025-01-01 04:00:00,12.1,958.9,97,AWS-BHO-030,Bhopal,BHO,center
2025-01-01 05:00:00,11.6,959.0,97,AWS-BHO-030,Bhopal,BHO,center
2025-01-01 06:00:00,10.9,959.8,98,AWS-BHO-030,Bhopal,BHO,center
2025-01-01 07:00:00,10.9,960.5,98,AWS-BHO-030,Bhopal,BHO,center
2025-01-01 08:00:00,12.5,961.6,93,AWS-BHO-030,Bhopal,BHO,center
2025-01-01 09:00:00,14.9,962.6,86,AWS-BHO-030,Bhopal,BHO,center
2025-01-01 10:00:00,17.3,962.9,78,AWS-BHO-030,Bhopal,BHO,center
2025-01-01 11:00:00,19.2,962.5,70,AWS-BHO-030,Bhopal,BHO,center
2025-01-01 12:00:00,20.5,961.6,64,AWS-BHO-030,Bhopal,BHO,center
2025-01-01 13:00:00,21.3,960.6,58,AWS-BHO-030,Bhopal,BHO,center
2025-01-01 14:00:00,21.6,959.8,54,AWS-BHO-030,Bhopal,BHO,center
2025-01-01 15:00:00,21.4,959.4,52,AWS-BHO-030,Bhopal,BHO,center
2025-01-01 16:00:00,20.5,959.4,56,AWS-BHO-030,Bhopal,BHO,center
2025-01-01 17:00:00,18.4,959.0,67,AWS-BHO-030,Bhopal,BHO,center
2025-01-01 18:00:00,16.3,959.3,77,AWS-BHO-030,Bhopal,BHO,center
2025-01-01 19:00:00,15.1,959.6,82,AWS-BHO-030,Bhopal,BHO,center
2025-01-01 20:00:00,14.3,960.3,84,AWS-BHO-030,Bhopal,BHO,center
2025-01-01 21:00:00,13.7,960.7,83,AWS-BHO-030,Bhopal,BHO,center
2025-01-01 22:00:00,13.1,960.8,83,AWS-BHO-030,Bhopal,BHO,center
2025-01-01 23:00:00,12.6,960.5,84,AWS-BHO-030,Bhopal,BHO,center
2025-01-02 00:00:00,12.2,960.0,86,AWS-BHO-030,Bhopal,BHO,center
2025-01-02 01:00:00,12.0,959.4,88,AWS-BHO-030,Bhopal,BHO,center
2025-01-02 02:00:00,11.5,958.8,90,AWS-BHO-030,Bhopal,BHO,center
2025-01-02 03:00:00,10.5,958.4,93,AWS-BHO-030,Bhopal,BHO,center
2025-01-02 04:00:00,10.0,958.4,94,AWS-BHO-030,Bhopal,BHO,center
2025-01-02 05:00:00,9.5,958.7,94,AWS-BHO-030,Bhopal,BHO,center
2025-01-02 06:00:00,9.7,959.5,92,AWS-BHO-030,Bhopal,BHO,center
2025-01-02 07:00:00,9.7,960.1,89,AWS-BHO-030,Bhopal,BHO,center
2025-01-02 08:00:00,11.7,961.2,83,AWS-BHO-030,Bhopal,BHO,center
2025-01-02 09:00:00,15.1,962.4,71,AWS-BHO-030,Bhopal,BHO,center
2025-01-02 10:00:00,17.8,963.0,58,AWS-BHO-030,Bhopal,BHO,center
2025-01-02 11:00:00,20.0,962.6,48,AWS-BHO-030,Bhopal,BHO,center
2025-01-02 12:00:00,21.6,961.6,42,AWS-BHO-030,Bhopal,BHO,center
2025-01-02 13:00:00,22.7,960.7,39,AWS-BHO-030,Bhopal,BHO,center
2025-01-02 14:00:00,23.1,960.1,38,AWS-BHO-030,Bhopal,BHO,center
2025-01-02 15:00:00,22.9,959.9,40,AWS-BHO-030,Bhopal,BHO,center
2025-01-02 16:00:00,21.7,959.7,52,AWS-BHO-030,Bhopal,BHO,center
2025-01-02 17:00:00,19.1,959.6,67,AWS-BHO-030,Bhopal,BHO,center
2025-01-02 18:00:00,17.7,960.1,72,AWS-BHO-030,Bhopal,BHO,center
2025-01-02 19:00:00,16.8,960.8,76,AWS-BHO-030,Bhopal,BHO,center
2025-01-02 20:00:00,16.0,961.3,80,AWS-BHO-030,Bhopal,BHO,center
2025-01-02 21:00:00,15.7,961.2,78,AWS-BHO-030,Bhopal,BHO,center
2025-01-02 22:00:00,15.3,961.2,77,AWS-BHO-030,Bhopal,BHO,center
2025-01-02 23:00:00,14.9,960.5,76,AWS-BHO-030,Bhopal,BHO,center
2025-01-03 00:00:00,14.3,959.9,76,AWS-BHO-030,Bhopal,BHO,center
2025-01-03 01:00:00,13.0,959.2,80,AWS-BHO-030,Bhopal,BHO,center
2025-01-03 02:00:00,12.0,958.9,82,AWS-BHO-030,Bhopal,BHO,center
2025-01-03 03:00:00,11.7,958.8,82,AWS-BHO-030,Bhopal,BHO,center
2025-01-03 04:00:00,11.6,958.6,83,AWS-BHO-030,Bhopal,BHO,center
2025-01-03 05:00:00,11.3,958.7,84,AWS-BHO-030,Bhopal,BHO,center
2025-01-03 06:00:00,11.2,959.5,85,AWS-BHO-030,Bhopal,BHO,center
2025-01-03 07:00:00,11.2,960.1,85,AWS-BHO-030,Bhopal,BHO,center
2025-01-03 08:00:00,13.6,961.3,80,AWS-BHO-030,Bhopal,BHO,center
2025-01-03 09:00:00,16.9,962.4,72,AWS-BHO-030,Bhopal,BHO,center
2025-01-03 10:00:00,19.9,963.3,63,AWS-BHO-030,Bhopal,BHO,center
2025-01-03 11:00:00,22.0,962.7,54,AWS-BHO-030,Bhopal,BHO,center
2025-01-03 12:00:00,23.4,962.0,49,AWS-BHO-030,Bhopal,BHO,center
2025-01-03 13:00:00,24.2,961.0,45,AWS-BHO-030,Bhopal,BHO,center
2025-01-03 14:00:00,24.5,960.3,44,AWS-BHO-030,Bhopal,BHO,center
2025-01-03 15:00:00,24.3,959.9,45,AWS-BHO-030,Bhopal,BHO,center
2025-01-03 16:00:00,23.4,959.5,54,AWS-BHO-030,Bhopal,BHO,center
2025-01-03 17:00:00,20.7,959.2,68,AWS-BHO-030,Bhopal,BHO,center
2025-01-03 18:00:00,19.3,959.5,70,AWS-BHO-030,Bhopal,BHO,center
2025-01-03 19:00:00,17.8,959.9,75,AWS-BHO-030,Bhopal,BHO,center
2025-01-03 20:00:00,16.9,960.3,77,AWS-BHO-030,Bhopal,BHO,center
2025-01-03 21:00:00,16.2,960.2,78,AWS-BHO-030,Bhopal,BHO,center
2025-01-03 22:00:00,15.5,960.2,80,AWS-BHO-030,Bhopal,BHO,center
2025-01-03 23:00:00,14.9,959.6,82,AWS-BHO-030,Bhopal,BHO,center
2025-01-04 00:00:00,14.5,959.0,81,AWS-BHO-030,Bhopal,BHO,center
2025-01-04 01:00:00,14.2,958.2,81,AWS-BHO-030,Bhopal,BHO,center
2025-01-04 02:00:00,13.8,957.7,82,AWS-BHO-030,Bhopal,BHO,center
2025-01-04 03:00:00,13.3,957.2,82,AWS-BHO-030,Bhopal,BHO,center
2025-01-04 04:00:00,12.8,956.8,83,AWS-BHO-030,Bhopal,BHO,center
2025-01-04 05:00:00,11.9,956.9,84,AWS-BHO-030,Bhopal,BHO,center
2025-01-04 06:00:00,11.7,957.7,84,AWS-BHO-030,Bhopal,BHO,center
2025-01-04 07:00:00,11.8,958.6,83,AWS-BHO-030,Bhopal,BHO,center
2025-01-04 08:00:00,14.0,959.8,78,AWS-BHO-030,Bhopal,BHO,center
2025-01-04 09:00:00,17.2,960.9,72,AWS-BHO-030,Bhopal,BHO,center
2025-01-04 10:00:00,20.1,961.6,62,AWS-BHO-030,Bhopal,BHO,center
2025-01-04 11:00:00,22.2,961.3,52,AWS-BHO-030,Bhopal,BHO,center
2025-01-04 12:00:00,23.5,960.2,45,AWS-BHO-030,Bhopal,BHO,center
2025-01-04 13:00:00,24.2,959.3,43,AWS-BHO-030,Bhopal,BHO,center
2025-01-04 14:00:00,24.4,958.3,43,AWS-BHO-030,Bhopal,BHO,center
2025-01-04 15:00:00,24.2,957.8,44,AWS-BHO-030,Bhopal,BHO,center
2025-01-04 16:00:00,23.2,957.3,52,AWS-BHO-030,Bhopal,BHO,center
2025-01-04 17:00:00,20.7,957.1,67,AWS-BHO-030,Bhopal,BHO,center
2025-01-04 18:00:00,19.2,957.7,72,AWS-BHO-030,Bhopal,BHO,center
2025-01-04 19:00:00,17.8,958.3,77,AWS-BHO-030,Bhopal,BHO,center
2025-01-04 20:00:00,16.4,958.7,82,AWS-BHO-030,Bhopal,BHO,center
2025-01-04 21:00:00,15.3,958.5,86,AWS-BHO-030,Bhopal,BHO,center
2025-01-04 22:00:00,14.8,958.5,86,AWS-BHO-030,Bhopal,BHO,center
2025-01-04 23:00:00,14.5,957.9,83,AWS-BHO-030,Bhopal,BHO,center
2025-01-05 00:00:00,14.0,957.2,81,AWS-BHO-030,Bhopal,BHO,center
2025-01-05 01:00:00,13.5,956.6,82,AWS-BHO-030,Bhopal,BHO,center
2025-01-05 02:00:00,13.2,956.1,82,AWS-BHO-030,Bhopal,BHO,center
2025-01-05 03:00:00,12.7,955.9,82,AWS-BHO-030,Bhopal,BHO,center
2025-01-05 04:00:00,12.0,955.7,81,AWS-BHO-030,Bhopal,BHO,center
2025-01-05 05:00:00,11.8,956.0,76,AWS-BHO-030,Bhopal,BHO,center
2025-01-05 06:00:00,13.1,957.0,71,AWS-BHO-030,Bhopal,BHO,center
2025-01-05 07:00:00,13.0,957.5,70,AWS-BHO-030,Bhopal,BHO,center
2025-01-05 08:00:00,14.6,958.6,65,AWS-BHO-030,Bhopal,BHO,center
2025-01-05 09:00:00,17.0,959.8,61,AWS-BHO-030,Bhopal,BHO,center
2025-01-05 10:00:00,19.0,960.0,58,AWS-BHO-030,Bhopal,BHO,center
2025-01-05 11:00:00,21.3,959.7,54,AWS-BHO-030,Bhopal,BHO,center
2025-01-05 12:00:00,22.3,958.9,51,AWS-BHO-030,Bhopal,BHO,center
2025-01-05 13:00:00,22.0,957.9,53,AWS-BHO-030,Bhopal,BHO,center
2025-01-05 14:00:00,21.8,957.1,55,AWS-BHO-030,Bhopal,BHO,center
2025-01-05 15:00:00,21.5,956.6,59,AWS-BHO-030,Bhopal,BHO,center
2025-01-05 16:00:00,20.5,956.0,69,AWS-BHO-030,Bhopal,BHO,center
2025-01-05 17:00:00,19.6,956.2,76,AWS-BHO-030,Bhopal,BHO,center
2025-01-05 18:00:00,18.3,957.0,76,AWS-BHO-030,Bhopal,BHO,center
2025-01-05 19:00:00,17.4,957.1,76,AWS-BHO-030,Bhopal,BHO,center
2025-01-05 20:00:00,16.6,957.7,79,AWS-BHO-030,Bhopal,BHO,center
2025-01-05 21:00:00,16.4,957.7,77,AWS-BHO-030,Bhopal,BHO,center
2025-01-05 22:00:00,16.1,957.3,75,AWS-BHO-030,Bhopal,BHO,center
2025-01-05 23:00:00,14.9,957.0,82,AWS-BHO-030,Bhopal,BHO,center
2025-01-06 00:00:00,14.1,956.5,85,AWS-BHO-030,Bhopal,BHO,center
2025-01-06 01:00:00,14.8,956.1,84,AWS-BHO-030,Bhopal,BHO,center
2025-01-06 02:00:00,14.4,955.7,85,AWS-BHO-030,Bhopal,BHO,center
2025-01-06 03:00:00,13.6,955.2,85,AWS-BHO-030,Bhopal,BHO,center
2025-01-06 04:00:00,13.1,955.2,82,AWS-BHO-030,Bhopal,BHO,center
2025-01-06 05:00:00,12.7,955.3,81,AWS-BHO-030,Bhopal,BHO,center
2025-01-06 06:00:00,12.7,956.1,83,AWS-BHO-030,Bhopal,BHO,center
2025-01-06 07:00:00,12.9,956.7,82,AWS-BHO-030,Bhopal,BHO,center
2025-01-06 08:00:00,15.1,957.9,76,AWS-BHO-030,Bhopal,BHO,center
2025-01-06 09:00:00,18.2,959.3,70,AWS-BHO-030,Bhopal,BHO,center
2025-01-06 10:00:00,21.2,959.9,60,AWS-BHO-030,Bhopal,BHO,center
2025-01-06 11:00:00,23.3,959.5,50,AWS-BHO-030,Bhopal,BHO,center
2025-01-06 12:00:00,24.5,958.6,48,AWS-BHO-030,Bhopal,BHO,center
2025-01-06 13:00:00,25.2,957.7,46,AWS-BHO-030,Bhopal,BHO,center
2025-01-06 14:00:00,25.5,957.1,43,AWS-BHO-030,Bhopal,BHO,center
2025-01-06 15:00:00,25.2,956.8,44,AWS-BHO-030,Bhopal,BHO,center
2025-01-06 16:00:00,24.4,956.6,49,AWS-BHO-030,Bhopal,BHO,center
2025-01-06 17:00:00,22.5,956.6,61,AWS-BHO-030,Bhopal,BHO,center
2025-01-06 18:00:00,20.8,957.0,71,AWS-BHO-030,Bhopal,BHO,center
2025-01-06 19:00:00,19.6,957.5,75,AWS-BHO-030,Bhopal,BHO,center
2025-01-06 20:00:00,18.5,958.2,80,AWS-BHO-030,Bhopal,BHO,center
2025-01-06 21:00:00,17.4,958.8,81,AWS-BHO-030,Bhopal,BHO,center
2025-01-06 22:00:00,16.4,959.1,84,AWS-BHO-030,Bhopal,BHO,center
2025-01-06 23:00:00,15.5,959.1,90,AWS-BHO-030,Bhopal,BHO,center
2025-01-07 00:00:00,14.7,959.0,94,AWS-BHO-030,Bhopal,BHO,center
2025-01-07 01:00:00,14.0,958.9,95,AWS-BHO-030,Bhopal,BHO,center
2025-01-07 02:00:00,13.2,958.9,95,AWS-BHO-030,Bhopal,BHO,center
2025-01-07 03:00:00,12.5,958.9,95,AWS-BHO-030,Bhopal,BHO,center
2025-01-07 04:00:00,11.9,958.9,95,AWS-BHO-030,Bhopal,BHO,center
2025-01-07 05:00:00,11.5,959.2,95,AWS-BHO-030,Bhopal,BHO,center
2025-01-07 06:00:00,10.5,960.3,96,AWS-BHO-030,Bhopal,BHO,center
2025-01-07 07:00:00,10.3,961.0,96,AWS-BHO-030,Bhopal,BHO,center
2025-01-07 08:00:00,11.5,962.2,90,AWS-BHO-030,Bhopal,BHO,center
2025-01-07 09:00:00,13.5,962.9,81,AWS-BHO-030,Bhopal,BHO,center
2025-01-07 10:00:00,15.6,962.9,72,AWS-BHO-030,Bhopal,BHO,center
2025-01-07 11:00:00,17.8,962.3,63,AWS-BHO-030,Bhopal,BHO,center
2025-01-07 12:00:00,19.5,961.1,55,AWS-BHO-030,Bhopal,BHO,center
2025-01-07 13:00:00,20.5,959.9,49,AWS-BHO-030,Bhopal,BHO,center
2025-01-07 14:00:00,20.9,959.0,45,AWS-BHO-030,Bhopal,BHO,center
2025-01-07 15:00:00,20.8,958.5,46,AWS-BHO-030,Bhopal,BHO,center
2025-01-07 16:00:00,20.1,958.2,49,AWS-BHO-030,Bhopal,BHO,center
2025-01-07 17:00:00,18.3,958.1,62,AWS-BHO-030,Bhopal,BHO,center
2025-01-07 18:00:00,16.8,958.7,74,AWS-BHO-030,Bhopal,BHO,center
2025-01-07 19:00:00,15.6,959.0,76,AWS-BHO-030,Bhopal,BHO,center
2025-01-07 20:00:00,14.8,959.4,71,AWS-BHO-030,Bhopal,BHO,center
2025-01-07 21:00:00,13.8,959.9,73,AWS-BHO-030,Bhopal,BHO,center
2025-01-07 22:00:00,12.7,959.8,79,AWS-BHO-030,Bhopal,BHO,center
2025-01-07 23:00:00,11.7,959.0,83,AWS-BHO-030,Bhopal,BHO,center
2025-01-08 00:00:00,11.0,958.5,86,AWS-BHO-030,Bhopal,BHO,center
2025-01-08 01:00:00,10.3,957.9,91,AWS-BHO-030,Bhopal,BHO,center
2025-01-08 02:00:00,9.8,957.3,93,AWS-BHO-030,Bhopal,BHO,center
2025-01-08 03:00:00,9.3,957.2,94,AWS-BHO-030,Bhopal,BHO,center
2025-01-08 04:00:00,8.6,957.2,95,AWS-BHO-030,Bhopal,BHO,center
2025-01-08 05:00:00,7.8,957.4,97,AWS-BHO-030,Bhopal,BHO,center
2025-01-08 06:00:00,7.7,958.2,98,AWS-BHO-030,Bhopal,BHO,center
2025-01-08 07:00:00,7.7,959.1,99,AWS-BHO-030,Bhopal,BHO,center
2025-01-08 08:00:00,9.5,960.6,94,AWS-BHO-030,Bhopal,BHO,center
2025-01-08 09:00:00,12.4,961.9,82,AWS-BHO-030,Bhopal,BHO,center
2025-01-08 10:00:00,14.9,962.0,67,AWS-BHO-030,Bhopal,BHO,center
2025-01-08 11:00:00,16.8,961.4,57,AWS-BHO-030,Bhopal,BHO,center
2025-01-08 12:00:00,18.2,960.4,51,AWS-BHO-030,Bhopal,BHO,center
2025-01-08 13:00:00,19.2,959.5,49,AWS-BHO-030,Bhopal,BHO,center
2025-01-08 14:00:00,19.8,958.8,47,AWS-BHO-030,Bhopal,BHO,center
2025-01-08 15:00:00,20.0,958.5,47,AWS-BHO-030,Bhopal,BHO,center
2025-01-08 16:00:00,19.7,958.4,47,AWS-BHO-030,Bhopal,BHO,center
2025-01-08 17:00:00,17.8,958.5,64,AWS-BHO-030,Bhopal,BHO,center
2025-01-08 18:00:00,16.4,958.5,69,AWS-BHO-030,Bhopal,BHO,center
2025-01-08 19:00:00,14.8,959.0,76,AWS-BHO-030,Bhopal,BHO,center
2025-01-08 20:00:00,13.7,959.4,79,AWS-BHO-030,Bhopal,BHO,center
2025-01-08 21:00:00,12.9,959.4,81,AWS-BHO-030,Bhopal,BHO,center
2025-01-08 22:00:00,11.9,959.1,84,AWS-BHO-030,Bhopal,BHO,center
2025-01-08 23:00:00,11.2,958.8,83,AWS-BHO-030,Bhopal,BHO,center
2025-01-09 00:00:00,10.7,958.5,83,AWS-BHO-030,Bhopal,BHO,center
2025-01-09 01:00:00,10.4,958.1,82,AWS-BHO-030,Bhopal,BHO,center
2025-01-09 02:00:00,10.2,957.8,81,AWS-BHO-030,Bhopal,BHO,center
2025-01-09 03:00:00,10.4,957.4,76,AWS-BHO-030,Bhopal,BHO,center
2025-01-09 04:00:00,9.8,957.4,76,AWS-BHO-030,Bhopal,BHO,center
2025-01-09 05:00:00,9.1,957.7,77,AWS-BHO-030,Bhopal,BHO,center
2025-01-09 06:00:00,8.7,958.7,80,AWS-BHO-030,Bhopal,BHO,center
2025-01-09 07:00:00,9.1,959.7,84,AWS-BHO-030,Bhopal,BHO,center
2025-01-09 08:00:00,11.3,961.1,82,AWS-BHO-030,Bhopal,BHO,center
2025-01-09 09:00:00,14.4,962.3,72,AWS-BHO-030,Bhopal,BHO,center
2025-01-09 10:00:00,17.3,962.4,60,AWS-BHO-030,Bhopal,BHO,center
2025-01-09 11:00:00,19.4,961.8,50,AWS-BHO-030,Bhopal,BHO,center
2025-01-09 12:00:00,20.8,960.7,45,AWS-BHO-030,Bhopal,BHO,center
2025-01-09 13:00:00,21.7,960.0,41,AWS-BHO-030,Bhopal,BHO,center
2025-01-09 14:00:00,22.2,959.1,40,AWS-BHO-030,Bhopal,BHO,center
2025-01-09 15:00:00,22.1,958.8,42,AWS-BHO-030,Bhopal,BHO,center
2025-01-09 16:00:00,21.5,958.8,44,AWS-BHO-030,Bhopal,BHO,center
2025-01-09 17:00:00,19.6,958.8,55,AWS-BHO-030,Bhopal,BHO,center
2025-01-09 18:00:00,17.9,959.4,63,AWS-BHO-030,Bhopal,BHO,center
2025-01-09 19:00:00,16.7,959.9,69,AWS-BHO-030,Bhopal,BHO,center
2025-01-09 20:00:00,15.8,960.5,71,AWS-BHO-030,Bhopal,BHO,center
2025-01-09 21:00:00,14.9,961.2,73,AWS-BHO-030,Bhopal,BHO,center
2025-01-09 22:00:00,14.0,961.3,76,AWS-BHO-030,Bhopal,BHO,center
2025-01-09 23:00:00,13.1,961.0,77,AWS-BHO-030,Bhopal,BHO,center
2025-01-10 00:00:00,12.5,960.6,74,AWS-BHO-030,Bhopal,BHO,center
2025-01-10 01:00:00,12.2,960.2,69,AWS-BHO-030,Bhopal,BHO,center
2025-01-10 02:00:00,11.9,959.9,68,AWS-BHO-030,Bhopal,BHO,center
2025-01-10 03:00:00,11.6,959.6,70,AWS-BHO-030,Bhopal,BHO,center
2025-01-10 04:00:00,11.2,959.3,74,AWS-BHO-030,Bhopal,BHO,center
2025-01-10 05:00:00,10.8,959.5,76,AWS-BHO-030,Bhopal,BHO,center
2025-01-10 06:00:00,10.3,960.2,80,AWS-BHO-030,Bhopal,BHO,center
2025-01-10 07:00:00,10.3,960.9,80,AWS-BHO-030,Bhopal,BHO,center
2025-01-10 08:00:00,12.0,962.1,74,AWS-BHO-030,Bhopal,BHO,center
2025-01-10 09:00:00,15.0,963.4,62,AWS-BHO-030,Bhopal,BHO,center
2025-01-10 10:00:00,18.0,963.8,53,AWS-BHO-030,Bhopal,BHO,center
2025-01-10 11:00:00,20.6,963.3,44,AWS-BHO-030,Bhopal,BHO,center
2025-01-10 12:00:00,22.1,962.2,38,AWS-BHO-030,Bhopal,BHO,center
2025-01-10 13:00:00,22.9,961.4,37,AWS-BHO-030,Bhopal,BHO,center
2025-01-10 14:00:00,23.2,960.5,37,AWS-BHO-030,Bhopal,BHO,center
2025-01-10 15:00:00,23.1,959.8,38,AWS-BHO-030,Bhopal,BHO,center
2025-01-10 16:00:00,22.4,959.6,40,AWS-BHO-030,Bhopal,BHO,center
2025-01-10 17:00:00,20.5,959.3,53,AWS-BHO-030,Bhopal,BHO,center
2025-01-10 18:00:00,19.2,959.1,57,AWS-BHO-030,Bhopal,BHO,center
2025-01-10 19:00:00,18.2,959.4,59,AWS-BHO-030,Bhopal,BHO,center
2025-01-10 20:00:00,17.2,959.8,61,AWS-BHO-030,Bhopal,BHO,center
2025-01-10 21:00:00,16.0,960.3,66,AWS-BHO-030,Bhopal,BHO,center
2025-01-10 22:00:00,14.7,960.4,75,AWS-BHO-030,Bhopal,BHO,center
2025-01-10 23:00:00,13.8,959.9,81,AWS-BHO-030,Bhopal,BHO,center
2025-01-11 00:00:00,14.0,959.5,77,AWS-BHO-030,Bhopal,BHO,center
2025-01-11 01:00:00,13.9,959.3,73,AWS-BHO-030,Bhopal,BHO,center
2025-01-11 02:00:00,13.4,958.7,76,AWS-BHO-030,Bhopal,BHO,center
2025-01-11 03:00:00,12.8,958.4,79,AWS-BHO-030,Bhopal,BHO,center
2025-01-11 04:00:00,12.4,958.4,82,AWS-BHO-030,Bhopal,BHO,center
2025-01-11 05:00:00,12.0,958.4,83,AWS-BHO-030,Bhopal,BHO,center
2025-01-11 06:00:00,11.6,959.0,84,AWS-BHO-030,Bhopal,BHO,center
2025-01-11 07:00:00,11.6,959.4,83,AWS-BHO-030,Bhopal,BHO,center
2025-01-11 08:00:00,13.7,960.7,74,AWS-BHO-030,Bhopal,BHO,center
2025-01-11 09:00:00,16.8,961.6,63,AWS-BHO-030,Bhopal,BHO,center
2025-01-11 10:00:00,19.9,962.1,53,AWS-BHO-030,Bhopal,BHO,center
2025-01-11 11:00:00,22.1,961.4,49,AWS-BHO-030,Bhopal,BHO,center
2025-01-11 12:00:00,23.5,960.4,48,AWS-BHO-030,Bhopal,BHO,center
2025-01-11 13:00:00,24.4,959.4,45,AWS-BHO-030,Bhopal,BHO,center
2025-01-11 14:00:00,25.0,958.5,43,AWS-BHO-030,Bhopal,BHO,center
2025-01-11 15:00:00,25.2,957.9,42,AWS-BHO-030,Bhopal,BHO,center
2025-01-11 16:00:00,24.5,957.8,45,AWS-BHO-030,Bhopal,BHO,center
2025-01-11 17:00:00,23.0,957.6,55,AWS-BHO-030,Bhopal,BHO,center
2025-01-11 18:00:00,20.4,957.6,71,AWS-BHO-030,Bhopal,BHO,center
2025-01-11 19:00:00,19.5,958.1,71,AWS-BHO-030,Bhopal,BHO,center
2025-01-11 20:00:00,18.4,958.6,75,AWS-BHO-030,Bhopal,BHO,center
2025-01-11 21:00:00,18.2,959.0,74,AWS-BHO-030,Bhopal,BHO,center
2025-01-11 22:00:00,17.8,959.1,73,AWS-BHO-030,Bhopal,BHO,center
2025-01-11 23:00:00,17.4,958.9,74,AWS-BHO-030,Bhopal,BHO,center
2025-01-12 00:00:00,16.7,958.6,76,AWS-BHO-030,Bhopal,BHO,center
2025-01-12 01:00:00,16.7,958.4,75,AWS-BHO-030,Bhopal,BHO,center
2025-01-12 02:00:00,16.1,958.2,79,AWS-BHO-030,Bhopal,BHO,center
2025-01-12 03:00:00,16.0,958.3,82,AWS-BHO-030,Bhopal,BHO,center
2025-01-12 04:00:00,15.6,958.5,85,AWS-BHO-030,Bhopal,BHO,center
2025-01-12 05:00:00,15.8,958.6,86,AWS-BHO-030,Bhopal,BHO,center
2025-01-12 06:00:00,15.8,959.6,89,AWS-BHO-030,Bhopal,BHO,center
2025-01-12 07:00:00,15.8,959.8,92,AWS-BHO-030,Bhopal,BHO,center
2025-01-12 08:00:00,16.8,961.0,89,AWS-BHO-030,Bhopal,BHO,center
2025-01-12 09:00:00,19.2,962.1,75,AWS-BHO-030,Bhopal,BHO,center
2025-01-12 10:00:00,21.1,962.4,65,AWS-BHO-030,Bhopal,BHO,center
2025-01-12 11:00:00,22.5,961.8,58,AWS-BHO-030,Bhopal,BHO,center
2025-01-12 12:00:00,23.7,960.9,51,AWS-BHO-030,Bhopal,BHO,center
2025-01-12 13:00:00,24.2,959.6,48,AWS-BHO-030,Bhopal,BHO,center
2025-01-12 14:00:00,24.3,959.0,46,AWS-BHO-030,Bhopal,BHO,center
2025-01-12 15:00:00,24.4,958.6,43,AWS-BHO-030,Bhopal,BHO,center
2025-01-12 16:00:00,24.0,958.8,43,AWS-BHO-030,Bhopal,BHO,center
2025-01-12 17:00:00,22.6,958.9,48,AWS-BHO-030,Bhopal,BHO,center
2025-01-12 18:00:00,20.1,959.9,60,AWS-BHO-030,Bhopal,BHO,center
2025-01-12 19:00:00,18.5,960.5,65,AWS-BHO-030,Bhopal,BHO,center
2025-01-12 20:00:00,17.0,961.0,69,AWS-BHO-030,Bhopal,BHO,center
2025-01-12 21:00:00,15.7,961.5,72,AWS-BHO-030,Bhopal,BHO,center
2025-01-12 22:00:00,14.8,961.5,75,AWS-BHO-030,Bhopal,BHO,center
2025-01-12 23:00:00,14.0,960.9,79,AWS-BHO-030,Bhopal,BHO,center
2025-01-13 00:00:00,13.4,960.4,82,AWS-BHO-030,Bhopal,BHO,center
2025-01-13 01:00:00,12.7,960.1,84,AWS-BHO-030,Bhopal,BHO,center
2025-01-13 02:00:00,12.0,959.7,86,AWS-BHO-030,Bhopal,BHO,center
2025-01-13 03:00:00,11.5,959.4,86,AWS-BHO-030,Bhopal,BHO,center
2025-01-13 04:00:00,11.1,959.4,87,AWS-BHO-030,Bhopal,BHO,center
2025-01-13 05:00:00,10.8,959.7,90,AWS-BHO-030,Bhopal,BHO,center
2025-01-13 06:00:00,10.1,960.4,93,AWS-BHO-030,Bhopal,BHO,center
2025-01-13 07:00:00,10.1,960.8,95,AWS-BHO-030,Bhopal,BHO,center
2025-01-13 08:00:00,11.9,961.8,87,AWS-BHO-030,Bhopal,BHO,center
2025-01-13 09:00:00,14.4,962.7,78,AWS-BHO-030,Bhopal,BHO,center
2025-01-13 10:00:00,16.5,962.7,68,AWS-BHO-030,Bhopal,BHO,center
2025-01-13 11:00:00,18.0,962.4,57,AWS-BHO-030,Bhopal,BHO,center
2025-01-13 12:00:00,19.2,961.0,50,AWS-BHO-030,Bhopal,BHO,center
2025-01-13 13:00:00,20.0,959.7,45,AWS-BHO-030,Bhopal,BHO,center
2025-01-13 14:00:00,20.4,959.0,43,AWS-BHO-030,Bhopal,BHO,center
2025-01-13 15:00:00,20.3,958.6,44,AWS-BHO-030,Bhopal,BHO,center
2025-01-13 16:00:00,19.5,958.7,47,AWS-BHO-030,Bhopal,BHO,center
2025-01-13 17:00:00,17.8,958.7,54,AWS-BHO-030,Bhopal,BHO,center
2025-01-13 18:00:00,15.8,959.5,67,AWS-BHO-030,Bhopal,BHO,center
2025-01-13 19:00:00,14.8,959.8,73,AWS-BHO-030,Bhopal,BHO,center
2025-01-13 20:00:00,14.0,960.2,76,AWS-BHO-030,Bhopal,BHO,center
2025-01-13 21:00:00,13.6,960.3,78,AWS-BHO-030,Bhopal,BHO,center
2025-01-13 22:00:00,13.2,960.3,81,AWS-BHO-030,Bhopal,BHO,center
2025-01-13 23:00:00,12.7,959.7,84,AWS-BHO-030,Bhopal,BHO,center
2025-01-14 00:00:00,11.9,959.3,89,AWS-BHO-030,Bhopal,BHO,center
2025-01-14 01:00:00,11.2,959.3,93,AWS-BHO-030,Bhopal,BHO,center
2025-01-14 02:00:00,10.6,958.6,94,AWS-BHO-030,Bhopal,BHO,center
2025-01-14 03:00:00,10.2,958.3,94,AWS-BHO-030,Bhopal,BHO,center
2025-01-14 04:00:00,9.8,958.2,94,AWS-BHO-030,Bhopal,BHO,center
2025-01-14 05:00:00,9.8,958.6,94,AWS-BHO-030,Bhopal,BHO,center
2025-01-14 06:00:00,9.3,960.2,95,AWS-BHO-030,Bhopal,BHO,center
2025-01-14 07:00:00,9.2,960.7,96,AWS-BHO-030,Bhopal,BHO,center
2025-01-14 08:00:00,11.4,961.5,85,AWS-BHO-030,Bhopal,BHO,center
2025-01-14 09:00:00,14.5,962.6,71,AWS-BHO-030,Bhopal,BHO,center
2025-01-14 10:00:00,17.1,963.1,62,AWS-BHO-030,Bhopal,BHO,center
2025-01-14 11:00:00,19.2,962.7,55,AWS-BHO-030,Bhopal,BHO,center
2025-01-14 12:00:00,20.8,961.4,51,AWS-BHO-030,Bhopal,BHO,center
2025-01-14 13:00:00,21.9,960.4,50,AWS-BHO-030,Bhopal,BHO,center
2025-01-14 14:00:00,22.4,959.4,51,AWS-BHO-030,Bhopal,BHO,center
2025-01-14 15:00:00,22.4,959.1,53,AWS-BHO-030,Bhopal,BHO,center
2025-01-14 16:00:00,21.8,959.4,56,AWS-BHO-030,Bhopal,BHO,center
2025-01-14 17:00:00,20.5,959.7,62,AWS-BHO-030,Bhopal,BHO,center
2025-01-14 18:00:00,18.9,960.1,72,AWS-BHO-030,Bhopal,BHO,center
2025-01-14 19:00:00,17.6,960.4,76,AWS-BHO-030,Bhopal,BHO,center
2025-01-14 20:00:00,16.8,960.9,77,AWS-BHO-030,Bhopal,BHO,center
2025-01-14 21:00:00,16.2,961.1,77,AWS-BHO-030,Bhopal,BHO,center
2025-01-14 22:00:00,15.5,961.4,78,AWS-BHO-030,Bhopal,BHO,center
2025-01-14 23:00:00,14.8,961.2,80,AWS-BHO-030,Bhopal,BHO,center
2025-01-15 00:00:00,14.1,960.9,84,AWS-BHO-030,Bhopal,BHO,center
2025-01-15 01:00:00,13.7,960.5,86,AWS-BHO-030,Bhopal,BHO,center
2025-01-15 02:00:00,13.3,959.8,87,AWS-BHO-030,Bhopal,BHO,center
2025-01-15 03:00:00,13.1,959.4,85,AWS-BHO-030,Bhopal,BHO,center
2025-01-15 04:00:00,13.1,959.3,83,AWS-BHO-030,Bhopal,BHO,center
2025-01-15 05:00:00,13.2,959.7,80,AWS-BHO-030,Bhopal,BHO,center
2025-01-15 06:00:00,13.6,960.6,75,AWS-BHO-030,Bhopal,BHO,center
2025-01-15 07:00:00,13.4,960.9,76,AWS-BHO-030,Bhopal,BHO,center
2025-01-15 08:00:00,15.0,961.7,71,AWS-BHO-030,Bhopal,BHO,center
2025-01-15 09:00:00,17.3,962.5,64,AWS-BHO-030,Bhopal,BHO,center
2025-01-15 10:00:00,20.0,962.8,59,AWS-BHO-030,Bhopal,BHO,center
2025-01-15 11:00:00,22.3,962.4,55,AWS-BHO-030,Bhopal,BHO,center
2025-01-15 12:00:00,23.7,961.2,53,AWS-BHO-030,Bhopal,BHO,center
2025-01-15 13:00:00,24.8,960.3,49,AWS-BHO-030,Bhopal,BHO,center
2025-01-15 14:00:00,24.8,959.6,49,AWS-BHO-030,Bhopal,BHO,center
2025-01-15 15:00:00,25.1,959.0,47,AWS-BHO-030,Bhopal,BHO,center
2025-01-15 16:00:00,24.8,958.8,47,AWS-BHO-030,Bhopal,BHO,center
2025-01-15 17:00:00,23.7,958.5,52,AWS-BHO-030,Bhopal,BHO,center
2025-01-15 18:00:00,21.0,959.3,64,AWS-BHO-030,Bhopal,BHO,center
2025-01-15 19:00:00,19.9,959.7,67,AWS-BHO-030,Bhopal,BHO,center
2025-01-15 20:00:00,19.0,959.9,69,AWS-BHO-030,Bhopal,BHO,center
2025-01-15 21:00:00,18.5,960.1,69,AWS-BHO-030,Bhopal,BHO,center
2025-01-15 22:00:00,18.0,960.3,70,AWS-BHO-030,Bhopal,BHO,center
2025-01-15 23:00:00,17.3,960.0,74,AWS-BHO-030,Bhopal,BHO,center
2025-01-16 00:00:00,16.8,959.5,77,AWS-BHO-030,Bhopal,BHO,center
2025-01-16 01:00:00,16.4,959.3,78,AWS-BHO-030,Bhopal,BHO,center
2025-01-16 02:00:00,16.0,958.9,80,AWS-BHO-030,Bhopal,BHO,center
2025-01-16 03:00:00,15.9,958.4,80,AWS-BHO-030,Bhopal,BHO,center
2025-01-16 04:00:00,15.2,958.1,85,AWS-BHO-030,Bhopal,BHO,center
2025-01-16 05:00:00,15.1,958.2,85,AWS-BHO-030,Bhopal,BHO,center
2025-01-16 06:00:00,16.0,959.7,80,AWS-BHO-030,Bhopal,BHO,center
2025-01-16 07:00:00,16.6,960.6,77,AWS-BHO-030,Bhopal,BHO,center
2025-01-16 08:00:00,17.4,961.1,74,AWS-BHO-030,Bhopal,BHO,center
2025-01-16 09:00:00,18.4,962.0,71,AWS-BHO-030,Bhopal,BHO,center
2025-01-16 10:00:00,20.4,962.4,64,AWS-BHO-030,Bhopal,BHO,center
2025-01-16 11:00:00,23.2,962.5,55,AWS-BHO-030,Bhopal,BHO,center
2025-01-16 12:00:00,23.9,961.5,54,AWS-BHO-030,Bhopal,BHO,center
2025-01-16 13:00:00,24.9,960.6,49,AWS-BHO-030,Bhopal,BHO,center
2025-01-16 14:00:00,24.0,960.1,53,AWS-BHO-030,Bhopal,BHO,center
2025-01-16 15:00:00,23.4,960.0,58,AWS-BHO-030,Bhopal,BHO,center
2025-01-16 16:00:00,22.3,960.1,64,AWS-BHO-030,Bhopal,BHO,center
2025-01-16 17:00:00,20.4,960.5,73,AWS-BHO-030,Bhopal,BHO,center
2025-01-16 18:00:00,20.2,961.5,74,AWS-BHO-030,Bhopal,BHO,center
2025-01-16 19:00:00,19.0,962.0,81,AWS-BHO-030,Bhopal,BHO,center
2025-01-16 20:00:00,18.2,962.5,83,AWS-BHO-030,Bhopal,BHO,center
2025-01-16 21:00:00,17.5,962.9,87,AWS-BHO-030,Bhopal,BHO,center
2025-01-16 22:00:00,16.7,963.4,91,AWS-BHO-030,Bhopal,BHO,center
2025-01-16 23:00:00,15.5,963.1,93,AWS-BHO-030,Bhopal,BHO,center
2025-01-17 00:00:00,14.8,962.8,93,AWS-BHO-030,Bhopal,BHO,center
2025-01-17 01:00:00,14.2,962.3,93,AWS-BHO-030,Bhopal,BHO,center
2025-01-17 02:00:00,13.6,961.7,93,AWS-BHO-030,Bhopal,BHO,center
2025-01-17 03:00:00,13.2,961.2,93,AWS-BHO-030,Bhopal,BHO,center
2025-01-17 04:00:00,12.7,961.2,93,AWS-BHO-030,Bhopal,BHO,center
2025-01-17 05:00:00,12.4,961.4,92,AWS-BHO-030,Bhopal,BHO,center
2025-01-17 06:00:00,12.0,962.1,93,AWS-BHO-030,Bhopal,BHO,center
2025-01-17 07:00:00,12.1,962.5,91,AWS-BHO-030,Bhopal,BHO,center
2025-01-17 08:00:00,13.0,963.0,86,AWS-BHO-030,Bhopal,BHO,center
2025-01-17 09:00:00,15.2,963.4,76,AWS-BHO-030,Bhopal,BHO,center
2025-01-17 10:00:00,17.7,963.6,67,AWS-BHO-030,Bhopal,BHO,center
2025-01-17 11:00:00,19.6,963.1,61,AWS-BHO-030,Bhopal,BHO,center
2025-01-17 12:00:00,21.1,961.8,58,AWS-BHO-030,Bhopal,BHO,center
2025-01-17 13:00:00,22.1,960.8,57,AWS-BHO-030,Bhopal,BHO,center
2025-01-17 14:00:00,22.5,959.8,57,AWS-BHO-030,Bhopal,BHO,center
2025-01-17 15:00:00,22.3,959.5,59,AWS-BHO-030,Bhopal,BHO,center
2025-01-17 16:00:00,21.4,959.2,64,AWS-BHO-030,Bhopal,BHO,center
2025-01-17 17:00:00,20.0,959.3,71,AWS-BHO-030,Bhopal,BHO,center
2025-01-17 18:00:00,17.9,959.9,81,AWS-BHO-030,Bhopal,BHO,center
2025-01-17 19:00:00,16.9,960.4,84,AWS-BHO-030,Bhopal,BHO,center
2025-01-17 20:00:00,16.3,960.9,85,AWS-BHO-030,Bhopal,BHO,center
2025-01-17 21:00:00,15.6,961.1,86,AWS-BHO-030,Bhopal,BHO,center
2025-01-17 22:00:00,14.9,961.1,88,AWS-BHO-030,Bhopal,BHO,center
2025-01-17 23:00:00,14.3,960.6,91,AWS-BHO-030,Bhopal,BHO,center
2025-01-18 00:00:00,13.7,960.2,94,AWS-BHO-030,Bhopal,BHO,center
2025-01-18 01:00:00,13.4,959.7,94,AWS-BHO-030,Bhopal,BHO,center
2025-01-18 02:00:00,13.0,959.4,95,AWS-BHO-030,Bhopal,BHO,center
2025-01-18 03:00:00,12.7,959.1,95,AWS-BHO-030,Bhopal,BHO,center
2025-01-18 04:00:00,12.5,958.9,94,AWS-BHO-030,Bhopal,BHO,center
2025-01-18 05:00:00,12.2,959.1,94,AWS-BHO-030,Bhopal,BHO,center
2025-01-18 06:00:00,12.1,960.2,93,AWS-BHO-030,Bhopal,BHO,center
2025-01-18 07:00:00,12.0,960.8,93,AWS-BHO-030,Bhopal,BHO,center
2025-01-18 08:00:00,13.6,961.7,86,AWS-BHO-030,Bhopal,BHO,center
2025-01-18 09:00:00,16.3,962.7,75,AWS-BHO-030,Bhopal,BHO,center
2025-01-18 10:00:00,18.8,962.9,67,AWS-BHO-030,Bhopal,BHO,center
2025-01-18 11:00:00,20.9,962.4,61,AWS-BHO-030,Bhopal,BHO,center
2025-01-18 12:00:00,22.6,961.3,57,AWS-BHO-030,Bhopal,BHO,center
2025-01-18 13:00:00,23.5,960.3,54,AWS-BHO-030,Bhopal,BHO,center
2025-01-18 14:00:00,23.9,959.5,53,AWS-BHO-030,Bhopal,BHO,center
2025-01-18 15:00:00,23.9,958.8,53,AWS-BHO-030,Bhopal,BHO,center
2025-01-18 16:00:00,23.3,958.6,55,AWS-BHO-030,Bhopal,BHO,center
2025-01-18 17:00:00,21.9,958.5,63,AWS-BHO-030,Bhopal,BHO,center
2025-01-18 18:00:00,20.6,959.0,72,AWS-BHO-030,Bhopal,BHO,center
2025-01-18 19:00:00,19.1,959.4,79,AWS-BHO-030,Bhopal,BHO,center
2025-01-18 20:00:00,17.5,959.9,86,AWS-BHO-030,Bhopal,BHO,center
2025-01-18 21:00:00,16.8,960.2,89,AWS-BHO-030,Bhopal,BHO,center
2025-01-18 22:00:00,16.3,960.4,91,AWS-BHO-030,Bhopal,BHO,center
2025-01-18 23:00:00,15.9,959.9,91,AWS-BHO-030,Bhopal,BHO,center
2025-01-19 00:00:00,15.7,959.7,90,AWS-BHO-030,Bhopal,BHO,center
2025-01-19 01:00:00,15.2,959.4,89,AWS-BHO-030,Bhopal,BHO,center
2025-01-19 02:00:00,14.8,958.8,89,AWS-BHO-030,Bhopal,BHO,center
2025-01-19 03:00:00,13.9,958.7,91,AWS-BHO-030,Bhopal,BHO,center
2025-01-19 04:00:00,13.5,958.4,91,AWS-BHO-030,Bhopal,BHO,center
2025-01-19 05:00:00,13.0,958.4,93,AWS-BHO-030,Bhopal,BHO,center
2025-01-19 06:00:00,13.1,959.6,92,AWS-BHO-030,Bhopal,BHO,center
2025-01-19 07:00:00,12.9,960.0,93,AWS-BHO-030,Bhopal,BHO,center
2025-01-19 08:00:00,14.8,961.0,85,AWS-BHO-030,Bhopal,BHO,center
2025-01-19 09:00:00,18.1,962.4,72,AWS-BHO-030,Bhopal,BHO,center
2025-01-19 10:00:00,20.9,963.0,63,AWS-BHO-030,Bhopal,BHO,center
2025-01-19 11:00:00,22.9,962.5,54,AWS-BHO-030,Bhopal,BHO,center
2025-01-19 12:00:00,24.2,961.6,48,AWS-BHO-030,Bhopal,BHO,center
2025-01-19 13:00:00,25.0,960.8,44,AWS-BHO-030,Bhopal,BHO,center
2025-01-19 14:00:00,25.5,960.1,42,AWS-BHO-030,Bhopal,BHO,center
2025-01-19 15:00:00,25.5,959.4,41,AWS-BHO-030,Bhopal,BHO,center
2025-01-19 16:00:00,25.0,958.9,42,AWS-BHO-030,Bhopal,BHO,center
2025-01-19 17:00:00,23.0,958.7,52,AWS-BHO-030,Bhopal,BHO,center
2025-01-19 18:00:00,21.3,958.9,57,AWS-BHO-030,Bhopal,BHO,center
2025-01-19 19:00:00,20.0,959.3,62,AWS-BHO-030,Bhopal,BHO,center
2025-01-19 20:00:00,18.9,959.6,66,AWS-BHO-030,Bhopal,BHO,center
2025-01-19 21:00:00,18.1,959.5,67,AWS-BHO-030,Bhopal,BHO,center
2025-01-19 22:00:00,17.5,959.4,67,AWS-BHO-030,Bhopal,BHO,center
2025-01-19 23:00:00,16.6,959.1,72,AWS-BHO-030,Bhopal,BHO,center
2025-01-20 00:00:00,16.1,958.6,73,AWS-BHO-030,Bhopal,BHO,center
2025-01-20 01:00:00,14.6,957.9,80,AWS-BHO-030,Bhopal,BHO,center
2025-01-20 02:00:00,14.5,957.6,80,AWS-BHO-030,Bhopal,BHO,center
2025-01-20 03:00:00,14.7,957.3,79,AWS-BHO-030,Bhopal,BHO,center
2025-01-20 04:00:00,14.4,957.1,80,AWS-BHO-030,Bhopal,BHO,center
2025-01-20 05:00:00,13.9,957.1,83,AWS-BHO-030,Bhopal,BHO,center
2025-01-20 06:00:00,13.3,958.3,87,AWS-BHO-030,Bhopal,BHO,center
2025-01-20 07:00:00,13.2,958.7,89,AWS-BHO-030,Bhopal,BHO,center
2025-01-20 08:00:00,15.6,959.9,79,AWS-BHO-030,Bhopal,BHO,center
2025-01-20 09:00:00,19.2,961.2,65,AWS-BHO-030,Bhopal,BHO,center
2025-01-20 10:00:00,22.0,961.7,54,AWS-BHO-030,Bhopal,BHO,center
2025-01-20 11:00:00,23.9,961.3,46,AWS-BHO-030,Bhopal,BHO,center
2025-01-20 12:00:00,25.1,960.6,41,AWS-BHO-030,Bhopal,BHO,center
2025-01-20 13:00:00,25.8,959.5,38,AWS-BHO-030,Bhopal,BHO,center
2025-01-20 14:00:00,26.1,958.6,38,AWS-BHO-030,Bhopal,BHO,center
2025-01-20 15:00:00,25.9,958.2,39,AWS-BHO-030,Bhopal,BHO,center
2025-01-20 16:00:00,25.1,957.9,41,AWS-BHO-030,Bhopal,BHO,center
2025-01-20 17:00:00,23.4,957.9,48,AWS-BHO-030,Bhopal,BHO,center
2025-01-20 18:00:00,21.8,957.8,58,AWS-BHO-030,Bhopal,BHO,center
2025-01-20 19:00:00,20.2,958.2,65,AWS-BHO-030,Bhopal,BHO,center
2025-01-20 20:00:00,19.4,958.4,67,AWS-BHO-030,Bhopal,BHO,center
2025-01-20 21:00:00,19.0,958.5,68,AWS-BHO-030,Bhopal,BHO,center
2025-01-20 22:00:00,18.4,958.6,69,AWS-BHO-030,Bhopal,BHO,center
2025-01-20 23:00:00,17.3,958.1,74,AWS-BHO-030,Bhopal,BHO,center
2025-01-21 00:00:00,16.5,957.5,78,AWS-BHO-030,Bhopal,BHO,center
2025-01-21 01:00:00,16.0,956.8,79,AWS-BHO-030,Bhopal,BHO,center
2025-01-21 02:00:00,15.2,956.2,82,AWS-BHO-030,Bhopal,BHO,center
2025-01-21 03:00:00,14.7,956.0,84,AWS-BHO-030,Bhopal,BHO,center
2025-01-21 04:00:00,14.4,955.7,86,AWS-BHO-030,Bhopal,BHO,center
2025-01-21 05:00:00,13.8,955.7,88,AWS-BHO-030,Bhopal,BHO,center
2025-01-21 06:00:00,13.5,956.7,90,AWS-BHO-030,Bhopal,BHO,center
2025-01-21 07:00:00,13.7,957.5,89,AWS-BHO-030,Bhopal,BHO,center
2025-01-21 08:00:00,16.1,958.7,78,AWS-BHO-030,Bhopal,BHO,center
2025-01-21 09:00:00,19.6,959.8,64,AWS-BHO-030,Bhopal,BHO,center
2025-01-21 10:00:00,22.2,960.3,57,AWS-BHO-030,Bhopal,BHO,center
2025-01-21 11:00:00,24.2,959.8,50,AWS-BHO-030,Bhopal,BHO,center
2025-01-21 12:00:00,25.4,959.0,43,AWS-BHO-030,Bhopal,BHO,center
2025-01-21 13:00:00,26.1,958.2,41,AWS-BHO-030,Bhopal,BHO,center
2025-01-21 14:00:00,26.3,957.1,40,AWS-BHO-030,Bhopal,BHO,center
2025-01-21 15:00:00,26.2,956.6,41,AWS-BHO-030,Bhopal,BHO,center
2025-01-21 16:00:00,25.5,956.5,44,AWS-BHO-030,Bhopal,BHO,center
2025-01-21 17:00:00,24.1,956.3,49,AWS-BHO-030,Bhopal,BHO,center
2025-01-21 18:00:00,22.4,956.6,58,AWS-BHO-030,Bhopal,BHO,center
2025-01-21 19:00:00,20.9,957.0,59,AWS-BHO-030,Bhopal,BHO,center
2025-01-21 20:00:00,20.0,957.3,61,AWS-BHO-030,Bhopal,BHO,center
2025-01-21 21:00:00,19.2,957.4,62,AWS-BHO-030,Bhopal,BHO,center
2025-01-21 22:00:00,18.4,957.4,63,AWS-BHO-030,Bhopal,BHO,center
2025-01-21 23:00:00,18.0,956.7,64,AWS-BHO-030,Bhopal,BHO,center
2025-01-22 00:00:00,17.0,956.2,71,AWS-BHO-030,Bhopal,BHO,center
2025-01-22 01:00:00,16.1,955.8,76,AWS-BHO-030,Bhopal,BHO,center
2025-01-22 02:00:00,15.7,955.2,78,AWS-BHO-030,Bhopal,BHO,center
2025-01-22 03:00:00,15.3,955.0,80,AWS-BHO-030,Bhopal,BHO,center
2025-01-22 04:00:00,14.7,954.9,82,AWS-BHO-030,Bhopal,BHO,center
2025-01-22 05:00:00,14.3,954.9,84,AWS-BHO-030,Bhopal,BHO,center
2025-01-22 06:00:00,14.5,955.9,85,AWS-BHO-030,Bhopal,BHO,center
2025-01-22 07:00:00,14.6,956.6,83,AWS-BHO-030,Bhopal,BHO,center
2025-01-22 08:00:00,16.5,957.9,76,AWS-BHO-030,Bhopal,BHO,center
2025-01-22 09:00:00,19.4,959.2,68,AWS-BHO-030,Bhopal,BHO,center
2025-01-22 10:00:00,22.2,959.6,59,AWS-BHO-030,Bhopal,BHO,center
2025-01-22 11:00:00,24.4,959.1,50,AWS-BHO-030,Bhopal,BHO,center
2025-01-22 12:00:00,25.8,958.1,44,AWS-BHO-030,Bhopal,BHO,center
2025-01-22 13:00:00,26.6,957.1,43,AWS-BHO-030,Bhopal,BHO,center
2025-01-22 14:00:00,27.3,956.1,40,AWS-BHO-030,Bhopal,BHO,center
2025-01-22 15:00:00,27.5,955.5,37,AWS-BHO-030,Bhopal,BHO,center
2025-01-22 16:00:00,27.1,955.5,36,AWS-BHO-030,Bhopal,BHO,center
2025-01-22 17:00:00,25.7,955.5,40,AWS-BHO-030,Bhopal,BHO,center
2025-01-22 18:00:00,23.1,955.8,49,AWS-BHO-030,Bhopal,BHO,center
2025-01-22 19:00:00,21.6,956.2,55,AWS-BHO-030,Bhopal,BHO,center
2025-01-22 20:00:00,20.1,956.7,66,AWS-BHO-030,Bhopal,BHO,center
2025-01-22 21:00:00,18.7,956.8,80,AWS-BHO-030,Bhopal,BHO,center
2025-01-22 22:00:00,18.0,957.0,84,AWS-BHO-030,Bhopal,BHO,center
2025-01-22 23:00:00,17.1,956.7,87,AWS-BHO-030,Bhopal,BHO,center
2025-01-23 00:00:00,16.8,956.5,87,AWS-BHO-030,Bhopal,BHO,center
2025-01-23 01:00:00,16.4,956.0,88,AWS-BHO-030,Bhopal,BHO,center
2025-01-23 02:00:00,15.9,955.2,88,AWS-BHO-030,Bhopal,BHO,center
2025-01-23 03:00:00,15.5,954.6,88,AWS-BHO-030,Bhopal,BHO,center
2025-01-23 04:00:00,15.2,954.7,88,AWS-BHO-030,Bhopal,BHO,center
2025-01-23 05:00:00,14.9,954.8,88,AWS-BHO-030,Bhopal,BHO,center
2025-01-23 06:00:00,15.5,955.8,86,AWS-BHO-030,Bhopal,BHO,center
2025-01-23 07:00:00,15.6,956.4,84,AWS-BHO-030,Bhopal,BHO,center
2025-01-23 08:00:00,17.5,957.6,76,AWS-BHO-030,Bhopal,BHO,center
2025-01-23 09:00:00,20.4,958.9,65,AWS-BHO-030,Bhopal,BHO,center
2025-01-23 10:00:00,23.5,959.5,53,AWS-BHO-030,Bhopal,BHO,center
2025-01-23 11:00:00,25.9,959.1,43,AWS-BHO-030,Bhopal,BHO,center
2025-01-23 12:00:00,27.2,958.1,38,AWS-BHO-030,Bhopal,BHO,center
2025-01-23 13:00:00,27.8,957.2,38,AWS-BHO-030,Bhopal,BHO,center
2025-01-23 14:00:00,28.3,956.4,37,AWS-BHO-030,Bhopal,BHO,center
2025-01-23 15:00:00,28.5,956.0,35,AWS-BHO-030,Bhopal,BHO,center
2025-01-23 16:00:00,28.1,955.8,35,AWS-BHO-030,Bhopal,BHO,center
2025-01-23 17:00:00,26.4,955.8,41,AWS-BHO-030,Bhopal,BHO,center
2025-01-23 18:00:00,23.9,955.9,54,AWS-BHO-030,Bhopal,BHO,center
2025-01-23 19:00:00,23.1,956.5,53,AWS-BHO-030,Bhopal,BHO,center
2025-01-23 20:00:00,22.2,957.3,56,AWS-BHO-030,Bhopal,BHO,center
2025-01-23 21:00:00,20.8,958.1,63,AWS-BHO-030,Bhopal,BHO,center
2025-01-23 22:00:00,19.5,957.9,72,AWS-BHO-030,Bhopal,BHO,center
2025-01-23 23:00:00,18.5,957.8,78,AWS-BHO-030,Bhopal,BHO,center
2025-01-24 00:00:00,17.7,957.4,82,AWS-BHO-030,Bhopal,BHO,center
2025-01-24 01:00:00,16.9,957.1,85,AWS-BHO-030,Bhopal,BHO,center
2025-01-24 02:00:00,16.1,956.6,90,AWS-BHO-030,Bhopal,BHO,center
2025-01-24 03:00:00,15.5,956.4,93,AWS-BHO-030,Bhopal,BHO,center
2025-01-24 04:00:00,15.0,956.5,94,AWS-BHO-030,Bhopal,BHO,center
2025-01-24 05:00:00,14.7,956.8,94,AWS-BHO-030,Bhopal,BHO,center
2025-01-24 06:00:00,14.5,957.5,93,AWS-BHO-030,Bhopal,BHO,center
2025-01-24 07:00:00,14.4,958.1,90,AWS-BHO-030,Bhopal,BHO,center
2025-01-24 08:00:00,15.7,959.1,82,AWS-BHO-030,Bhopal,BHO,center
2025-01-24 09:00:00,17.9,960.1,71,AWS-BHO-030,Bhopal,BHO,center
2025-01-24 10:00:00,20.0,960.5,63,AWS-BHO-030,Bhopal,BHO,center
2025-01-24 11:00:00,21.9,960.1,57,AWS-BHO-030,Bhopal,BHO,center
2025-01-24 12:00:00,23.2,959.2,54,AWS-BHO-030,Bhopal,BHO,center
2025-01-24 13:00:00,24.1,958.2,52,AWS-BHO-030,Bhopal,BHO,center
2025-01-24 14:00:00,24.4,957.4,52,AWS-BHO-030,Bhopal,BHO,center
2025-01-24 15:00:00,24.1,957.0,53,AWS-BHO-030,Bhopal,BHO,center
2025-01-24 16:00:00,23.4,957.0,55,AWS-BHO-030,Bhopal,BHO,center
2025-01-24 17:00:00,22.3,957.3,58,AWS-BHO-030,Bhopal,BHO,center
2025-01-24 18:00:00,20.8,958.0,65,AWS-BHO-030,Bhopal,BHO,center
2025-01-24 19:00:00,19.8,958.5,67,AWS-BHO-030,Bhopal,BHO,center
2025-01-24 20:00:00,18.9,959.0,68,AWS-BHO-030,Bhopal,BHO,center
2025-01-24 21:00:00,18.3,959.1,67,AWS-BHO-030,Bhopal,BHO,center
2025-01-24 22:00:00,17.4,959.2,68,AWS-BHO-030,Bhopal,BHO,center
2025-01-24 23:00:00,16.4,958.8,69,AWS-BHO-030,Bhopal,BHO,center
2025-01-25 00:00:00,15.6,958.3,69,AWS-BHO-030,Bhopal,BHO,center
2025-01-25 01:00:00,14.9,958.1,72,AWS-BHO-030,Bhopal,BHO,center
2025-01-25 02:00:00,14.2,957.4,74,AWS-BHO-030,Bhopal,BHO,center
2025-01-25 03:00:00,13.7,957.0,76,AWS-BHO-030,Bhopal,BHO,center
2025-01-25 04:00:00,13.3,956.8,77,AWS-BHO-030,Bhopal,BHO,center
2025-01-25 05:00:00,12.8,957.0,78,AWS-BHO-030,Bhopal,BHO,center
2025-01-25 06:00:00,12.5,957.7,82,AWS-BHO-030,Bhopal,BHO,center
2025-01-25 07:00:00,12.4,958.3,81,AWS-BHO-030,Bhopal,BHO,center
2025-01-25 08:00:00,14.4,959.3,72,AWS-BHO-030,Bhopal,BHO,center
2025-01-25 09:00:00,17.5,960.5,59,AWS-BHO-030,Bhopal,BHO,center
2025-01-25 10:00:00,20.3,960.9,47,AWS-BHO-030,Bhopal,BHO,center
2025-01-25 11:00:00,22.3,960.5,42,AWS-BHO-030,Bhopal,BHO,center
2025-01-25 12:00:00,23.8,959.8,40,AWS-BHO-030,Bhopal,BHO,center
2025-01-25 13:00:00,24.7,958.9,39,AWS-BHO-030,Bhopal,BHO,center
2025-01-25 14:00:00,25.0,958.0,39,AWS-BHO-030,Bhopal,BHO,center
2025-01-25 15:00:00,24.9,957.6,40,AWS-BHO-030,Bhopal,BHO,center
2025-01-25 16:00:00,24.3,957.5,42,AWS-BHO-030,Bhopal,BHO,center
2025-01-25 17:00:00,22.6,957.7,49,AWS-BHO-030,Bhopal,BHO,center
2025-01-25 18:00:00,21.0,957.8,57,AWS-BHO-030,Bhopal,BHO,center
2025-01-25 19:00:00,20.0,958.2,60,AWS-BHO-030,Bhopal,BHO,center
2025-01-25 20:00:00,18.9,958.6,64,AWS-BHO-030,Bhopal,BHO,center
2025-01-25 21:00:00,18.3,958.7,65,AWS-BHO-030,Bhopal,BHO,center
2025-01-25 22:00:00,18.0,958.8,65,AWS-BHO-030,Bhopal,BHO,center
2025-01-25 23:00:00,17.4,958.5,66,AWS-BHO-030,Bhopal,BHO,center
2025-01-26 00:00:00,16.6,957.8,69,AWS-BHO-030,Bhopal,BHO,center
2025-01-26 01:00:00,15.9,957.3,72,AWS-BHO-030,Bhopal,BHO,center
2025-01-26 02:00:00,15.3,956.9,75,AWS-BHO-030,Bhopal,BHO,center
2025-01-26 03:00:00,14.6,956.5,76,AWS-BHO-030,Bhopal,BHO,center
2025-01-26 04:00:00,14.0,956.3,75,AWS-BHO-030,Bhopal,BHO,center
2025-01-26 05:00:00,13.5,956.4,74,AWS-BHO-030,Bhopal,BHO,center
2025-01-26 06:00:00,12.9,957.3,80,AWS-BHO-030,Bhopal,BHO,center
2025-01-26 07:00:00,12.7,957.9,80,AWS-BHO-030,Bhopal,BHO,center
2025-01-26 08:00:00,14.6,959.2,70,AWS-BHO-030,Bhopal,BHO,center
2025-01-26 09:00:00,17.9,960.6,54,AWS-BHO-030,Bhopal,BHO,center
2025-01-26 10:00:00,20.9,961.2,44,AWS-BHO-030,Bhopal,BHO,center
2025-01-26 11:00:00,23.0,960.7,40,AWS-BHO-030,Bhopal,BHO,center
2025-01-26 12:00:00,24.4,959.6,38,AWS-BHO-030,Bhopal,BHO,center
2025-01-26 13:00:00,25.6,958.4,35,AWS-BHO-030,Bhopal,BHO,center
2025-01-26 14:00:00,26.1,957.5,33,AWS-BHO-030,Bhopal,BHO,center
2025-01-26 15:00:00,26.1,956.8,33,AWS-BHO-030,Bhopal,BHO,center
2025-01-26 16:00:00,25.5,956.4,35,AWS-BHO-030,Bhopal,BHO,center
2025-01-26 17:00:00,23.5,956.4,44,AWS-BHO-030,Bhopal,BHO,center
2025-01-26 18:00:00,21.1,956.3,56,AWS-BHO-030,Bhopal,BHO,center
2025-01-26 19:00:00,19.6,957.0,61,AWS-BHO-030,Bhopal,BHO,center
2025-01-26 20:00:00,18.3,957.3,63,AWS-BHO-030,Bhopal,BHO,center
2025-01-26 21:00:00,17.6,957.6,62,AWS-BHO-030,Bhopal,BHO,center
2025-01-26 22:00:00,17.0,957.5,61,AWS-BHO-030,Bhopal,BHO,center
2025-01-26 23:00:00,16.1,957.0,62,AWS-BHO-030,Bhopal,BHO,center
2025-01-27 00:00:00,15.3,956.6,64,AWS-BHO-030,Bhopal,BHO,center
2025-01-27 01:00:00,14.2,956.0,66,AWS-BHO-030,Bhopal,BHO,center
2025-01-27 02:00:00,13.6,955.5,65,AWS-BHO-030,Bhopal,BHO,center
2025-01-27 03:00:00,13.1,955.2,66,AWS-BHO-030,Bhopal,BHO,center
2025-01-27 04:00:00,13.5,955.3,63,AWS-BHO-030,Bhopal,BHO,center
2025-01-27 05:00:00,13.3,955.2,64,AWS-BHO-030,Bhopal,BHO,center
2025-01-27 06:00:00,12.5,955.9,72,AWS-BHO-030,Bhopal,BHO,center
2025-01-27 07:00:00,12.2,956.6,75,AWS-BHO-030,Bhopal,BHO,center
2025-01-27 08:00:00,14.0,957.6,69,AWS-BHO-030,Bhopal,BHO,center
2025-01-27 09:00:00,17.5,958.9,56,AWS-BHO-030,Bhopal,BHO,center
2025-01-27 10:00:00,21.0,959.2,44,AWS-BHO-030,Bhopal,BHO,center
2025-01-27 11:00:00,23.3,958.8,36,AWS-BHO-030,Bhopal,BHO,center
2025-01-27 12:00:00,24.7,957.7,34,AWS-BHO-030,Bhopal,BHO,center
2025-01-27 13:00:00,25.6,956.5,33,AWS-BHO-030,Bhopal,BHO,center
2025-01-27 14:00:00,26.0,955.7,32,AWS-BHO-030,Bhopal,BHO,center
2025-01-27 15:00:00,25.9,955.2,34,AWS-BHO-030,Bhopal,BHO,center
2025-01-27 16:00:00,24.9,955.1,37,AWS-BHO-030,Bhopal,BHO,center
2025-01-27 17:00:00,22.8,955.2,44,AWS-BHO-030,Bhopal,BHO,center
2025-01-27 18:00:00,21.0,955.3,51,AWS-BHO-030,Bhopal,BHO,center
2025-01-27 19:00:00,19.8,955.5,54,AWS-BHO-030,Bhopal,BHO,center
2025-01-27 20:00:00,18.7,956.0,52,AWS-BHO-030,Bhopal,BHO,center
2025-01-27 21:00:00,18.1,956.3,50,AWS-BHO-030,Bhopal,BHO,center
2025-01-27 22:00:00,17.8,956.2,50,AWS-BHO-030,Bhopal,BHO,center
2025-01-27 23:00:00,17.3,955.7,50,AWS-BHO-030,Bhopal,BHO,center
2025-01-28 00:00:00,16.4,955.1,53,AWS-BHO-030,Bhopal,BHO,center
2025-01-28 01:00:00,15.1,954.6,60,AWS-BHO-030,Bhopal,BHO,center
2025-01-28 02:00:00,13.8,954.0,68,AWS-BHO-030,Bhopal,BHO,center
2025-01-28 03:00:00,13.3,953.6,70,AWS-BHO-030,Bhopal,BHO,center
2025-01-28 04:00:00,13.3,953.6,70,AWS-BHO-030,Bhopal,BHO,center
2025-01-28 05:00:00,12.9,954.0,71,AWS-BHO-030,Bhopal,BHO,center
2025-01-28 06:00:00,12.4,955.2,73,AWS-BHO-030,Bhopal,BHO,center
2025-01-28 07:00:00,12.0,955.7,74,AWS-BHO-030,Bhopal,BHO,center
2025-01-28 08:00:00,14.4,957.1,65,AWS-BHO-030,Bhopal,BHO,center
2025-01-28 09:00:00,18.2,958.4,53,AWS-BHO-030,Bhopal,BHO,center
2025-01-28 10:00:00,21.3,958.9,44,AWS-BHO-030,Bhopal,BHO,center
2025-01-28 11:00:00,23.4,958.7,38,AWS-BHO-030,Bhopal,BHO,center
2025-01-28 12:00:00,24.8,957.8,34,AWS-BHO-030,Bhopal,BHO,center
2025-01-28 13:00:00,25.8,957.1,32,AWS-BHO-030,Bhopal,BHO,center
2025-01-28 14:00:00,26.1,956.3,32,AWS-BHO-030,Bhopal,BHO,center
2025-01-28 15:00:00,26.0,955.9,33,AWS-BHO-030,Bhopal,BHO,center
2025-01-28 16:00:00,25.4,955.7,35,AWS-BHO-030,Bhopal,BHO,center
2025-01-28 17:00:00,24.1,955.7,37,AWS-BHO-030,Bhopal,BHO,center
2025-01-28 18:00:00,22.2,955.9,46,AWS-BHO-030,Bhopal,BHO,center
2025-01-28 19:00:00,20.4,956.3,53,AWS-BHO-030,Bhopal,BHO,center
2025-01-28 20:00:00,19.3,957.0,56,AWS-BHO-030,Bhopal,BHO,center
2025-01-28 21:00:00,18.6,957.4,57,AWS-BHO-030,Bhopal,BHO,center
2025-01-28 22:00:00,17.7,957.3,60,AWS-BHO-030,Bhopal,BHO,center
2025-01-28 23:00:00,16.9,957.0,62,AWS-BHO-030,Bhopal,BHO,center
2025-01-29 00:00:00,16.3,956.6,65,AWS-BHO-030,Bhopal,BHO,center
2025-01-29 01:00:00,15.8,956.2,66,AWS-BHO-030,Bhopal,BHO,center
2025-01-29 02:00:00,15.2,955.8,69,AWS-BHO-030,Bhopal,BHO,center
2025-01-29 03:00:00,14.9,955.3,69,AWS-BHO-030,Bhopal,BHO,center
2025-01-29 04:00:00,14.4,955.3,69,AWS-BHO-030,Bhopal,BHO,center
2025-01-29 05:00:00,14.4,955.4,64,AWS-BHO-030,Bhopal,BHO,center
2025-01-29 06:00:00,14.2,956.3,58,AWS-BHO-030,Bhopal,BHO,center
2025-01-29 07:00:00,14.1,957.3,53,AWS-BHO-030,Bhopal,BHO,center
2025-01-29 08:00:00,15.9,958.4,45,AWS-BHO-030,Bhopal,BHO,center
2025-01-29 09:00:00,19.2,959.6,37,AWS-BHO-030,Bhopal,BHO,center
2025-01-29 10:00:00,22.4,960.4,33,AWS-BHO-030,Bhopal,BHO,center
2025-01-29 11:00:00,25.2,960.2,31,AWS-BHO-030,Bhopal,BHO,center
2025-01-29 12:00:00,27.1,959.2,30,AWS-BHO-030,Bhopal,BHO,center
2025-01-29 13:00:00,28.3,957.9,26,AWS-BHO-030,Bhopal,BHO,center
2025-01-29 14:00:00,28.9,957.0,26,AWS-BHO-030,Bhopal,BHO,center
2025-01-29 15:00:00,29.1,956.5,26,AWS-BHO-030,Bhopal,BHO,center
2025-01-29 16:00:00,28.6,956.0,27,AWS-BHO-030,Bhopal,BHO,center
2025-01-29 17:00:00,26.8,955.9,34,AWS-BHO-030,Bhopal,BHO,center
2025-01-29 18:00:00,23.8,955.4,48,AWS-BHO-030,Bhopal,BHO,center
2025-01-29 19:00:00,22.0,955.9,57,AWS-BHO-030,Bhopal,BHO,center
2025-01-29 20:00:00,21.2,956.4,66,AWS-BHO-030,Bhopal,BHO,center
2025-01-29 21:00:00,20.3,956.6,73,AWS-BHO-030,Bhopal,BHO,center
2025-01-29 22:00:00,19.6,956.3,77,AWS-BHO-030,Bhopal,BHO,center
2025-01-29 23:00:00,19.0,956.0,79,AWS-BHO-030,Bhopal,BHO,center
2025-01-30 00:00:00,18.5,955.6,81,AWS-BHO-030,Bhopal,BHO,center
2025-01-30 01:00:00,18.0,955.1,82,AWS-BHO-030,Bhopal,BHO,center
2025-01-30 02:00:00,17.8,954.4,81,AWS-BHO-030,Bhopal,BHO,center
2025-01-30 03:00:00,17.8,954.0,79,AWS-BHO-030,Bhopal,BHO,center
2025-01-30 04:00:00,17.6,953.8,78,AWS-BHO-030,Bhopal,BHO,center
2025-01-30 05:00:00,17.2,953.7,77,AWS-BHO-030,Bhopal,BHO,center
2025-01-30 06:00:00,16.5,954.8,80,AWS-BHO-030,Bhopal,BHO,center
2025-01-30 07:00:00,16.6,955.8,71,AWS-BHO-030,Bhopal,BHO,center
2025-01-30 08:00:00,18.6,956.8,60,AWS-BHO-030,Bhopal,BHO,center
2025-01-30 09:00:00,21.6,957.7,50,AWS-BHO-030,Bhopal,BHO,center
2025-01-30 10:00:00,24.7,958.3,39,AWS-BHO-030,Bhopal,BHO,center
2025-01-30 11:00:00,26.9,958.0,28,AWS-BHO-030,Bhopal,BHO,center
2025-01-30 12:00:00,28.3,957.1,20,AWS-BHO-030,Bhopal,BHO,center
2025-01-30 13:00:00,28.9,956.0,16,AWS-BHO-030,Bhopal,BHO,center
2025-01-30 14:00:00,29.0,955.0,16,AWS-BHO-030,Bhopal,BHO,center
2025-01-30 15:00:00,28.7,954.5,19,AWS-BHO-030,Bhopal,BHO,center
2025-01-30 16:00:00,27.9,954.3,22,AWS-BHO-030,Bhopal,BHO,center
2025-01-30 17:00:00,26.4,954.2,26,AWS-BHO-030,Bhopal,BHO,center
2025-01-30 18:00:00,24.8,954.1,31,AWS-BHO-030,Bhopal,BHO,center
2025-01-30 19:00:00,22.8,954.0,36,AWS-BHO-030,Bhopal,BHO,center
2025-01-30 20:00:00,20.9,954.7,46,AWS-BHO-030,Bhopal,BHO,center
2025-01-30 21:00:00,19.9,955.0,55,AWS-BHO-030,Bhopal,BHO,center
2025-01-30 22:00:00,20.0,955.1,55,AWS-BHO-030,Bhopal,BHO,center
2025-01-30 23:00:00,19.1,954.6,57,AWS-BHO-030,Bhopal,BHO,center
2025-01-31 00:00:00,18.1,953.9,61,AWS-BHO-030,Bhopal,BHO,center
2025-01-31 01:00:00,17.4,953.4,65,AWS-BHO-030,Bhopal,BHO,center
2025-01-31 02:00:00,17.7,953.1,57,AWS-BHO-030,Bhopal,BHO,center
2025-01-31 03:00:00,17.4,952.9,54,AWS-BHO-030,Bhopal,BHO,center
2025-01-31 04:00:00,16.6,952.7,54,AWS-BHO-030,Bhopal,BHO,center
2025-01-31 05:00:00,16.2,953.1,54,AWS-BHO-030,Bhopal,BHO,center
2025-01-31 06:00:00,15.8,953.9,59,AWS-BHO-030,Bhopal,BHO,center
2025-01-31 07:00:00,15.7,954.6,59,AWS-BHO-030,Bhopal,BHO,center
2025-01-31 08:00:00,17.7,956.1,54,AWS-BHO-030,Bhopal,BHO,center
2025-01-31 09:00:00,20.9,957.6,45,AWS-BHO-030,Bhopal,BHO,center
2025-01-31 10:00:00,23.8,958.1,37,AWS-BHO-030,Bhopal,BHO,center
2025-01-31 11:00:00,25.9,957.6,30,AWS-BHO-030,Bhopal,BHO,center
2025-01-31 12:00:00,27.0,956.9,28,AWS-BHO-030,Bhopal,BHO,center
2025-01-31 13:00:00,27.8,955.9,28,AWS-BHO-030,Bhopal,BHO,center
2025-01-31 14:00:00,28.5,955.1,26,AWS-BHO-030,Bhopal,BHO,center
2025-01-31 15:00:00,28.3,954.5,27,AWS-BHO-030,Bhopal,BHO,center
2025-01-31 16:00:00,27.6,954.4,30,AWS-BHO-030,Bhopal,BHO,center
2025-01-31 17:00:00,25.8,954.3,36,AWS-BHO-030,Bhopal,BHO,center
2025-01-31 18:00:00,23.4,954.4,46,AWS-BHO-030,Bhopal,BHO,center
2025-01-31 19:00:00,22.2,954.9,50,AWS-BHO-030,Bhopal,BHO,center
2025-01-31 20:00:00,21.4,955.4,55,AWS-BHO-030,Bhopal,BHO,center
2025-01-31 21:00:00,20.9,955.7,57,AWS-BHO-030,Bhopal,BHO,center
2025-01-31 22:00:00,20.4,955.8,58,AWS-BHO-030,Bhopal,BHO,center
2025-01-31 23:00:00,19.9,955.3,57,AWS-BHO-030,Bhopal,BHO,center
2025-02-01 00:00:00,19.7,954.8,55,AWS-BHO-030,Bhopal,BHO,center
2025-02-01 01:00:00,19.4,954.3,53,AWS-BHO-030,Bhopal,BHO,center
2025-02-01 02:00:00,19.0,953.9,53,AWS-BHO-030,Bhopal,BHO,center
2025-02-01 03:00:00,18.4,953.8,55,AWS-BHO-030,Bhopal,BHO,center
2025-02-01 04:00:00,17.2,953.8,61,AWS-BHO-030,Bhopal,BHO,center
2025-02-01 05:00:00,16.2,953.9,67,AWS-BHO-030,Bhopal,BHO,center
2025-02-01 06:00:00,15.5,954.8,74,AWS-BHO-030,Bhopal,BHO,center
2025-02-01 07:00:00,15.6,955.5,75,AWS-BHO-030,Bhopal,BHO,center
2025-02-01 08:00:00,17.8,956.9,66,AWS-BHO-030,Bhopal,BHO,center
2025-02-01 09:00:00,21.3,958.2,51,AWS-BHO-030,Bhopal,BHO,center
2025-02-01 10:00:00,24.1,958.8,40,AWS-BHO-030,Bhopal,BHO,center
2025-02-01 11:00:00,25.8,958.5,35,AWS-BHO-030,Bhopal,BHO,center
2025-02-01 12:00:00,26.8,957.9,33,AWS-BHO-030,Bhopal,BHO,center
2025-02-01 13:00:00,27.6,957.1,32,AWS-BHO-030,Bhopal,BHO,center
2025-02-01 14:00:00,28.1,956.2,30,AWS-BHO-030,Bhopal,BHO,center
2025-02-01 15:00:00,28.3,955.7,29,AWS-BHO-030,Bhopal,BHO,center
2025-02-01 16:00:00,27.8,955.8,30,AWS-BHO-030,Bhopal,BHO,center
2025-02-01 17:00:00,26.8,956.1,32,AWS-BHO-030,Bhopal,BHO,center
2025-02-01 18:00:00,25.2,956.2,34,AWS-BHO-030,Bhopal,BHO,center
2025-02-01 19:00:00,23.8,956.7,38,AWS-BHO-030,Bhopal,BHO,center
2025-02-01 20:00:00,22.3,957.2,44,AWS-BHO-030,Bhopal,BHO,center
2025-02-01 21:00:00,21.2,957.8,46,AWS-BHO-030,Bhopal,BHO,center
2025-02-01 22:00:00,20.1,957.6,48,AWS-BHO-030,Bhopal,BHO,center
2025-02-01 23:00:00,19.6,957.2,47,AWS-BHO-030,Bhopal,BHO,center
2025-02-02 00:00:00,18.9,956.7,47,AWS-BHO-030,Bhopal,BHO,center
2025-02-02 01:00:00,18.3,956.4,48,AWS-BHO-030,Bhopal,BHO,center
2025-02-02 02:00:00,17.6,955.7,50,AWS-BHO-030,Bhopal,BHO,center
2025-02-02 03:00:00,17.1,955.4,52,AWS-BHO-030,Bhopal,BHO,center
2025-02-02 04:00:00,16.6,955.3,54,AWS-BHO-030,Bhopal,BHO,center
2025-02-02 05:00:00,16.1,955.4,56,AWS-BHO-030,Bhopal,BHO,center
2025-02-02 06:00:00,15.6,956.4,60,AWS-BHO-030,Bhopal,BHO,center
2025-02-02 07:00:00,15.5,957.1,61,AWS-BHO-030,Bhopal,BHO,center
2025-02-02 08:00:00,17.6,958.6,55,AWS-BHO-030,Bhopal,BHO,center
2025-02-02 09:00:00,20.8,960.1,45,AWS-BHO-030,Bhopal,BHO,center
2025-02-02 10:00:00,23.8,960.7,37,AWS-BHO-030,Bhopal,BHO,center
2025-02-02 11:00:00,25.6,960.3,32,AWS-BHO-030,Bhopal,BHO,center
2025-02-02 12:00:00,26.5,959.2,32,AWS-BHO-030,Bhopal,BHO,center
2025-02-02 13:00:00,27.2,958.3,32,AWS-BHO-030,Bhopal,BHO,center
2025-02-02 14:00:00,27.5,957.6,32,AWS-BHO-030,Bhopal,BHO,center
2025-02-02 15:00:00,27.5,957.1,33,AWS-BHO-030,Bhopal,BHO,center
2025-02-02 16:00:00,26.9,957.0,35,AWS-BHO-030,Bhopal,BHO,center
2025-02-02 17:00:00,25.5,957.0,39,AWS-BHO-030,Bhopal,BHO,center
2025-02-02 18:00:00,23.8,957.2,47,AWS-BHO-030,Bhopal,BHO,center
2025-02-02 19:00:00,22.8,957.4,48,AWS-BHO-030,Bhopal,BHO,center
2025-02-02 20:00:00,22.1,957.7,49,AWS-BHO-030,Bhopal,BHO,center
2025-02-02 21:00:00,21.4,957.8,51,AWS-BHO-030,Bhopal,BHO,center
2025-02-02 22:00:00,20.8,958.0,52,AWS-BHO-030,Bhopal,BHO,center
2025-02-02 23:00:00,19.9,957.6,55,AWS-BHO-030,Bhopal,BHO,center
2025-02-03 00:00:00,19.2,957.0,56,AWS-BHO-030,Bhopal,BHO,center
2025-02-03 01:00:00,18.8,956.5,57,AWS-BHO-030,Bhopal,BHO,center
2025-02-03 02:00:00,18.2,955.7,59,AWS-BHO-030,Bhopal,BHO,center
2025-02-03 03:00:00,17.6,955.2,60,AWS-BHO-030,Bhopal,BHO,center
2025-02-03 04:00:00,17.1,955.0,62,AWS-BHO-030,Bhopal,BHO,center
2025-02-03 05:00:00,16.7,955.1,64,AWS-BHO-030,Bhopal,BHO,center
2025-02-03 06:00:00,16.9,956.2,65,AWS-BHO-030,Bhopal,BHO,center
2025-02-03 07:00:00,16.8,956.9,67,AWS-BHO-030,Bhopal,BHO,center
2025-02-03 08:00:00,18.8,958.0,60,AWS-BHO-030,Bhopal,BHO,center
2025-02-03 09:00:00,21.7,959.2,52,AWS-BHO-030,Bhopal,BHO,center
2025-02-03 10:00:00,24.6,959.8,46,AWS-BHO-030,Bhopal,BHO,center
2025-02-03 11:00:00,26.9,959.3,42,AWS-BHO-030,Bhopal,BHO,center
2025-02-03 12:00:00,28.6,958.3,41,AWS-BHO-030,Bhopal,BHO,center
2025-02-03 13:00:00,29.7,957.1,42,AWS-BHO-030,Bhopal,BHO,center
2025-02-03 14:00:00,31.0,956.3,35,AWS-BHO-030,Bhopal,BHO,center
2025-02-03 15:00:00,31.2,955.9,31,AWS-BHO-030,Bhopal,BHO,center
2025-02-03 16:00:00,30.5,955.9,34,AWS-BHO-030,Bhopal,BHO,center
2025-02-03 17:00:00,29.0,956.0,39,AWS-BHO-030,Bhopal,BHO,center
2025-02-03 18:00:00,26.8,956.7,49,AWS-BHO-030,Bhopal,BHO,center
2025-02-03 19:00:00,25.7,957.1,52,AWS-BHO-030,Bhopal,BHO,center
2025-02-03 20:00:00,24.9,957.6,55,AWS-BHO-030,Bhopal,BHO,center
2025-02-03 21:00:00,24.2,957.8,57,AWS-BHO-030,Bhopal,BHO,center
2025-02-03 22:00:00,24.1,957.9,56,AWS-BHO-030,Bhopal,BHO,center
2025-02-03 23:00:00,23.8,957.6,55,AWS-BHO-030,Bhopal,BHO,center
2025-02-04 00:00:00,23.0,957.1,57,AWS-BHO-030,Bhopal,BHO,center
2025-02-04 01:00:00,20.6,956.9,65,AWS-BHO-030,Bhopal,BHO,center
2025-02-04 02:00:00,19.5,956.4,76,AWS-BHO-030,Bhopal,BHO,center
2025-02-04 03:00:00,19.3,956.1,77,AWS-BHO-030,Bhopal,BHO,center
2025-02-04 04:00:00,19.1,955.7,81,AWS-BHO-030,Bhopal,BHO,center
2025-02-04 05:00:00,18.3,955.5,86,AWS-BHO-030,Bhopal,BHO,center
2025-02-04 06:00:00,18.3,956.4,88,AWS-BHO-030,Bhopal,BHO,center
2025-02-04 07:00:00,18.2,957.2,88,AWS-BHO-030,Bhopal,BHO,center
2025-02-04 08:00:00,20.4,958.3,75,AWS-BHO-030,Bhopal,BHO,center
2025-02-04 09:00:00,23.2,959.7,62,AWS-BHO-030,Bhopal,BHO,center
2025-02-04 10:00:00,26.3,960.4,52,AWS-BHO-030,Bhopal,BHO,center
2025-02-04 11:00:00,28.5,960.2,45,AWS-BHO-030,Bhopal,BHO,center
2025-02-04 12:00:00,30.0,959.0,41,AWS-BHO-030,Bhopal,BHO,center
2025-02-04 13:00:00,31.0,957.8,36,AWS-BHO-030,Bhopal,BHO,center
2025-02-04 14:00:00,31.5,956.8,30,AWS-BHO-030,Bhopal,BHO,center
2025-02-04 15:00:00,30.9,956.2,30,AWS-BHO-030,Bhopal,BHO,center
2025-02-04 16:00:00,30.3,956.0,32,AWS-BHO-030,Bhopal,BHO,center
2025-02-04 17:00:00,29.2,955.8,35,AWS-BHO-030,Bhopal,BHO,center
2025-02-04 18:00:00,26.9,956.1,44,AWS-BHO-030,Bhopal,BHO,center
2025-02-04 19:00:00,25.0,956.5,59,AWS-BHO-030,Bhopal,BHO,center
2025-02-04 20:00:00,24.0,956.8,69,AWS-BHO-030,Bhopal,BHO,center
2025-02-04 21:00:00,23.2,957.1,72,AWS-BHO-030,Bhopal,BHO,center
2025-02-04 22:00:00,23.0,957.1,63,AWS-BHO-030,Bhopal,BHO,center
2025-02-04 23:00:00,22.5,956.8,56,AWS-BHO-030,Bhopal,BHO,center
2025-02-05 00:00:00,21.8,956.6,55,AWS-BHO-030,Bhopal,BHO,center
2025-02-05 01:00:00,20.9,956.2,55,AWS-BHO-030,Bhopal,BHO,center
2025-02-05 02:00:00,20.0,955.9,59,AWS-BHO-030,Bhopal,BHO,center
2025-02-05 03:00:00,19.2,955.8,65,AWS-BHO-030,Bhopal,BHO,center
2025-02-05 04:00:00,18.6,955.7,71,AWS-BHO-030,Bhopal,BHO,center
2025-02-05 05:00:00,18.0,956.0,77,AWS-BHO-030,Bhopal,BHO,center
2025-02-05 06:00:00,17.0,957.1,86,AWS-BHO-030,Bhopal,BHO,center
2025-02-05 07:00:00,16.9,957.8,87,AWS-BHO-030,Bhopal,BHO,center
2025-02-05 08:00:00,18.6,959.1,78,AWS-BHO-030,Bhopal,BHO,center
2025-02-05 09:00:00,21.0,960.0,65,AWS-BHO-030,Bhopal,BHO,center
2025-02-05 10:00:00,23.1,960.5,54,AWS-BHO-030,Bhopal,BHO,center
2025-02-05 11:00:00,24.7,960.1,46,AWS-BHO-030,Bhopal,BHO,center
2025-02-05 12:00:00,25.8,959.1,42,AWS-BHO-030,Bhopal,BHO,center
2025-02-05 13:00:00,26.6,958.2,39,AWS-BHO-030,Bhopal,BHO,center
2025-02-05 14:00:00,27.1,957.2,37,AWS-BHO-030,Bhopal,BHO,center
2025-02-05 15:00:00,27.2,956.7,35,AWS-BHO-030,Bhopal,BHO,center
2025-02-05 16:00:00,26.9,956.8,35,AWS-BHO-030,Bhopal,BHO,center
2025-02-05 17:00:00,25.7,956.8,37,AWS-BHO-030,Bhopal,BHO,center
2025-02-05 18:00:00,23.4,957.3,50,AWS-BHO-030,Bhopal,BHO,center
2025-02-05 19:00:00,22.2,958.0,55,AWS-BHO-030,Bhopal,BHO,center
2025-02-05 20:00:00,21.2,958.5,52,AWS-BHO-030,Bhopal,BHO,center
2025-02-05 21:00:00,20.4,959.0,51,AWS-BHO-030,Bhopal,BHO,center
2025-02-05 22:00:00,19.5,959.1,54,AWS-BHO-030,Bhopal,BHO,center
2025-02-05 23:00:00,18.2,959.1,57,AWS-BHO-030,Bhopal,BHO,center
2025-02-06 00:00:00,17.3,958.7,59,AWS-BHO-030,Bhopal,BHO,center
2025-02-06 01:00:00,16.6,958.6,59,AWS-BHO-030,Bhopal,BHO,center
2025-02-06 02:00:00,15.9,957.9,58,AWS-BHO-030,Bhopal,BHO,center
2025-02-06 03:00:00,15.3,957.6,55,AWS-BHO-030,Bhopal,BHO,center
2025-02-06 04:00:00,14.6,957.7,52,AWS-BHO-030,Bhopal,BHO,center
2025-02-06 05:00:00,14.1,957.9,49,AWS-BHO-030,Bhopal,BHO,center
2025-02-06 06:00:00,13.1,959.0,57,AWS-BHO-030,Bhopal,BHO,center
2025-02-06 07:00:00,13.0,959.8,55,AWS-BHO-030,Bhopal,BHO,center
2025-02-06 08:00:00,14.6,960.9,49,AWS-BHO-030,Bhopal,BHO,center
2025-02-06 09:00:00,16.8,961.7,41,AWS-BHO-030,Bhopal,BHO,center
2025-02-06 10:00:00,19.1,962.3,34,AWS-BHO-030,Bhopal,BHO,center
2025-02-06 11:00:00,20.9,962.1,30,AWS-BHO-030,Bhopal,BHO,center
2025-02-06 12:00:00,22.2,961.4,27,AWS-BHO-030,Bhopal,BHO,center
2025-02-06 13:00:00,23.1,960.4,25,AWS-BHO-030,Bhopal,BHO,center
2025-02-06 14:00:00,23.4,959.3,25,AWS-BHO-030,Bhopal,BHO,center
2025-02-06 15:00:00,23.4,958.5,25,AWS-BHO-030,Bhopal,BHO,center
2025-02-06 16:00:00,22.8,958.2,26,AWS-BHO-030,Bhopal,BHO,center
2025-02-06 17:00:00,21.6,958.2,29,AWS-BHO-030,Bhopal,BHO,center
2025-02-06 18:00:00,20.0,959.0,35,AWS-BHO-030,Bhopal,BHO,center
2025-02-06 19:00:00,19.0,959.4,39,AWS-BHO-030,Bhopal,BHO,center
2025-02-06 20:00:00,18.5,960.1,39,AWS-BHO-030,Bhopal,BHO,center
2025-02-06 21:00:00,17.8,960.2,40,AWS-BHO-030,Bhopal,BHO,center
2025-02-06 22:00:00,17.0,960.1,42,AWS-BHO-030,Bhopal,BHO,center
2025-02-06 23:00:00,16.3,960.0,44,AWS-BHO-030,Bhopal,BHO,center
2025-02-07 00:00:00,15.4,959.6,48,AWS-BHO-030,Bhopal,BHO,center
2025-02-07 01:00:00,14.9,958.9,50,AWS-BHO-030,Bhopal,BHO,center
2025-02-07 02:00:00,14.6,958.3,51,AWS-BHO-030,Bhopal,BHO,center
2025-02-07 03:00:00,14.3,958.2,52,AWS-BHO-030,Bhopal,BHO,center
2025-02-07 04:00:00,13.8,958.3,53,AWS-BHO-030,Bhopal,BHO,center
2025-02-07 05:00:00,13.3,958.6,55,AWS-BHO-030,Bhopal,BHO,center
2025-02-07 06:00:00,13.0,959.8,60,AWS-BHO-030,Bhopal,BHO,center
2025-02-07 07:00:00,12.9,960.7,58,AWS-BHO-030,Bhopal,BHO,center
2025-02-07 08:00:00,14.4,962.1,53,AWS-BHO-030,Bhopal,BHO,center
2025-02-07 09:00:00,16.7,963.1,45,AWS-BHO-030,Bhopal,BHO,center
2025-02-07 10:00:00,19.0,963.6,37,AWS-BHO-030,Bhopal,BHO,center
2025-02-07 11:00:00,21.2,963.4,27,AWS-BHO-030,Bhopal,BHO,center
2025-02-07 12:00:00,22.8,962.3,23,AWS-BHO-030,Bhopal,BHO,center
2025-02-07 13:00:00,23.8,961.2,22,AWS-BHO-030,Bhopal,BHO,center
2025-02-07 14:00:00,24.4,960.1,22,AWS-BHO-030,Bhopal,BHO,center
2025-02-07 15:00:00,24.4,959.7,22,AWS-BHO-030,Bhopal,BHO,center
2025-02-07 16:00:00,23.8,959.4,24,AWS-BHO-030,Bhopal,BHO,center
2025-02-07 17:00:00,22.6,959.2,28,AWS-BHO-030,Bhopal,BHO,center
2025-02-07 18:00:00,20.8,959.4,34,AWS-BHO-030,Bhopal,BHO,center
2025-02-07 19:00:00,19.7,959.6,36,AWS-BHO-030,Bhopal,BHO,center
2025-02-07 20:00:00,19.0,960.2,37,AWS-BHO-030,Bhopal,BHO,center
2025-02-07 21:00:00,18.3,960.2,38,AWS-BHO-030,Bhopal,BHO,center
2025-02-07 22:00:00,17.7,960.0,40,AWS-BHO-030,Bhopal,BHO,center
2025-02-07 23:00:00,17.0,959.6,42,AWS-BHO-030,Bhopal,BHO,center
2025-02-08 00:00:00,16.3,958.9,44,AWS-BHO-030,Bhopal,BHO,center
2025-02-08 01:00:00,15.6,958.3,47,AWS-BHO-030,Bhopal,BHO,center
2025-02-08 02:00:00,15.0,957.6,50,AWS-BHO-030,Bhopal,BHO,center
2025-02-08 03:00:00,14.6,957.4,51,AWS-BHO-030,Bhopal,BHO,center
2025-02-08 04:00:00,14.1,957.2,52,AWS-BHO-030,Bhopal,BHO,center
2025-02-08 05:00:00,13.5,957.4,52,AWS-BHO-030,Bhopal,BHO,center
2025-02-08 06:00:00,13.0,958.2,56,AWS-BHO-030,Bhopal,BHO,center
2025-02-08 07:00:00,12.9,959.0,55,AWS-BHO-030,Bhopal,BHO,center
2025-02-08 08:00:00,14.7,960.3,50,AWS-BHO-030,Bhopal,BHO,center
2025-02-08 09:00:00,18.0,961.6,40,AWS-BHO-030,Bhopal,BHO,center
2025-02-08 10:00:00,21.3,962.3,30,AWS-BHO-030,Bhopal,BHO,center
2025-02-08 11:00:00,23.5,961.9,25,AWS-BHO-030,Bhopal,BHO,center
2025-02-08 12:00:00,25.2,961.1,23,AWS-BHO-030,Bhopal,BHO,center
2025-02-08 13:00:00,26.2,960.0,23,AWS-BHO-030,Bhopal,BHO,center
2025-02-08 14:00:00,26.7,959.1,23,AWS-BHO-030,Bhopal,BHO,center
2025-02-08 15:00:00,26.6,958.3,24,AWS-BHO-030,Bhopal,BHO,center
2025-02-08 16:00:00,25.9,958.3,26,AWS-BHO-030,Bhopal,BHO,center
2025-02-08 17:00:00,24.3,958.4,30,AWS-BHO-030,Bhopal,BHO,center
2025-02-08 18:00:00,22.5,958.3,37,AWS-BHO-030,Bhopal,BHO,center
2025-02-08 19:00:00,21.2,958.7,37,AWS-BHO-030,Bhopal,BHO,center
2025-02-08 20:00:00,20.1,959.3,38,AWS-BHO-030,Bhopal,BHO,center
2025-02-08 21:00:00,19.4,959.3,38,AWS-BHO-030,Bhopal,BHO,center
2025-02-08 22:00:00,18.8,959.2,40,AWS-BHO-030,Bhopal,BHO,center
2025-02-08 23:00:00,17.9,959.0,43,AWS-BHO-030,Bhopal,BHO,center
2025-02-09 00:00:00,17.5,958.2,44,AWS-BHO-030,Bhopal,BHO,center
2025-02-09 01:00:00,17.0,957.7,44,AWS-BHO-030,Bhopal,BHO,center
2025-02-09 02:00:00,16.2,956.9,46,AWS-BHO-030,Bhopal,BHO,center
2025-02-09 03:00:00,15.6,956.5,49,AWS-BHO-030,Bhopal,BHO,center
2025-02-09 04:00:00,15.2,956.4,51,AWS-BHO-030,Bhopal,BHO,center
2025-02-09 05:00:00,15.2,956.5,52,AWS-BHO-030,Bhopal,BHO,center
2025-02-09 06:00:00,15.0,957.3,55,AWS-BHO-030,Bhopal,BHO,center
2025-02-09 07:00:00,15.0,957.9,55,AWS-BHO-030,Bhopal,BHO,center
2025-02-09 08:00:00,17.4,959.1,48,AWS-BHO-030,Bhopal,BHO,center
2025-02-09 09:00:00,20.8,960.4,39,AWS-BHO-030,Bhopal,BHO,center
2025-02-09 10:00:00,24.2,961.0,33,AWS-BHO-030,Bhopal,BHO,center
2025-02-09 11:00:00,26.7,960.6,29,AWS-BHO-030,Bhopal,BHO,center
2025-02-09 12:00:00,28.1,959.5,30,AWS-BHO-030,Bhopal,BHO,center
2025-02-09 13:00:00,28.9,958.4,31,AWS-BHO-030,Bhopal,BHO,center
2025-02-09 14:00:00,29.3,957.3,31,AWS-BHO-030,Bhopal,BHO,center
2025-02-09 15:00:00,29.7,956.7,31,AWS-BHO-030,Bhopal,BHO,center
2025-02-09 16:00:00,29.6,956.4,32,AWS-BHO-030,Bhopal,BHO,center
2025-02-09 17:00:00,28.2,956.4,36,AWS-BHO-030,Bhopal,BHO,center
2025-02-09 18:00:00,25.5,956.6,49,AWS-BHO-030,Bhopal,BHO,center
2025-02-09 19:00:00,24.1,957.0,55,AWS-BHO-030,Bhopal,BHO,center
2025-02-09 20:00:00,22.7,957.6,60,AWS-BHO-030,Bhopal,BHO,center
2025-02-09 21:00:00,21.7,957.8,64,AWS-BHO-030,Bhopal,BHO,center
2025-02-09 22:00:00,20.6,957.8,71,AWS-BHO-030,Bhopal,BHO,center
2025-02-09 23:00:00,20.1,957.1,76,AWS-BHO-030,Bhopal,BHO,center
2025-02-10 00:00:00,19.7,956.7,74,AWS-BHO-030,Bhopal,BHO,center
2025-02-10 01:00:00,19.2,956.1,75,AWS-BHO-030,Bhopal,BHO,center
2025-02-10 02:00:00,18.7,955.6,76,AWS-BHO-030,Bhopal,BHO,center
2025-02-10 03:00:00,18.3,955.4,77,AWS-BHO-030,Bhopal,BHO,center
2025-02-10 04:00:00,17.7,955.0,79,AWS-BHO-030,Bhopal,BHO,center
2025-02-10 05:00:00,17.5,955.4,79,AWS-BHO-030,Bhopal,BHO,center
2025-02-10 06:00:00,17.0,956.5,81,AWS-BHO-030,Bhopal,BHO,center
2025-02-10 07:00:00,17.8,957.4,76,AWS-BHO-030,Bhopal,BHO,center
2025-02-10 08:00:00,20.7,958.9,64,AWS-BHO-030,Bhopal,BHO,center
2025-02-10 09:00:00,24.6,960.4,52,AWS-BHO-030,Bhopal,BHO,center
2025-02-10 10:00:00,27.4,961.2,43,AWS-BHO-030,Bhopal,BHO,center
2025-02-10 11:00:00,29.0,960.7,39,AWS-BHO-030,Bhopal,BHO,center
2025-02-10 12:00:00,30.3,959.8,35,AWS-BHO-030,Bhopal,BHO,center
2025-02-10 13:00:00,31.0,958.6,30,AWS-BHO-030,Bhopal,BHO,center
2025-02-10 14:00:00,31.3,957.6,25,AWS-BHO-030,Bhopal,BHO,center
2025-02-10 15:00:00,31.3,957.0,22,AWS-BHO-030,Bhopal,BHO,center
2025-02-10 16:00:00,30.6,956.9,22,AWS-BHO-030,Bhopal,BHO,center
2025-02-10 17:00:00,29.5,956.9,25,AWS-BHO-030,Bhopal,BHO,center
2025-02-10 18:00:00,27.4,957.1,28,AWS-BHO-030,Bhopal,BHO,center
2025-02-10 19:00:00,26.2,957.6,24,AWS-BHO-030,Bhopal,BHO,center
2025-02-10 20:00:00,24.6,958.4,26,AWS-BHO-030,Bhopal,BHO,center
2025-02-10 21:00:00,22.5,958.5,32,AWS-BHO-030,Bhopal,BHO,center
2025-02-10 22:00:00,21.2,958.7,35,AWS-BHO-030,Bhopal,BHO,center
2025-02-10 23:00:00,20.3,958.4,39,AWS-BHO-030,Bhopal,BHO,center
2025-02-11 00:00:00,19.8,957.7,40,AWS-BHO-030,Bhopal,BHO,center
2025-02-11 01:00:00,18.9,956.9,43,AWS-BHO-030,Bhopal,BHO,center
2025-02-11 02:00:00,18.8,956.3,42,AWS-BHO-030,Bhopal,BHO,center
2025-02-11 03:00:00,17.8,955.9,46,AWS-BHO-030,Bhopal,BHO,center
2025-02-11 04:00:00,16.9,955.7,49,AWS-BHO-030,Bhopal,BHO,center
2025-02-11 05:00:00,16.6,955.9,52,AWS-BHO-030,Bhopal,BHO,center
2025-02-11 06:00:00,16.6,956.8,55,AWS-BHO-030,Bhopal,BHO,center
2025-02-11 07:00:00,17.2,957.2,59,AWS-BHO-030,Bhopal,BHO,center
2025-02-11 08:00:00,19.6,958.4,47,AWS-BHO-030,Bhopal,BHO,center
2025-02-11 09:00:00,23.7,959.8,38,AWS-BHO-030,Bhopal,BHO,center
2025-02-11 10:00:00,26.7,960.6,30,AWS-BHO-030,Bhopal,BHO,center
2025-02-11 11:00:00,28.6,960.3,24,AWS-BHO-030,Bhopal,BHO,center
2025-02-11 12:00:00,29.9,959.5,21,AWS-BHO-030,Bhopal,BHO,center
2025-02-11 13:00:00,30.8,958.5,19,AWS-BHO-030,Bhopal,BHO,center
2025-02-11 14:00:00,31.1,957.6,18,AWS-BHO-030,Bhopal,BHO,center
2025-02-11 15:00:00,30.9,956.9,16,AWS-BHO-030,Bhopal,BHO,center
2025-02-11 16:00:00,30.2,956.7,16,AWS-BHO-030,Bhopal,BHO,center
2025-02-11 17:00:00,28.8,956.6,19,AWS-BHO-030,Bhopal,BHO,center
2025-02-11 18:00:00,26.9,956.5,23,AWS-BHO-030,Bhopal,BHO,center
2025-02-11 19:00:00,24.4,956.9,31,AWS-BHO-030,Bhopal,BHO,center
2025-02-11 20:00:00,23.0,957.5,44,AWS-BHO-030,Bhopal,BHO,center
2025-02-11 21:00:00,22.9,957.9,44,AWS-BHO-030,Bhopal,BHO,center
2025-02-11 22:00:00,22.3,958.1,44,AWS-BHO-030,Bhopal,BHO,center
2025-02-11 23:00:00,20.8,957.5,48,AWS-BHO-030,Bhopal,BHO,center
2025-02-12 00:00:00,20.5,957.0,46,AWS-BHO-030,Bhopal,BHO,center
2025-02-12 01:00:00,20.4,956.7,41,AWS-BHO-030,Bhopal,BHO,center
2025-02-12 02:00:00,19.9,956.3,37,AWS-BHO-030,Bhopal,BHO,center
2025-02-12 03:00:00,19.1,955.9,38,AWS-BHO-030,Bhopal,BHO,center
2025-02-12 04:00:00,18.4,956.2,41,AWS-BHO-030,Bhopal,BHO,center
2025-02-12 05:00:00,17.8,956.5,44,AWS-BHO-030,Bhopal,BHO,center
2025-02-12 06:00:00,16.7,957.5,52,AWS-BHO-030,Bhopal,BHO,center
2025-02-12 07:00:00,16.7,958.2,54,AWS-BHO-030,Bhopal,BHO,center
2025-02-12 08:00:00,18.9,959.2,49,AWS-BHO-030,Bhopal,BHO,center
2025-02-12 09:00:00,22.0,960.7,41,AWS-BHO-030,Bhopal,BHO,center
2025-02-12 10:00:00,24.9,961.2,35,AWS-BHO-030,Bhopal,BHO,center
2025-02-12 11:00:00,27.0,960.9,29,AWS-BHO-030,Bhopal,BHO,center
2025-02-12 12:00:00,28.3,960.1,26,AWS-BHO-030,Bhopal,BHO,center
2025-02-12 13:00:00,29.1,959.2,24,AWS-BHO-030,Bhopal,BHO,center
2025-02-12 14:00:00,29.6,958.1,23,AWS-BHO-030,Bhopal,BHO,center
2025-02-12 15:00:00,29.6,957.7,22,AWS-BHO-030,Bhopal,BHO,center
2025-02-12 16:00:00,29.0,957.7,22,AWS-BHO-030,Bhopal,BHO,center
2025-02-12 17:00:00,27.6,957.8,24,AWS-BHO-030,Bhopal,BHO,center
2025-02-12 18:00:00,25.8,957.9,29,AWS-BHO-030,Bhopal,BHO,center
2025-02-12 19:00:00,24.2,958.4,32,AWS-BHO-030,Bhopal,BHO,center
2025-02-12 20:00:00,22.8,959.2,32,AWS-BHO-030,Bhopal,BHO,center
2025-02-12 21:00:00,22.1,959.6,30,AWS-BHO-030,Bhopal,BHO,center
2025-02-12 22:00:00,20.9,960.0,33,AWS-BHO-030,Bhopal,BHO,center
2025-02-12 23:00:00,20.0,959.5,36,AWS-BHO-030,Bhopal,BHO,center
2025-02-13 00:00:00,19.1,959.0,39,AWS-BHO-030,Bhopal,BHO,center
2025-02-13 01:00:00,18.4,958.7,41,AWS-BHO-030,Bhopal,BHO,center
2025-02-13 02:00:00,17.6,958.1,44,AWS-BHO-030,Bhopal,BHO,center
2025-02-13 03:00:00,16.3,957.8,49,AWS-BHO-030,Bhopal,BHO,center
2025-02-13 04:00:00,15.8,957.6,50,AWS-BHO-030,Bhopal,BHO,center
2025-02-13 05:00:00,15.5,957.8,49,AWS-BHO-030,Bhopal,BHO,center
2025-02-13 06:00:00,14.3,958.6,56,AWS-BHO-030,Bhopal,BHO,center
2025-02-13 07:00:00,14.3,959.3,55,AWS-BHO-030,Bhopal,BHO,center
2025-02-13 08:00:00,16.8,960.6,47,AWS-BHO-030,Bhopal,BHO,center
2025-02-13 09:00:00,20.4,962.1,36,AWS-BHO-030,Bhopal,BHO,center
2025-02-13 10:00:00,23.4,962.7,27,AWS-BHO-030,Bhopal,BHO,center
2025-02-13 11:00:00,24.9,962.3,22,AWS-BHO-030,Bhopal,BHO,center
2025-02-13 12:00:00,25.6,961.4,22,AWS-BHO-030,Bhopal,BHO,center
2025-02-13 13:00:00,26.2,960.2,22,AWS-BHO-030,Bhopal,BHO,center
2025-02-13 14:00:00,26.7,959.2,22,AWS-BHO-030,Bhopal,BHO,center
2025-02-13 15:00:00,27.0,958.3,22,AWS-BHO-030,Bhopal,BHO,center
2025-02-13 16:00:00,26.8,958.0,20,AWS-BHO-030,Bhopal,BHO,center
2025-02-13 17:00:00,25.7,958.0,20,AWS-BHO-030,Bhopal,BHO,center
2025-02-13 18:00:00,23.2,958.4,30,AWS-BHO-030,Bhopal,BHO,center
2025-02-13 19:00:00,21.8,958.9,32,AWS-BHO-030,Bhopal,BHO,center
2025-02-13 20:00:00,21.1,959.6,32,AWS-BHO-030,Bhopal,BHO,center
2025-02-13 21:00:00,20.5,959.6,34,AWS-BHO-030,Bhopal,BHO,center
2025-02-13 22:00:00,20.0,959.8,37,AWS-BHO-030,Bhopal,BHO,center
2025-02-13 23:00:00,19.0,959.5,38,AWS-BHO-030,Bhopal,BHO,center
2025-02-14 00:00:00,18.1,959.0,40,AWS-BHO-030,Bhopal,BHO,center
2025-02-14 01:00:00,17.6,958.3,41,AWS-BHO-030,Bhopal,BHO,center
2025-02-14 02:00:00,17.0,957.5,42,AWS-BHO-030,Bhopal,BHO,center
2025-02-14 03:00:00,15.8,956.9,47,AWS-BHO-030,Bhopal,BHO,center
2025-02-14 04:00:00,15.3,956.7,49,AWS-BHO-030,Bhopal,BHO,center
2025-02-14 05:00:00,14.8,956.8,51,AWS-BHO-030,Bhopal,BHO,center
2025-02-14 06:00:00,13.6,958.0,59,AWS-BHO-030,Bhopal,BHO,center
2025-02-14 07:00:00,14.0,958.8,58,AWS-BHO-030,Bhopal,BHO,center
2025-02-14 08:00:00,17.0,959.9,49,AWS-BHO-030,Bhopal,BHO,center
2025-02-14 09:00:00,21.1,961.2,36,AWS-BHO-030,Bhopal,BHO,center
2025-02-14 10:00:00,24.3,961.6,25,AWS-BHO-030,Bhopal,BHO,center
2025-02-14 11:00:00,26.5,961.3,19,AWS-BHO-030,Bhopal,BHO,center
2025-02-14 12:00:00,28.0,960.1,16,AWS-BHO-030,Bhopal,BHO,center
2025-02-14 13:00:00,29.0,958.9,14,AWS-BHO-030,Bhopal,BHO,center
2025-02-14 14:00:00,29.5,957.9,14,AWS-BHO-030,Bhopal,BHO,center
2025-02-14 15:00:00,29.4,957.2,15,AWS-BHO-030,Bhopal,BHO,center
2025-02-14 16:00:00,29.0,957.0,16,AWS-BHO-030,Bhopal,BHO,center
2025-02-14 17:00:00,27.8,956.9,17,AWS-BHO-030,Bhopal,BHO,center
2025-02-14 18:00:00,24.9,956.8,25,AWS-BHO-030,Bhopal,BHO,center
2025-02-14 19:00:00,22.6,957.6,40,AWS-BHO-030,Bhopal,BHO,center
2025-02-14 20:00:00,21.7,958.0,43,AWS-BHO-030,Bhopal,BHO,center
2025-02-14 21:00:00,21.0,957.9,43,AWS-BHO-030,Bhopal,BHO,center
2025-02-14 22:00:00,20.2,958.2,46,AWS-BHO-030,Bhopal,BHO,center
2025-02-14 23:00:00,20.0,957.6,47,AWS-BHO-030,Bhopal,BHO,center
2025-02-15 00:00:00,19.8,957.0,46,AWS-BHO-030,Bhopal,BHO,center
2025-02-15 01:00:00,19.7,956.3,43,AWS-BHO-030,Bhopal,BHO,center
2025-02-15 02:00:00,19.5,955.5,42,AWS-BHO-030,Bhopal,BHO,center
2025-02-15 03:00:00,19.1,955.0,42,AWS-BHO-030,Bhopal,BHO,center
2025-02-15 04:00:00,18.8,954.8,43,AWS-BHO-030,Bhopal,BHO,center
2025-02-15 05:00:00,18.2,954.8,46,AWS-BHO-030,Bhopal,BHO,center
2025-02-15 06:00:00,17.5,956.1,51,AWS-BHO-030,Bhopal,BHO,center
2025-02-15 07:00:00,17.6,956.9,51,AWS-BHO-030,Bhopal,BHO,center
2025-02-15 08:00:00,19.9,958.1,46,AWS-BHO-030,Bhopal,BHO,center
2025-02-15 09:00:00,23.5,959.1,37,AWS-BHO-030,Bhopal,BHO,center
2025-02-15 10:00:00,26.8,959.3,29,AWS-BHO-030,Bhopal,BHO,center
2025-02-15 11:00:00,29.0,958.8,23,AWS-BHO-030,Bhopal,BHO,center
2025-02-15 12:00:00,30.4,958.0,19,AWS-BHO-030,Bhopal,BHO,center
2025-02-15 13:00:00,31.1,957.0,18,AWS-BHO-030,Bhopal,BHO,center
2025-02-15 14:00:00,31.2,956.0,18,AWS-BHO-030,Bhopal,BHO,center
2025-02-15 15:00:00,31.2,955.1,19,AWS-BHO-030,Bhopal,BHO,center
2025-02-15 16:00:00,31.4,954.8,18,AWS-BHO-030,Bhopal,BHO,center
2025-02-15 17:00:00,30.1,954.7,19,AWS-BHO-030,Bhopal,BHO,center
2025-02-15 18:00:00,25.4,954.6,42,AWS-BHO-030,Bhopal,BHO,center
2025-02-15 19:00:00,24.3,955.0,45,AWS-BHO-030,Bhopal,BHO,center
2025-02-15 20:00:00,23.5,955.5,44,AWS-BHO-030,Bhopal,BHO,center
2025-02-15 21:00:00,23.7,956.0,36,AWS-BHO-030,Bhopal,BHO,center
2025-02-15 22:00:00,22.6,956.0,38,AWS-BHO-030,Bhopal,BHO,center
2025-02-15 23:00:00,22.1,955.7,39,AWS-BHO-030,Bhopal,BHO,center
2025-02-16 00:00:00,21.9,955.3,38,AWS-BHO-030,Bhopal,BHO,center
2025-02-16 01:00:00,21.9,954.6,34,AWS-BHO-030,Bhopal,BHO,center
2025-02-16 02:00:00,20.9,954.3,35,AWS-BHO-030,Bhopal,BHO,center
2025-02-16 03:00:00,20.0,954.1,38,AWS-BHO-030,Bhopal,BHO,center
2025-02-16 04:00:00,19.6,954.2,41,AWS-BHO-030,Bhopal,BHO,center
2025-02-16 05:00:00,19.2,954.6,45,AWS-BHO-030,Bhopal,BHO,center
2025-02-16 06:00:00,18.3,956.0,51,AWS-BHO-030,Bhopal,BHO,center
2025-02-16 07:00:00,18.5,956.5,54,AWS-BHO-030,Bhopal,BHO,center
2025-02-16 08:00:00,20.5,957.7,50,AWS-BHO-030,Bhopal,BHO,center
2025-02-16 09:00:00,23.3,958.6,44,AWS-BHO-030,Bhopal,BHO,center
2025-02-16 10:00:00,26.1,959.0,37,AWS-BHO-030,Bhopal,BHO,center
2025-02-16 11:00:00,28.5,958.5,29,AWS-BHO-030,Bhopal,BHO,center
2025-02-16 12:00:00,30.0,957.8,24,AWS-BHO-030,Bhopal,BHO,center
2025-02-16 13:00:00,30.9,956.7,21,AWS-BHO-030,Bhopal,BHO,center
2025-02-16 14:00:00,31.2,955.9,20,AWS-BHO-030,Bhopal,BHO,center
2025-02-16 15:00:00,30.7,955.5,22,AWS-BHO-030,Bhopal,BHO,center
2025-02-16 16:00:00,30.2,955.5,23,AWS-BHO-030,Bhopal,BHO,center
2025-02-16 17:00:00,29.5,955.6,24,AWS-BHO-030,Bhopal,BHO,center
2025-02-16 18:00:00,27.3,955.7,29,AWS-BHO-030,Bhopal,BHO,center
2025-02-16 19:00:00,25.1,956.4,35,AWS-BHO-030,Bhopal,BHO,center
2025-02-16 20:00:00,23.7,957.2,47,AWS-BHO-030,Bhopal,BHO,center
2025-02-16 21:00:00,23.4,957.5,49,AWS-BHO-030,Bhopal,BHO,center
2025-02-16 22:00:00,22.3,957.2,53,AWS-BHO-030,Bhopal,BHO,center
2025-02-16 23:00:00,21.8,957.0,54,AWS-BHO-030,Bhopal,BHO,center
2025-02-17 00:00:00,20.8,956.5,57,AWS-BHO-030,Bhopal,BHO,center
2025-02-17 01:00:00,20.3,956.4,58,AWS-BHO-030,Bhopal,BHO,center
2025-02-17 02:00:00,20.5,956.2,51,AWS-BHO-030,Bhopal,BHO,center
2025-02-17 03:00:00,19.9,956.0,50,AWS-BHO-030,Bhopal,BHO,center
2025-02-17 04:00:00,19.9,955.9,48,AWS-BHO-030,Bhopal,BHO,center
2025-02-17 05:00:00,19.5,956.0,49,AWS-BHO-030,Bhopal,BHO,center
2025-02-17 06:00:00,18.4,957.1,56,AWS-BHO-030,Bhopal,BHO,center
2025-02-17 07:00:00,18.4,957.8,57,AWS-BHO-030,Bhopal,BHO,center
2025-02-17 08:00:00,20.6,959.0,51,AWS-BHO-030,Bhopal,BHO,center
2025-02-17 09:00:00,23.8,960.0,43,AWS-BHO-030,Bhopal,BHO,center
2025-02-17 10:00:00,26.3,960.3,37,AWS-BHO-030,Bhopal,BHO,center
2025-02-17 11:00:00,28.1,960.0,34,AWS-BHO-030,Bhopal,BHO,center
2025-02-17 12:00:00,29.4,959.4,31,AWS-BHO-030,Bhopal,BHO,center
2025-02-17 13:00:00,30.4,958.6,28,AWS-BHO-030,Bhopal,BHO,center
2025-02-17 14:00:00,31.0,957.6,25,AWS-BHO-030,Bhopal,BHO,center
2025-02-17 15:00:00,31.4,957.0,22,AWS-BHO-030,Bhopal,BHO,center
2025-02-17 16:00:00,31.3,956.7,21,AWS-BHO-030,Bhopal,BHO,center
2025-02-17 17:00:00,30.0,957.0,22,AWS-BHO-030,Bhopal,BHO,center
2025-02-17 18:00:00,26.8,957.4,34,AWS-BHO-030,Bhopal,BHO,center
2025-02-17 19:00:00,25.7,957.7,40,AWS-BHO-030,Bhopal,BHO,center
2025-02-17 20:00:00,24.7,958.3,45,AWS-BHO-030,Bhopal,BHO,center
2025-02-17 21:00:00,23.7,958.4,48,AWS-BHO-030,Bhopal,BHO,center
2025-02-17 22:00:00,23.0,958.6,50,AWS-BHO-030,Bhopal,BHO,center
2025-02-17 23:00:00,22.1,958.4,52,AWS-BHO-030,Bhopal,BHO,center
2025-02-18 00:00:00,20.9,957.6,57,AWS-BHO-030,Bhopal,BHO,center
2025-02-18 01:00:00,19.9,957.1,62,AWS-BHO-030,Bhopal,BHO,center
2025-02-18 02:00:00,19.2,956.3,65,AWS-BHO-030,Bhopal,BHO,center
2025-02-18 03:00:00,18.6,956.0,69,AWS-BHO-030,Bhopal,BHO,center
2025-02-18 04:00:00,18.5,955.8,68,AWS-BHO-030,Bhopal,BHO,center
2025-02-18 05:00:00,18.5,956.1,64,AWS-BHO-030,Bhopal,BHO,center
2025-02-18 06:00:00,18.2,957.4,66,AWS-BHO-030,Bhopal,BHO,center
2025-02-18 07:00:00,18.3,958.0,64,AWS-BHO-030,Bhopal,BHO,center
2025-02-18 08:00:00,20.5,958.8,57,AWS-BHO-030,Bhopal,BHO,center
2025-02-18 09:00:00,23.5,959.7,49,AWS-BHO-030,Bhopal,BHO,center
2025-02-18 10:00:00,26.5,960.4,41,AWS-BHO-030,Bhopal,BHO,center
2025-02-18 11:00:00,28.4,960.1,35,AWS-BHO-030,Bhopal,BHO,center
2025-02-18 12:00:00,29.7,959.2,31,AWS-BHO-030,Bhopal,BHO,center
2025-02-18 13:00:00,30.6,958.1,29,AWS-BHO-030,Bhopal,BHO,center
2025-02-18 14:00:00,31.2,957.2,28,AWS-BHO-030,Bhopal,BHO,center
2025-02-18 15:00:00,31.0,956.4,27,AWS-BHO-030,Bhopal,BHO,center
2025-02-18 16:00:00,30.8,956.1,26,AWS-BHO-030,Bhopal,BHO,center
2025-02-18 17:00:00,30.1,956.2,25,AWS-BHO-030,Bhopal,BHO,center
2025-02-18 18:00:00,27.0,956.3,37,AWS-BHO-030,Bhopal,BHO,center
2025-02-18 19:00:00,25.6,957.0,41,AWS-BHO-030,Bhopal,BHO,center
2025-02-18 20:00:00,24.6,957.4,45,AWS-BHO-030,Bhopal,BHO,center
2025-02-18 21:00:00,23.7,957.8,49,AWS-BHO-030,Bhopal,BHO,center
2025-02-18 22:00:00,22.7,958.1,53,AWS-BHO-030,Bhopal,BHO,center
2025-02-18 23:00:00,21.8,957.5,56,AWS-BHO-030,Bhopal,BHO,center
2025-02-19 00:00:00,20.7,957.1,61,AWS-BHO-030,Bhopal,BHO,center
2025-02-19 01:00:00,20.0,956.7,66,AWS-BHO-030,Bhopal,BHO,center
2025-02-19 02:00:00,19.2,955.8,71,AWS-BHO-030,Bhopal,BHO,center
2025-02-19 03:00:00,18.8,955.5,72,AWS-BHO-030,Bhopal,BHO,center
2025-02-19 04:00:00,18.2,955.3,75,AWS-BHO-030,Bhopal,BHO,center
2025-02-19 05:00:00,17.9,955.5,76,AWS-BHO-030,Bhopal,BHO,center
2025-02-19 06:00:00,17.4,956.6,81,AWS-BHO-030,Bhopal,BHO,center
2025-02-19 07:00:00,17.4,957.4,80,AWS-BHO-030,Bhopal,BHO,center
2025-02-19 08:00:00,19.5,958.4,71,AWS-BHO-030,Bhopal,BHO,center
2025-02-19 09:00:00,22.4,959.4,57,AWS-BHO-030,Bhopal,BHO,center
2025-02-19 10:00:00,24.9,959.6,48,AWS-BHO-030,Bhopal,BHO,center
2025-02-19 11:00:00,27.0,959.1,41,AWS-BHO-030,Bhopal,BHO,center
2025-02-19 12:00:00,28.4,958.0,36,AWS-BHO-030,Bhopal,BHO,center
2025-02-19 13:00:00,28.8,956.9,33,AWS-BHO-030,Bhopal,BHO,center
2025-02-19 14:00:00,28.9,955.8,33,AWS-BHO-030,Bhopal,BHO,center
2025-02-19 15:00:00,29.0,955.1,33,AWS-BHO-030,Bhopal,BHO,center
2025-02-19 16:00:00,28.7,954.7,32,AWS-BHO-030,Bhopal,BHO,center
2025-02-19 17:00:00,28.5,954.7,32,AWS-BHO-030,Bhopal,BHO,center
2025-02-19 18:00:00,26.1,954.8,41,AWS-BHO-030,Bhopal,BHO,center
2025-02-19 19:00:00,24.9,955.3,43,AWS-BHO-030,Bhopal,BHO,center
2025-02-19 20:00:00,24.3,956.2,47,AWS-BHO-030,Bhopal,BHO,center
2025-02-19 21:00:00,23.3,956.7,49,AWS-BHO-030,Bhopal,BHO,center
2025-02-19 22:00:00,22.2,956.7,55,AWS-BHO-030,Bhopal,BHO,center
2025-02-19 23:00:00,22.0,956.3,55,AWS-BHO-030,Bhopal,BHO,center
2025-02-20 00:00:00,21.0,955.9,59,AWS-BHO-030,Bhopal,BHO,center
2025-02-20 01:00:00,20.1,955.5,62,AWS-BHO-030,Bhopal,BHO,center
2025-02-20 02:00:00,19.3,955.1,66,AWS-BHO-030,Bhopal,BHO,center
2025-02-20 03:00:00,18.6,954.7,68,AWS-BHO-030,Bhopal,BHO,center
2025-02-20 04:00:00,18.3,954.8,68,AWS-BHO-030,Bhopal,BHO,center
2025-02-20 05:00:00,17.7,955.2,71,AWS-BHO-030,Bhopal,BHO,center
2025-02-20 06:00:00,17.7,956.4,74,AWS-BHO-030,Bhopal,BHO,center
2025-02-20 07:00:00,18.4,957.2,71,AWS-BHO-030,Bhopal,BHO,center
2025-02-20 08:00:00,20.9,958.6,62,AWS-BHO-030,Bhopal,BHO,center
2025-02-20 09:00:00,23.9,959.8,51,AWS-BHO-030,Bhopal,BHO,center
2025-02-20 10:00:00,26.6,960.3,41,AWS-BHO-030,Bhopal,BHO,center
2025-02-20 11:00:00,28.5,960.1,33,AWS-BHO-030,Bhopal,BHO,center
2025-02-20 12:00:00,30.1,959.2,24,AWS-BHO-030,Bhopal,BHO,center
2025-02-20 13:00:00,30.9,958.2,20,AWS-BHO-030,Bhopal,BHO,center
2025-02-20 14:00:00,31.0,957.4,19,AWS-BHO-030,Bhopal,BHO,center
2025-02-20 15:00:00,31.2,956.8,19,AWS-BHO-030,Bhopal,BHO,center
2025-02-20 16:00:00,31.2,956.4,19,AWS-BHO-030,Bhopal,BHO,center
2025-02-20 17:00:00,29.7,956.4,18,AWS-BHO-030,Bhopal,BHO,center
2025-02-20 18:00:00,27.7,957.1,20,AWS-BHO-030,Bhopal,BHO,center
2025-02-20 19:00:00,26.4,957.6,18,AWS-BHO-030,Bhopal,BHO,center
2025-02-20 20:00:00,24.5,958.3,19,AWS-BHO-030,Bhopal,BHO,center
2025-02-20 21:00:00,23.1,958.6,30,AWS-BHO-030,Bhopal,BHO,center
2025-02-20 22:00:00,22.9,958.7,42,AWS-BHO-030,Bhopal,BHO,center
2025-02-20 23:00:00,22.2,958.3,46,AWS-BHO-030,Bhopal,BHO,center
2025-02-21 00:00:00,21.1,958.0,50,AWS-BHO-030,Bhopal,BHO,center
2025-02-21 01:00:00,21.3,957.5,44,AWS-BHO-030,Bhopal,BHO,center
2025-02-21 02:00:00,20.8,957.0,37,AWS-BHO-030,Bhopal,BHO,center
2025-02-21 03:00:00,20.0,956.9,35,AWS-BHO-030,Bhopal,BHO,center
2025-02-21 04:00:00,19.2,957.1,37,AWS-BHO-030,Bhopal,BHO,center
2025-02-21 05:00:00,18.6,957.5,40,AWS-BHO-030,Bhopal,BHO,center
2025-02-21 06:00:00,18.3,958.6,45,AWS-BHO-030,Bhopal,BHO,center
2025-02-21 07:00:00,18.7,959.5,46,AWS-BHO-030,Bhopal,BHO,center
2025-02-21 08:00:00,21.1,960.7,43,AWS-BHO-030,Bhopal,BHO,center
2025-02-21 09:00:00,24.3,961.7,35,AWS-BHO-030,Bhopal,BHO,center
2025-02-21 10:00:00,27.0,962.0,29,AWS-BHO-030,Bhopal,BHO,center
2025-02-21 11:00:00,28.9,961.7,24,AWS-BHO-030,Bhopal,BHO,center
2025-02-21 12:00:00,30.0,960.8,20,AWS-BHO-030,Bhopal,BHO,center
2025-02-21 13:00:00,30.6,959.9,18,AWS-BHO-030,Bhopal,BHO,center
2025-02-21 14:00:00,30.9,958.8,18,AWS-BHO-030,Bhopal,BHO,center
2025-02-21 15:00:00,30.7,958.1,18,AWS-BHO-030,Bhopal,BHO,center
2025-02-21 16:00:00,30.2,957.8,19,AWS-BHO-030,Bhopal,BHO,center
2025-02-21 17:00:00,29.3,957.7,20,AWS-BHO-030,Bhopal,BHO,center
2025-02-21 18:00:00,26.6,958.1,33,AWS-BHO-030,Bhopal,BHO,center
2025-02-21 19:00:00,25.0,958.7,33,AWS-BHO-030,Bhopal,BHO,center
2025-02-21 20:00:00,23.7,959.4,37,AWS-BHO-030,Bhopal,BHO,center
2025-02-21 21:00:00,22.7,960.1,40,AWS-BHO-030,Bhopal,BHO,center
2025-02-21 22:00:00,22.8,960.6,37,AWS-BHO-030,Bhopal,BHO,center
2025-02-21 23:00:00,21.7,960.0,41,AWS-BHO-030,Bhopal,BHO,center
2025-02-22 00:00:00,20.3,959.3,46,AWS-BHO-030,Bhopal,BHO,center
2025-02-22 01:00:00,19.9,958.9,47,AWS-BHO-030,Bhopal,BHO,center
2025-02-22 02:00:00,19.6,958.4,47,AWS-BHO-030,Bhopal,BHO,center
2025-02-22 03:00:00,18.9,958.3,49,AWS-BHO-030,Bhopal,BHO,center
2025-02-22 04:00:00,18.3,958.2,50,AWS-BHO-030,Bhopal,BHO,center
2025-02-22 05:00:00,17.9,958.5,51,AWS-BHO-030,Bhopal,BHO,center
2025-02-22 06:00:00,17.7,959.0,55,AWS-BHO-030,Bhopal,BHO,center
2025-02-22 07:00:00,17.7,960.0,56,AWS-BHO-030,Bhopal,BHO,center
2025-02-22 08:00:00,19.9,961.4,50,AWS-BHO-030,Bhopal,BHO,center
2025-02-22 09:00:00,22.6,962.8,42,AWS-BHO-030,Bhopal,BHO,center
2025-02-22 10:00:00,24.9,963.1,35,AWS-BHO-030,Bhopal,BHO,center
2025-02-22 11:00:00,26.5,962.9,29,AWS-BHO-030,Bhopal,BHO,center
2025-02-22 12:00:00,27.7,962.2,26,AWS-BHO-030,Bhopal,BHO,center
2025-02-22 13:00:00,28.5,961.4,25,AWS-BHO-030,Bhopal,BHO,center
2025-02-22 14:00:00,29.0,960.5,24,AWS-BHO-030,Bhopal,BHO,center
2025-02-22 15:00:00,29.1,959.6,23,AWS-BHO-030,Bhopal,BHO,center
2025-02-22 16:00:00,28.9,959.5,22,AWS-BHO-030,Bhopal,BHO,center
2025-02-22 17:00:00,28.0,959.5,23,AWS-BHO-030,Bhopal,BHO,center
2025-02-22 18:00:00,25.2,959.9,33,AWS-BHO-030,Bhopal,BHO,center
2025-02-22 19:00:00,23.8,960.3,38,AWS-BHO-030,Bhopal,BHO,center
2025-02-22 20:00:00,22.4,960.6,46,AWS-BHO-030,Bhopal,BHO,center
2025-02-22 21:00:00,21.4,960.8,50,AWS-BHO-030,Bhopal,BHO,center
2025-02-22 22:00:00,20.8,960.9,51,AWS-BHO-030,Bhopal,BHO,center
2025-02-22 23:00:00,20.0,960.6,53,AWS-BHO-030,Bhopal,BHO,center
2025-02-23 00:00:00,19.3,959.9,58,AWS-BHO-030,Bhopal,BHO,center
2025-02-23 01:00:00,18.6,959.3,60,AWS-BHO-030,Bhopal,BHO,center
2025-02-23 02:00:00,17.3,958.7,64,AWS-BHO-030,Bhopal,BHO,center
2025-02-23 03:00:00,16.9,958.6,66,AWS-BHO-030,Bhopal,BHO,center
2025-02-23 04:00:00,16.3,958.5,67,AWS-BHO-030,Bhopal,BHO,center
2025-02-23 05:00:00,16.1,958.8,65,AWS-BHO-030,Bhopal,BHO,center
2025-02-23 06:00:00,15.7,959.7,68,AWS-BHO-030,Bhopal,BHO,center
2025-02-23 07:00:00,16.0,960.8,66,AWS-BHO-030,Bhopal,BHO,center
2025-02-23 08:00:00,19.3,962.3,54,AWS-BHO-030,Bhopal,BHO,center
2025-02-23 09:00:00,22.7,963.3,43,AWS-BHO-030,Bhopal,BHO,center
2025-02-23 10:00:00,25.4,963.9,35,AWS-BHO-030,Bhopal,BHO,center
2025-02-23 11:00:00,27.2,963.4,30,AWS-BHO-030,Bhopal,BHO,center
2025-02-23 12:00:00,28.4,962.4,27,AWS-BHO-030,Bhopal,BHO,center
2025-02-23 13:00:00,29.1,961.4,24,AWS-BHO-030,Bhopal,BHO,center
2025-02-23 14:00:00,29.5,960.2,23,AWS-BHO-030,Bhopal,BHO,center
2025-02-23 15:00:00,29.7,959.2,23,AWS-BHO-030,Bhopal,BHO,center
2025-02-23 16:00:00,29.7,958.8,20,AWS-BHO-030,Bhopal,BHO,center
2025-02-23 17:00:00,28.8,959.1,19,AWS-BHO-030,Bhopal,BHO,center
2025-02-23 18:00:00,25.6,959.1,32,AWS-BHO-030,Bhopal,BHO,center
2025-02-23 19:00:00,23.8,959.7,40,AWS-BHO-030,Bhopal,BHO,center
2025-02-23 20:00:00,22.8,960.2,44,AWS-BHO-030,Bhopal,BHO,center
2025-02-23 21:00:00,21.9,960.6,44,AWS-BHO-030,Bhopal,BHO,center
2025-02-23 22:00:00,21.0,960.5,46,AWS-BHO-030,Bhopal,BHO,center
2025-02-23 23:00:00,20.6,960.2,46,AWS-BHO-030,Bhopal,BHO,center
2025-02-24 00:00:00,20.5,959.8,45,AWS-BHO-030,Bhopal,BHO,center
2025-02-24 01:00:00,19.5,959.5,46,AWS-BHO-030,Bhopal,BHO,center
2025-02-24 02:00:00,18.0,959.3,50,AWS-BHO-030,Bhopal,BHO,center
2025-02-24 03:00:00,17.0,959.2,55,AWS-BHO-030,Bhopal,BHO,center
2025-02-24 04:00:00,16.5,959.0,57,AWS-BHO-030,Bhopal,BHO,center
2025-02-24 05:00:00,16.0,959.5,60,AWS-BHO-030,Bhopal,BHO,center
2025-02-24 06:00:00,15.8,960.7,66,AWS-BHO-030,Bhopal,BHO,center
2025-02-24 07:00:00,16.2,961.7,66,AWS-BHO-030,Bhopal,BHO,center
2025-02-24 08:00:00,19.0,963.1,57,AWS-BHO-030,Bhopal,BHO,center
2025-02-24 09:00:00,22.2,964.1,48,AWS-BHO-030,Bhopal,BHO,center
2025-02-24 10:00:00,25.1,964.3,40,AWS-BHO-030,Bhopal,BHO,center
2025-02-24 11:00:00,27.4,964.0,32,AWS-BHO-030,Bhopal,BHO,center
2025-02-24 12:00:00,28.7,963.0,27,AWS-BHO-030,Bhopal,BHO,center
2025-02-24 13:00:00,29.3,961.8,24,AWS-BHO-030,Bhopal,BHO,center
2025-02-24 14:00:00,29.5,960.4,24,AWS-BHO-030,Bhopal,BHO,center
2025-02-24 15:00:00,29.4,959.8,24,AWS-BHO-030,Bhopal,BHO,center
2025-02-24 16:00:00,28.9,959.6,25,AWS-BHO-030,Bhopal,BHO,center
2025-02-24 17:00:00,27.6,959.9,26,AWS-BHO-030,Bhopal,BHO,center
2025-02-24 18:00:00,25.5,960.4,30,AWS-BHO-030,Bhopal,BHO,center
2025-02-24 19:00:00,24.6,960.9,32,AWS-BHO-030,Bhopal,BHO,center
2025-02-24 20:00:00,24.3,961.7,33,AWS-BHO-030,Bhopal,BHO,center
2025-02-24 21:00:00,23.3,962.2,35,AWS-BHO-030,Bhopal,BHO,center
2025-02-24 22:00:00,21.7,962.1,40,AWS-BHO-030,Bhopal,BHO,center
2025-02-24 23:00:00,20.3,962.0,43,AWS-BHO-030,Bhopal,BHO,center
2025-02-25 00:00:00,19.2,960.9,45,AWS-BHO-030,Bhopal,BHO,center
2025-02-25 01:00:00,18.1,960.9,49,AWS-BHO-030,Bhopal,BHO,center
2025-02-25 02:00:00,17.2,960.2,54,AWS-BHO-030,Bhopal,BHO,center
2025-02-25 03:00:00,17.1,959.8,55,AWS-BHO-030,Bhopal,BHO,center
2025-02-25 04:00:00,16.7,959.8,56,AWS-BHO-030,Bhopal,BHO,center
2025-02-25 05:00:00,16.3,960.0,57,AWS-BHO-030,Bhopal,BHO,center
2025-02-25 06:00:00,16.1,961.2,62,AWS-BHO-030,Bhopal,BHO,center
2025-02-25 07:00:00,16.5,961.8,61,AWS-BHO-030,Bhopal,BHO,center
2025-02-25 08:00:00,19.2,963.4,54,AWS-BHO-030,Bhopal,BHO,center
2025-02-25 09:00:00,22.3,964.4,44,AWS-BHO-030,Bhopal,BHO,center
2025-02-25 10:00:00,25.0,965.2,35,AWS-BHO-030,Bhopal,BHO,center
2025-02-25 11:00:00,27.0,964.9,29,AWS-BHO-030,Bhopal,BHO,center
2025-02-25 12:00:00,28.3,964.1,26,AWS-BHO-030,Bhopal,BHO,center
2025-02-25 13:00:00,29.1,962.8,24,AWS-BHO-030,Bhopal,BHO,center
2025-02-25 14:00:00,29.5,961.8,23,AWS-BHO-030,Bhopal,BHO,center
2025-02-25 15:00:00,29.5,961.4,22,AWS-BHO-030,Bhopal,BHO,center
2025-02-25 16:00:00,29.2,961.2,22,AWS-BHO-030,Bhopal,BHO,center
2025-02-25 17:00:00,28.1,961.3,24,AWS-BHO-030,Bhopal,BHO,center
2025-02-25 18:00:00,25.8,961.9,29,AWS-BHO-030,Bhopal,BHO,center
2025-02-25 19:00:00,24.2,962.6,33,AWS-BHO-030,Bhopal,BHO,center
2025-02-25 20:00:00,23.1,963.1,36,AWS-BHO-030,Bhopal,BHO,center
2025-02-25 21:00:00,22.4,963.4,37,AWS-BHO-030,Bhopal,BHO,center
2025-02-25 22:00:00,21.6,963.3,38,AWS-BHO-030,Bhopal,BHO,center
2025-02-25 23:00:00,20.9,963.1,39,AWS-BHO-030,Bhopal,BHO,center
2025-02-26 00:00:00,19.7,962.6,44,AWS-BHO-030,Bhopal,BHO,center
2025-02-26 01:00:00,18.8,961.8,49,AWS-BHO-030,Bhopal,BHO,center
2025-02-26 02:00:00,18.1,961.2,53,AWS-BHO-030,Bhopal,BHO,center
2025-02-26 03:00:00,17.6,960.6,55,AWS-BHO-030,Bhopal,BHO,center
2025-02-26 04:00:00,16.8,960.2,60,AWS-BHO-030,Bhopal,BHO,center
2025-02-26 05:00:00,16.3,960.6,62,AWS-BHO-030,Bhopal,BHO,center
2025-02-26 06:00:00,16.4,961.8,64,AWS-BHO-030,Bhopal,BHO,center
2025-02-26 07:00:00,16.9,962.9,64,AWS-BHO-030,Bhopal,BHO,center
2025-02-26 08:00:00,19.5,964.4,58,AWS-BHO-030,Bhopal,BHO,center
2025-02-26 09:00:00,22.6,965.4,49,AWS-BHO-030,Bhopal,BHO,center
2025-02-26 10:00:00,25.6,965.9,40,AWS-BHO-030,Bhopal,BHO,center
2025-02-26 11:00:00,27.8,965.4,32,AWS-BHO-030,Bhopal,BHO,center
2025-02-26 12:00:00,29.2,964.2,28,AWS-BHO-030,Bhopal,BHO,center
2025-02-26 13:00:00,30.1,963.1,25,AWS-BHO-030,Bhopal,BHO,center
2025-02-26 14:00:00,30.5,962.0,25,AWS-BHO-030,Bhopal,BHO,center
2025-02-26 15:00:00,30.5,961.1,24,AWS-BHO-030,Bhopal,BHO,center
2025-02-26 16:00:00,30.1,960.6,25,AWS-BHO-030,Bhopal,BHO,center
2025-02-26 17:00:00,28.9,960.4,29,AWS-BHO-030,Bhopal,BHO,center
2025-02-26 18:00:00,26.1,960.5,45,AWS-BHO-030,Bhopal,BHO,center
2025-02-26 19:00:00,25.3,960.8,49,AWS-BHO-030,Bhopal,BHO,center
2025-02-26 20:00:00,23.3,961.4,57,AWS-BHO-030,Bhopal,BHO,center
2025-02-26 21:00:00,22.5,961.8,58,AWS-BHO-030,Bhopal,BHO,center
2025-02-26 22:00:00,21.4,961.8,58,AWS-BHO-030,Bhopal,BHO,center
2025-02-26 23:00:00,20.7,961.1,57,AWS-BHO-030,Bhopal,BHO,center
2025-02-27 00:00:00,19.9,960.6,58,AWS-BHO-030,Bhopal,BHO,center
2025-02-27 01:00:00,19.0,959.8,63,AWS-BHO-030,Bhopal,BHO,center
2025-02-27 02:00:00,19.1,959.4,56,AWS-BHO-030,Bhopal,BHO,center
2025-02-27 03:00:00,19.0,958.9,53,AWS-BHO-030,Bhopal,BHO,center
2025-02-27 04:00:00,17.8,958.7,60,AWS-BHO-030,Bhopal,BHO,center
2025-02-27 05:00:00,17.2,959.1,62,AWS-BHO-030,Bhopal,BHO,center
2025-02-27 06:00:00,17.7,960.0,62,AWS-BHO-030,Bhopal,BHO,center
2025-02-27 07:00:00,18.6,960.7,58,AWS-BHO-030,Bhopal,BHO,center
2025-02-27 08:00:00,21.2,962.0,53,AWS-BHO-030,Bhopal,BHO,center
2025-02-27 09:00:00,24.0,962.8,47,AWS-BHO-030,Bhopal,BHO,center
2025-02-27 10:00:00,27.1,962.9,39,AWS-BHO-030,Bhopal,BHO,center
2025-02-27 11:00:00,29.4,962.3,31,AWS-BHO-030,Bhopal,BHO,center
2025-02-27 12:00:00,30.8,961.1,28,AWS-BHO-030,Bhopal,BHO,center
2025-02-27 13:00:00,31.8,959.8,25,AWS-BHO-030,Bhopal,BHO,center
2025-02-27 14:00:00,32.6,958.5,21,AWS-BHO-030,Bhopal,BHO,center
2025-02-27 15:00:00,32.8,957.5,19,AWS-BHO-030,Bhopal,BHO,center
2025-02-27 16:00:00,32.4,957.0,19,AWS-BHO-030,Bhopal,BHO,center
2025-02-27 17:00:00,30.6,956.9,27,AWS-BHO-030,Bhopal,BHO,center
2025-02-27 18:00:00,27.9,957.2,32,AWS-BHO-030,Bhopal,BHO,center
2025-02-27 19:00:00,26.8,957.7,34,AWS-BHO-030,Bhopal,BHO,center
2025-02-27 20:00:00,26.0,958.1,35,AWS-BHO-030,Bhopal,BHO,center
2025-02-27 21:00:00,25.0,958.2,39,AWS-BHO-030,Bhopal,BHO,center
2025-02-27 22:00:00,24.4,958.4,40,AWS-BHO-030,Bhopal,BHO,center
2025-02-27 23:00:00,24.1,957.8,39,AWS-BHO-030,Bhopal,BHO,center
2025-02-28 00:00:00,23.7,957.2,40,AWS-BHO-030,Bhopal,BHO,center
2025-02-28 01:00:00,22.9,956.7,42,AWS-BHO-030,Bhopal,BHO,center
2025-02-28 02:00:00,21.5,956.2,49,AWS-BHO-030,Bhopal,BHO,center
2025-02-28 03:00:00,21.4,955.4,48,AWS-BHO-030,Bhopal,BHO,center
2025-02-28 04:00:00,21.3,955.2,49,AWS-BHO-030,Bhopal,BHO,center
2025-02-28 05:00:00,20.6,955.1,52,AWS-BHO-030,Bhopal,BHO,center
2025-02-28 06:00:00,20.9,956.1,52,AWS-BHO-030,Bhopal,BHO,center
2025-02-28 07:00:00,21.5,957.1,51,AWS-BHO-030,Bhopal,BHO,center
2025-02-28 08:00:00,24.4,958.7,47,AWS-BHO-030,Bhopal,BHO,center
2025-02-28 09:00:00,27.6,960.0,40,AWS-BHO-030,Bhopal,BHO,center
2025-02-28 10:00:00,30.4,960.6,30,AWS-BHO-030,Bhopal,BHO,center
2025-02-28 11:00:00,31.9,960.3,22,AWS-BHO-030,Bhopal,BHO,center
2025-02-28 12:00:00,32.7,959.1,22,AWS-BHO-030,Bhopal,BHO,center
2025-02-28 13:00:00,33.3,957.7,22,AWS-BHO-030,Bhopal,BHO,center
2025-02-28 14:00:00,33.4,956.4,22,AWS-BHO-030,Bhopal,BHO,center
2025-02-28 15:00:00,33.4,955.6,23,AWS-BHO-030,Bhopal,BHO,center
2025-02-28 16:00:00,32.9,955.3,23,AWS-BHO-030,Bhopal,BHO,center
2025-02-28 17:00:00,31.6,955.3,29,AWS-BHO-030,Bhopal,BHO,center
2025-02-28 18:00:00,28.3,955.9,34,AWS-BHO-030,Bhopal,BHO,center
2025-02-28 19:00:00,26.8,956.2,37,AWS-BHO-030,Bhopal,BHO,center
2025-02-28 20:00:00,26.1,957.0,38,AWS-BHO-030,Bhopal,BHO,center
2025-02-28 21:00:00,25.7,957.4,37,AWS-BHO-030,Bhopal,BHO,center
2025-02-28 22:00:00,25.3,957.3,39,AWS-BHO-030,Bhopal,BHO,center
2025-02-28 23:00:00,25.0,957.0,40,AWS-BHO-030,Bhopal,BHO,center
2025-03-01 00:00:00,24.6,956.4,43,AWS-BHO-030,Bhopal,BHO,center
2025-03-01 01:00:00,23.2,956.1,48,AWS-BHO-030,Bhopal,BHO,center
2025-03-01 02:00:00,22.2,955.3,51,AWS-BHO-030,Bhopal,BHO,center
2025-03-01 03:00:00,21.3,954.7,54,AWS-BHO-030,Bhopal,BHO,center
2025-03-01 04:00:00,21.1,954.5,51,AWS-BHO-030,Bhopal,BHO,center
2025-03-01 05:00:00,21.2,954.8,48,AWS-BHO-030,Bhopal,BHO,center
2025-03-01 06:00:00,20.7,956.2,53,AWS-BHO-030,Bhopal,BHO,center
2025-03-01 07:00:00,21.0,957.0,51,AWS-BHO-030,Bhopal,BHO,center
2025-03-01 08:00:00,23.3,958.3,47,AWS-BHO-030,Bhopal,BHO,center
2025-03-01 09:00:00,26.2,959.3,39,AWS-BHO-030,Bhopal,BHO,center
2025-03-01 10:00:00,28.7,959.8,33,AWS-BHO-030,Bhopal,BHO,center
2025-03-01 11:00:00,30.5,959.5,27,AWS-BHO-030,Bhopal,BHO,center
2025-03-01 12:00:00,31.6,958.3,24,AWS-BHO-030,Bhopal,BHO,center
2025-03-01 13:00:00,32.3,957.2,23,AWS-BHO-030,Bhopal,BHO,center
2025-03-01 14:00:00,31.9,956.1,24,AWS-BHO-030,Bhopal,BHO,center
2025-03-01 15:00:00,32.3,955.3,23,AWS-BHO-030,Bhopal,BHO,center
2025-03-01 16:00:00,31.6,955.4,24,AWS-BHO-030,Bhopal,BHO,center
2025-03-01 17:00:00,30.5,955.3,26,AWS-BHO-030,Bhopal,BHO,center
2025-03-01 18:00:00,28.8,955.9,30,AWS-BHO-030,Bhopal,BHO,center
2025-03-01 19:00:00,28.0,956.1,31,AWS-BHO-030,Bhopal,BHO,center
2025-03-01 20:00:00,26.4,956.4,39,AWS-BHO-030,Bhopal,BHO,center
2025-03-01 21:00:00,24.6,956.8,42,AWS-BHO-030,Bhopal,BHO,center
2025-03-01 22:00:00,23.6,956.5,46,AWS-BHO-030,Bhopal,BHO,center
2025-03-01 23:00:00,23.7,956.3,45,AWS-BHO-030,Bhopal,BHO,center
2025-03-02 00:00:00,23.8,955.7,42,AWS-BHO-030,Bhopal,BHO,center
2025-03-02 01:00:00,23.4,955.2,41,AWS-BHO-030,Bhopal,BHO,center
2025-03-02 02:00:00,22.2,954.5,41,AWS-BHO-030,Bhopal,BHO,center
2025-03-02 03:00:00,22.0,953.9,41,AWS-BHO-030,Bhopal,BHO,center
2025-03-02 04:00:00,21.5,953.7,41,AWS-BHO-030,Bhopal,BHO,center
2025-03-02 05:00:00,20.9,953.9,42,AWS-BHO-030,Bhopal,BHO,center
2025-03-02 06:00:00,20.9,955.2,46,AWS-BHO-030,Bhopal,BHO,center
2025-03-02 07:00:00,20.9,955.8,46,AWS-BHO-030,Bhopal,BHO,center
2025-03-02 08:00:00,23.1,956.9,43,AWS-BHO-030,Bhopal,BHO,center
2025-03-02 09:00:00,26.1,958.0,36,AWS-BHO-030,Bhopal,BHO,center
2025-03-02 10:00:00,28.5,958.4,30,AWS-BHO-030,Bhopal,BHO,center
2025-03-02 11:00:00,30.0,958.2,26,AWS-BHO-030,Bhopal,BHO,center
2025-03-02 12:00:00,31.0,957.3,23,AWS-BHO-030,Bhopal,BHO,center
2025-03-02 13:00:00,31.7,956.1,22,AWS-BHO-030,Bhopal,BHO,center
2025-03-02 14:00:00,32.0,955.0,21,AWS-BHO-030,Bhopal,BHO,center
2025-03-02 15:00:00,32.2,954.1,20,AWS-BHO-030,Bhopal,BHO,center
2025-03-02 16:00:00,31.7,954.0,20,AWS-BHO-030,Bhopal,BHO,center
2025-03-02 17:00:00,30.4,953.9,24,AWS-BHO-030,Bhopal,BHO,center
2025-03-02 18:00:00,27.9,954.3,28,AWS-BHO-030,Bhopal,BHO,center
2025-03-02 19:00:00,26.8,954.6,32,AWS-BHO-030,Bhopal,BHO,center
2025-03-02 20:00:00,24.6,955.4,44,AWS-BHO-030,Bhopal,BHO,center
2025-03-02 21:00:00,23.2,956.1,47,AWS-BHO-030,Bhopal,BHO,center
2025-03-02 22:00:00,22.2,956.3,52,AWS-BHO-030,Bhopal,BHO,center
2025-03-02 23:00:00,21.2,956.0,52,AWS-BHO-030,Bhopal,BHO,center
2025-03-03 00:00:00,20.9,955.4,49,AWS-BHO-030,Bhopal,BHO,center
2025-03-03 01:00:00,21.5,955.0,43,AWS-BHO-030,Bhopal,BHO,center
2025-03-03 02:00:00,20.5,954.7,47,AWS-BHO-030,Bhopal,BHO,center
2025-03-03 03:00:00,19.5,954.3,52,AWS-BHO-030,Bhopal,BHO,center
2025-03-03 04:00:00,19.2,954.5,54,AWS-BHO-030,Bhopal,BHO,center
2025-03-03 05:00:00,18.5,955.1,59,AWS-BHO-030,Bhopal,BHO,center
2025-03-03 06:00:00,17.7,955.5,74,AWS-BHO-030,Bhopal,BHO,center
2025-03-03 07:00:00,18.4,956.7,75,AWS-BHO-030,Bhopal,BHO,center
2025-03-03 08:00:00,21.0,958.1,69,AWS-BHO-030,Bhopal,BHO,center
2025-03-03 09:00:00,23.8,959.6,60,AWS-BHO-030,Bhopal,BHO,center
2025-03-03 10:00:00,26.8,960.0,46,AWS-BHO-030,Bhopal,BHO,center
2025-03-03 11:00:00,28.8,959.6,36,AWS-BHO-030,Bhopal,BHO,center
2025-03-03 12:00:00,30.2,958.5,30,AWS-BHO-030,Bhopal,BHO,center
2025-03-03 13:00:00,31.4,957.2,26,AWS-BHO-030,Bhopal,BHO,center
2025-03-03 14:00:00,32.2,956.2,22,AWS-BHO-030,Bhopal,BHO,center
2025-03-03 15:00:00,32.5,955.3,20,AWS-BHO-030,Bhopal,BHO,center
2025-03-03 16:00:00,32.2,955.1,20,AWS-BHO-030,Bhopal,BHO,center
2025-03-03 17:00:00,31.3,955.2,23,AWS-BHO-030,Bhopal,BHO,center
2025-03-03 18:00:00,28.0,955.8,44,AWS-BHO-030,Bhopal,BHO,center
2025-03-03 19:00:00,26.8,956.1,39,AWS-BHO-030,Bhopal,BHO,center
2025-03-03 20:00:00,25.1,956.8,46,AWS-BHO-030,Bhopal,BHO,center
2025-03-03 21:00:00,24.4,956.9,49,AWS-BHO-030,Bhopal,BHO,center
2025-03-03 22:00:00,23.7,956.8,52,AWS-BHO-030,Bhopal,BHO,center
2025-03-03 23:00:00,23.0,956.3,55,AWS-BHO-030,Bhopal,BHO,center
2025-03-04 00:00:00,22.8,955.8,53,AWS-BHO-030,Bhopal,BHO,center
2025-03-04 01:00:00,22.6,955.4,52,AWS-BHO-030,Bhopal,BHO,center
2025-03-04 02:00:00,22.1,954.6,52,AWS-BHO-030,Bhopal,BHO,center
2025-03-04 03:00:00,21.5,954.5,51,AWS-BHO-030,Bhopal,BHO,center
2025-03-04 04:00:00,21.6,954.5,45,AWS-BHO-030,Bhopal,BHO,center
2025-03-04 05:00:00,21.4,955.1,44,AWS-BHO-030,Bhopal,BHO,center
2025-03-04 06:00:00,20.8,956.5,48,AWS-BHO-030,Bhopal,BHO,center
2025-03-04 07:00:00,21.2,957.4,47,AWS-BHO-030,Bhopal,BHO,center
2025-03-04 08:00:00,23.3,958.6,42,AWS-BHO-030,Bhopal,BHO,center
2025-03-04 09:00:00,25.5,959.8,35,AWS-BHO-030,Bhopal,BHO,center
2025-03-04 10:00:00,27.3,960.2,30,AWS-BHO-030,Bhopal,BHO,center
2025-03-04 11:00:00,28.9,960.0,26,AWS-BHO-030,Bhopal,BHO,center
2025-03-04 12:00:00,30.1,959.1,23,AWS-BHO-030,Bhopal,BHO,center
2025-03-04 13:00:00,30.8,958.3,22,AWS-BHO-030,Bhopal,BHO,center
2025-03-04 14:00:00,31.0,957.5,21,AWS-BHO-030,Bhopal,BHO,center
2025-03-04 15:00:00,31.0,956.7,20,AWS-BHO-030,Bhopal,BHO,center
2025-03-04 16:00:00,30.3,956.7,19,AWS-BHO-030,Bhopal,BHO,center
2025-03-04 17:00:00,29.1,956.9,20,AWS-BHO-030,Bhopal,BHO,center
2025-03-04 18:00:00,26.7,958.0,24,AWS-BHO-030,Bhopal,BHO,center
2025-03-04 19:00:00,25.2,958.6,26,AWS-BHO-030,Bhopal,BHO,center
2025-03-04 20:00:00,24.0,959.2,27,AWS-BHO-030,Bhopal,BHO,center
2025-03-04 21:00:00,22.6,959.5,30,AWS-BHO-030,Bhopal,BHO,center
2025-03-04 22:00:00,21.6,959.8,30,AWS-BHO-030,Bhopal,BHO,center
2025-03-04 23:00:00,20.4,959.5,28,AWS-BHO-030,Bhopal,BHO,center
2025-03-05 00:00:00,19.4,959.1,27,AWS-BHO-030,Bhopal,BHO,center
2025-03-05 01:00:00,18.6,958.5,26,AWS-BHO-030,Bhopal,BHO,center
2025-03-05 02:00:00,17.7,957.9,26,AWS-BHO-030,Bhopal,BHO,center
2025-03-05 03:00:00,16.9,957.5,26,AWS-BHO-030,Bhopal,BHO,center
2025-03-05 04:00:00,16.2,957.7,26,AWS-BHO-030,Bhopal,BHO,center
2025-03-05 05:00:00,15.8,958.2,26,AWS-BHO-030,Bhopal,BHO,center
2025-03-05 06:00:00,15.0,959.1,39,AWS-BHO-030,Bhopal,BHO,center
2025-03-05 07:00:00,15.3,960.0,42,AWS-BHO-030,Bhopal,BHO,center
2025-03-05 08:00:00,16.8,960.7,39,AWS-BHO-030,Bhopal,BHO,center
2025-03-05 09:00:00,19.4,961.3,34,AWS-BHO-030,Bhopal,BHO,center
2025-03-05 10:00:00,21.6,961.7,27,AWS-BHO-030,Bhopal,BHO,center
2025-03-05 11:00:00,23.9,961.3,21,AWS-BHO-030,Bhopal,BHO,center
2025-03-05 12:00:00,25.7,960.2,14,AWS-BHO-030,Bhopal,BHO,center
2025-03-05 13:00:00,26.9,959.0,13,AWS-BHO-030,Bhopal,BHO,center
2025-03-05 14:00:00,27.3,958.1,13,AWS-BHO-030,Bhopal,BHO,center
2025-03-05 15:00:00,27.4,957.5,11,AWS-BHO-030,Bhopal,BHO,center
2025-03-05 16:00:00,26.8,957.4,10,AWS-BHO-030,Bhopal,BHO,center
2025-03-05 17:00:00,25.6,957.3,12,AWS-BHO-030,Bhopal,BHO,center
2025-03-05 18:00:00,23.8,957.6,16,AWS-BHO-030,Bhopal,BHO,center
2025-03-05 19:00:00,22.6,957.9,16,AWS-BHO-030,Bhopal,BHO,center
2025-03-05 20:00:00,21.8,958.6,16,AWS-BHO-030,Bhopal,BHO,center
2025-03-05 21:00:00,20.6,959.2,18,AWS-BHO-030,Bhopal,BHO,center
2025-03-05 22:00:00,19.5,959.4,21,AWS-BHO-030,Bhopal,BHO,center
2025-03-05 23:00:00,18.5,958.9,25,AWS-BHO-030,Bhopal,BHO,center
2025-03-06 00:00:00,17.7,958.5,28,AWS-BHO-030,Bhopal,BHO,center
2025-03-06 01:00:00,17.0,958.0,31,AWS-BHO-030,Bhopal,BHO,center
2025-03-06 02:00:00,16.4,957.4,34,AWS-BHO-030,Bhopal,BHO,center
2025-03-06 03:00:00,16.0,956.9,37,AWS-BHO-030,Bhopal,BHO,center
2025-03-06 04:00:00,15.6,956.8,40,AWS-BHO-030,Bhopal,BHO,center
2025-03-06 05:00:00,15.0,956.7,44,AWS-BHO-030,Bhopal,BHO,center
2025-03-06 06:00:00,14.7,957.4,49,AWS-BHO-030,Bhopal,BHO,center
2025-03-06 07:00:00,15.7,958.3,48,AWS-BHO-030,Bhopal,BHO,center
2025-03-06 08:00:00,19.2,959.9,43,AWS-BHO-030,Bhopal,BHO,center
2025-03-06 09:00:00,22.6,960.9,29,AWS-BHO-030,Bhopal,BHO,center
2025-03-06 10:00:00,24.8,961.1,20,AWS-BHO-030,Bhopal,BHO,center
2025-03-06 11:00:00,26.5,960.6,16,AWS-BHO-030,Bhopal,BHO,center
2025-03-06 12:00:00,28.0,960.1,14,AWS-BHO-030,Bhopal,BHO,center
2025-03-06 13:00:00,29.2,959.2,12,AWS-BHO-030,Bhopal,BHO,center
2025-03-06 14:00:00,29.9,958.6,10,AWS-BHO-030,Bhopal,BHO,center
2025-03-06 15:00:00,29.8,957.9,9,AWS-BHO-030,Bhopal,BHO,center
2025-03-06 16:00:00,29.4,957.4,9,AWS-BHO-030,Bhopal,BHO,center
2025-03-06 17:00:00,28.3,957.0,12,AWS-BHO-030,Bhopal,BHO,center
2025-03-06 18:00:00,25.2,957.2,25,AWS-BHO-030,Bhopal,BHO,center
2025-03-06 19:00:00,23.3,957.3,31,AWS-BHO-030,Bhopal,BHO,center
2025-03-06 20:00:00,22.1,957.5,34,AWS-BHO-030,Bhopal,BHO,center
2025-03-06 21:00:00,21.2,957.5,35,AWS-BHO-030,Bhopal,BHO,center
2025-03-06 22:00:00,19.8,957.1,38,AWS-BHO-030,Bhopal,BHO,center
2025-03-06 23:00:00,18.8,956.6,44,AWS-BHO-030,Bhopal,BHO,center
2025-03-07 00:00:00,18.9,956.1,42,AWS-BHO-030,Bhopal,BHO,center
2025-03-07 01:00:00,18.1,955.7,42,AWS-BHO-030,Bhopal,BHO,center
2025-03-07 02:00:00,17.5,955.1,38,AWS-BHO-030,Bhopal,BHO,center
2025-03-07 03:00:00,17.1,954.9,36,AWS-BHO-030,Bhopal,BHO,center
2025-03-07 04:00:00,16.5,954.6,36,AWS-BHO-030,Bhopal,BHO,center
2025-03-07 05:00:00,15.8,954.7,42,AWS-BHO-030,Bhopal,BHO,center
2025-03-07 06:00:00,15.2,955.3,45,AWS-BHO-030,Bhopal,BHO,center
2025-03-07 07:00:00,16.4,956.4,52,AWS-BHO-030,Bhopal,BHO,center
2025-03-07 08:00:00,19.9,958.0,37,AWS-BHO-030,Bhopal,BHO,center
2025-03-07 09:00:00,24.3,959.2,27,AWS-BHO-030,Bhopal,BHO,center
2025-03-07 10:00:00,27.5,959.3,19,AWS-BHO-030,Bhopal,BHO,center
2025-03-07 11:00:00,29.5,958.9,14,AWS-BHO-030,Bhopal,BHO,center
2025-03-07 12:00:00,30.7,957.8,13,AWS-BHO-030,Bhopal,BHO,center
2025-03-07 13:00:00,31.6,956.5,12,AWS-BHO-030,Bhopal,BHO,center
2025-03-07 14:00:00,32.2,955.6,12,AWS-BHO-030,Bhopal,BHO,center
2025-03-07 15:00:00,32.3,954.6,11,AWS-BHO-030,Bhopal,BHO,center
2025-03-07 16:00:00,31.9,954.6,12,AWS-BHO-030,Bhopal,BHO,center
2025-03-07 17:00:00,30.9,954.2,15,AWS-BHO-030,Bhopal,BHO,center
2025-03-07 18:00:00,27.6,953.9,25,AWS-BHO-030,Bhopal,BHO,center
2025-03-07 19:00:00,25.3,954.2,32,AWS-BHO-030,Bhopal,BHO,center
2025-03-07 20:00:00,23.7,954.7,33,AWS-BHO-030,Bhopal,BHO,center
2025-03-07 21:00:00,22.9,954.9,33,AWS-BHO-030,Bhopal,BHO,center
2025-03-07 22:00:00,22.4,954.8,32,AWS-BHO-030,Bhopal,BHO,center
2025-03-07 23:00:00,22.7,954.5,31,AWS-BHO-030,Bhopal,BHO,center
2025-03-08 00:00:00,22.1,954.2,33,AWS-BHO-030,Bhopal,BHO,center
2025-03-08 01:00:00,22.0,953.7,33,AWS-BHO-030,Bhopal,BHO,center
2025-03-08 02:00:00,20.9,952.9,35,AWS-BHO-030,Bhopal,BHO,center
2025-03-08 03:00:00,20.2,952.2,34,AWS-BHO-030,Bhopal,BHO,center
2025-03-08 04:00:00,20.0,951.7,33,AWS-BHO-030,Bhopal,BHO,center
2025-03-08 05:00:00,19.7,951.9,33,AWS-BHO-030,Bhopal,BHO,center
2025-03-08 06:00:00,19.0,952.7,38,AWS-BHO-030,Bhopal,BHO,center
2025-03-08 07:00:00,19.9,953.5,36,AWS-BHO-030,Bhopal,BHO,center
2025-03-08 08:00:00,23.1,955.0,34,AWS-BHO-030,Bhopal,BHO,center
2025-03-08 09:00:00,26.8,956.1,26,AWS-BHO-030,Bhopal,BHO,center
2025-03-08 10:00:00,29.5,956.4,21,AWS-BHO-030,Bhopal,BHO,center
2025-03-08 11:00:00,31.3,956.4,17,AWS-BHO-030,Bhopal,BHO,center
2025-03-08 12:00:00,32.2,955.5,15,AWS-BHO-030,Bhopal,BHO,center
2025-03-08 13:00:00,32.7,954.5,15,AWS-BHO-030,Bhopal,BHO,center
2025-03-08 14:00:00,32.8,953.5,15,AWS-BHO-030,Bhopal,BHO,center
2025-03-08 15:00:00,32.6,953.0,15,AWS-BHO-030,Bhopal,BHO,center
2025-03-08 16:00:00,32.2,952.8,16,AWS-BHO-030,Bhopal,BHO,center
2025-03-08 17:00:00,31.2,952.9,18,AWS-BHO-030,Bhopal,BHO,center
2025-03-08 18:00:00,27.4,953.0,28,AWS-BHO-030,Bhopal,BHO,center
2025-03-08 19:00:00,26.0,953.5,29,AWS-BHO-030,Bhopal,BHO,center
2025-03-08 20:00:00,24.4,954.1,32,AWS-BHO-030,Bhopal,BHO,center
2025-03-08 21:00:00,23.9,954.4,31,AWS-BHO-030,Bhopal,BHO,center
2025-03-08 22:00:00,23.3,954.6,28,AWS-BHO-030,Bhopal,BHO,center
2025-03-08 23:00:00,21.8,954.8,26,AWS-BHO-030,Bhopal,BHO,center
2025-03-09 00:00:00,20.6,954.4,33,AWS-BHO-030,Bhopal,BHO,center
2025-03-09 01:00:00,19.4,954.3,41,AWS-BHO-030,Bhopal,BHO,center
2025-03-09 02:00:00,18.6,953.5,51,AWS-BHO-030,Bhopal,BHO,center
2025-03-09 03:00:00,18.5,953.1,46,AWS-BHO-030,Bhopal,BHO,center
2025-03-09 04:00:00,18.6,953.4,44,AWS-BHO-030,Bhopal,BHO,center
2025-03-09 05:00:00,18.3,953.8,45,AWS-BHO-030,Bhopal,BHO,center
2025-03-09 06:00:00,18.4,954.7,50,AWS-BHO-030,Bhopal,BHO,center
2025-03-09 07:00:00,19.1,955.8,49,AWS-BHO-030,Bhopal,BHO,center
2025-03-09 08:00:00,22.0,957.3,44,AWS-BHO-030,Bhopal,BHO,center
2025-03-09 09:00:00,25.7,958.4,36,AWS-BHO-030,Bhopal,BHO,center
2025-03-09 10:00:00,29.0,958.8,28,AWS-BHO-030,Bhopal,BHO,center
2025-03-09 11:00:00,31.0,958.9,21,AWS-BHO-030,Bhopal,BHO,center
2025-03-09 12:00:00,32.2,957.9,18,AWS-BHO-030,Bhopal,BHO,center
2025-03-09 13:00:00,32.9,957.1,17,AWS-BHO-030,Bhopal,BHO,center
2025-03-09 14:00:00,33.1,956.3,17,AWS-BHO-030,Bhopal,BHO,center
2025-03-09 15:00:00,32.9,955.7,17,AWS-BHO-030,Bhopal,BHO,center
2025-03-09 16:00:00,32.3,955.6,17,AWS-BHO-030,Bhopal,BHO,center
2025-03-09 17:00:00,31.1,955.8,20,AWS-BHO-030,Bhopal,BHO,center
2025-03-09 18:00:00,28.4,956.2,25,AWS-BHO-030,Bhopal,BHO,center
2025-03-09 19:00:00,26.5,956.3,33,AWS-BHO-030,Bhopal,BHO,center
2025-03-09 20:00:00,25.3,957.4,33,AWS-BHO-030,Bhopal,BHO,center
2025-03-09 21:00:00,25.3,958.0,31,AWS-BHO-030,Bhopal,BHO,center
2025-03-09 22:00:00,24.8,958.4,28,AWS-BHO-030,Bhopal,BHO,center
2025-03-09 23:00:00,23.2,958.1,29,AWS-BHO-030,Bhopal,BHO,center
2025-03-10 00:00:00,22.2,958.1,31,AWS-BHO-030,Bhopal,BHO,center
2025-03-10 01:00:00,21.4,957.5,33,AWS-BHO-030,Bhopal,BHO,center
2025-03-10 02:00:00,21.0,957.1,33,AWS-BHO-030,Bhopal,BHO,center
2025-03-10 03:00:00,20.7,956.6,34,AWS-BHO-030,Bhopal,BHO,center
2025-03-10 04:00:00,20.1,956.7,36,AWS-BHO-030,Bhopal,BHO,center
2025-03-10 05:00:00,19.6,957.3,37,AWS-BHO-030,Bhopal,BHO,center
2025-03-10 06:00:00,20.0,958.7,38,AWS-BHO-030,Bhopal,BHO,center
2025-03-10 07:00:00,20.7,959.5,38,AWS-BHO-030,Bhopal,BHO,center
2025-03-10 08:00:00,23.3,960.8,35,AWS-BHO-030,Bhopal,BHO,center
2025-03-10 09:00:00,26.3,961.8,30,AWS-BHO-030,Bhopal,BHO,center
2025-03-10 10:00:00,29.5,962.2,25,AWS-BHO-030,Bhopal,BHO,center
2025-03-10 11:00:00,32.1,961.7,19,AWS-BHO-030,Bhopal,BHO,center
2025-03-10 12:00:00,33.5,960.8,17,AWS-BHO-030,Bhopal,BHO,center
2025-03-10 13:00:00,34.3,959.8,16,AWS-BHO-030,Bhopal,BHO,center
2025-03-10 14:00:00,34.5,958.8,15,AWS-BHO-030,Bhopal,BHO,center
2025-03-10 15:00:00,34.5,958.1,16,AWS-BHO-030,Bhopal,BHO,center
2025-03-10 16:00:00,34.0,958.0,16,AWS-BHO-030,Bhopal,BHO,center
2025-03-10 17:00:00,32.8,958.1,18,AWS-BHO-030,Bhopal,BHO,center
2025-03-10 18:00:00,30.2,958.3,23,AWS-BHO-030,Bhopal,BHO,center
2025-03-10 19:00:00,28.3,958.3,29,AWS-BHO-030,Bhopal,BHO,center
2025-03-10 20:00:00,27.4,959.2,29,AWS-BHO-030,Bhopal,BHO,center
2025-03-10 21:00:00,26.3,959.2,30,AWS-BHO-030,Bhopal,BHO,center
2025-03-10 22:00:00,25.6,959.1,31,AWS-BHO-030,Bhopal,BHO,center
2025-03-10 23:00:00,24.7,959.1,30,AWS-BHO-030,Bhopal,BHO,center
2025-03-11 00:00:00,23.2,958.5,33,AWS-BHO-030,Bhopal,BHO,center
2025-03-11 01:00:00,22.4,958.1,36,AWS-BHO-030,Bhopal,BHO,center
2025-03-11 02:00:00,21.9,957.4,36,AWS-BHO-030,Bhopal,BHO,center
2025-03-11 03:00:00,21.3,957.0,37,AWS-BHO-030,Bhopal,BHO,center
2025-03-11 04:00:00,20.7,957.0,39,AWS-BHO-030,Bhopal,BHO,center
2025-03-11 05:00:00,20.3,957.4,41,AWS-BHO-030,Bhopal,BHO,center
2025-03-11 06:00:00,19.9,958.5,46,AWS-BHO-030,Bhopal,BHO,center
2025-03-11 07:00:00,21.1,959.6,43,AWS-BHO-030,Bhopal,BHO,center
2025-03-11 08:00:00,24.0,960.9,38,AWS-BHO-030,Bhopal,BHO,center
2025-03-11 09:00:00,27.4,961.9,32,AWS-BHO-030,Bhopal,BHO,center
2025-03-11 10:00:00,30.8,961.9,26,AWS-BHO-030,Bhopal,BHO,center
2025-03-11 11:00:00,33.2,961.3,20,AWS-BHO-030,Bhopal,BHO,center
2025-03-11 12:00:00,34.5,960.3,18,AWS-BHO-030,Bhopal,BHO,center
2025-03-11 13:00:00,35.2,959.0,16,AWS-BHO-030,Bhopal,BHO,center
2025-03-11 14:00:00,35.7,958.0,15,AWS-BHO-030,Bhopal,BHO,center
2025-03-11 15:00:00,35.9,957.0,14,AWS-BHO-030,Bhopal,BHO,center
2025-03-11 16:00:00,35.9,956.4,14,AWS-BHO-030,Bhopal,BHO,center
2025-03-11 17:00:00,34.2,956.5,19,AWS-BHO-030,Bhopal,BHO,center
2025-03-11 18:00:00,30.0,956.8,32,AWS-BHO-030,Bhopal,BHO,center
2025-03-11 19:00:00,28.7,956.9,35,AWS-BHO-030,Bhopal,BHO,center
2025-03-11 20:00:00,28.0,957.2,37,AWS-BHO-030,Bhopal,BHO,center
2025-03-11 21:00:00,26.3,957.5,34,AWS-BHO-030,Bhopal,BHO,center
2025-03-11 22:00:00,25.6,957.2,36,AWS-BHO-030,Bhopal,BHO,center
2025-03-11 23:00:00,25.3,956.4,40,AWS-BHO-030,Bhopal,BHO,center
2025-03-12 00:00:00,24.4,955.9,37,AWS-BHO-030,Bhopal,BHO,center
2025-03-12 01:00:00,24.9,955.4,34,AWS-BHO-030,Bhopal,BHO,center
2025-03-12 02:00:00,24.2,954.8,35,AWS-BHO-030,Bhopal,BHO,center
2025-03-12 03:00:00,23.9,954.5,35,AWS-BHO-030,Bhopal,BHO,center
2025-03-12 04:00:00,23.2,954.1,37,AWS-BHO-030,Bhopal,BHO,center
2025-03-12 05:00:00,22.6,954.2,39,AWS-BHO-030,Bhopal,BHO,center
2025-03-12 06:00:00,23.2,955.2,38,AWS-BHO-030,Bhopal,BHO,center
2025-03-12 07:00:00,24.0,955.8,37,AWS-BHO-030,Bhopal,BHO,center
2025-03-12 08:00:00,27.3,957.5,35,AWS-BHO-030,Bhopal,BHO,center
2025-03-12 09:00:00,30.6,958.2,28,AWS-BHO-030,Bhopal,BHO,center
2025-03-12 10:00:00,33.2,958.6,22,AWS-BHO-030,Bhopal,BHO,center
2025-03-12 11:00:00,34.9,957.8,18,AWS-BHO-030,Bhopal,BHO,center
2025-03-12 12:00:00,36.2,956.7,15,AWS-BHO-030,Bhopal,BHO,center
2025-03-12 13:00:00,36.9,955.4,13,AWS-BHO-030,Bhopal,BHO,center
2025-03-12 14:00:00,37.1,954.3,11,AWS-BHO-030,Bhopal,BHO,center
2025-03-12 15:00:00,37.5,953.4,10,AWS-BHO-030,Bhopal,BHO,center
2025-03-12 16:00:00,36.9,953.0,10,AWS-BHO-030,Bhopal,BHO,center
2025-03-12 17:00:00,35.2,952.8,12,AWS-BHO-030,Bhopal,BHO,center
2025-03-12 18:00:00,33.2,952.7,12,AWS-BHO-030,Bhopal,BHO,center
2025-03-12 19:00:00,32.0,953.2,14,AWS-BHO-030,Bhopal,BHO,center
2025-03-12 20:00:00,31.0,953.8,15,AWS-BHO-030,Bhopal,BHO,center
2025-03-12 21:00:00,29.5,954.3,18,AWS-BHO-030,Bhopal,BHO,center
2025-03-12 22:00:00,26.8,954.5,24,AWS-BHO-030,Bhopal,BHO,center
2025-03-12 23:00:00,25.6,954.4,26,AWS-BHO-030,Bhopal,BHO,center
2025-03-13 00:00:00,24.7,954.1,26,AWS-BHO-030,Bhopal,BHO,center
2025-03-13 01:00:00,23.7,953.6,28,AWS-BHO-030,Bhopal,BHO,center
2025-03-13 02:00:00,23.9,953.0,26,AWS-BHO-030,Bhopal,BHO,center
2025-03-13 03:00:00,24.2,952.8,26,AWS-BHO-030,Bhopal,BHO,center
2025-03-13 04:00:00,24.5,952.8,26,AWS-BHO-030,Bhopal,BHO,center
2025-03-13 05:00:00,23.9,953.2,26,AWS-BHO-030,Bhopal,BHO,center
2025-03-13 06:00:00,23.6,954.1,30,AWS-BHO-030,Bhopal,BHO,center
2025-03-13 07:00:00,24.5,954.9,29,AWS-BHO-030,Bhopal,BHO,center
2025-03-13 08:00:00,27.3,956.0,27,AWS-BHO-030,Bhopal,BHO,center
2025-03-13 09:00:00,30.9,957.1,22,AWS-BHO-030,Bhopal,BHO,center
2025-03-13 10:00:00,33.6,957.2,16,AWS-BHO-030,Bhopal,BHO,center
2025-03-13 11:00:00,35.1,956.7,13,AWS-BHO-030,Bhopal,BHO,center
2025-03-13 12:00:00,36.2,955.7,11,AWS-BHO-030,Bhopal,BHO,center
2025-03-13 13:00:00,36.7,954.1,10,AWS-BHO-030,Bhopal,BHO,center
2025-03-13 14:00:00,37.1,952.7,9,AWS-BHO-030,Bhopal,BHO,center
2025-03-13 15:00:00,36.9,951.9,8,AWS-BHO-030,Bhopal,BHO,center
2025-03-13 16:00:00,36.6,951.5,8,AWS-BHO-030,Bhopal,BHO,center
2025-03-13 17:00:00,35.2,951.4,10,AWS-BHO-030,Bhopal,BHO,center
2025-03-13 18:00:00,32.3,951.5,13,AWS-BHO-030,Bhopal,BHO,center
2025-03-13 19:00:00,29.8,952.0,16,AWS-BHO-030,Bhopal,BHO,center
2025-03-13 20:00:00,28.6,952.8,16,AWS-BHO-030,Bhopal,BHO,center
2025-03-13 21:00:00,28.3,953.7,14,AWS-BHO-030,Bhopal,BHO,center
2025-03-13 22:00:00,26.9,953.7,15,AWS-BHO-030,Bhopal,BHO,center
2025-03-13 23:00:00,26.7,953.7,15,AWS-BHO-030,Bhopal,BHO,center
2025-03-14 00:00:00,26.7,953.4,16,AWS-BHO-030,Bhopal,BHO,center
2025-03-14 01:00:00,26.2,952.9,17,AWS-BHO-030,Bhopal,BHO,center
2025-03-14 02:00:00,26.3,952.4,18,AWS-BHO-030,Bhopal,BHO,center
2025-03-14 03:00:00,26.1,952.2,20,AWS-BHO-030,Bhopal,BHO,center
2025-03-14 04:00:00,25.3,952.5,22,AWS-BHO-030,Bhopal,BHO,center
2025-03-14 05:00:00,24.5,953.1,25,AWS-BHO-030,Bhopal,BHO,center
2025-03-14 06:00:00,23.8,954.2,30,AWS-BHO-030,Bhopal,BHO,center
2025-03-14 07:00:00,24.4,955.2,32,AWS-BHO-030,Bhopal,BHO,center
2025-03-14 08:00:00,27.1,956.8,30,AWS-BHO-030,Bhopal,BHO,center
2025-03-14 09:00:00,29.8,957.8,25,AWS-BHO-030,Bhopal,BHO,center
2025-03-14 10:00:00,32.1,957.9,22,AWS-BHO-030,Bhopal,BHO,center
2025-03-14 11:00:00,33.9,957.6,20,AWS-BHO-030,Bhopal,BHO,center
2025-03-14 12:00:00,35.3,956.5,17,AWS-BHO-030,Bhopal,BHO,center
2025-03-14 13:00:00,36.4,955.2,16,AWS-BHO-030,Bhopal,BHO,center
2025-03-14 14:00:00,36.9,954.0,14,AWS-BHO-030,Bhopal,BHO,center
2025-03-14 15:00:00,36.9,953.2,14,AWS-BHO-030,Bhopal,BHO,center
2025-03-14 16:00:00,36.2,952.8,14,AWS-BHO-030,Bhopal,BHO,center
2025-03-14 17:00:00,35.0,952.8,15,AWS-BHO-030,Bhopal,BHO,center
2025-03-14 18:00:00,31.8,953.0,20,AWS-BHO-030,Bhopal,BHO,center
2025-03-14 19:00:00,31.5,953.7,19,AWS-BHO-030,Bhopal,BHO,center
2025-03-14 20:00:00,29.4,954.3,24,AWS-BHO-030,Bhopal,BHO,center
2025-03-14 21:00:00,27.4,954.7,28,AWS-BHO-030,Bhopal,BHO,center
2025-03-14 22:00:00,26.9,955.0,28,AWS-BHO-030,Bhopal,BHO,center
2025-03-14 23:00:00,26.5,954.8,28,AWS-BHO-030,Bhopal,BHO,center
2025-03-15 00:00:00,25.6,954.6,29,AWS-BHO-030,Bhopal,BHO,center
2025-03-15 01:00:00,24.5,954.0,31,AWS-BHO-030,Bhopal,BHO,center
2025-03-15 02:00:00,24.1,953.7,30,AWS-BHO-030,Bhopal,BHO,center
2025-03-15 03:00:00,24.0,953.4,29,AWS-BHO-030,Bhopal,BHO,center
2025-03-15 04:00:00,23.6,953.3,30,AWS-BHO-030,Bhopal,BHO,center
2025-03-15 05:00:00,23.4,953.6,31,AWS-BHO-030,Bhopal,BHO,center
2025-03-15 06:00:00,23.2,954.9,34,AWS-BHO-030,Bhopal,BHO,center
2025-03-15 07:00:00,24.0,955.8,34,AWS-BHO-030,Bhopal,BHO,center
2025-03-15 08:00:00,27.2,957.2,31,AWS-BHO-030,Bhopal,BHO,center
2025-03-15 09:00:00,30.7,958.2,25,AWS-BHO-030,Bhopal,BHO,center
2025-03-15 10:00:00,33.1,958.4,19,AWS-BHO-030,Bhopal,BHO,center
2025-03-15 11:00:00,34.5,958.1,16,AWS-BHO-030,Bhopal,BHO,center
2025-03-15 12:00:00,35.7,957.3,15,AWS-BHO-030,Bhopal,BHO,center
2025-03-15 13:00:00,36.7,956.3,14,AWS-BHO-030,Bhopal,BHO,center
2025-03-15 14:00:00,37.4,955.4,13,AWS-BHO-030,Bhopal,BHO,center
2025-03-15 15:00:00,36.6,954.6,14,AWS-BHO-030,Bhopal,BHO,center
2025-03-15 16:00:00,35.4,954.5,15,AWS-BHO-030,Bhopal,BHO,center
2025-03-15 17:00:00,34.6,954.6,17,AWS-BHO-030,Bhopal,BHO,center
2025-03-15 18:00:00,32.9,955.2,19,AWS-BHO-030,Bhopal,BHO,center
2025-03-15 19:00:00,31.3,955.7,20,AWS-BHO-030,Bhopal,BHO,center
2025-03-15 20:00:00,30.2,956.3,22,AWS-BHO-030,Bhopal,BHO,center
2025-03-15 21:00:00,29.6,956.7,23,AWS-BHO-030,Bhopal,BHO,center
2025-03-15 22:00:00,29.6,956.8,23,AWS-BHO-030,Bhopal,BHO,center
2025-03-15 23:00:00,29.1,956.5,24,AWS-BHO-030,Bhopal,BHO,center
2025-03-16 00:00:00,28.7,956.2,24,AWS-BHO-030,Bhopal,BHO,center
2025-03-16 01:00:00,28.3,955.9,24,AWS-BHO-030,Bhopal,BHO,center
2025-03-16 02:00:00,26.7,955.5,28,AWS-BHO-030,Bhopal,BHO,center
2025-03-16 03:00:00,25.5,954.8,35,AWS-BHO-030,Bhopal,BHO,center
2025-03-16 04:00:00,24.8,954.9,37,AWS-BHO-030,Bhopal,BHO,center
2025-03-16 05:00:00,24.4,955.4,37,AWS-BHO-030,Bhopal,BHO,center
2025-03-16 06:00:00,24.5,956.3,37,AWS-BHO-030,Bhopal,BHO,center
2025-03-16 07:00:00,25.0,957.2,36,AWS-BHO-030,Bhopal,BHO,center
2025-03-16 08:00:00,27.2,958.4,31,AWS-BHO-030,Bhopal,BHO,center
2025-03-16 09:00:00,29.4,959.0,25,AWS-BHO-030,Bhopal,BHO,center
2025-03-16 10:00:00,31.3,959.2,22,AWS-BHO-030,Bhopal,BHO,center
2025-03-16 11:00:00,33.2,958.9,19,AWS-BHO-030,Bhopal,BHO,center
2025-03-16 12:00:00,34.5,957.8,16,AWS-BHO-030,Bhopal,BHO,center
2025-03-16 13:00:00,34.5,956.5,16,AWS-BHO-030,Bhopal,BHO,center
2025-03-16 14:00:00,34.5,955.3,15,AWS-BHO-030,Bhopal,BHO,center
2025-03-16 15:00:00,34.6,954.6,15,AWS-BHO-030,Bhopal,BHO,center
2025-03-16 16:00:00,33.9,954.3,16,AWS-BHO-030,Bhopal,BHO,center
2025-03-16 17:00:00,33.1,954.0,17,AWS-BHO-030,Bhopal,BHO,center
2025-03-16 18:00:00,30.4,954.0,32,AWS-BHO-030,Bhopal,BHO,center
2025-03-16 19:00:00,29.5,954.5,24,AWS-BHO-030,Bhopal,BHO,center
2025-03-16 20:00:00,28.4,955.0,25,AWS-BHO-030,Bhopal,BHO,center
2025-03-16 21:00:00,27.5,955.1,27,AWS-BHO-030,Bhopal,BHO,center
2025-03-16 22:00:00,27.1,955.2,28,AWS-BHO-030,Bhopal,BHO,center
2025-03-16 23:00:00,26.7,955.3,28,AWS-BHO-030,Bhopal,BHO,center
2025-03-17 00:00:00,25.9,955.2,29,AWS-BHO-030,Bhopal,BHO,center
2025-03-17 01:00:00,25.2,954.9,30,AWS-BHO-030,Bhopal,BHO,center
2025-03-17 02:00:00,23.9,954.4,34,AWS-BHO-030,Bhopal,BHO,center
2025-03-17 03:00:00,23.0,954.1,38,AWS-BHO-030,Bhopal,BHO,center
2025-03-17 04:00:00,22.2,954.2,41,AWS-BHO-030,Bhopal,BHO,center
2025-03-17 05:00:00,21.6,954.8,43,AWS-BHO-030,Bhopal,BHO,center
2025-03-17 06:00:00,21.4,955.9,53,AWS-BHO-030,Bhopal,BHO,center
2025-03-17 07:00:00,22.1,957.0,53,AWS-BHO-030,Bhopal,BHO,center
2025-03-17 08:00:00,23.9,958.2,51,AWS-BHO-030,Bhopal,BHO,center
2025-03-17 09:00:00,26.1,958.9,45,AWS-BHO-030,Bhopal,BHO,center
2025-03-17 10:00:00,28.3,959.3,37,AWS-BHO-030,Bhopal,BHO,center
2025-03-17 11:00:00,30.1,959.0,30,AWS-BHO-030,Bhopal,BHO,center
2025-03-17 12:00:00,31.1,958.1,27,AWS-BHO-030,Bhopal,BHO,center
2025-03-17 13:00:00,32.1,957.0,25,AWS-BHO-030,Bhopal,BHO,center
2025-03-17 14:00:00,33.0,955.6,22,AWS-BHO-030,Bhopal,BHO,center
2025-03-17 15:00:00,33.4,954.8,18,AWS-BHO-030,Bhopal,BHO,center
2025-03-17 16:00:00,32.9,954.7,17,AWS-BHO-030,Bhopal,BHO,center
2025-03-17 17:00:00,31.9,955.1,18,AWS-BHO-030,Bhopal,BHO,center
2025-03-17 18:00:00,30.0,955.9,21,AWS-BHO-030,Bhopal,BHO,center
2025-03-17 19:00:00,28.2,956.4,24,AWS-BHO-030,Bhopal,BHO,center
2025-03-17 20:00:00,27.0,957.0,26,AWS-BHO-030,Bhopal,BHO,center
2025-03-17 21:00:00,26.0,957.1,29,AWS-BHO-030,Bhopal,BHO,center
2025-03-17 22:00:00,25.1,957.2,32,AWS-BHO-030,Bhopal,BHO,center
2025-03-17 23:00:00,24.6,957.2,31,AWS-BHO-030,Bhopal,BHO,center
2025-03-18 00:00:00,23.5,957.1,32,AWS-BHO-030,Bhopal,BHO,center
2025-03-18 01:00:00,22.7,956.7,33,AWS-BHO-030,Bhopal,BHO,center
2025-03-18 02:00:00,21.9,955.8,36,AWS-BHO-030,Bhopal,BHO,center
2025-03-18 03:00:00,21.3,955.6,40,AWS-BHO-030,Bhopal,BHO,center
2025-03-18 04:00:00,20.7,955.6,43,AWS-BHO-030,Bhopal,BHO,center
2025-03-18 05:00:00,20.1,955.8,46,AWS-BHO-030,Bhopal,BHO,center
2025-03-18 06:00:00,20.0,956.6,52,AWS-BHO-030,Bhopal,BHO,center
2025-03-18 07:00:00,20.8,957.5,51,AWS-BHO-030,Bhopal,BHO,center
2025-03-18 08:00:00,23.1,958.6,44,AWS-BHO-030,Bhopal,BHO,center
2025-03-18 09:00:00,25.9,959.2,37,AWS-BHO-030,Bhopal,BHO,center
2025-03-18 10:00:00,28.5,959.3,30,AWS-BHO-030,Bhopal,BHO,center
2025-03-18 11:00:00,30.3,958.8,26,AWS-BHO-030,Bhopal,BHO,center
2025-03-18 12:00:00,31.7,957.9,22,AWS-BHO-030,Bhopal,BHO,center
2025-03-18 13:00:00,32.5,956.8,20,AWS-BHO-030,Bhopal,BHO,center
2025-03-18 14:00:00,32.8,955.9,20,AWS-BHO-030,Bhopal,BHO,center
2025-03-18 15:00:00,33.0,955.4,19,AWS-BHO-030,Bhopal,BHO,center
2025-03-18 16:00:00,32.9,955.2,19,AWS-BHO-030,Bhopal,BHO,center
2025-03-18 17:00:00,32.4,955.1,19,AWS-BHO-030,Bhopal,BHO,center
2025-03-18 18:00:00,30.2,955.5,24,AWS-BHO-030,Bhopal,BHO,center
2025-03-18 19:00:00,28.3,955.8,27,AWS-BHO-030,Bhopal,BHO,center
2025-03-18 20:00:00,28.0,956.4,26,AWS-BHO-030,Bhopal,BHO,center
2025-03-18 21:00:00,26.7,956.9,28,AWS-BHO-030,Bhopal,BHO,center
2025-03-18 22:00:00,25.3,957.0,30,AWS-BHO-030,Bhopal,BHO,center
2025-03-18 23:00:00,24.7,956.5,28,AWS-BHO-030,Bhopal,BHO,center
2025-03-19 00:00:00,24.0,956.0,28,AWS-BHO-030,Bhopal,BHO,center
2025-03-19 01:00:00,22.7,955.7,31,AWS-BHO-030,Bhopal,BHO,center
2025-03-19 02:00:00,21.7,955.1,35,AWS-BHO-030,Bhopal,BHO,center
2025-03-19 03:00:00,21.0,954.9,37,AWS-BHO-030,Bhopal,BHO,center
2025-03-19 04:00:00,20.5,954.9,39,AWS-BHO-030,Bhopal,BHO,center
2025-03-19 05:00:00,20.2,955.3,40,AWS-BHO-030,Bhopal,BHO,center
2025-03-19 06:00:00,20.0,956.6,44,AWS-BHO-030,Bhopal,BHO,center
2025-03-19 07:00:00,21.1,957.6,42,AWS-BHO-030,Bhopal,BHO,center
2025-03-19 08:00:00,24.0,958.7,35,AWS-BHO-030,Bhopal,BHO,center
2025-03-19 09:00:00,27.1,959.3,29,AWS-BHO-030,Bhopal,BHO,center
2025-03-19 10:00:00,30.1,959.5,25,AWS-BHO-030,Bhopal,BHO,center
2025-03-19 11:00:00,32.6,959.0,22,AWS-BHO-030,Bhopal,BHO,center
2025-03-19 12:00:00,34.1,958.2,20,AWS-BHO-030,Bhopal,BHO,center
2025-03-19 13:00:00,34.8,957.3,20,AWS-BHO-030,Bhopal,BHO,center
2025-03-19 14:00:00,35.2,956.1,18,AWS-BHO-030,Bhopal,BHO,center
2025-03-19 15:00:00,36.1,955.1,16,AWS-BHO-030,Bhopal,BHO,center
2025-03-19 16:00:00,35.8,954.8,16,AWS-BHO-030,Bhopal,BHO,center
2025-03-19 17:00:00,34.8,954.4,17,AWS-BHO-030,Bhopal,BHO,center
2025-03-19 18:00:00,32.7,955.0,21,AWS-BHO-030,Bhopal,BHO,center
2025-03-19 19:00:00,31.3,955.6,22,AWS-BHO-030,Bhopal,BHO,center
2025-03-19 20:00:00,30.4,956.2,23,AWS-BHO-030,Bhopal,BHO,center
2025-03-19 21:00:00,29.9,956.8,22,AWS-BHO-030,Bhopal,BHO,center
2025-03-19 22:00:00,27.1,957.6,29,AWS-BHO-030,Bhopal,BHO,center
2025-03-19 23:00:00,25.8,957.5,34,AWS-BHO-030,Bhopal,BHO,center
2025-03-20 00:00:00,24.8,957.5,35,AWS-BHO-030,Bhopal,BHO,center
2025-03-20 01:00:00,24.2,956.9,36,AWS-BHO-030,Bhopal,BHO,center
2025-03-20 02:00:00,23.3,956.7,37,AWS-BHO-030,Bhopal,BHO,center
2025-03-20 03:00:00,23.0,956.4,36,AWS-BHO-030,Bhopal,BHO,center
2025-03-20 04:00:00,22.6,956.2,36,AWS-BHO-030,Bhopal,BHO,center
2025-03-20 05:00:00,22.2,956.8,39,AWS-BHO-030,Bhopal,BHO,center
2025-03-20 06:00:00,21.9,957.5,42,AWS-BHO-030,Bhopal,BHO,center
2025-03-20 07:00:00,22.6,958.4,44,AWS-BHO-030,Bhopal,BHO,center
2025-03-20 08:00:00,25.0,959.3,37,AWS-BHO-030,Bhopal,BHO,center
2025-03-20 09:00:00,27.3,960.1,32,AWS-BHO-030,Bhopal,BHO,center
2025-03-20 10:00:00,29.5,960.2,29,AWS-BHO-030,Bhopal,BHO,center
2025-03-20 11:00:00,31.6,959.7,26,AWS-BHO-030,Bhopal,BHO,center
2025-03-20 12:00:00,33.2,958.9,22,AWS-BHO-030,Bhopal,BHO,center
2025-03-20 13:00:00,34.2,957.8,19,AWS-BHO-030,Bhopal,BHO,center
2025-03-20 14:00:00,34.5,956.6,19,AWS-BHO-030,Bhopal,BHO,center
2025-03-20 15:00:00,35.1,955.5,17,AWS-BHO-030,Bhopal,BHO,center
2025-03-20 16:00:00,35.5,954.9,16,AWS-BHO-030,Bhopal,BHO,center
2025-03-20 17:00:00,33.7,955.1,17,AWS-BHO-030,Bhopal,BHO,center
2025-03-20 18:00:00,31.1,955.9,20,AWS-BHO-030,Bhopal,BHO,center
2025-03-20 19:00:00,29.3,956.5,31,AWS-BHO-030,Bhopal,BHO,center
2025-03-20 20:00:00,27.6,957.0,35,AWS-BHO-030,Bhopal,BHO,center
2025-03-20 21:00:00,26.6,957.3,33,AWS-BHO-030,Bhopal,BHO,center
2025-03-20 22:00:00,25.5,957.8,37,AWS-BHO-030,Bhopal,BHO,center
2025-03-20 23:00:00,24.2,957.8,41,AWS-BHO-030,Bhopal,BHO,center
2025-03-21 00:00:00,23.5,957.2,53,AWS-BHO-030,Bhopal,BHO,center
2025-03-21 01:00:00,22.6,956.8,48,AWS-BHO-030,Bhopal,BHO,center
2025-03-21 02:00:00,22.7,956.3,47,AWS-BHO-030,Bhopal,BHO,center
2025-03-21 03:00:00,22.6,955.8,42,AWS-BHO-030,Bhopal,BHO,center
2025-03-21 04:00:00,23.1,956.1,30,AWS-BHO-030,Bhopal,BHO,center
2025-03-21 05:00:00,23.5,956.6,25,AWS-BHO-030,Bhopal,BHO,center
2025-03-21 06:00:00,21.5,957.5,40,AWS-BHO-030,Bhopal,BHO,center
2025-03-21 07:00:00,22.5,958.5,38,AWS-BHO-030,Bhopal,BHO,center
2025-03-21 08:00:00,25.0,959.6,31,AWS-BHO-030,Bhopal,BHO,center
2025-03-21 09:00:00,27.8,960.3,28,AWS-BHO-030,Bhopal,BHO,center
2025-03-21 10:00:00,29.8,960.5,25,AWS-BHO-030,Bhopal,BHO,center
2025-03-21 11:00:00,31.3,960.1,21,AWS-BHO-030,Bhopal,BHO,center
2025-03-21 12:00:00,32.6,959.0,16,AWS-BHO-030,Bhopal,BHO,center
2025-03-21 13:00:00,33.4,957.8,14,AWS-BHO-030,Bhopal,BHO,center
2025-03-21 14:00:00,33.8,956.5,13,AWS-BHO-030,Bhopal,BHO,center
2025-03-21 15:00:00,33.7,955.7,12,AWS-BHO-030,Bhopal,BHO,center
2025-03-21 16:00:00,33.2,955.2,11,AWS-BHO-030,Bhopal,BHO,center
2025-03-21 17:00:00,32.7,955.1,11,AWS-BHO-030,Bhopal,BHO,center
2025-03-21 18:00:00,30.1,955.9,21,AWS-BHO-030,Bhopal,BHO,center
2025-03-21 19:00:00,28.1,956.4,33,AWS-BHO-030,Bhopal,BHO,center
2025-03-21 20:00:00,27.6,957.3,28,AWS-BHO-030,Bhopal,BHO,center
2025-03-21 21:00:00,26.7,957.8,28,AWS-BHO-030,Bhopal,BHO,center
2025-03-21 22:00:00,25.3,957.9,30,AWS-BHO-030,Bhopal,BHO,center
2025-03-21 23:00:00,24.3,957.7,32,AWS-BHO-030,Bhopal,BHO,center
2025-03-22 00:00:00,22.9,957.5,37,AWS-BHO-030,Bhopal,BHO,center
2025-03-22 01:00:00,22.4,957.0,37,AWS-BHO-030,Bhopal,BHO,center
2025-03-22 02:00:00,22.2,956.5,35,AWS-BHO-030,Bhopal,BHO,center
2025-03-22 03:00:00,21.3,956.8,36,AWS-BHO-030,Bhopal,BHO,center
2025-03-22 04:00:00,20.8,956.7,38,AWS-BHO-030,Bhopal,BHO,center
2025-03-22 05:00:00,20.4,957.0,39,AWS-BHO-030,Bhopal,BHO,center
2025-03-22 06:00:00,20.0,957.6,49,AWS-BHO-030,Bhopal,BHO,center
2025-03-22 07:00:00,21.5,958.8,46,AWS-BHO-030,Bhopal,BHO,center
2025-03-22 08:00:00,24.8,960.0,40,AWS-BHO-030,Bhopal,BHO,center
2025-03-22 09:00:00,28.0,960.7,33,AWS-BHO-030,Bhopal,BHO,center
2025-03-22 10:00:00,30.4,960.8,24,AWS-BHO-030,Bhopal,BHO,center
2025-03-22 11:00:00,32.0,960.3,18,AWS-BHO-030,Bhopal,BHO,center
2025-03-22 12:00:00,33.2,959.3,16,AWS-BHO-030,Bhopal,BHO,center
2025-03-22 13:00:00,33.8,958.0,15,AWS-BHO-030,Bhopal,BHO,center
2025-03-22 14:00:00,33.6,957.2,15,AWS-BHO-030,Bhopal,BHO,center
2025-03-22 15:00:00,33.6,956.5,14,AWS-BHO-030,Bhopal,BHO,center
2025-03-22 16:00:00,33.4,956.1,14,AWS-BHO-030,Bhopal,BHO,center
2025-03-22 17:00:00,32.8,956.0,13,AWS-BHO-030,Bhopal,BHO,center
2025-03-22 18:00:00,30.4,956.7,15,AWS-BHO-030,Bhopal,BHO,center
2025-03-22 19:00:00,28.7,957.1,17,AWS-BHO-030,Bhopal,BHO,center
2025-03-22 20:00:00,27.4,957.4,20,AWS-BHO-030,Bhopal,BHO,center
2025-03-22 21:00:00,27.0,957.9,20,AWS-BHO-030,Bhopal,BHO,center
2025-03-22 22:00:00,26.6,958.4,21,AWS-BHO-030,Bhopal,BHO,center
2025-03-22 23:00:00,25.1,958.3,24,AWS-BHO-030,Bhopal,BHO,center
2025-03-23 00:00:00,23.8,958.0,27,AWS-BHO-030,Bhopal,BHO,center
2025-03-23 01:00:00,23.6,957.3,26,AWS-BHO-030,Bhopal,BHO,center
2025-03-23 02:00:00,23.2,956.5,26,AWS-BHO-030,Bhopal,BHO,center
2025-03-23 03:00:00,22.0,956.6,29,AWS-BHO-030,Bhopal,BHO,center
2025-03-23 04:00:00,20.6,956.8,31,AWS-BHO-030,Bhopal,BHO,center
2025-03-23 05:00:00,20.1,957.4,33,AWS-BHO-030,Bhopal,BHO,center
2025-03-23 06:00:00,19.1,957.8,43,AWS-BHO-030,Bhopal,BHO,center
2025-03-23 07:00:00,21.2,959.1,36,AWS-BHO-030,Bhopal,BHO,center
2025-03-23 08:00:00,24.4,960.4,32,AWS-BHO-030,Bhopal,BHO,center
2025-03-23 09:00:00,27.9,961.3,27,AWS-BHO-030,Bhopal,BHO,center
2025-03-23 10:00:00,30.9,961.6,19,AWS-BHO-030,Bhopal,BHO,center
2025-03-23 11:00:00,32.6,960.9,13,AWS-BHO-030,Bhopal,BHO,center
2025-03-23 12:00:00,33.4,960.0,12,AWS-BHO-030,Bhopal,BHO,center
2025-03-23 13:00:00,34.1,958.8,11,AWS-BHO-030,Bhopal,BHO,center
2025-03-23 14:00:00,34.5,957.8,10,AWS-BHO-030,Bhopal,BHO,center
2025-03-23 15:00:00,34.4,957.1,9,AWS-BHO-030,Bhopal,BHO,center
2025-03-23 16:00:00,33.7,957.0,8,AWS-BHO-030,Bhopal,BHO,center
2025-03-23 17:00:00,32.5,957.1,9,AWS-BHO-030,Bhopal,BHO,center
2025-03-23 18:00:00,30.6,957.8,11,AWS-BHO-030,Bhopal,BHO,center
2025-03-23 19:00:00,29.6,958.1,12,AWS-BHO-030,Bhopal,BHO,center
2025-03-23 20:00:00,28.8,958.7,13,AWS-BHO-030,Bhopal,BHO,center
2025-03-23 21:00:00,26.6,958.9,14,AWS-BHO-030,Bhopal,BHO,center
2025-03-23 22:00:00,25.6,959.1,15,AWS-BHO-030,Bhopal,BHO,center
2025-03-23 23:00:00,24.2,959.0,19,AWS-BHO-030,Bhopal,BHO,center
2025-03-24 00:00:00,23.2,958.5,23,AWS-BHO-030,Bhopal,BHO,center
2025-03-24 01:00:00,22.3,958.0,27,AWS-BHO-030,Bhopal,BHO,center
2025-03-24 02:00:00,21.3,957.4,31,AWS-BHO-030,Bhopal,BHO,center
2025-03-24 03:00:00,20.5,957.3,35,AWS-BHO-030,Bhopal,BHO,center
2025-03-24 04:00:00,20.1,957.3,38,AWS-BHO-030,Bhopal,BHO,center
2025-03-24 05:00:00,20.2,957.7,39,AWS-BHO-030,Bhopal,BHO,center
2025-03-24 06:00:00,20.7,958.7,41,AWS-BHO-030,Bhopal,BHO,center
2025-03-24 07:00:00,21.9,959.9,40,AWS-BHO-030,Bhopal,BHO,center
2025-03-24 08:00:00,24.8,961.4,35,AWS-BHO-030,Bhopal,BHO,center
2025-03-24 09:00:00,28.2,961.9,28,AWS-BHO-030,Bhopal,BHO,center
2025-03-24 10:00:00,31.0,961.8,20,AWS-BHO-030,Bhopal,BHO,center
2025-03-24 11:00:00,32.9,961.1,15,AWS-BHO-030,Bhopal,BHO,center
2025-03-24 12:00:00,34.0,959.9,13,AWS-BHO-030,Bhopal,BHO,center
2025-03-24 13:00:00,34.3,958.9,13,AWS-BHO-030,Bhopal,BHO,center
2025-03-24 14:00:00,34.8,957.7,12,AWS-BHO-030,Bhopal,BHO,center
2025-03-24 15:00:00,34.8,956.8,12,AWS-BHO-030,Bhopal,BHO,center
2025-03-24 16:00:00,34.5,956.4,12,AWS-BHO-030,Bhopal,BHO,center
2025-03-24 17:00:00,33.5,956.4,13,AWS-BHO-030,Bhopal,BHO,center
2025-03-24 18:00:00,30.8,956.8,15,AWS-BHO-030,Bhopal,BHO,center
2025-03-24 19:00:00,29.5,957.2,17,AWS-BHO-030,Bhopal,BHO,center
2025-03-24 20:00:00,28.2,957.6,19,AWS-BHO-030,Bhopal,BHO,center
2025-03-24 21:00:00,27.5,957.8,18,AWS-BHO-030,Bhopal,BHO,center
2025-03-24 22:00:00,26.5,957.8,19,AWS-BHO-030,Bhopal,BHO,center
2025-03-24 23:00:00,25.1,957.4,20,AWS-BHO-030,Bhopal,BHO,center
2025-03-25 00:00:00,23.5,956.7,24,AWS-BHO-030,Bhopal,BHO,center
2025-03-25 01:00:00,22.2,955.9,27,AWS-BHO-030,Bhopal,BHO,center
2025-03-25 02:00:00,21.2,955.1,36,AWS-BHO-030,Bhopal,BHO,center
2025-03-25 03:00:00,21.0,954.9,35,AWS-BHO-030,Bhopal,BHO,center
2025-03-25 04:00:00,21.0,954.8,35,AWS-BHO-030,Bhopal,BHO,center
2025-03-25 05:00:00,20.6,954.7,34,AWS-BHO-030,Bhopal,BHO,center
2025-03-25 06:00:00,21.2,955.9,34,AWS-BHO-030,Bhopal,BHO,center
2025-03-25 07:00:00,22.6,956.8,33,AWS-BHO-030,Bhopal,BHO,center
2025-03-25 08:00:00,25.7,957.8,29,AWS-BHO-030,Bhopal,BHO,center
2025-03-25 09:00:00,29.3,958.5,23,AWS-BHO-030,Bhopal,BHO,center
2025-03-25 10:00:00,32.3,958.5,16,AWS-BHO-030,Bhopal,BHO,center
2025-03-25 11:00:00,34.1,957.8,13,AWS-BHO-030,Bhopal,BHO,center
2025-03-25 12:00:00,35.3,956.9,12,AWS-BHO-030,Bhopal,BHO,center
2025-03-25 13:00:00,35.9,955.5,11,AWS-BHO-030,Bhopal,BHO,center
2025-03-25 14:00:00,36.1,954.4,11,AWS-BHO-030,Bhopal,BHO,center
2025-03-25 15:00:00,36.0,953.5,11,AWS-BHO-030,Bhopal,BHO,center
2025-03-25 16:00:00,35.4,953.1,12,AWS-BHO-030,Bhopal,BHO,center
2025-03-25 17:00:00,34.4,952.9,12,AWS-BHO-030,Bhopal,BHO,center
2025-03-25 18:00:00,32.0,953.1,14,AWS-BHO-030,Bhopal,BHO,center
2025-03-25 19:00:00,30.5,953.1,28,AWS-BHO-030,Bhopal,BHO,center
2025-03-25 20:00:00,28.8,953.8,20,AWS-BHO-030,Bhopal,BHO,center
2025-03-25 21:00:00,28.0,954.2,22,AWS-BHO-030,Bhopal,BHO,center
2025-03-25 22:00:00,27.4,954.1,20,AWS-BHO-030,Bhopal,BHO,center
2025-03-25 23:00:00,25.8,953.3,25,AWS-BHO-030,Bhopal,BHO,center
2025-03-26 00:00:00,25.3,952.5,30,AWS-BHO-030,Bhopal,BHO,center
2025-03-26 01:00:00,24.3,952.2,26,AWS-BHO-030,Bhopal,BHO,center
2025-03-26 02:00:00,24.1,951.7,26,AWS-BHO-030,Bhopal,BHO,center
2025-03-26 03:00:00,23.8,951.2,28,AWS-BHO-030,Bhopal,BHO,center
2025-03-26 04:00:00,22.6,951.0,34,AWS-BHO-030,Bhopal,BHO,center
2025-03-26 05:00:00,22.4,951.9,41,AWS-BHO-030,Bhopal,BHO,center
2025-03-26 06:00:00,22.1,952.6,39,AWS-BHO-030,Bhopal,BHO,center
2025-03-26 07:00:00,24.2,953.8,31,AWS-BHO-030,Bhopal,BHO,center
2025-03-26 08:00:00,27.5,955.1,26,AWS-BHO-030,Bhopal,BHO,center
2025-03-26 09:00:00,31.6,956.0,20,AWS-BHO-030,Bhopal,BHO,center
2025-03-26 10:00:00,34.4,956.0,14,AWS-BHO-030,Bhopal,BHO,center
2025-03-26 11:00:00,35.6,955.7,12,AWS-BHO-030,Bhopal,BHO,center
2025-03-26 12:00:00,36.6,954.9,11,AWS-BHO-030,Bhopal,BHO,center
2025-03-26 13:00:00,37.2,953.8,10,AWS-BHO-030,Bhopal,BHO,center
2025-03-26 14:00:00,37.6,952.6,10,AWS-BHO-030,Bhopal,BHO,center
2025-03-26 15:00:00,37.9,951.8,10,AWS-BHO-030,Bhopal,BHO,center
2025-03-26 16:00:00,37.6,951.4,9,AWS-BHO-030,Bhopal,BHO,center
2025-03-26 17:00:00,36.6,951.5,9,AWS-BHO-030,Bhopal,BHO,center
2025-03-26 18:00:00,33.0,951.5,20,AWS-BHO-030,Bhopal,BHO,center
2025-03-26 19:00:00,31.3,951.9,18,AWS-BHO-030,Bhopal,BHO,center
2025-03-26 20:00:00,30.0,952.5,18,AWS-BHO-030,Bhopal,BHO,center
2025-03-26 21:00:00,30.1,953.1,16,AWS-BHO-030,Bhopal,BHO,center
2025-03-26 22:00:00,29.2,953.1,17,AWS-BHO-030,Bhopal,BHO,center
2025-03-26 23:00:00,28.6,953.0,19,AWS-BHO-030,Bhopal,BHO,center
2025-03-27 00:00:00,28.7,952.8,19,AWS-BHO-030,Bhopal,BHO,center
2025-03-27 01:00:00,28.1,952.3,20,AWS-BHO-030,Bhopal,BHO,center
2025-03-27 02:00:00,26.9,951.6,22,AWS-BHO-030,Bhopal,BHO,center
2025-03-27 03:00:00,26.4,951.6,22,AWS-BHO-030,Bhopal,BHO,center
2025-03-27 04:00:00,25.8,951.7,22,AWS-BHO-030,Bhopal,BHO,center
2025-03-27 05:00:00,25.6,952.2,23,AWS-BHO-030,Bhopal,BHO,center
2025-03-27 06:00:00,25.4,953.1,27,AWS-BHO-030,Bhopal,BHO,center
2025-03-27 07:00:00,26.6,953.9,27,AWS-BHO-030,Bhopal,BHO,center
2025-03-27 08:00:00,29.4,955.1,25,AWS-BHO-030,Bhopal,BHO,center
2025-03-27 09:00:00,32.7,955.7,21,AWS-BHO-030,Bhopal,BHO,center
2025-03-27 10:00:00,35.1,955.9,17,AWS-BHO-030,Bhopal,BHO,center
2025-03-27 11:00:00,36.7,955.3,14,AWS-BHO-030,Bhopal,BHO,center
2025-03-27 12:00:00,37.8,954.4,12,AWS-BHO-030,Bhopal,BHO,center
2025-03-27 13:00:00,38.3,953.6,12,AWS-BHO-030,Bhopal,BHO,center
2025-03-27 14:00:00,38.3,952.4,12,AWS-BHO-030,Bhopal,BHO,center
2025-03-27 15:00:00,38.4,951.8,12,AWS-BHO-030,Bhopal,BHO,center
2025-03-27 16:00:00,38.3,951.1,11,AWS-BHO-030,Bhopal,BHO,center
2025-03-27 17:00:00,37.0,951.0,13,AWS-BHO-030,Bhopal,BHO,center
2025-03-27 18:00:00,34.7,951.0,12,AWS-BHO-030,Bhopal,BHO,center
2025-03-27 19:00:00,32.4,951.3,21,AWS-BHO-030,Bhopal,BHO,center
2025-03-27 20:00:00,30.7,952.3,19,AWS-BHO-030,Bhopal,BHO,center
2025-03-27 21:00:00,29.7,953.2,20,AWS-BHO-030,Bhopal,BHO,center
2025-03-27 22:00:00,29.3,953.4,24,AWS-BHO-030,Bhopal,BHO,center
2025-03-27 23:00:00,28.2,953.1,25,AWS-BHO-030,Bhopal,BHO,center
2025-03-28 00:00:00,27.4,952.9,26,AWS-BHO-030,Bhopal,BHO,center
2025-03-28 01:00:00,27.1,952.7,27,AWS-BHO-030,Bhopal,BHO,center
2025-03-28 02:00:00,26.7,952.3,31,AWS-BHO-030,Bhopal,BHO,center
2025-03-28 03:00:00,26.2,952.3,35,AWS-BHO-030,Bhopal,BHO,center
2025-03-28 04:00:00,25.8,952.7,36,AWS-BHO-030,Bhopal,BHO,center
2025-03-28 05:00:00,25.1,953.3,36,AWS-BHO-030,Bhopal,BHO,center
2025-03-28 06:00:00,24.9,954.1,39,AWS-BHO-030,Bhopal,BHO,center
2025-03-28 07:00:00,25.8,955.1,36,AWS-BHO-030,Bhopal,BHO,center
2025-03-28 08:00:00,28.0,956.5,28,AWS-BHO-030,Bhopal,BHO,center
2025-03-28 09:00:00,30.0,957.0,21,AWS-BHO-030,Bhopal,BHO,center
2025-03-28 10:00:00,31.9,957.3,16,AWS-BHO-030,Bhopal,BHO,center
2025-03-28 11:00:00,33.4,956.8,14,AWS-BHO-030,Bhopal,BHO,center
2025-03-28 12:00:00,34.6,956.3,14,AWS-BHO-030,Bhopal,BHO,center
2025-03-28 13:00:00,35.4,955.1,14,AWS-BHO-030,Bhopal,BHO,center
2025-03-28 14:00:00,35.9,953.8,14,AWS-BHO-030,Bhopal,BHO,center
2025-03-28 15:00:00,35.9,953.0,14,AWS-BHO-030,Bhopal,BHO,center
2025-03-28 16:00:00,35.3,952.8,14,AWS-BHO-030,Bhopal,BHO,center
2025-03-28 17:00:00,34.3,952.9,15,AWS-BHO-030,Bhopal,BHO,center
2025-03-28 18:00:00,32.4,953.2,17,AWS-BHO-030,Bhopal,BHO,center
2025-03-28 19:00:00,30.9,953.5,17,AWS-BHO-030,Bhopal,BHO,center
2025-03-28 20:00:00,29.8,954.4,18,AWS-BHO-030,Bhopal,BHO,center
2025-03-28 21:00:00,28.4,954.9,18,AWS-BHO-030,Bhopal,BHO,center
2025-03-28 22:00:00,27.0,955.3,15,AWS-BHO-030,Bhopal,BHO,center
2025-03-28 23:00:00,25.8,955.0,13,AWS-BHO-030,Bhopal,BHO,center
2025-03-29 00:00:00,24.9,954.5,12,AWS-BHO-030,Bhopal,BHO,center
2025-03-29 01:00:00,23.8,954.1,12,AWS-BHO-030,Bhopal,BHO,center
2025-03-29 02:00:00,22.9,953.4,13,AWS-BHO-030,Bhopal,BHO,center
2025-03-29 03:00:00,22.2,952.9,13,AWS-BHO-030,Bhopal,BHO,center
2025-03-29 04:00:00,21.5,953.0,14,AWS-BHO-030,Bhopal,BHO,center
2025-03-29 05:00:00,20.9,953.5,15,AWS-BHO-030,Bhopal,BHO,center
2025-03-29 06:00:00,20.3,954.3,17,AWS-BHO-030,Bhopal,BHO,center
2025-03-29 07:00:00,21.5,955.4,18,AWS-BHO-030,Bhopal,BHO,center
2025-03-29 08:00:00,23.6,956.8,15,AWS-BHO-030,Bhopal,BHO,center
2025-03-29 09:00:00,26.0,957.5,15,AWS-BHO-030,Bhopal,BHO,center
2025-03-29 10:00:00,28.4,957.7,13,AWS-BHO-030,Bhopal,BHO,center
2025-03-29 11:00:00,30.3,957.2,11,AWS-BHO-030,Bhopal,BHO,center
2025-03-29 12:00:00,31.9,956.5,10,AWS-BHO-030,Bhopal,BHO,center
2025-03-29 13:00:00,33.0,955.4,9,AWS-BHO-030,Bhopal,BHO,center
2025-03-29 14:00:00,33.8,954.5,9,AWS-BHO-030,Bhopal,BHO,center
2025-03-29 15:00:00,34.2,953.6,9,AWS-BHO-030,Bhopal,BHO,center
2025-03-29 16:00:00,34.4,953.3,8,AWS-BHO-030,Bhopal,BHO,center
2025-03-29 17:00:00,33.6,953.2,8,AWS-BHO-030,Bhopal,BHO,center
2025-03-29 18:00:00,31.2,953.7,9,AWS-BHO-030,Bhopal,BHO,center
2025-03-29 19:00:00,29.3,954.2,9,AWS-BHO-030,Bhopal,BHO,center
2025-03-29 20:00:00,27.7,954.7,9,AWS-BHO-030,Bhopal,BHO,center
2025-03-29 21:00:00,26.4,955.4,9,AWS-BHO-030,Bhopal,BHO,center
2025-03-29 22:00:00,25.5,955.5,9,AWS-BHO-030,Bhopal,BHO,center
2025-03-29 23:00:00,24.5,955.1,10,AWS-BHO-030,Bhopal,BHO,center
2025-03-30 00:00:00,23.3,954.6,11,AWS-BHO-030,Bhopal,BHO,center
2025-03-30 01:00:00,22.3,953.8,13,AWS-BHO-030,Bhopal,BHO,center
2025-03-30 02:00:00,21.4,953.2,15,AWS-BHO-030,Bhopal,BHO,center
2025-03-30 03:00:00,20.5,952.9,17,AWS-BHO-030,Bhopal,BHO,center
2025-03-30 04:00:00,19.9,953.0,18,AWS-BHO-030,Bhopal,BHO,center
2025-03-30 05:00:00,19.6,953.5,17,AWS-BHO-030,Bhopal,BHO,center
2025-03-30 06:00:00,19.6,954.6,19,AWS-BHO-030,Bhopal,BHO,center
2025-03-30 07:00:00,20.9,955.8,20,AWS-BHO-030,Bhopal,BHO,center
2025-03-30 08:00:00,23.8,957.4,18,AWS-BHO-030,Bhopal,BHO,center
2025-03-30 09:00:00,27.0,958.2,16,AWS-BHO-030,Bhopal,BHO,center
2025-03-30 10:00:00,29.7,958.6,13,AWS-BHO-030,Bhopal,BHO,center
2025-03-30 11:00:00,31.8,958.2,11,AWS-BHO-030,Bhopal,BHO,center
2025-03-30 12:00:00,33.5,957.5,9,AWS-BHO-030,Bhopal,BHO,center
2025-03-30 13:00:00,34.6,956.4,9,AWS-BHO-030,Bhopal,BHO,center
2025-03-30 14:00:00,35.1,955.3,9,AWS-BHO-030,Bhopal,BHO,center
2025-03-30 15:00:00,35.1,954.7,9,AWS-BHO-030,Bhopal,BHO,center
2025-03-30 16:00:00,34.9,954.3,9,AWS-BHO-030,Bhopal,BHO,center
2025-03-30 17:00:00,34.2,954.1,9,AWS-BHO-030,Bhopal,BHO,center
2025-03-30 18:00:00,32.0,954.3,12,AWS-BHO-030,Bhopal,BHO,center
2025-03-30 19:00:00,30.5,954.6,13,AWS-BHO-030,Bhopal,BHO,center
2025-03-30 20:00:00,29.9,955.2,14,AWS-BHO-030,Bhopal,BHO,center
2025-03-30 21:00:00,28.9,955.8,15,AWS-BHO-030,Bhopal,BHO,center
2025-03-30 22:00:00,27.5,955.9,16,AWS-BHO-030,Bhopal,BHO,center
2025-03-30 23:00:00,26.2,955.5,18,AWS-BHO-030,Bhopal,BHO,center
2025-03-31 00:00:00,24.6,955.2,20,AWS-BHO-030,Bhopal,BHO,center
2025-03-31 01:00:00,23.5,954.6,22,AWS-BHO-030,Bhopal,BHO,center
2025-03-31 02:00:00,22.9,953.7,23,AWS-BHO-030,Bhopal,BHO,center
2025-03-31 03:00:00,22.5,953.8,24,AWS-BHO-030,Bhopal,BHO,center
2025-03-31 04:00:00,22.0,953.8,25,AWS-BHO-030,Bhopal,BHO,center
2025-03-31 05:00:00,21.6,954.2,27,AWS-BHO-030,Bhopal,BHO,center
2025-03-31 06:00:00,21.8,955.2,29,AWS-BHO-030,Bhopal,BHO,center
2025-03-31 07:00:00,22.9,956.2,29,AWS-BHO-030,Bhopal,BHO,center
2025-03-31 08:00:00,25.5,957.5,24,AWS-BHO-030,Bhopal,BHO,center
2025-03-31 09:00:00,28.2,958.1,20,AWS-BHO-030,Bhopal,BHO,center
2025-03-31 10:00:00,31.4,958.3,14,AWS-BHO-030,Bhopal,BHO,center
2025-03-31 11:00:00,33.7,957.8,12,AWS-BHO-030,Bhopal,BHO,center
2025-03-31 12:00:00,35.4,957.2,11,AWS-BHO-030,Bhopal,BHO,center
2025-03-31 13:00:00,36.4,955.8,10,AWS-BHO-030,Bhopal,BHO,center
2025-03-31 14:00:00,36.8,954.8,10,AWS-BHO-030,Bhopal,BHO,center
2025-03-31 15:00:00,36.8,953.9,10,AWS-BHO-030,Bhopal,BHO,center
2025-03-31 16:00:00,36.3,953.6,11,AWS-BHO-030,Bhopal,BHO,center
2025-03-31 17:00:00,35.4,953.2,12,AWS-BHO-030,Bhopal,BHO,center
2025-03-31 18:00:00,32.9,953.5,14,AWS-BHO-030,Bhopal,BHO,center
2025-03-31 19:00:00,31.5,953.8,14,AWS-BHO-030,Bhopal,BHO,center
2025-03-31 20:00:00,30.7,954.4,14,AWS-BHO-030,Bhopal,BHO,center
2025-03-31 21:00:00,29.5,954.7,15,AWS-BHO-030,Bhopal,BHO,center
2025-03-31 22:00:00,27.9,955.1,17,AWS-BHO-030,Bhopal,BHO,center
2025-03-31 23:00:00,26.4,954.5,19,AWS-BHO-030,Bhopal,BHO,center
