timestamp,temperature_c,pressure_hpa,humidity_pct,station_id,station_name,cluster_id,role,is_anomaly,fault_type
2025-01-01 00:00:00,11.3,977.1,94,AWS-RAN-102,Ramgarh,RAN,neighbor,False,
2025-01-01 01:00:00,10.9,976.7,95,AWS-RAN-102,Ramgarh,RAN,neighbor,False,
2025-01-01 02:00:00,10.5,976.0,96,AWS-RAN-102,Ramgarh,RAN,neighbor,False,
2025-01-01 03:00:00,10.3,975.5,96,AWS-RAN-102,Ramgarh,RAN,neighbor,False,
2025-01-01 04:00:00,10.2,975.9,97,AWS-RAN-102,Ramgarh,RAN,neighbor,False,
2025-01-01 05:00:00,10.0,976.2,97,AWS-RAN-102,Ramgarh,RAN,neighbor,False,
2025-01-01 06:00:00,11.5,977.5,93,AWS-RAN-102,Ramgarh,RAN,neighbor,False,
2025-01-01 07:00:00,12.3,978.0,86,AWS-RAN-102,Ramgarh,RAN,neighbor,False,
2025-01-01 08:00:00,13.3,978.7,79,AWS-RAN-102,Ramgarh,RAN,neighbor,False,
2025-01-01 09:00:00,15.1,979.0,69,AWS-RAN-102,Ramgarh,RAN,neighbor,False,
2025-01-01 10:00:00,16.9,978.4,61,AWS-RAN-102,Ramgarh,RAN,neighbor,False,
2025-01-01 11:00:00,18.7,977.6,54,AWS-RAN-102,Ramgarh,RAN,neighbor,False,
2025-01-01 12:00:00,20.3,976.5,48,AWS-RAN-102,Ramgarh,RAN,neighbor,False,
2025-01-01 13:00:00,21.3,975.2,45,AWS-RAN-102,Ramgarh,RAN,neighbor,False,
2025-01-01 14:00:00,21.7,974.4,43,AWS-RAN-102,Ramgarh,RAN,neighbor,False,
2025-01-01 15:00:00,21.4,974.1,44,AWS-RAN-102,Ramgarh,RAN,neighbor,False,
2025-01-01 16:00:00,20.0,974.2,50,AWS-RAN-102,Ramgarh,RAN,neighbor,False,
2025-01-01 17:00:00,17.4,974.2,59,AWS-RAN-102,Ramgarh,RAN,neighbor,False,
2025-01-01 18:00:00,15.5,975.4,71,AWS-RAN-102,Ramgarh,RAN,neighbor,False,
2025-01-01 19:00:00,14.0,976.0,79,AWS-RAN-102,Ramgarh,RAN,neighbor,False,
2025-01-01 20:00:00,12.8,976.4,86,AWS-RAN-102,Ramgarh,RAN,neighbor,False,
2025-01-01 21:00:00,11.8,976.6,91,AWS-RAN-102,Ramgarh,RAN,neighbor,False,
2025-01-01 22:00:00,11.1,977.0,93,AWS-RAN-102,Ramgarh,RAN,neighbor,False,
2025-01-01 23:00:00,10.5,976.9,94,AWS-RAN-102,Ramgarh,RAN,neighbor,False,
2025-01-02 00:00:00,10.0,976.5,94,AWS-RAN-102,Ramgarh,RAN,neighbor,False,
2025-01-02 01:00:00,9.5,975.9,95,AWS-RAN-102,Ramgarh,RAN,neighbor,False,
2025-01-02 02:00:00,9.0,975.1,96,AWS-RAN-102,Ramgarh,RAN,neighbor,False,
2025-01-02 03:00:00,8.6,974.6,97,AWS-RAN-102,Ramgarh,RAN,neighbor,False,
2025-01-02 04:00:00,8.4,974.9,97,AWS-RAN-102,Ramgarh,RAN,neighbor,False,
2025-01-02 05:00:00,8.4,975.3,96,AWS-RAN-102,Ramgarh,RAN,neighbor,False,
2025-01-02 06:00:00,8.6,977.1,96,AWS-RAN-102,Ramgarh,RAN,neighbor,False,
2025-01-02 07:00:00,9.7,977.7,92,AWS-RAN-102,Ramgarh,RAN,neighbor,False,
2025-01-02 08:00:00,12.3,978.4,78,AWS-RAN-102,Ramgarh,RAN,neighbor,False,
2025-01-02 09:00:00,14.9,978.7,65,AWS-RAN-102,Ramgarh,RAN,neighbor,False,
2025-01-02 10:00:00,17.3,978.4,54,AWS-RAN-102,Ramgarh,RAN,neighbor,False,
2025-01-02 11:00:00,19.0,977.7,48,AWS-RAN-102,Ramgarh,RAN,neighbor,False,
2025-01-02 12:00:00,20.2,976.4,45,AWS-RAN-102,Ramgarh,RAN,neighbor,False,
2025-01-02 13:00:00,21.0,975.5,44,AWS-RAN-102,Ramgarh,RAN,neighbor,False,
2025-01-02 14:00:00,21.2,975.1,43,AWS-RAN-102,Ramgarh,RAN,neighbor,False,
2025-01-02 15:00:00,20.7,974.6,45,AWS-RAN-102,Ramgarh,RAN,neighbor,False,
2025-01-02 16:00:00,19.3,974.7,52,AWS-RAN-102,Ramgarh,RAN,neighbor,False,
2025-01-02 17:00:00,16.2,974.7,64,AWS-RAN-102,Ramgarh,RAN,neighbor,False,
2025-01-02 18:00:00,15.1,975.7,72,AWS-RAN-102,Ramgarh,RAN,neighbor,False,
2025-01-02 19:00:00,13.9,976.5,78,AWS-RAN-102,Ramgarh,RAN,neighbor,False,
2025-01-02 20:00:00,13.0,977.0,82,AWS-RAN-102,Ramgarh,RAN,neighbor,False,
2025-01-02 21:00:00,12.3,977.3,86,AWS-RAN-102,Ramgarh,RAN,neighbor,False,
2025-01-02 22:00:00,11.7,977.4,88,AWS-RAN-102,Ramgarh,RAN,neighbor,False,
2025-01-02 23:00:00,11.2,977.1,90,AWS-RAN-102,Ramgarh,RAN,neighbor,False,
2025-01-03 00:00:00,10.7,976.7,92,AWS-RAN-102,Ramgarh,RAN,neighbor,False,
2025-01-03 01:00:00,10.2,976.4,94,AWS-RAN-102,Ramgarh,RAN,neighbor,False,
2025-01-03 02:00:00,9.8,975.8,95,AWS-RAN-102,Ramgarh,RAN,neighbor,False,
2025-01-03 03:00:00,9.4,975.4,96,AWS-RAN-102,Ramgarh,RAN,neighbor,False,
2025-01-03 04:00:00,9.2,975.5,96,AWS-RAN-102,Ramgarh,RAN,neighbor,False,
2025-01-03 05:00:00,9.1,975.9,96,AWS-RAN-102,Ramgarh,RAN,neighbor,False,
2025-01-03 06:00:00,9.2,977.1,96,AWS-RAN-102,Ramgarh,RAN,neighbor,False,
2025-01-03 07:00:00,10.3,977.6,93,AWS-RAN-102,Ramgarh,RAN,neighbor,False,
2025-01-03 08:00:00,12.9,978.6,81,AWS-RAN-102,Ramgarh,RAN,neighbor,False,
2025-01-03 09:00:00,15.5,978.8,70,AWS-RAN-102,Ramgarh,RAN,neighbor,False,
2025-01-03 10:00:00,18.0,978.3,63,AWS-RAN-102,Ramgarh,RAN,neighbor,False,
2025-01-03 11:00:00,20.0,977.6,56,AWS-RAN-102,Ramgarh,RAN,neighbor,False,
2025-01-03 12:00:00,21.4,976.4,50,AWS-RAN-102,Ramgarh,RAN,neighbor,False,
2025-01-03 13:00:00,22.1,975.2,47,AWS-RAN-102,Ramgarh,RAN,neighbor,False,
2025-01-03 14:00:00,22.4,974.6,46,AWS-RAN-102,Ramgarh,RAN,neighbor,False,
2025-01-03 15:00:00,22.1,974.4,46,AWS-RAN-102,Ramgarh,RAN,neighbor,False,
2025-01-03 16:00:00,21.0,974.4,59,AWS-RAN-102,Ramgarh,RAN,neighbor,False,
2025-01-03 17:00:00,18.4,974.3,60,AWS-RAN-102,Ramgarh,RAN,neighbor,False,
2025-01-03 18:00:00,15.7,975.1,75,AWS-RAN-102,Ramgarh,RAN,neighbor,False,
2025-01-03 19:00:00,14.1,975.7,82,AWS-RAN-102,Ramgarh,RAN,neighbor,False,
2025-01-03 20:00:00,13.0,976.1,86,AWS-RAN-102,Ramgarh,RAN,neighbor,False,
2025-01-03 21:00:00,12.3,976.3,90,AWS-RAN-102,Ramgarh,RAN,neighbor,False,
2025-01-03 22:00:00,11.7,975.9,93,AWS-RAN-102,Ramgarh,RAN,neighbor,False,
2025-01-03 23:00:00,11.2,975.6,96,AWS-RAN-102,Ramgarh,RAN,neighbor,False,
2025-01-04 00:00:00,10.6,975.1,97,AWS-RAN-102,Ramgarh,RAN,neighbor,False,
2025-01-04 01:00:00,10.3,974.6,97,AWS-RAN-102,Ramgarh,RAN,neighbor,False,
2025-01-04 02:00:00,10.0,974.1,98,AWS-RAN-102,Ramgarh,RAN,neighbor,False,
2025-01-04 03:00:00,9.8,973.9,98,AWS-RAN-102,Ramgarh,RAN,neighbor,False,
2025-01-04 04:00:00,9.6,974.1,98,AWS-RAN-102,Ramgarh,RAN,neighbor,False,
2025-01-04 05:00:00,9.4,974.5,98,AWS-RAN-102,Ramgarh,RAN,neighbor,False,
2025-01-04 06:00:00,9.4,975.4,99,AWS-RAN-102,Ramgarh,RAN,neighbor,False,
2025-01-04 07:00:00,10.4,976.4,96,AWS-RAN-102,Ramgarh,RAN,neighbor,False,
2025-01-04 08:00:00,12.8,977.9,86,AWS-RAN-102,Ramgarh,RAN,neighbor,False,
2025-01-04 09:00:00,15.9,978.3,73,AWS-RAN-102,Ramgarh,RAN,neighbor,False,
2025-01-04 10:00:00,18.4,977.8,62,AWS-RAN-102,Ramgarh,RAN,neighbor,False,
2025-01-04 11:00:00,20.2,976.9,55,AWS-RAN-102,Ramgarh,RAN,neighbor,False,
2025-01-04 12:00:00,21.3,975.8,51,AWS-RAN-102,Ramgarh,RAN,neighbor,False,
2025-01-04 13:00:00,21.9,974.4,49,AWS-RAN-102,Ramgarh,RAN,neighbor,False,
2025-01-04 14:00:00,22.3,973.7,48,AWS-RAN-102,Ramgarh,RAN,neighbor,False,
2025-01-04 15:00:00,22.2,973.2,48,AWS-RAN-102,Ramgarh,RAN,neighbor,False,
2025-01-04 16:00:00,20.9,973.1,61,AWS-RAN-102,Ramgarh,RAN,neighbor,False,
2025-01-04 17:00:00,18.0,973.2,62,AWS-RAN-102,Ramgarh,RAN,neighbor,False,
2025-01-04 18:00:00,17.7,974.1,63,AWS-RAN-102,Ramgarh,RAN,neighbor,False,
2025-01-04 19:00:00,15.3,974.8,79,AWS-RAN-102,Ramgarh,RAN,neighbor,False,
2025-01-04 20:00:00,14.1,975.6,88,AWS-RAN-102,Ramgarh,RAN,neighbor,False,
2025-01-04 21:00:00,13.5,976.1,91,AWS-RAN-102,Ramgarh,RAN,neighbor,False,
2025-01-04 22:00:00,13.1,976.1,93,AWS-RAN-102,Ramgarh,RAN,neighbor,False,
2025-01-04 23:00:00,12.4,975.7,95,AWS-RAN-102,Ramgarh,RAN,neighbor,False,
2025-01-05 00:00:00,11.8,975.3,97,AWS-RAN-102,Ramgarh,RAN,neighbor,False,
2025-01-05 01:00:00,11.2,974.7,99,AWS-RAN-102,Ramgarh,RAN,neighbor,False,
2025-01-05 02:00:00,10.8,974.3,99,AWS-RAN-102,Ramgarh,RAN,neighbor,False,
2025-01-05 03:00:00,10.6,974.3,99,AWS-RAN-102,Ramgarh,RAN,neighbor,False,
2025-01-05 04:00:00,10.5,974.2,99,AWS-RAN-102,Ramgarh,RAN,neighbor,False,
2025-01-05 05:00:00,10.3,974.7,99,AWS-RAN-102,Ramgarh,RAN,neighbor,False,
2025-01-05 06:00:00,10.3,975.6,100,AWS-RAN-102,Ramgarh,RAN,neighbor,False,
2025-01-05 07:00:00,11.0,976.6,97,AWS-RAN-102,Ramgarh,RAN,neighbor,False,
2025-01-05 08:00:00,12.3,978.0,95,AWS-RAN-102,Ramgarh,RAN,neighbor,False,
2025-01-05 09:00:00,15.6,978.7,82,AWS-RAN-102,Ramgarh,RAN,neighbor,False,
2025-01-05 10:00:00,19.1,978.3,67,AWS-RAN-102,Ramgarh,RAN,neighbor,False,
2025-01-05 11:00:00,21.3,977.5,59,AWS-RAN-102,Ramgarh,RAN,neighbor,False,
2025-01-05 12:00:00,22.3,976.2,55,AWS-RAN-102,Ramgarh,RAN,neighbor,False,
2025-01-05 13:00:00,22.8,975.2,53,AWS-RAN-102,Ramgarh,RAN,neighbor,False,
2025-01-05 14:00:00,23.0,974.6,51,AWS-RAN-102,Ramgarh,RAN,neighbor,False,
2025-01-05 15:00:00,22.6,974.0,50,AWS-RAN-102,Ramgarh,RAN,neighbor,False,
2025-01-05 16:00:00,21.3,974.0,57,AWS-RAN-102,Ramgarh,RAN,neighbor,False,
2025-01-05 17:00:00,18.3,974.1,70,AWS-RAN-102,Ramgarh,RAN,neighbor,False,
2025-01-05 18:00:00,17.8,974.9,72,AWS-RAN-102,Ramgarh,RAN,neighbor,False,
2025-01-05 19:00:00,17.5,975.3,73,AWS-RAN-102,Ramgarh,RAN,neighbor,False,
2025-01-05 20:00:00,16.9,975.6,76,AWS-RAN-102,Ramgarh,RAN,neighbor,False,
2025-01-05 21:00:00,16.2,976.0,77,AWS-RAN-102,Ramgarh,RAN,neighbor,False,
2025-01-05 22:00:00,15.0,975.7,83,AWS-RAN-102,Ramgarh,RAN,neighbor,False,
2025-01-05 23:00:00,13.9,975.3,88,AWS-RAN-102,Ramgarh,RAN,neighbor,False,
2025-01-06 00:00:00,13.4,974.8,89,AWS-RAN-102,Ramgarh,RAN,neighbor,False,
2025-01-06 01:00:00,12.8,974.5,92,AWS-RAN-102,Ramgarh,RAN,neighbor,False,
2025-01-06 02:00:00,12.6,973.7,93,AWS-RAN-102,Ramgarh,RAN,neighbor,False,
2025-01-06 03:00:00,12.4,973.4,94,AWS-RAN-102,Ramgarh,RAN,neighbor,False,
2025-01-06 04:00:00,12.3,973.3,95,AWS-RAN-102,Ramgarh,RAN,neighbor,False,
2025-01-06 05:00:00,11.9,973.7,96,AWS-RAN-102,Ramgarh,RAN,neighbor,False,
2025-01-06 06:00:00,11.5,974.3,96,AWS-RAN-102,Ramgarh,RAN,neighbor,False,
2025-01-06 07:00:00,12.8,975.7,93,AWS-RAN-102,Ramgarh,RAN,neighbor,False,
2025-01-06 08:00:00,15.8,977.0,83,AWS-RAN-102,Ramgarh,RAN,neighbor,False,
2025-01-06 09:00:00,18.6,977.7,75,AWS-RAN-102,Ramgarh,RAN,neighbor,False,
2025-01-06 10:00:00,20.8,977.3,68,AWS-RAN-102,Ramgarh,RAN,neighbor,False,
2025-01-06 11:00:00,22.0,976.4,60,AWS-RAN-102,Ramgarh,RAN,neighbor,False,
2025-01-06 12:00:00,22.9,975.2,53,AWS-RAN-102,Ramgarh,RAN,neighbor,False,
2025-01-06 13:00:00,23.5,973.9,48,AWS-RAN-102,Ramgarh,RAN,neighbor,False,
2025-01-06 14:00:00,23.6,973.1,46,AWS-RAN-102,Ramgarh,RAN,neighbor,False,
2025-01-06 15:00:00,23.3,972.8,45,AWS-RAN-102,Ramgarh,RAN,neighbor,False,
2025-01-06 16:00:00,22.4,972.8,58,AWS-RAN-102,Ramgarh,RAN,neighbor,False,
2025-01-06 17:00:00,20.1,972.6,57,AWS-RAN-102,Ramgarh,RAN,neighbor,False,
2025-01-06 18:00:00,19.0,972.6,56,AWS-RAN-102,Ramgarh,RAN,neighbor,False,
2025-01-06 19:00:00,18.0,973.2,61,AWS-RAN-102,Ramgarh,RAN,neighbor,False,
2025-01-06 20:00:00,17.0,973.6,65,AWS-RAN-102,Ramgarh,RAN,neighbor,False,
2025-01-06 21:00:00,15.1,973.9,78,AWS-RAN-102,Ramgarh,RAN,neighbor,False,
2025-01-06 22:00:00,14.2,974.0,83,AWS-RAN-102,Ramgarh,RAN,neighbor,False,
2025-01-06 23:00:00,13.7,973.5,83,AWS-RAN-102,Ramgarh,RAN,neighbor,False,
2025-01-07 00:00:00,12.7,973.2,88,AWS-RAN-102,Ramgarh,RAN,neighbor,False,
2025-01-07 01:00:00,12.1,973.0,92,AWS-RAN-102,Ramgarh,RAN,neighbor,False,
2025-01-07 02:00:00,12.1,972.9,91,AWS-RAN-102,Ramgarh,RAN,neighbor,False,
2025-01-07 03:00:00,12.2,972.8,92,AWS-RAN-102,Ramgarh,RAN,neighbor,False,
2025-01-07 04:00:00,12.0,972.9,95,AWS-RAN-102,Ramgarh,RAN,neighbor,False,
2025-01-07 05:00:00,12.3,973.5,96,AWS-RAN-102,Ramgarh,RAN,neighbor,False,
2025-01-07 06:00:00,12.2,974.7,93,AWS-RAN-102,Ramgarh,RAN,neighbor,False,
2025-01-07 07:00:00,13.9,975.8,90,AWS-RAN-102,Ramgarh,RAN,neighbor,False,
2025-01-07 08:00:00,16.1,976.6,82,AWS-RAN-102,Ramgarh,RAN,neighbor,False,
2025-01-07 09:00:00,18.5,976.8,75,AWS-RAN-102,Ramgarh,RAN,neighbor,False,
2025-01-07 10:00:00,20.5,976.4,68,AWS-RAN-102,Ramgarh,RAN,neighbor,False,
2025-01-07 11:00:00,21.8,975.4,60,AWS-RAN-102,Ramgarh,RAN,neighbor,False,
2025-01-07 12:00:00,22.4,974.2,55,AWS-RAN-102,Ramgarh,RAN,neighbor,False,
2025-01-07 13:00:00,22.9,973.2,51,AWS-RAN-102,Ramgarh,RAN,neighbor,False,
2025-01-07 14:00:00,22.8,972.4,50,AWS-RAN-102,Ramgarh,RAN,neighbor,False,
2025-01-07 15:00:00,22.2,972.2,51,AWS-RAN-102,Ramgarh,RAN,neighbor,False,
2025-01-07 16:00:00,20.8,972.3,55,AWS-RAN-102,Ramgarh,RAN,neighbor,False,
2025-01-07 17:00:00,18.4,972.4,64,AWS-RAN-102,Ramgarh,RAN,neighbor,False,
2025-01-07 18:00:00,16.4,973.1,76,AWS-RAN-102,Ramgarh,RAN,neighbor,False,
2025-01-07 19:00:00,15.4,973.7,81,AWS-RAN-102,Ramgarh,RAN,neighbor,False,
2025-01-07 20:00:00,14.6,974.3,83,AWS-RAN-102,Ramgarh,RAN,neighbor,False,
2025-01-07 21:00:00,13.7,974.8,87,AWS-RAN-102,Ramgarh,RAN,neighbor,False,
2025-01-07 22:00:00,12.9,975.0,92,AWS-RAN-102,Ramgarh,RAN,neighbor,False,
2025-01-07 23:00:00,12.3,974.7,94,AWS-RAN-102,Ramgarh,RAN,neighbor,False,
2025-01-08 00:00:00,11.7,974.2,95,AWS-RAN-102,Ramgarh,RAN,neighbor,False,
2025-01-08 01:00:00,11.3,973.7,96,AWS-RAN-102,Ramgarh,RAN,neighbor,False,
2025-01-08 02:00:00,11.0,973.1,97,AWS-RAN-102,Ramgarh,RAN,neighbor,False,
2025-01-08 03:00:00,11.0,972.8,98,AWS-RAN-102,Ramgarh,RAN,neighbor,False,
2025-01-08 04:00:00,11.2,973.2,95,AWS-RAN-102,Ramgarh,RAN,neighbor,False,
2025-01-08 05:00:00,10.7,973.7,94,AWS-RAN-102,Ramgarh,RAN,neighbor,False,
2025-01-08 06:00:00,11.3,975.0,90,AWS-RAN-102,Ramgarh,RAN,neighbor,False,
2025-01-08 07:00:00,11.8,976.2,81,AWS-RAN-102,Ramgarh,RAN,neighbor,False,
2025-01-08 08:00:00,12.9,977.1,75,AWS-RAN-102,Ramgarh,RAN,neighbor,False,
2025-01-08 09:00:00,14.7,977.6,68,AWS-RAN-102,Ramgarh,RAN,neighbor,False,
2025-01-08 10:00:00,16.5,977.3,60,AWS-RAN-102,Ramgarh,RAN,neighbor,False,
2025-01-08 11:00:00,18.3,976.6,54,AWS-RAN-102,Ramgarh,RAN,neighbor,False,
2025-01-08 12:00:00,19.9,975.7,48,AWS-RAN-102,Ramgarh,RAN,neighbor,False,
2025-01-08 13:00:00,21.0,974.6,43,AWS-RAN-102,Ramgarh,RAN,neighbor,False,
2025-01-08 14:00:00,21.5,974.0,41,AWS-RAN-102,Ramgarh,RAN,neighbor,False,
2025-01-08 15:00:00,21.3,973.7,40,AWS-RAN-102,Ramgarh,RAN,neighbor,False,
2025-01-08 16:00:00,20.0,973.7,45,AWS-RAN-102,Ramgarh,RAN,neighbor,False,
2025-01-08 17:00:00,16.8,973.7,54,AWS-RAN-102,Ramgarh,RAN,neighbor,False,
2025-01-08 18:00:00,15.6,974.8,65,AWS-RAN-102,Ramgarh,RAN,neighbor,False,
2025-01-08 19:00:00,13.8,975.6,75,AWS-RAN-102,Ramgarh,RAN,neighbor,False,
2025-01-08 20:00:00,12.1,976.3,84,AWS-RAN-102,Ramgarh,RAN,neighbor,False,
2025-01-08 21:00:00,11.1,976.7,88,AWS-RAN-102,Ramgarh,RAN,neighbor,False,
2025-01-08 22:00:00,10.5,976.9,89,AWS-RAN-102,Ramgarh,RAN,neighbor,False,
2025-01-08 23:00:00,10.0,976.7,90,AWS-RAN-102,Ramgarh,RAN,neighbor,False,
2025-01-09 00:00:00,9.2,976.2,94,AWS-RAN-102,Ramgarh,RAN,neighbor,False,
2025-01-09 01:00:00,9.0,976.0,96,AWS-RAN-102,Ramgarh,RAN,neighbor,False,
2025-01-09 02:00:00,8.6,975.8,98,AWS-RAN-102,Ramgarh,RAN,neighbor,False,
2025-01-09 03:00:00,8.3,975.7,98,AWS-RAN-102,Ramgarh,RAN,neighbor,False,
2025-01-09 04:00:00,7.9,975.9,99,AWS-RAN-102,Ramgarh,RAN,neighbor,False,
2025-01-09 05:00:00,7.6,976.5,98,AWS-RAN-102,Ramgarh,RAN,neighbor,False,
2025-01-09 06:00:00,7.8,977.5,98,AWS-RAN-102,Ramgarh,RAN,neighbor,False,
2025-01-09 07:00:00,9.3,978.7,93,AWS-RAN-102,Ramgarh,RAN,neighbor,False,
2025-01-09 08:00:00,11.8,980.0,80,AWS-RAN-102,Ramgarh,RAN,neighbor,False,
2025-01-09 09:00:00,14.3,980.4,70,AWS-RAN-102,Ramgarh,RAN,neighbor,False,
2025-01-09 10:00:00,16.6,979.9,60,AWS-RAN-102,Ramgarh,RAN,neighbor,False,
2025-01-09 11:00:00,18.4,978.8,52,AWS-RAN-102,Ramgarh,RAN,neighbor,False,
2025-01-09 12:00:00,19.7,977.5,46,AWS-RAN-102,Ramgarh,RAN,neighbor,False,
2025-01-09 13:00:00,20.8,976.5,42,AWS-RAN-102,Ramgarh,RAN,neighbor,False,
2025-01-09 14:00:00,21.3,975.9,37,AWS-RAN-102,Ramgarh,RAN,neighbor,False,
2025-01-09 15:00:00,21.1,975.4,36,AWS-RAN-102,Ramgarh,RAN,neighbor,False,
2025-01-09 16:00:00,19.7,975.5,44,AWS-RAN-102,Ramgarh,RAN,neighbor,False,
2025-01-09 17:00:00,16.2,975.3,57,AWS-RAN-102,Ramgarh,RAN,neighbor,False,
2025-01-09 18:00:00,15.5,975.9,65,AWS-RAN-102,Ramgarh,RAN,neighbor,False,
2025-01-09 19:00:00,14.0,977.0,73,AWS-RAN-102,Ramgarh,RAN,neighbor,False,
2025-01-09 20:00:00,12.0,978.1,83,AWS-RAN-102,Ramgarh,RAN,neighbor,False,
2025-01-09 21:00:00,11.1,979.1,87,AWS-RAN-102,Ramgarh,RAN,neighbor,False,
2025-01-09 22:00:00,10.5,979.3,90,AWS-RAN-102,Ramgarh,RAN,neighbor,False,
2025-01-09 23:00:00,10.1,979.2,92,AWS-RAN-102,Ramgarh,RAN,neighbor,False,
2025-01-10 00:00:00,9.4,978.8,94,AWS-RAN-102,Ramgarh,RAN,neighbor,False,
2025-01-10 01:00:00,9.2,978.4,95,AWS-RAN-102,Ramgarh,RAN,neighbor,False,
2025-01-10 02:00:00,9.0,978.3,96,AWS-RAN-102,Ramgarh,RAN,neighbor,False,
2025-01-10 03:00:00,8.8,978.1,97,AWS-RAN-102,Ramgarh,RAN,neighbor,False,
2025-01-10 04:00:00,8.5,978.2,97,AWS-RAN-102,Ramgarh,RAN,neighbor,False,
2025-01-10 05:00:00,8.3,978.6,98,AWS-RAN-102,Ramgarh,RAN,neighbor,False,
2025-01-10 06:00:00,8.3,979.5,98,AWS-RAN-102,Ramgarh,RAN,neighbor,False,
2025-01-10 07:00:00,9.2,980.4,95,AWS-RAN-102,Ramgarh,RAN,neighbor,False,
2025-01-10 08:00:00,12.2,981.3,81,AWS-RAN-102,Ramgarh,RAN,neighbor,False,
2025-01-10 09:00:00,15.4,981.8,66,AWS-RAN-102,Ramgarh,RAN,neighbor,False,
2025-01-10 10:00:00,17.8,981.2,57,AWS-RAN-102,Ramgarh,RAN,neighbor,False,
2025-01-10 11:00:00,19.6,980.3,51,AWS-RAN-102,Ramgarh,RAN,neighbor,False,
2025-01-10 12:00:00,20.9,979.0,47,AWS-RAN-102,Ramgarh,RAN,neighbor,False,
2025-01-10 13:00:00,21.9,978.1,44,AWS-RAN-102,Ramgarh,RAN,neighbor,False,
2025-01-10 14:00:00,22.5,977.6,41,AWS-RAN-102,Ramgarh,RAN,neighbor,False,
2025-01-10 15:00:00,22.4,977.4,40,AWS-RAN-102,Ramgarh,RAN,neighbor,False,
2025-01-10 16:00:00,20.8,977.2,49,AWS-RAN-102,Ramgarh,RAN,neighbor,False,
2025-01-10 17:00:00,17.4,976.9,58,AWS-RAN-102,Ramgarh,RAN,neighbor,False,
2025-01-10 18:00:00,15.6,976.8,68,AWS-RAN-102,Ramgarh,RAN,neighbor,False,
2025-01-10 19:00:00,14.0,977.5,76,AWS-RAN-102,Ramgarh,RAN,neighbor,False,
2025-01-10 20:00:00,12.9,978.2,81,AWS-RAN-102,Ramgarh,RAN,neighbor,False,
2025-01-10 21:00:00,11.7,978.6,86,AWS-RAN-102,Ramgarh,RAN,neighbor,False,
2025-01-10 22:00:00,10.9,978.7,89,AWS-RAN-102,Ramgarh,RAN,neighbor,False,
2025-01-10 23:00:00,10.2,978.4,93,AWS-RAN-102,Ramgarh,RAN,neighbor,False,
2025-01-11 00:00:00,9.6,977.8,95,AWS-RAN-102,Ramgarh,RAN,neighbor,False,
2025-01-11 01:00:00,9.2,977.8,95,AWS-RAN-102,Ramgarh,RAN,neighbor,False,
2025-01-11 02:00:00,8.9,977.6,96,AWS-RAN-102,Ramgarh,RAN,neighbor,False,
2025-01-11 03:00:00,8.5,977.4,97,AWS-RAN-102,Ramgarh,RAN,neighbor,False,
2025-01-11 04:00:00,8.2,977.3,98,AWS-RAN-102,Ramgarh,RAN,neighbor,False,
2025-01-11 05:00:00,8.0,978.1,98,AWS-RAN-102,Ramgarh,RAN,neighbor,False,
2025-01-11 06:00:00,8.3,979.1,97,AWS-RAN-102,Ramgarh,RAN,neighbor,False,
2025-01-11 07:00:00,9.7,980.0,94,AWS-RAN-102,Ramgarh,RAN,neighbor,False,
2025-01-11 08:00:00,12.7,981.3,80,AWS-RAN-102,Ramgarh,RAN,neighbor,False,
2025-01-11 09:00:00,16.0,982.1,66,AWS-RAN-102,Ramgarh,RAN,neighbor,False,
2025-01-11 10:00:00,18.5,981.6,55,AWS-RAN-102,Ramgarh,RAN,neighbor,False,
2025-01-11 11:00:00,20.4,980.4,46,AWS-RAN-102,Ramgarh,RAN,neighbor,False,
2025-01-11 12:00:00,21.8,979.0,41,AWS-RAN-102,Ramgarh,RAN,neighbor,False,
2025-01-11 13:00:00,22.6,977.9,37,AWS-RAN-102,Ramgarh,RAN,neighbor,False,
2025-01-11 14:00:00,23.1,977.1,31,AWS-RAN-102,Ramgarh,RAN,neighbor,False,
2025-01-11 15:00:00,22.8,976.6,30,AWS-RAN-102,Ramgarh,RAN,neighbor,False,
2025-01-11 16:00:00,20.9,976.3,50,AWS-RAN-102,Ramgarh,RAN,neighbor,False,
2025-01-11 17:00:00,17.3,976.0,51,AWS-RAN-102,Ramgarh,RAN,neighbor,False,
2025-01-11 18:00:00,16.4,976.0,56,AWS-RAN-102,Ramgarh,RAN,neighbor,False,
2025-01-11 19:00:00,15.2,976.4,60,AWS-RAN-102,Ramgarh,RAN,neighbor,False,
2025-01-11 20:00:00,14.8,977.2,59,AWS-RAN-102,Ramgarh,RAN,neighbor,False,
2025-01-11 21:00:00,14.6,977.7,58,AWS-RAN-102,Ramgarh,RAN,neighbor,False,
2025-01-11 22:00:00,14.3,977.9,59,AWS-RAN-102,Ramgarh,RAN,neighbor,False,
2025-01-11 23:00:00,13.7,977.7,59,AWS-RAN-102,Ramgarh,RAN,neighbor,False,
2025-01-12 00:00:00,12.8,977.3,62,AWS-RAN-102,Ramgarh,RAN,neighbor,False,
2025-01-12 01:00:00,11.9,977.2,66,AWS-RAN-102,Ramgarh,RAN,neighbor,False,
2025-01-12 02:00:00,11.3,976.8,70,AWS-RAN-102,Ramgarh,RAN,neighbor,False,
2025-01-12 03:00:00,11.0,976.4,74,AWS-RAN-102,Ramgarh,RAN,neighbor,False,
2025-01-12 04:00:00,10.7,976.5,75,AWS-RAN-102,Ramgarh,RAN,neighbor,False,
2025-01-12 05:00:00,10.7,976.9,74,AWS-RAN-102,Ramgarh,RAN,neighbor,False,
2025-01-12 06:00:00,10.4,977.5,74,AWS-RAN-102,Ramgarh,RAN,neighbor,False,
2025-01-12 07:00:00,11.9,978.7,69,AWS-RAN-102,Ramgarh,RAN,neighbor,False,
2025-01-12 08:00:00,15.0,979.8,62,AWS-RAN-102,Ramgarh,RAN,neighbor,False,
2025-01-12 09:00:00,18.3,980.4,52,AWS-RAN-102,Ramgarh,RAN,neighbor,False,
2025-01-12 10:00:00,21.1,979.9,44,AWS-RAN-102,Ramgarh,RAN,neighbor,False,
2025-01-12 11:00:00,22.8,978.8,40,AWS-RAN-102,Ramgarh,RAN,neighbor,False,
2025-01-12 12:00:00,23.8,977.4,38,AWS-RAN-102,Ramgarh,RAN,neighbor,False,
2025-01-12 13:00:00,24.4,976.2,37,AWS-RAN-102,Ramgarh,RAN,neighbor,False,
2025-01-12 14:00:00,24.6,975.2,36,AWS-RAN-102,Ramgarh,RAN,neighbor,False,
2025-01-12 15:00:00,24.3,974.8,35,AWS-RAN-102,Ramgarh,RAN,neighbor,False,
2025-01-12 16:00:00,22.3,974.7,49,AWS-RAN-102,Ramgarh,RAN,neighbor,False,
2025-01-12 17:00:00,19.4,974.8,53,AWS-RAN-102,Ramgarh,RAN,neighbor,False,
2025-01-12 18:00:00,18.8,975.3,56,AWS-RAN-102,Ramgarh,RAN,neighbor,False,
2025-01-12 19:00:00,17.5,975.7,61,AWS-RAN-102,Ramgarh,RAN,neighbor,False,
2025-01-12 20:00:00,16.8,976.2,63,AWS-RAN-102,Ramgarh,RAN,neighbor,False,
2025-01-12 21:00:00,15.4,976.6,70,AWS-RAN-102,Ramgarh,RAN,neighbor,False,
2025-01-12 22:00:00,14.5,976.5,75,AWS-RAN-102,Ramgarh,RAN,neighbor,False,
2025-01-12 23:00:00,14.0,976.3,81,AWS-RAN-102,Ramgarh,RAN,neighbor,False,
2025-01-13 00:00:00,13.4,976.1,85,AWS-RAN-102,Ramgarh,RAN,neighbor,False,
2025-01-13 01:00:00,13.1,975.7,87,AWS-RAN-102,Ramgarh,RAN,neighbor,False,
2025-01-13 02:00:00,12.9,975.1,89,AWS-RAN-102,Ramgarh,RAN,neighbor,False,
2025-01-13 03:00:00,12.9,974.8,89,AWS-RAN-102,Ramgarh,RAN,neighbor,False,
2025-01-13 04:00:00,12.6,974.9,91,AWS-RAN-102,Ramgarh,RAN,neighbor,False,
2025-01-13 05:00:00,12.5,975.4,92,AWS-RAN-102,Ramgarh,RAN,neighbor,False,
2025-01-13 06:00:00,13.0,976.0,92,AWS-RAN-102,Ramgarh,RAN,neighbor,False,
2025-01-13 07:00:00,14.3,977.0,87,AWS-RAN-102,Ramgarh,RAN,neighbor,False,
2025-01-13 08:00:00,17.2,978.0,77,AWS-RAN-102,Ramgarh,RAN,neighbor,False,
2025-01-13 09:00:00,20.1,978.6,64,AWS-RAN-102,Ramgarh,RAN,neighbor,False,
2025-01-13 10:00:00,22.1,978.0,57,AWS-RAN-102,Ramgarh,RAN,neighbor,False,
2025-01-13 11:00:00,23.6,977.0,50,AWS-RAN-102,Ramgarh,RAN,neighbor,False,
2025-01-13 12:00:00,24.6,975.7,44,AWS-RAN-102,Ramgarh,RAN,neighbor,False,
2025-01-13 13:00:00,24.6,974.6,44,AWS-RAN-102,Ramgarh,RAN,neighbor,False,
2025-01-13 14:00:00,24.4,974.0,44,AWS-RAN-102,Ramgarh,RAN,neighbor,False,
2025-01-13 15:00:00,23.8,973.8,47,AWS-RAN-102,Ramgarh,RAN,neighbor,False,
2025-01-13 16:00:00,22.9,973.9,51,AWS-RAN-102,Ramgarh,RAN,neighbor,False,
2025-01-13 17:00:00,20.2,974.0,61,AWS-RAN-102,Ramgarh,RAN,neighbor,False,
2025-01-13 18:00:00,18.2,974.6,69,AWS-RAN-102,Ramgarh,RAN,neighbor,False,
2025-01-13 19:00:00,16.8,975.5,77,AWS-RAN-102,Ramgarh,RAN,neighbor,False,
2025-01-13 20:00:00,15.6,976.3,84,AWS-RAN-102,Ramgarh,RAN,neighbor,False,
2025-01-13 21:00:00,14.9,976.5,87,AWS-RAN-102,Ramgarh,RAN,neighbor,False,
2025-01-13 22:00:00,14.3,977.0,89,AWS-RAN-102,Ramgarh,RAN,neighbor,False,
2025-01-13 23:00:00,13.9,976.7,92,AWS-RAN-102,Ramgarh,RAN,neighbor,False,
2025-01-14 00:00:00,13.7,976.6,93,AWS-RAN-102,Ramgarh,RAN,neighbor,False,
2025-01-14 01:00:00,13.4,976.4,95,AWS-RAN-102,Ramgarh,RAN,neighbor,False,
2025-01-14 02:00:00,13.1,976.2,96,AWS-RAN-102,Ramgarh,RAN,neighbor,False,
2025-01-14 03:00:00,12.8,976.2,96,AWS-RAN-102,Ramgarh,RAN,neighbor,False,
2025-01-14 04:00:00,12.4,976.4,97,AWS-RAN-102,Ramgarh,RAN,neighbor,False,
2025-01-14 05:00:00,11.9,977.0,98,AWS-RAN-102,Ramgarh,RAN,neighbor,False,
2025-01-14 06:00:00,12.2,978.4,98,AWS-RAN-102,Ramgarh,RAN,neighbor,False,
2025-01-14 07:00:00,12.7,979.4,97,AWS-RAN-102,Ramgarh,RAN,neighbor,False,
2025-01-14 08:00:00,13.8,980.5,92,AWS-RAN-102,Ramgarh,RAN,neighbor,False,
2025-01-14 09:00:00,15.9,981.3,81,AWS-RAN-102,Ramgarh,RAN,neighbor,False,
2025-01-14 10:00:00,18.6,981.2,70,AWS-RAN-102,Ramgarh,RAN,neighbor,False,
2025-01-14 11:00:00,20.9,980.1,61,AWS-RAN-102,Ramgarh,RAN,neighbor,False,
2025-01-14 12:00:00,22.4,978.8,53,AWS-RAN-102,Ramgarh,RAN,neighbor,False,
2025-01-14 13:00:00,23.3,977.6,49,AWS-RAN-102,Ramgarh,RAN,neighbor,False,
2025-01-14 14:00:00,23.7,976.8,42,AWS-RAN-102,Ramgarh,RAN,neighbor,False,
2025-01-14 15:00:00,23.4,976.6,39,AWS-RAN-102,Ramgarh,RAN,neighbor,False,
2025-01-14 16:00:00,22.1,976.7,41,AWS-RAN-102,Ramgarh,RAN,neighbor,False,
2025-01-14 17:00:00,19.0,976.9,51,AWS-RAN-102,Ramgarh,RAN,neighbor,False,
2025-01-14 18:00:00,17.2,977.3,65,AWS-RAN-102,Ramgarh,RAN,neighbor,False,
2025-01-14 19:00:00,16.2,978.4,71,AWS-RAN-102,Ramgarh,RAN,neighbor,False,
2025-01-14 20:00:00,14.8,979.0,81,AWS-RAN-102,Ramgarh,RAN,neighbor,False,
2025-01-14 21:00:00,14.4,979.6,86,AWS-RAN-102,Ramgarh,RAN,neighbor,False,
2025-01-14 22:00:00,13.4,979.7,91,AWS-RAN-102,Ramgarh,RAN,neighbor,False,
2025-01-14 23:00:00,12.8,979.4,91,AWS-RAN-102,Ramgarh,RAN,neighbor,False,
2025-01-15 00:00:00,12.2,979.1,94,AWS-RAN-102,Ramgarh,RAN,neighbor,False,
2025-01-15 01:00:00,11.9,978.6,96,AWS-RAN-102,Ramgarh,RAN,neighbor,False,
2025-01-15 02:00:00,11.6,978.0,96,AWS-RAN-102,Ramgarh,RAN,neighbor,False,
2025-01-15 03:00:00,11.1,977.8,96,AWS-RAN-102,Ramgarh,RAN,neighbor,False,
2025-01-15 04:00:00,10.9,978.1,96,AWS-RAN-102,Ramgarh,RAN,neighbor,False,
2025-01-15 05:00:00,10.8,978.9,95,AWS-RAN-102,Ramgarh,RAN,neighbor,False,
2025-01-15 06:00:00,10.7,980.0,97,AWS-RAN-102,Ramgarh,RAN,neighbor,False,
2025-01-15 07:00:00,12.0,980.7,93,AWS-RAN-102,Ramgarh,RAN,neighbor,False,
2025-01-15 08:00:00,14.4,981.8,82,AWS-RAN-102,Ramgarh,RAN,neighbor,False,
2025-01-15 09:00:00,17.1,982.3,70,AWS-RAN-102,Ramgarh,RAN,neighbor,False,
2025-01-15 10:00:00,19.5,981.9,57,AWS-RAN-102,Ramgarh,RAN,neighbor,False,
2025-01-15 11:00:00,21.4,980.7,49,AWS-RAN-102,Ramgarh,RAN,neighbor,False,
2025-01-15 12:00:00,22.6,979.0,45,AWS-RAN-102,Ramgarh,RAN,neighbor,False,
2025-01-15 13:00:00,23.3,977.7,42,AWS-RAN-102,Ramgarh,RAN,neighbor,False,
2025-01-15 14:00:00,23.6,977.0,41,AWS-RAN-102,Ramgarh,RAN,neighbor,False,
2025-01-15 15:00:00,23.4,976.7,41,AWS-RAN-102,Ramgarh,RAN,neighbor,False,
2025-01-15 16:00:00,22.3,976.6,45,AWS-RAN-102,Ramgarh,RAN,neighbor,False,
2025-01-15 17:00:00,19.1,976.5,56,AWS-RAN-102,Ramgarh,RAN,neighbor,False,
2025-01-15 18:00:00,17.5,977.8,64,AWS-RAN-102,Ramgarh,RAN,neighbor,False,
2025-01-15 19:00:00,15.4,978.2,71,AWS-RAN-102,Ramgarh,RAN,neighbor,False,
2025-01-15 20:00:00,14.3,978.8,76,AWS-RAN-102,Ramgarh,RAN,neighbor,False,
2025-01-15 21:00:00,13.2,978.8,82,AWS-RAN-102,Ramgarh,RAN,neighbor,False,
2025-01-15 22:00:00,12.2,978.7,86,AWS-RAN-102,Ramgarh,RAN,neighbor,False,
2025-01-15 23:00:00,11.3,978.3,89,AWS-RAN-102,Ramgarh,RAN,neighbor,False,
2025-01-16 00:00:00,10.5,977.9,93,AWS-RAN-102,Ramgarh,RAN,neighbor,False,
2025-01-16 01:00:00,10.7,977.5,93,AWS-RAN-102,Ramgarh,RAN,neighbor,False,
2025-01-16 02:00:00,10.5,977.0,94,AWS-RAN-102,Ramgarh,RAN,neighbor,False,
2025-01-16 03:00:00,10.5,976.6,95,AWS-RAN-102,Ramgarh,RAN,neighbor,False,
2025-01-16 04:00:00,10.2,976.7,96,AWS-RAN-102,Ramgarh,RAN,neighbor,False,
2025-01-16 05:00:00,10.0,977.1,96,AWS-RAN-102,Ramgarh,RAN,neighbor,False,
2025-01-16 06:00:00,10.4,978.5,97,AWS-RAN-102,Ramgarh,RAN,neighbor,False,
2025-01-16 07:00:00,11.3,979.3,93,AWS-RAN-102,Ramgarh,RAN,neighbor,False,
2025-01-16 08:00:00,14.2,980.3,78,AWS-RAN-102,Ramgarh,RAN,neighbor,False,
2025-01-16 09:00:00,16.7,981.0,65,AWS-RAN-102,Ramgarh,RAN,neighbor,False,
2025-01-16 10:00:00,18.7,980.6,54,AWS-RAN-102,Ramgarh,RAN,neighbor,False,
2025-01-16 11:00:00,20.3,979.6,46,AWS-RAN-102,Ramgarh,RAN,neighbor,False,
2025-01-16 12:00:00,21.5,978.3,41,AWS-RAN-102,Ramgarh,RAN,neighbor,False,
2025-01-16 13:00:00,22.5,977.3,36,AWS-RAN-102,Ramgarh,RAN,neighbor,False,
2025-01-16 14:00:00,22.9,976.6,34,AWS-RAN-102,Ramgarh,RAN,neighbor,False,
2025-01-16 15:00:00,22.8,976.4,34,AWS-RAN-102,Ramgarh,RAN,neighbor,False,
2025-01-16 16:00:00,21.5,976.4,55,AWS-RAN-102,Ramgarh,RAN,neighbor,False,
2025-01-16 17:00:00,18.9,976.5,49,AWS-RAN-102,Ramgarh,RAN,neighbor,False,
2025-01-16 18:00:00,16.5,977.2,60,AWS-RAN-102,Ramgarh,RAN,neighbor,False,
2025-01-16 19:00:00,16.3,978.4,61,AWS-RAN-102,Ramgarh,RAN,neighbor,False,
2025-01-16 20:00:00,15.1,978.8,69,AWS-RAN-102,Ramgarh,RAN,neighbor,False,
2025-01-16 21:00:00,14.1,978.8,74,AWS-RAN-102,Ramgarh,RAN,neighbor,False,
2025-01-16 22:00:00,13.1,978.7,79,AWS-RAN-102,Ramgarh,RAN,neighbor,False,
2025-01-16 23:00:00,12.1,978.6,84,AWS-RAN-102,Ramgarh,RAN,neighbor,False,
2025-01-17 00:00:00,11.7,978.3,86,AWS-RAN-102,Ramgarh,RAN,neighbor,False,
2025-01-17 01:00:00,11.5,978.1,87,AWS-RAN-102,Ramgarh,RAN,neighbor,False,
2025-01-17 02:00:00,11.1,977.8,87,AWS-RAN-102,Ramgarh,RAN,neighbor,False,
2025-01-17 03:00:00,10.5,977.2,89,AWS-RAN-102,Ramgarh,RAN,neighbor,False,
2025-01-17 04:00:00,9.8,976.9,92,AWS-RAN-102,Ramgarh,RAN,neighbor,False,
2025-01-17 05:00:00,10.3,977.3,88,AWS-RAN-102,Ramgarh,RAN,neighbor,False,
2025-01-17 06:00:00,10.6,978.1,89,AWS-RAN-102,Ramgarh,RAN,neighbor,False,
2025-01-17 07:00:00,11.9,978.6,82,AWS-RAN-102,Ramgarh,RAN,neighbor,False,
2025-01-17 08:00:00,14.2,979.1,73,AWS-RAN-102,Ramgarh,RAN,neighbor,False,
2025-01-17 09:00:00,16.4,979.5,62,AWS-RAN-102,Ramgarh,RAN,neighbor,False,
2025-01-17 10:00:00,18.7,979.4,51,AWS-RAN-102,Ramgarh,RAN,neighbor,False,
2025-01-17 11:00:00,20.1,978.5,46,AWS-RAN-102,Ramgarh,RAN,neighbor,False,
2025-01-17 12:00:00,20.9,977.6,42,AWS-RAN-102,Ramgarh,RAN,neighbor,False,
2025-01-17 13:00:00,22.1,976.5,35,AWS-RAN-102,Ramgarh,RAN,neighbor,False,
2025-01-17 14:00:00,22.7,975.4,33,AWS-RAN-102,Ramgarh,RAN,neighbor,False,
2025-01-17 15:00:00,22.6,975.4,34,AWS-RAN-102,Ramgarh,RAN,neighbor,False,
2025-01-17 16:00:00,21.4,975.4,44,AWS-RAN-102,Ramgarh,RAN,neighbor,False,
2025-01-17 17:00:00,18.2,975.4,52,AWS-RAN-102,Ramgarh,RAN,neighbor,False,
2025-01-17 18:00:00,16.8,975.8,60,AWS-RAN-102,Ramgarh,RAN,neighbor,False,
2025-01-17 19:00:00,15.4,976.5,68,AWS-RAN-102,Ramgarh,RAN,neighbor,False,
2025-01-17 20:00:00,14.2,977.0,76,AWS-RAN-102,Ramgarh,RAN,neighbor,False,
2025-01-17 21:00:00,13.6,977.2,80,AWS-RAN-102,Ramgarh,RAN,neighbor,False,
2025-01-17 22:00:00,13.0,977.3,85,AWS-RAN-102,Ramgarh,RAN,neighbor,False,
2025-01-17 23:00:00,12.3,977.0,89,AWS-RAN-102,Ramgarh,RAN,neighbor,False,
2025-01-18 00:00:00,12.0,976.7,90,AWS-RAN-102,Ramgarh,RAN,neighbor,False,
2025-01-18 01:00:00,11.7,976.4,91,AWS-RAN-102,Ramgarh,RAN,neighbor,False,
2025-01-18 02:00:00,11.6,976.0,91,AWS-RAN-102,Ramgarh,RAN,neighbor,False,
2025-01-18 03:00:00,11.3,975.8,92,AWS-RAN-102,Ramgarh,RAN,neighbor,False,
2025-01-18 04:00:00,11.0,975.6,92,AWS-RAN-102,Ramgarh,RAN,neighbor,False,
2025-01-18 05:00:00,10.7,975.9,93,AWS-RAN-102,Ramgarh,RAN,neighbor,False,
2025-01-18 06:00:00,11.6,977.1,89,AWS-RAN-102,Ramgarh,RAN,neighbor,False,
2025-01-18 07:00:00,12.6,978.0,84,AWS-RAN-102,Ramgarh,RAN,neighbor,False,
2025-01-18 08:00:00,15.5,979.0,72,AWS-RAN-102,Ramgarh,RAN,neighbor,False,
2025-01-18 09:00:00,18.2,979.6,61,AWS-RAN-102,Ramgarh,RAN,neighbor,False,
2025-01-18 10:00:00,20.6,979.5,53,AWS-RAN-102,Ramgarh,RAN,neighbor,False,
2025-01-18 11:00:00,22.6,978.6,48,AWS-RAN-102,Ramgarh,RAN,neighbor,False,
2025-01-18 12:00:00,24.1,977.2,43,AWS-RAN-102,Ramgarh,RAN,neighbor,False,
2025-01-18 13:00:00,25.0,976.1,40,AWS-RAN-102,Ramgarh,RAN,neighbor,False,
2025-01-18 14:00:00,25.4,975.1,38,AWS-RAN-102,Ramgarh,RAN,neighbor,False,
2025-01-18 15:00:00,25.1,974.6,38,AWS-RAN-102,Ramgarh,RAN,neighbor,False,
2025-01-18 16:00:00,23.7,974.7,44,AWS-RAN-102,Ramgarh,RAN,neighbor,False,
2025-01-18 17:00:00,20.4,974.5,56,AWS-RAN-102,Ramgarh,RAN,neighbor,False,
2025-01-18 18:00:00,18.4,975.2,62,AWS-RAN-102,Ramgarh,RAN,neighbor,False,
2025-01-18 19:00:00,16.5,975.9,72,AWS-RAN-102,Ramgarh,RAN,neighbor,False,
2025-01-18 20:00:00,14.7,976.1,81,AWS-RAN-102,Ramgarh,RAN,neighbor,False,
2025-01-18 21:00:00,13.8,976.2,86,AWS-RAN-102,Ramgarh,RAN,neighbor,False,
2025-01-18 22:00:00,13.2,976.4,87,AWS-RAN-102,Ramgarh,RAN,neighbor,False,
2025-01-18 23:00:00,12.6,976.0,88,AWS-RAN-102,Ramgarh,RAN,neighbor,False,
2025-01-19 00:00:00,11.9,975.4,91,AWS-RAN-102,Ramgarh,RAN,neighbor,False,
2025-01-19 01:00:00,11.3,974.9,93,AWS-RAN-102,Ramgarh,RAN,neighbor,False,
2025-01-19 02:00:00,10.8,974.5,93,AWS-RAN-102,Ramgarh,RAN,neighbor,False,
2025-01-19 03:00:00,10.6,974.4,92,AWS-RAN-102,Ramgarh,RAN,neighbor,False,
2025-01-19 04:00:00,10.4,974.6,91,AWS-RAN-102,Ramgarh,RAN,neighbor,False,
2025-01-19 05:00:00,10.1,975.2,90,AWS-RAN-102,Ramgarh,RAN,neighbor,False,
2025-01-19 06:00:00,9.9,976.5,91,AWS-RAN-102,Ramgarh,RAN,neighbor,False,
2025-01-19 07:00:00,11.1,977.4,86,AWS-RAN-102,Ramgarh,RAN,neighbor,False,
2025-01-19 08:00:00,14.1,978.5,76,AWS-RAN-102,Ramgarh,RAN,neighbor,False,
2025-01-19 09:00:00,17.2,978.9,67,AWS-RAN-102,Ramgarh,RAN,neighbor,False,
2025-01-19 10:00:00,19.7,978.6,56,AWS-RAN-102,Ramgarh,RAN,neighbor,False,
2025-01-19 11:00:00,21.7,977.5,44,AWS-RAN-102,Ramgarh,RAN,neighbor,False,
2025-01-19 12:00:00,23.0,976.0,41,AWS-RAN-102,Ramgarh,RAN,neighbor,False,
2025-01-19 13:00:00,24.1,974.9,38,AWS-RAN-102,Ramgarh,RAN,neighbor,False,
2025-01-19 14:00:00,24.6,974.1,35,AWS-RAN-102,Ramgarh,RAN,neighbor,False,
2025-01-19 15:00:00,24.5,973.6,33,AWS-RAN-102,Ramgarh,RAN,neighbor,False,
2025-01-19 16:00:00,23.1,973.5,38,AWS-RAN-102,Ramgarh,RAN,neighbor,False,
2025-01-19 17:00:00,19.7,973.3,46,AWS-RAN-102,Ramgarh,RAN,neighbor,False,
2025-01-19 18:00:00,18.7,973.6,49,AWS-RAN-102,Ramgarh,RAN,neighbor,False,
2025-01-19 19:00:00,17.2,974.1,51,AWS-RAN-102,Ramgarh,RAN,neighbor,False,
2025-01-19 20:00:00,15.8,974.3,54,AWS-RAN-102,Ramgarh,RAN,neighbor,False,
2025-01-19 21:00:00,14.8,974.5,54,AWS-RAN-102,Ramgarh,RAN,neighbor,False,
2025-01-19 22:00:00,14.0,974.3,57,AWS-RAN-102,Ramgarh,RAN,neighbor,False,
2025-01-19 23:00:00,13.3,974.0,63,AWS-RAN-102,Ramgarh,RAN,neighbor,False,
2025-01-20 00:00:00,12.7,973.5,68,AWS-RAN-102,Ramgarh,RAN,neighbor,False,
2025-01-20 01:00:00,12.2,973.2,71,AWS-RAN-102,Ramgarh,RAN,neighbor,False,
2025-01-20 02:00:00,11.9,973.0,71,AWS-RAN-102,Ramgarh,RAN,neighbor,False,
2025-01-20 03:00:00,11.5,972.7,73,AWS-RAN-102,Ramgarh,RAN,neighbor,False,
2025-01-20 04:00:00,11.1,972.5,76,AWS-RAN-102,Ramgarh,RAN,neighbor,False,
2025-01-20 05:00:00,11.0,972.8,76,AWS-RAN-102,Ramgarh,RAN,neighbor,False,
2025-01-20 06:00:00,10.6,973.8,81,AWS-RAN-102,Ramgarh,RAN,neighbor,False,
2025-01-20 07:00:00,12.0,974.8,74,AWS-RAN-102,Ramgarh,RAN,neighbor,False,
2025-01-20 08:00:00,14.9,975.8,64,AWS-RAN-102,Ramgarh,RAN,neighbor,False,
2025-01-20 09:00:00,18.1,976.2,56,AWS-RAN-102,Ramgarh,RAN,neighbor,False,
2025-01-20 10:00:00,21.3,975.9,49,AWS-RAN-102,Ramgarh,RAN,neighbor,False,
2025-01-20 11:00:00,23.7,975.2,44,AWS-RAN-102,Ramgarh,RAN,neighbor,False,
2025-01-20 12:00:00,25.2,974.1,39,AWS-RAN-102,Ramgarh,RAN,neighbor,False,
2025-01-20 13:00:00,25.9,973.2,37,AWS-RAN-102,Ramgarh,RAN,neighbor,False,
2025-01-20 14:00:00,26.0,972.4,36,AWS-RAN-102,Ramgarh,RAN,neighbor,False,
2025-01-20 15:00:00,25.4,971.9,38,AWS-RAN-102,Ramgarh,RAN,neighbor,False,
2025-01-20 16:00:00,24.1,971.8,44,AWS-RAN-102,Ramgarh,RAN,neighbor,False,
2025-01-20 17:00:00,21.0,971.8,54,AWS-RAN-102,Ramgarh,RAN,neighbor,False,
2025-01-20 18:00:00,20.1,972.2,59,AWS-RAN-102,Ramgarh,RAN,neighbor,False,
2025-01-20 19:00:00,19.1,972.8,65,AWS-RAN-102,Ramgarh,RAN,neighbor,False,
2025-01-20 20:00:00,18.0,973.0,71,AWS-RAN-102,Ramgarh,RAN,neighbor,False,
2025-01-20 21:00:00,17.3,973.1,73,AWS-RAN-102,Ramgarh,RAN,neighbor,False,
2025-01-20 22:00:00,16.6,973.1,75,AWS-RAN-102,Ramgarh,RAN,neighbor,False,
2025-01-20 23:00:00,16.0,972.9,77,AWS-RAN-102,Ramgarh,RAN,neighbor,False,
2025-01-21 00:00:00,15.3,972.5,79,AWS-RAN-102,Ramgarh,RAN,neighbor,False,
2025-01-21 01:00:00,14.8,972.0,79,AWS-RAN-102,Ramgarh,RAN,neighbor,False,
2025-01-21 02:00:00,14.3,971.4,81,AWS-RAN-102,Ramgarh,RAN,neighbor,False,
2025-01-21 03:00:00,13.9,971.3,83,AWS-RAN-102,Ramgarh,RAN,neighbor,False,
2025-01-21 04:00:00,13.6,971.4,85,AWS-RAN-102,Ramgarh,RAN,neighbor,False,
2025-01-21 05:00:00,13.4,971.7,87,AWS-RAN-102,Ramgarh,RAN,neighbor,False,
2025-01-21 06:00:00,12.6,972.4,91,AWS-RAN-102,Ramgarh,RAN,neighbor,False,
2025-01-21 07:00:00,14.0,973.3,86,AWS-RAN-102,Ramgarh,RAN,neighbor,False,
2025-01-21 08:00:00,17.0,974.4,75,AWS-RAN-102,Ramgarh,RAN,neighbor,False,
2025-01-21 09:00:00,20.0,975.2,65,AWS-RAN-102,Ramgarh,RAN,neighbor,False,
2025-01-21 10:00:00,22.4,975.1,56,AWS-RAN-102,Ramgarh,RAN,neighbor,False,
2025-01-21 11:00:00,24.2,974.4,49,AWS-RAN-102,Ramgarh,RAN,neighbor,False,
2025-01-21 12:00:00,25.7,973.4,42,AWS-RAN-102,Ramgarh,RAN,neighbor,False,
2025-01-21 13:00:00,26.6,972.3,37,AWS-RAN-102,Ramgarh,RAN,neighbor,False,
2025-01-21 14:00:00,26.9,971.5,35,AWS-RAN-102,Ramgarh,RAN,neighbor,False,
2025-01-21 15:00:00,26.6,971.4,34,AWS-RAN-102,Ramgarh,RAN,neighbor,False,
2025-01-21 16:00:00,25.1,971.4,39,AWS-RAN-102,Ramgarh,RAN,neighbor,False,
2025-01-21 17:00:00,21.8,971.3,47,AWS-RAN-102,Ramgarh,RAN,neighbor,False,
2025-01-21 18:00:00,20.4,972.1,54,AWS-RAN-102,Ramgarh,RAN,neighbor,False,
2025-01-21 19:00:00,19.1,972.6,58,AWS-RAN-102,Ramgarh,RAN,neighbor,False,
2025-01-21 20:00:00,17.7,973.0,62,AWS-RAN-102,Ramgarh,RAN,neighbor,False,
2025-01-21 21:00:00,16.9,973.0,64,AWS-RAN-102,Ramgarh,RAN,neighbor,False,
2025-01-21 22:00:00,16.4,973.0,65,AWS-RAN-102,Ramgarh,RAN,neighbor,False,
2025-01-21 23:00:00,15.9,972.9,67,AWS-RAN-102,Ramgarh,RAN,neighbor,False,
2025-01-22 00:00:00,15.4,972.7,69,AWS-RAN-102,Ramgarh,RAN,neighbor,False,
2025-01-22 01:00:00,14.5,972.4,72,AWS-RAN-102,Ramgarh,RAN,neighbor,False,
2025-01-22 02:00:00,13.4,972.0,77,AWS-RAN-102,Ramgarh,RAN,neighbor,False,
2025-01-22 03:00:00,12.4,971.7,81,AWS-RAN-102,Ramgarh,RAN,neighbor,False,
2025-01-22 04:00:00,11.9,971.8,84,AWS-RAN-102,Ramgarh,RAN,neighbor,False,
2025-01-22 05:00:00,11.7,972.5,83,AWS-RAN-102,Ramgarh,RAN,neighbor,False,
2025-01-22 06:00:00,11.2,973.4,87,AWS-RAN-102,Ramgarh,RAN,neighbor,False,
2025-01-22 07:00:00,12.8,974.1,80,AWS-RAN-102,Ramgarh,RAN,neighbor,False,
2025-01-22 08:00:00,16.2,975.5,67,AWS-RAN-102,Ramgarh,RAN,neighbor,False,
2025-01-22 09:00:00,19.7,976.3,54,AWS-RAN-102,Ramgarh,RAN,neighbor,False,
2025-01-22 10:00:00,22.6,976.0,45,AWS-RAN-102,Ramgarh,RAN,neighbor,False,
2025-01-22 11:00:00,24.8,975.3,37,AWS-RAN-102,Ramgarh,RAN,neighbor,False,
2025-01-22 12:00:00,26.4,974.0,32,AWS-RAN-102,Ramgarh,RAN,neighbor,False,
2025-01-22 13:00:00,27.5,973.0,31,AWS-RAN-102,Ramgarh,RAN,neighbor,False,
2025-01-22 14:00:00,27.9,972.2,30,AWS-RAN-102,Ramgarh,RAN,neighbor,False,
2025-01-22 15:00:00,27.6,971.8,30,AWS-RAN-102,Ramgarh,RAN,neighbor,False,
2025-01-22 16:00:00,25.8,971.7,38,AWS-RAN-102,Ramgarh,RAN,neighbor,False,
2025-01-22 17:00:00,21.9,971.5,48,AWS-RAN-102,Ramgarh,RAN,neighbor,False,
2025-01-22 18:00:00,20.8,972.2,52,AWS-RAN-102,Ramgarh,RAN,neighbor,False,
2025-01-22 19:00:00,18.7,972.7,59,AWS-RAN-102,Ramgarh,RAN,neighbor,False,
2025-01-22 20:00:00,16.3,973.4,71,AWS-RAN-102,Ramgarh,RAN,neighbor,False,
2025-01-22 21:00:00,15.6,974.0,74,AWS-RAN-102,Ramgarh,RAN,neighbor,False,
2025-01-22 22:00:00,14.9,973.9,75,AWS-RAN-102,Ramgarh,RAN,neighbor,False,
2025-01-22 23:00:00,14.3,973.8,79,AWS-RAN-102,Ramgarh,RAN,neighbor,False,
2025-01-23 00:00:00,13.6,973.5,83,AWS-RAN-102,Ramgarh,RAN,neighbor,False,
2025-01-23 01:00:00,13.0,973.1,87,AWS-RAN-102,Ramgarh,RAN,neighbor,False,
2025-01-23 02:00:00,12.8,972.4,88,AWS-RAN-102,Ramgarh,RAN,neighbor,False,
2025-01-23 03:00:00,12.7,972.2,88,AWS-RAN-102,Ramgarh,RAN,neighbor,False,
2025-01-23 04:00:00,12.7,972.3,88,AWS-RAN-102,Ramgarh,RAN,neighbor,False,
2025-01-23 05:00:00,12.5,972.9,89,AWS-RAN-102,Ramgarh,RAN,neighbor,False,
2025-01-23 06:00:00,12.3,973.9,92,AWS-RAN-102,Ramgarh,RAN,neighbor,False,
2025-01-23 07:00:00,13.8,974.8,86,AWS-RAN-102,Ramgarh,RAN,neighbor,False,
2025-01-23 08:00:00,17.1,976.1,73,AWS-RAN-102,Ramgarh,RAN,neighbor,False,
2025-01-23 09:00:00,20.5,976.8,59,AWS-RAN-102,Ramgarh,RAN,neighbor,False,
2025-01-23 10:00:00,23.3,976.5,49,AWS-RAN-102,Ramgarh,RAN,neighbor,False,
2025-01-23 11:00:00,25.3,975.7,42,AWS-RAN-102,Ramgarh,RAN,neighbor,False,
2025-01-23 12:00:00,26.6,974.4,39,AWS-RAN-102,Ramgarh,RAN,neighbor,False,
2025-01-23 13:00:00,27.6,973.3,36,AWS-RAN-102,Ramgarh,RAN,neighbor,False,
2025-01-23 14:00:00,28.0,972.5,35,AWS-RAN-102,Ramgarh,RAN,neighbor,False,
2025-01-23 15:00:00,27.8,971.9,33,AWS-RAN-102,Ramgarh,RAN,neighbor,False,
2025-01-23 16:00:00,26.5,971.6,38,AWS-RAN-102,Ramgarh,RAN,neighbor,False,
2025-01-23 17:00:00,23.4,971.6,48,AWS-RAN-102,Ramgarh,RAN,neighbor,False,
2025-01-23 18:00:00,20.4,972.2,59,AWS-RAN-102,Ramgarh,RAN,neighbor,False,
2025-01-23 19:00:00,19.1,973.1,64,AWS-RAN-102,Ramgarh,RAN,neighbor,False,
2025-01-23 20:00:00,18.1,973.5,68,AWS-RAN-102,Ramgarh,RAN,neighbor,False,
2025-01-23 21:00:00,16.8,973.9,73,AWS-RAN-102,Ramgarh,RAN,neighbor,False,
2025-01-23 22:00:00,15.6,974.0,80,AWS-RAN-102,Ramgarh,RAN,neighbor,False,
2025-01-23 23:00:00,15.1,973.7,83,AWS-RAN-102,Ramgarh,RAN,neighbor,False,
2025-01-24 00:00:00,14.7,973.3,85,AWS-RAN-102,Ramgarh,RAN,neighbor,False,
2025-01-24 01:00:00,14.0,972.6,89,AWS-RAN-102,Ramgarh,RAN,neighbor,False,
2025-01-24 02:00:00,13.7,972.0,91,AWS-RAN-102,Ramgarh,RAN,neighbor,False,
2025-01-24 03:00:00,13.7,971.9,91,AWS-RAN-102,Ramgarh,RAN,neighbor,False,
2025-01-24 04:00:00,13.8,972.0,89,AWS-RAN-102,Ramgarh,RAN,neighbor,False,
2025-01-24 05:00:00,13.5,972.3,90,AWS-RAN-102,Ramgarh,RAN,neighbor,False,
2025-01-24 06:00:00,13.0,972.9,93,AWS-RAN-102,Ramgarh,RAN,neighbor,False,
2025-01-24 07:00:00,14.4,973.9,87,AWS-RAN-102,Ramgarh,RAN,neighbor,False,
2025-01-24 08:00:00,17.6,975.1,74,AWS-RAN-102,Ramgarh,RAN,neighbor,False,
2025-01-24 09:00:00,21.1,975.6,61,AWS-RAN-102,Ramgarh,RAN,neighbor,False,
2025-01-24 10:00:00,23.8,975.4,50,AWS-RAN-102,Ramgarh,RAN,neighbor,False,
2025-01-24 11:00:00,25.5,974.6,43,AWS-RAN-102,Ramgarh,RAN,neighbor,False,
2025-01-24 12:00:00,26.6,973.4,39,AWS-RAN-102,Ramgarh,RAN,neighbor,False,
2025-01-24 13:00:00,27.3,972.4,38,AWS-RAN-102,Ramgarh,RAN,neighbor,False,
2025-01-24 14:00:00,27.7,971.7,37,AWS-RAN-102,Ramgarh,RAN,neighbor,False,
2025-01-24 15:00:00,27.4,971.3,37,AWS-RAN-102,Ramgarh,RAN,neighbor,False,
2025-01-24 16:00:00,26.2,971.2,42,AWS-RAN-102,Ramgarh,RAN,neighbor,False,
2025-01-24 17:00:00,22.9,971.3,51,AWS-RAN-102,Ramgarh,RAN,neighbor,False,
2025-01-24 18:00:00,21.2,972.6,57,AWS-RAN-102,Ramgarh,RAN,neighbor,False,
2025-01-24 19:00:00,18.7,973.1,66,AWS-RAN-102,Ramgarh,RAN,neighbor,False,
2025-01-24 20:00:00,17.9,974.2,69,AWS-RAN-102,Ramgarh,RAN,neighbor,False,
2025-01-24 21:00:00,17.1,974.3,73,AWS-RAN-102,Ramgarh,RAN,neighbor,False,
2025-01-24 22:00:00,16.1,974.4,79,AWS-RAN-102,Ramgarh,RAN,neighbor,False,
2025-01-24 23:00:00,15.2,973.9,84,AWS-RAN-102,Ramgarh,RAN,neighbor,False,
2025-01-25 00:00:00,14.8,973.8,87,AWS-RAN-102,Ramgarh,RAN,neighbor,False,
2025-01-25 01:00:00,14.5,973.4,89,AWS-RAN-102,Ramgarh,RAN,neighbor,False,
2025-01-25 02:00:00,14.0,973.0,91,AWS-RAN-102,Ramgarh,RAN,neighbor,False,
2025-01-25 03:00:00,13.5,972.9,93,AWS-RAN-102,Ramgarh,RAN,neighbor,False,
2025-01-25 04:00:00,13.1,972.9,94,AWS-RAN-102,Ramgarh,RAN,neighbor,False,
2025-01-25 05:00:00,12.9,973.5,94,AWS-RAN-102,Ramgarh,RAN,neighbor,False,
2025-01-25 06:00:00,12.7,974.6,95,AWS-RAN-102,Ramgarh,RAN,neighbor,False,
2025-01-25 07:00:00,14.0,975.7,91,AWS-RAN-102,Ramgarh,RAN,neighbor,False,
2025-01-25 08:00:00,16.8,976.6,79,AWS-RAN-102,Ramgarh,RAN,neighbor,False,
2025-01-25 09:00:00,19.2,977.1,69,AWS-RAN-102,Ramgarh,RAN,neighbor,False,
2025-01-25 10:00:00,21.2,976.8,58,AWS-RAN-102,Ramgarh,RAN,neighbor,False,
2025-01-25 11:00:00,23.0,976.1,50,AWS-RAN-102,Ramgarh,RAN,neighbor,False,
2025-01-25 12:00:00,24.2,974.8,43,AWS-RAN-102,Ramgarh,RAN,neighbor,False,
2025-01-25 13:00:00,24.7,973.8,39,AWS-RAN-102,Ramgarh,RAN,neighbor,False,
2025-01-25 14:00:00,24.9,973.1,34,AWS-RAN-102,Ramgarh,RAN,neighbor,False,
2025-01-25 15:00:00,24.4,972.9,31,AWS-RAN-102,Ramgarh,RAN,neighbor,False,
2025-01-25 16:00:00,23.1,972.9,31,AWS-RAN-102,Ramgarh,RAN,neighbor,False,
2025-01-25 17:00:00,20.1,973.0,34,AWS-RAN-102,Ramgarh,RAN,neighbor,False,
2025-01-25 18:00:00,18.9,973.5,39,AWS-RAN-102,Ramgarh,RAN,neighbor,False,
2025-01-25 19:00:00,17.7,973.9,42,AWS-RAN-102,Ramgarh,RAN,neighbor,False,
2025-01-25 20:00:00,15.9,974.3,50,AWS-RAN-102,Ramgarh,RAN,neighbor,False,
2025-01-25 21:00:00,14.3,974.7,60,AWS-RAN-102,Ramgarh,RAN,neighbor,False,
2025-01-25 22:00:00,13.3,974.9,67,AWS-RAN-102,Ramgarh,RAN,neighbor,False,
2025-01-25 23:00:00,12.6,974.5,70,AWS-RAN-102,Ramgarh,RAN,neighbor,False,
2025-01-26 00:00:00,11.8,974.1,75,AWS-RAN-102,Ramgarh,RAN,neighbor,False,
2025-01-26 01:00:00,11.2,973.8,80,AWS-RAN-102,Ramgarh,RAN,neighbor,False,
2025-01-26 02:00:00,10.7,973.6,83,AWS-RAN-102,Ramgarh,RAN,neighbor,False,
2025-01-26 03:00:00,10.3,973.3,85,AWS-RAN-102,Ramgarh,RAN,neighbor,False,
2025-01-26 04:00:00,9.9,973.3,86,AWS-RAN-102,Ramgarh,RAN,neighbor,False,
2025-01-26 05:00:00,9.3,973.8,86,AWS-RAN-102,Ramgarh,RAN,neighbor,False,
2025-01-26 06:00:00,9.7,974.9,88,AWS-RAN-102,Ramgarh,RAN,neighbor,False,
2025-01-26 07:00:00,11.1,975.8,80,AWS-RAN-102,Ramgarh,RAN,neighbor,False,
2025-01-26 08:00:00,14.8,977.1,63,AWS-RAN-102,Ramgarh,RAN,neighbor,False,
2025-01-26 09:00:00,18.1,977.8,49,AWS-RAN-102,Ramgarh,RAN,neighbor,False,
2025-01-26 10:00:00,20.1,977.5,41,AWS-RAN-102,Ramgarh,RAN,neighbor,False,
2025-01-26 11:00:00,21.4,976.7,38,AWS-RAN-102,Ramgarh,RAN,neighbor,False,
2025-01-26 12:00:00,22.3,975.1,36,AWS-RAN-102,Ramgarh,RAN,neighbor,False,
2025-01-26 13:00:00,23.0,974.1,35,AWS-RAN-102,Ramgarh,RAN,neighbor,False,
2025-01-26 14:00:00,23.4,973.1,34,AWS-RAN-102,Ramgarh,RAN,neighbor,False,
2025-01-26 15:00:00,23.4,972.4,32,AWS-RAN-102,Ramgarh,RAN,neighbor,False,
2025-01-26 16:00:00,22.6,972.1,35,AWS-RAN-102,Ramgarh,RAN,neighbor,False,
2025-01-26 17:00:00,19.6,971.6,43,AWS-RAN-102,Ramgarh,RAN,neighbor,False,
2025-01-26 18:00:00,17.8,971.8,51,AWS-RAN-102,Ramgarh,RAN,neighbor,False,
2025-01-26 19:00:00,16.1,972.7,56,AWS-RAN-102,Ramgarh,RAN,neighbor,False,
2025-01-26 20:00:00,14.4,972.9,61,AWS-RAN-102,Ramgarh,RAN,neighbor,False,
2025-01-26 21:00:00,13.7,973.4,67,AWS-RAN-102,Ramgarh,RAN,neighbor,False,
2025-01-26 22:00:00,12.9,973.3,71,AWS-RAN-102,Ramgarh,RAN,neighbor,False,
2025-01-26 23:00:00,12.2,973.1,74,AWS-RAN-102,Ramgarh,RAN,neighbor,False,
2025-01-27 00:00:00,11.4,972.4,77,AWS-RAN-102,Ramgarh,RAN,neighbor,False,
2025-01-27 01:00:00,10.8,972.1,80,AWS-RAN-102,Ramgarh,RAN,neighbor,False,
2025-01-27 02:00:00,10.3,971.6,82,AWS-RAN-102,Ramgarh,RAN,neighbor,False,
2025-01-27 03:00:00,10.1,971.6,81,AWS-RAN-102,Ramgarh,RAN,neighbor,False,
2025-01-27 04:00:00,9.9,971.6,79,AWS-RAN-102,Ramgarh,RAN,neighbor,False,
2025-01-27 05:00:00,9.5,972.0,80,AWS-RAN-102,Ramgarh,RAN,neighbor,False,
2025-01-27 06:00:00,9.1,972.6,84,AWS-RAN-102,Ramgarh,RAN,neighbor,False,
2025-01-27 07:00:00,10.5,973.5,78,AWS-RAN-102,Ramgarh,RAN,neighbor,False,
2025-01-27 08:00:00,13.8,974.7,66,AWS-RAN-102,Ramgarh,RAN,neighbor,False,
2025-01-27 09:00:00,17.2,975.1,52,AWS-RAN-102,Ramgarh,RAN,neighbor,False,
2025-01-27 10:00:00,19.8,975.0,41,AWS-RAN-102,Ramgarh,RAN,neighbor,False,
2025-01-27 11:00:00,21.7,974.1,35,AWS-RAN-102,Ramgarh,RAN,neighbor,False,
2025-01-27 12:00:00,23.2,972.9,29,AWS-RAN-102,Ramgarh,RAN,neighbor,False,
2025-01-27 13:00:00,24.0,971.9,25,AWS-RAN-102,Ramgarh,RAN,neighbor,False,
2025-01-27 14:00:00,24.0,970.9,24,AWS-RAN-102,Ramgarh,RAN,neighbor,False,
2025-01-27 15:00:00,23.6,970.6,25,AWS-RAN-102,Ramgarh,RAN,neighbor,False,
2025-01-27 16:00:00,22.3,970.5,30,AWS-RAN-102,Ramgarh,RAN,neighbor,False,
2025-01-27 17:00:00,17.9,970.4,43,AWS-RAN-102,Ramgarh,RAN,neighbor,False,
2025-01-27 18:00:00,16.5,970.0,53,AWS-RAN-102,Ramgarh,RAN,neighbor,False,
2025-01-27 19:00:00,14.5,970.7,62,AWS-RAN-102,Ramgarh,RAN,neighbor,False,
2025-01-27 20:00:00,13.3,971.1,68,AWS-RAN-102,Ramgarh,RAN,neighbor,False,
2025-01-27 21:00:00,12.1,971.6,73,AWS-RAN-102,Ramgarh,RAN,neighbor,False,
2025-01-27 22:00:00,11.4,971.8,73,AWS-RAN-102,Ramgarh,RAN,neighbor,False,
2025-01-27 23:00:00,10.8,971.5,71,AWS-RAN-102,Ramgarh,RAN,neighbor,False,
2025-01-28 00:00:00,10.3,971.3,73,AWS-RAN-102,Ramgarh,RAN,neighbor,False,
2025-01-28 01:00:00,10.1,971.0,77,AWS-RAN-102,Ramgarh,RAN,neighbor,False,
2025-01-28 02:00:00,9.7,970.7,82,AWS-RAN-102,Ramgarh,RAN,neighbor,False,
2025-01-28 03:00:00,9.4,970.4,85,AWS-RAN-102,Ramgarh,RAN,neighbor,False,
2025-01-28 04:00:00,9.2,970.4,84,AWS-RAN-102,Ramgarh,RAN,neighbor,False,
2025-01-28 05:00:00,9.0,970.8,82,AWS-RAN-102,Ramgarh,RAN,neighbor,False,
2025-01-28 06:00:00,8.9,972.2,83,AWS-RAN-102,Ramgarh,RAN,neighbor,False,
2025-01-28 07:00:00,10.4,973.7,78,AWS-RAN-102,Ramgarh,RAN,neighbor,False,
2025-01-28 08:00:00,13.7,975.0,67,AWS-RAN-102,Ramgarh,RAN,neighbor,False,
2025-01-28 09:00:00,17.3,976.0,56,AWS-RAN-102,Ramgarh,RAN,neighbor,False,
2025-01-28 10:00:00,19.9,976.1,43,AWS-RAN-102,Ramgarh,RAN,neighbor,False,
2025-01-28 11:00:00,21.6,975.1,36,AWS-RAN-102,Ramgarh,RAN,neighbor,False,
2025-01-28 12:00:00,22.9,974.1,34,AWS-RAN-102,Ramgarh,RAN,neighbor,False,
2025-01-28 13:00:00,23.8,973.1,33,AWS-RAN-102,Ramgarh,RAN,neighbor,False,
2025-01-28 14:00:00,24.3,972.4,31,AWS-RAN-102,Ramgarh,RAN,neighbor,False,
2025-01-28 15:00:00,24.3,972.0,31,AWS-RAN-102,Ramgarh,RAN,neighbor,False,
2025-01-28 16:00:00,23.2,972.1,37,AWS-RAN-102,Ramgarh,RAN,neighbor,False,
2025-01-28 17:00:00,19.2,972.0,47,AWS-RAN-102,Ramgarh,RAN,neighbor,False,
2025-01-28 18:00:00,18.3,972.4,50,AWS-RAN-102,Ramgarh,RAN,neighbor,False,
2025-01-28 19:00:00,15.7,972.9,60,AWS-RAN-102,Ramgarh,RAN,neighbor,False,
2025-01-28 20:00:00,14.4,973.8,66,AWS-RAN-102,Ramgarh,RAN,neighbor,False,
2025-01-28 21:00:00,13.7,974.5,66,AWS-RAN-102,Ramgarh,RAN,neighbor,False,
2025-01-28 22:00:00,12.4,974.9,72,AWS-RAN-102,Ramgarh,RAN,neighbor,False,
2025-01-28 23:00:00,11.4,974.7,78,AWS-RAN-102,Ramgarh,RAN,neighbor,False,
2025-01-29 00:00:00,11.2,974.7,80,AWS-RAN-102,Ramgarh,RAN,neighbor,False,
2025-01-29 01:00:00,10.6,974.4,79,AWS-RAN-102,Ramgarh,RAN,neighbor,False,
2025-01-29 02:00:00,10.3,974.0,77,AWS-RAN-102,Ramgarh,RAN,neighbor,False,
2025-01-29 03:00:00,10.5,973.9,73,AWS-RAN-102,Ramgarh,RAN,neighbor,False,
2025-01-29 04:00:00,10.4,973.8,73,AWS-RAN-102,Ramgarh,RAN,neighbor,False,
2025-01-29 05:00:00,10.5,974.4,72,AWS-RAN-102,Ramgarh,RAN,neighbor,False,
2025-01-29 06:00:00,10.2,975.1,76,AWS-RAN-102,Ramgarh,RAN,neighbor,False,
2025-01-29 07:00:00,12.1,976.4,70,AWS-RAN-102,Ramgarh,RAN,neighbor,False,
2025-01-29 08:00:00,15.5,977.7,60,AWS-RAN-102,Ramgarh,RAN,neighbor,False,
2025-01-29 09:00:00,18.4,978.5,52,AWS-RAN-102,Ramgarh,RAN,neighbor,False,
2025-01-29 10:00:00,20.8,978.5,49,AWS-RAN-102,Ramgarh,RAN,neighbor,False,
2025-01-29 11:00:00,22.6,977.7,46,AWS-RAN-102,Ramgarh,RAN,neighbor,False,
2025-01-29 12:00:00,24.1,976.2,41,AWS-RAN-102,Ramgarh,RAN,neighbor,False,
2025-01-29 13:00:00,25.2,974.8,36,AWS-RAN-102,Ramgarh,RAN,neighbor,False,
2025-01-29 14:00:00,25.8,973.7,31,AWS-RAN-102,Ramgarh,RAN,neighbor,False,
2025-01-29 15:00:00,25.8,973.3,29,AWS-RAN-102,Ramgarh,RAN,neighbor,False,
2025-01-29 16:00:00,24.4,972.7,38,AWS-RAN-102,Ramgarh,RAN,neighbor,False,
2025-01-29 17:00:00,21.3,972.5,41,AWS-RAN-102,Ramgarh,RAN,neighbor,False,
2025-01-29 18:00:00,19.9,972.5,54,AWS-RAN-102,Ramgarh,RAN,neighbor,False,
2025-01-29 19:00:00,18.6,973.1,66,AWS-RAN-102,Ramgarh,RAN,neighbor,False,
2025-01-29 20:00:00,18.3,973.5,68,AWS-RAN-102,Ramgarh,RAN,neighbor,False,
2025-01-29 21:00:00,16.0,973.3,75,AWS-RAN-102,Ramgarh,RAN,neighbor,False,
2025-01-29 22:00:00,14.4,973.4,82,AWS-RAN-102,Ramgarh,RAN,neighbor,False,
2025-01-29 23:00:00,13.7,972.9,89,AWS-RAN-102,Ramgarh,RAN,neighbor,False,
2025-01-30 00:00:00,13.5,972.3,91,AWS-RAN-102,Ramgarh,RAN,neighbor,False,
2025-01-30 01:00:00,13.0,971.7,92,AWS-RAN-102,Ramgarh,RAN,neighbor,False,
2025-01-30 02:00:00,12.5,970.9,94,AWS-RAN-102,Ramgarh,RAN,neighbor,False,
2025-01-30 03:00:00,12.1,970.4,95,AWS-RAN-102,Ramgarh,RAN,neighbor,False,
2025-01-30 04:00:00,11.9,970.0,95,AWS-RAN-102,Ramgarh,RAN,neighbor,False,
2025-01-30 05:00:00,11.7,970.2,95,AWS-RAN-102,Ramgarh,RAN,neighbor,False,
2025-01-30 06:00:00,11.4,971.2,95,AWS-RAN-102,Ramgarh,RAN,neighbor,False,
2025-01-30 07:00:00,13.4,972.3,88,AWS-RAN-102,Ramgarh,RAN,neighbor,False,
2025-01-30 08:00:00,17.1,973.4,72,AWS-RAN-102,Ramgarh,RAN,neighbor,False,
2025-01-30 09:00:00,20.6,974.1,58,AWS-RAN-102,Ramgarh,RAN,neighbor,False,
2025-01-30 10:00:00,23.8,973.9,46,AWS-RAN-102,Ramgarh,RAN,neighbor,False,
2025-01-30 11:00:00,26.6,973.3,36,AWS-RAN-102,Ramgarh,RAN,neighbor,False,
2025-01-30 12:00:00,28.0,971.9,36,AWS-RAN-102,Ramgarh,RAN,neighbor,False,
2025-01-30 13:00:00,28.6,970.7,35,AWS-RAN-102,Ramgarh,RAN,neighbor,False,
2025-01-30 14:00:00,28.8,969.7,32,AWS-RAN-102,Ramgarh,RAN,neighbor,False,
2025-01-30 15:00:00,28.3,969.3,31,AWS-RAN-102,Ramgarh,RAN,neighbor,False,
2025-01-30 16:00:00,26.7,969.2,35,AWS-RAN-102,Ramgarh,RAN,neighbor,False,
2025-01-30 17:00:00,23.4,969.2,42,AWS-RAN-102,Ramgarh,RAN,neighbor,False,
2025-01-30 18:00:00,21.3,969.4,50,AWS-RAN-102,Ramgarh,RAN,neighbor,False,
2025-01-30 19:00:00,19.9,969.9,54,AWS-RAN-102,Ramgarh,RAN,neighbor,False,
2025-01-30 20:00:00,18.1,970.5,62,AWS-RAN-102,Ramgarh,RAN,neighbor,False,
2025-01-30 21:00:00,17.3,970.6,65,AWS-RAN-102,Ramgarh,RAN,neighbor,False,
2025-01-30 22:00:00,16.2,970.6,69,AWS-RAN-102,Ramgarh,RAN,neighbor,False,
2025-01-30 23:00:00,15.2,970.3,75,AWS-RAN-102,Ramgarh,RAN,neighbor,False,
2025-01-31 00:00:00,14.5,969.8,80,AWS-RAN-102,Ramgarh,RAN,neighbor,False,
2025-01-31 01:00:00,14.3,969.6,81,AWS-RAN-102,Ramgarh,RAN,neighbor,False,
2025-01-31 02:00:00,14.3,969.2,81,AWS-RAN-102,Ramgarh,RAN,neighbor,False,
2025-01-31 03:00:00,13.8,969.1,83,AWS-RAN-102,Ramgarh,RAN,neighbor,False,
2025-01-31 04:00:00,13.4,969.2,87,AWS-RAN-102,Ramgarh,RAN,neighbor,False,
2025-01-31 05:00:00,13.1,969.9,89,AWS-RAN-102,Ramgarh,RAN,neighbor,False,
2025-01-31 06:00:00,13.3,970.9,89,AWS-RAN-102,Ramgarh,RAN,neighbor,False,
2025-01-31 07:00:00,15.3,972.2,80,AWS-RAN-102,Ramgarh,RAN,neighbor,False,
2025-01-31 08:00:00,18.8,973.5,68,AWS-RAN-102,Ramgarh,RAN,neighbor,False,
2025-01-31 09:00:00,22.2,974.6,55,AWS-RAN-102,Ramgarh,RAN,neighbor,False,
2025-01-31 10:00:00,25.0,974.6,46,AWS-RAN-102,Ramgarh,RAN,neighbor,False,
2025-01-31 11:00:00,26.8,973.6,40,AWS-RAN-102,Ramgarh,RAN,neighbor,False,
2025-01-31 12:00:00,28.1,972.7,36,AWS-RAN-102,Ramgarh,RAN,neighbor,False,
2025-01-31 13:00:00,29.0,971.7,31,AWS-RAN-102,Ramgarh,RAN,neighbor,False,
2025-01-31 14:00:00,29.4,971.0,29,AWS-RAN-102,Ramgarh,RAN,neighbor,False,
2025-01-31 15:00:00,29.0,970.5,25,AWS-RAN-102,Ramgarh,RAN,neighbor,False,
2025-01-31 16:00:00,27.6,970.5,30,AWS-RAN-102,Ramgarh,RAN,neighbor,False,
2025-01-31 17:00:00,23.2,970.6,41,AWS-RAN-102,Ramgarh,RAN,neighbor,False,
2025-01-31 18:00:00,21.1,971.0,47,AWS-RAN-102,Ramgarh,RAN,neighbor,False,
2025-01-31 19:00:00,19.6,971.3,48,AWS-RAN-102,Ramgarh,RAN,neighbor,False,
2025-01-31 20:00:00,18.3,972.1,55,AWS-RAN-102,Ramgarh,RAN,neighbor,False,
2025-01-31 21:00:00,18.1,973.1,56,AWS-RAN-102,Ramgarh,RAN,neighbor,False,
2025-01-31 22:00:00,17.0,972.8,60,AWS-RAN-102,Ramgarh,RAN,neighbor,False,
2025-01-31 23:00:00,15.9,972.4,68,AWS-RAN-102,Ramgarh,RAN,neighbor,False,
2025-02-01 00:00:00,15.2,972.0,71,AWS-RAN-102,Ramgarh,RAN,neighbor,False,
2025-02-01 01:00:00,14.7,971.5,73,AWS-RAN-102,Ramgarh,RAN,neighbor,False,
2025-02-01 02:00:00,14.1,971.0,76,AWS-RAN-102,Ramgarh,RAN,neighbor,False,
2025-02-01 03:00:00,13.8,970.7,77,AWS-RAN-102,Ramgarh,RAN,neighbor,False,
2025-02-01 04:00:00,13.8,970.7,76,AWS-RAN-102,Ramgarh,RAN,neighbor,False,
2025-02-01 05:00:00,13.5,971.4,77,AWS-RAN-102,Ramgarh,RAN,neighbor,False,
2025-02-01 06:00:00,13.7,972.3,77,AWS-RAN-102,Ramgarh,RAN,neighbor,False,
2025-02-01 07:00:00,15.6,973.5,71,AWS-RAN-102,Ramgarh,RAN,neighbor,False,
2025-02-01 08:00:00,19.2,974.8,61,AWS-RAN-102,Ramgarh,RAN,neighbor,False,
2025-02-01 09:00:00,22.1,976.0,51,AWS-RAN-102,Ramgarh,RAN,neighbor,False,
2025-02-01 10:00:00,24.3,975.8,46,AWS-RAN-102,Ramgarh,RAN,neighbor,False,
2025-02-01 11:00:00,26.2,975.0,43,AWS-RAN-102,Ramgarh,RAN,neighbor,False,
2025-02-01 12:00:00,27.5,973.8,41,AWS-RAN-102,Ramgarh,RAN,neighbor,False,
2025-02-01 13:00:00,28.3,972.7,39,AWS-RAN-102,Ramgarh,RAN,neighbor,False,
2025-02-01 14:00:00,28.7,971.9,37,AWS-RAN-102,Ramgarh,RAN,neighbor,False,
2025-02-01 15:00:00,29.0,971.8,34,AWS-RAN-102,Ramgarh,RAN,neighbor,False,
2025-02-01 16:00:00,28.3,971.8,35,AWS-RAN-102,Ramgarh,RAN,neighbor,False,
2025-02-01 17:00:00,24.6,971.7,46,AWS-RAN-102,Ramgarh,RAN,neighbor,False,
2025-02-01 18:00:00,22.6,971.8,53,AWS-RAN-102,Ramgarh,RAN,neighbor,False,
2025-02-01 19:00:00,21.0,972.7,61,AWS-RAN-102,Ramgarh,RAN,neighbor,False,
2025-02-01 20:00:00,20.0,973.3,65,AWS-RAN-102,Ramgarh,RAN,neighbor,False,
2025-02-01 21:00:00,18.9,973.6,69,AWS-RAN-102,Ramgarh,RAN,neighbor,False,
2025-02-01 22:00:00,17.9,973.3,74,AWS-RAN-102,Ramgarh,RAN,neighbor,False,
2025-02-01 23:00:00,16.9,972.8,79,AWS-RAN-102,Ramgarh,RAN,neighbor,False,
2025-02-02 00:00:00,16.4,972.5,81,AWS-RAN-102,Ramgarh,RAN,neighbor,False,
2025-02-02 01:00:00,16.5,972.1,80,AWS-RAN-102,Ramgarh,RAN,neighbor,False,
2025-02-02 02:00:00,16.4,971.5,80,AWS-RAN-102,Ramgarh,RAN,neighbor,False,
2025-02-02 03:00:00,15.9,971.3,82,AWS-RAN-102,Ramgarh,RAN,neighbor,False,
2025-02-02 04:00:00,15.7,971.2,83,AWS-RAN-102,Ramgarh,RAN,neighbor,False,
2025-02-02 05:00:00,15.4,971.7,85,AWS-RAN-102,Ramgarh,RAN,neighbor,False,
2025-02-02 06:00:00,15.5,973.0,87,AWS-RAN-102,Ramgarh,RAN,neighbor,False,
2025-02-02 07:00:00,17.2,974.3,80,AWS-RAN-102,Ramgarh,RAN,neighbor,False,
2025-02-02 08:00:00,20.0,975.4,69,AWS-RAN-102,Ramgarh,RAN,neighbor,False,
2025-02-02 09:00:00,22.9,976.3,57,AWS-RAN-102,Ramgarh,RAN,neighbor,False,
2025-02-02 10:00:00,25.1,976.1,49,AWS-RAN-102,Ramgarh,RAN,neighbor,False,
2025-02-02 11:00:00,26.8,975.1,44,AWS-RAN-102,Ramgarh,RAN,neighbor,False,
2025-02-02 12:00:00,28.0,974.0,40,AWS-RAN-102,Ramgarh,RAN,neighbor,False,
2025-02-02 13:00:00,29.0,972.9,36,AWS-RAN-102,Ramgarh,RAN,neighbor,False,
2025-02-02 14:00:00,29.5,972.1,35,AWS-RAN-102,Ramgarh,RAN,neighbor,False,
2025-02-02 15:00:00,29.1,971.8,35,AWS-RAN-102,Ramgarh,RAN,neighbor,False,
2025-02-02 16:00:00,28.1,971.8,38,AWS-RAN-102,Ramgarh,RAN,neighbor,False,
2025-02-02 17:00:00,25.1,971.6,47,AWS-RAN-102,Ramgarh,RAN,neighbor,False,
2025-02-02 18:00:00,23.2,971.8,53,AWS-RAN-102,Ramgarh,RAN,neighbor,False,
2025-02-02 19:00:00,20.7,972.1,61,AWS-RAN-102,Ramgarh,RAN,neighbor,False,
2025-02-02 20:00:00,19.6,972.9,67,AWS-RAN-102,Ramgarh,RAN,neighbor,False,
2025-02-02 21:00:00,18.9,973.2,72,AWS-RAN-102,Ramgarh,RAN,neighbor,False,
2025-02-02 22:00:00,18.1,973.3,75,AWS-RAN-102,Ramgarh,RAN,neighbor,False,
2025-02-02 23:00:00,17.4,972.9,78,AWS-RAN-102,Ramgarh,RAN,neighbor,False,
2025-02-03 00:00:00,16.6,972.7,81,AWS-RAN-102,Ramgarh,RAN,neighbor,False,
2025-02-03 01:00:00,15.8,972.4,85,AWS-RAN-102,Ramgarh,RAN,neighbor,False,
2025-02-03 02:00:00,15.1,972.0,89,AWS-RAN-102,Ramgarh,RAN,neighbor,False,
2025-02-03 03:00:00,14.6,971.8,91,AWS-RAN-102,Ramgarh,RAN,neighbor,False,
2025-02-03 04:00:00,14.4,971.9,91,AWS-RAN-102,Ramgarh,RAN,neighbor,False,
2025-02-03 05:00:00,14.3,972.3,91,AWS-RAN-102,Ramgarh,RAN,neighbor,False,
2025-02-03 06:00:00,14.3,973.6,92,AWS-RAN-102,Ramgarh,RAN,neighbor,False,
2025-02-03 07:00:00,15.9,974.6,85,AWS-RAN-102,Ramgarh,RAN,neighbor,False,
2025-02-03 08:00:00,19.2,975.8,72,AWS-RAN-102,Ramgarh,RAN,neighbor,False,
2025-02-03 09:00:00,22.4,976.8,57,AWS-RAN-102,Ramgarh,RAN,neighbor,False,
2025-02-03 10:00:00,24.4,976.8,48,AWS-RAN-102,Ramgarh,RAN,neighbor,False,
2025-02-03 11:00:00,25.8,975.7,43,AWS-RAN-102,Ramgarh,RAN,neighbor,False,
2025-02-03 12:00:00,27.0,974.5,39,AWS-RAN-102,Ramgarh,RAN,neighbor,False,
2025-02-03 13:00:00,27.8,973.4,38,AWS-RAN-102,Ramgarh,RAN,neighbor,False,
2025-02-03 14:00:00,28.1,972.7,37,AWS-RAN-102,Ramgarh,RAN,neighbor,False,
2025-02-03 15:00:00,28.1,972.6,36,AWS-RAN-102,Ramgarh,RAN,neighbor,False,
2025-02-03 16:00:00,27.2,972.6,38,AWS-RAN-102,Ramgarh,RAN,neighbor,False,
2025-02-03 17:00:00,23.2,972.7,51,AWS-RAN-102,Ramgarh,RAN,neighbor,False,
2025-02-03 18:00:00,21.1,973.4,58,AWS-RAN-102,Ramgarh,RAN,neighbor,False,
2025-02-03 19:00:00,19.5,974.3,65,AWS-RAN-102,Ramgarh,RAN,neighbor,False,
2025-02-03 20:00:00,18.2,975.1,70,AWS-RAN-102,Ramgarh,RAN,neighbor,False,
2025-02-03 21:00:00,17.2,975.5,75,AWS-RAN-102,Ramgarh,RAN,neighbor,False,
2025-02-03 22:00:00,16.5,975.4,77,AWS-RAN-102,Ramgarh,RAN,neighbor,False,
2025-02-03 23:00:00,15.9,975.3,80,AWS-RAN-102,Ramgarh,RAN,neighbor,False,
2025-02-04 00:00:00,15.3,975.0,82,AWS-RAN-102,Ramgarh,RAN,neighbor,False,
2025-02-04 01:00:00,14.8,974.5,84,AWS-RAN-102,Ramgarh,RAN,neighbor,False,
2025-02-04 02:00:00,14.4,973.7,85,AWS-RAN-102,Ramgarh,RAN,neighbor,False,
2025-02-04 03:00:00,13.8,973.3,88,AWS-RAN-102,Ramgarh,RAN,neighbor,False,
2025-02-04 04:00:00,13.7,973.0,88,AWS-RAN-102,Ramgarh,RAN,neighbor,False,
2025-02-04 05:00:00,13.2,973.2,91,AWS-RAN-102,Ramgarh,RAN,neighbor,False,
2025-02-04 06:00:00,13.4,974.2,91,AWS-RAN-102,Ramgarh,RAN,neighbor,False,
2025-02-04 07:00:00,15.1,975.1,82,AWS-RAN-102,Ramgarh,RAN,neighbor,False,
2025-02-04 08:00:00,18.6,976.2,68,AWS-RAN-102,Ramgarh,RAN,neighbor,False,
2025-02-04 09:00:00,22.0,976.8,54,AWS-RAN-102,Ramgarh,RAN,neighbor,False,
2025-02-04 10:00:00,24.7,976.8,43,AWS-RAN-102,Ramgarh,RAN,neighbor,False,
2025-02-04 11:00:00,26.8,975.9,37,AWS-RAN-102,Ramgarh,RAN,neighbor,False,
2025-02-04 12:00:00,28.2,974.7,34,AWS-RAN-102,Ramgarh,RAN,neighbor,False,
2025-02-04 13:00:00,29.1,973.6,32,AWS-RAN-102,Ramgarh,RAN,neighbor,False,
2025-02-04 14:00:00,29.2,972.8,29,AWS-RAN-102,Ramgarh,RAN,neighbor,False,
2025-02-04 15:00:00,28.6,972.4,30,AWS-RAN-102,Ramgarh,RAN,neighbor,False,
2025-02-04 16:00:00,27.2,972.4,35,AWS-RAN-102,Ramgarh,RAN,neighbor,False,
2025-02-04 17:00:00,23.6,972.3,45,AWS-RAN-102,Ramgarh,RAN,neighbor,False,
2025-02-04 18:00:00,21.7,972.2,51,AWS-RAN-102,Ramgarh,RAN,neighbor,False,
2025-02-04 19:00:00,20.2,972.6,55,AWS-RAN-102,Ramgarh,RAN,neighbor,False,
2025-02-04 20:00:00,19.3,973.0,59,AWS-RAN-102,Ramgarh,RAN,neighbor,False,
2025-02-04 21:00:00,18.5,973.0,63,AWS-RAN-102,Ramgarh,RAN,neighbor,False,
2025-02-04 22:00:00,17.5,972.7,68,AWS-RAN-102,Ramgarh,RAN,neighbor,False,
2025-02-04 23:00:00,16.5,972.1,74,AWS-RAN-102,Ramgarh,RAN,neighbor,False,
2025-02-05 00:00:00,15.9,971.9,78,AWS-RAN-102,Ramgarh,RAN,neighbor,False,
2025-02-05 01:00:00,15.6,971.6,80,AWS-RAN-102,Ramgarh,RAN,neighbor,False,
2025-02-05 02:00:00,15.5,971.2,82,AWS-RAN-102,Ramgarh,RAN,neighbor,False,
2025-02-05 03:00:00,15.3,971.1,83,AWS-RAN-102,Ramgarh,RAN,neighbor,False,
2025-02-05 04:00:00,15.2,971.1,82,AWS-RAN-102,Ramgarh,RAN,neighbor,False,
2025-02-05 05:00:00,15.2,971.6,81,AWS-RAN-102,Ramgarh,RAN,neighbor,False,
2025-02-05 06:00:00,14.7,972.1,83,AWS-RAN-102,Ramgarh,RAN,neighbor,False,
2025-02-05 07:00:00,16.4,973.0,76,AWS-RAN-102,Ramgarh,RAN,neighbor,False,
2025-02-05 08:00:00,19.8,974.0,63,AWS-RAN-102,Ramgarh,RAN,neighbor,False,
2025-02-05 09:00:00,23.6,975.0,50,AWS-RAN-102,Ramgarh,RAN,neighbor,False,
2025-02-05 10:00:00,26.8,974.7,41,AWS-RAN-102,Ramgarh,RAN,neighbor,False,
2025-02-05 11:00:00,29.1,973.8,37,AWS-RAN-102,Ramgarh,RAN,neighbor,False,
2025-02-05 12:00:00,30.6,972.6,34,AWS-RAN-102,Ramgarh,RAN,neighbor,False,
2025-02-05 13:00:00,31.2,971.5,32,AWS-RAN-102,Ramgarh,RAN,neighbor,False,
2025-02-05 14:00:00,31.4,970.6,31,AWS-RAN-102,Ramgarh,RAN,neighbor,False,
2025-02-05 15:00:00,30.8,970.5,31,AWS-RAN-102,Ramgarh,RAN,neighbor,False,
2025-02-05 16:00:00,29.4,970.2,36,AWS-RAN-102,Ramgarh,RAN,neighbor,False,
2025-02-05 17:00:00,26.3,970.5,44,AWS-RAN-102,Ramgarh,RAN,neighbor,False,
2025-02-05 18:00:00,24.4,970.9,51,AWS-RAN-102,Ramgarh,RAN,neighbor,False,
2025-02-05 19:00:00,22.8,971.8,58,AWS-RAN-102,Ramgarh,RAN,neighbor,False,
2025-02-05 20:00:00,21.0,972.5,66,AWS-RAN-102,Ramgarh,RAN,neighbor,False,
2025-02-05 21:00:00,20.1,972.8,71,AWS-RAN-102,Ramgarh,RAN,neighbor,False,
2025-02-05 22:00:00,19.6,973.2,72,AWS-RAN-102,Ramgarh,RAN,neighbor,False,
2025-02-05 23:00:00,19.3,973.1,72,AWS-RAN-102,Ramgarh,RAN,neighbor,False,
2025-02-06 00:00:00,18.8,973.0,74,AWS-RAN-102,Ramgarh,RAN,neighbor,False,
2025-02-06 01:00:00,18.4,972.6,77,AWS-RAN-102,Ramgarh,RAN,neighbor,False,
2025-02-06 02:00:00,18.0,972.3,78,AWS-RAN-102,Ramgarh,RAN,neighbor,False,
2025-02-06 03:00:00,17.8,972.1,78,AWS-RAN-102,Ramgarh,RAN,neighbor,False,
2025-02-06 04:00:00,17.5,972.1,79,AWS-RAN-102,Ramgarh,RAN,neighbor,False,
2025-02-06 05:00:00,17.1,972.7,81,AWS-RAN-102,Ramgarh,RAN,neighbor,False,
2025-02-06 06:00:00,16.8,973.7,85,AWS-RAN-102,Ramgarh,RAN,neighbor,False,
2025-02-06 07:00:00,17.9,974.7,81,AWS-RAN-102,Ramgarh,RAN,neighbor,False,
2025-02-06 08:00:00,19.9,975.4,71,AWS-RAN-102,Ramgarh,RAN,neighbor,False,
2025-02-06 09:00:00,21.9,976.0,64,AWS-RAN-102,Ramgarh,RAN,neighbor,False,
2025-02-06 10:00:00,23.9,975.5,56,AWS-RAN-102,Ramgarh,RAN,neighbor,False,
2025-02-06 11:00:00,25.8,975.1,47,AWS-RAN-102,Ramgarh,RAN,neighbor,False,
2025-02-06 12:00:00,27.0,974.1,38,AWS-RAN-102,Ramgarh,RAN,neighbor,False,
2025-02-06 13:00:00,27.5,973.1,33,AWS-RAN-102,Ramgarh,RAN,neighbor,False,
2025-02-06 14:00:00,27.6,972.5,26,AWS-RAN-102,Ramgarh,RAN,neighbor,False,
2025-02-06 15:00:00,26.9,972.1,22,AWS-RAN-102,Ramgarh,RAN,neighbor,False,
2025-02-06 16:00:00,25.6,972.1,23,AWS-RAN-102,Ramgarh,RAN,neighbor,False,
2025-02-06 17:00:00,22.7,972.4,26,AWS-RAN-102,Ramgarh,RAN,neighbor,False,
2025-02-06 18:00:00,20.6,973.1,29,AWS-RAN-102,Ramgarh,RAN,neighbor,False,
2025-02-06 19:00:00,18.6,973.8,35,AWS-RAN-102,Ramgarh,RAN,neighbor,False,
2025-02-06 20:00:00,17.2,974.3,38,AWS-RAN-102,Ramgarh,RAN,neighbor,False,
2025-02-06 21:00:00,16.2,974.4,38,AWS-RAN-102,Ramgarh,RAN,neighbor,False,
2025-02-06 22:00:00,15.6,974.5,37,AWS-RAN-102,Ramgarh,RAN,neighbor,False,
2025-02-06 23:00:00,15.0,974.5,36,AWS-RAN-102,Ramgarh,RAN,neighbor,False,
2025-02-07 00:00:00,14.3,974.0,37,AWS-RAN-102,Ramgarh,RAN,neighbor,False,
2025-02-07 01:00:00,13.8,973.6,39,AWS-RAN-102,Ramgarh,RAN,neighbor,False,
2025-02-07 02:00:00,13.3,973.1,42,AWS-RAN-102,Ramgarh,RAN,neighbor,False,
2025-02-07 03:00:00,12.8,973.0,45,AWS-RAN-102,Ramgarh,RAN,neighbor,False,
2025-02-07 04:00:00,12.5,973.0,47,AWS-RAN-102,Ramgarh,RAN,neighbor,False,
2025-02-07 05:00:00,12.3,973.5,49,AWS-RAN-102,Ramgarh,RAN,neighbor,False,
2025-02-07 06:00:00,12.1,974.5,58,AWS-RAN-102,Ramgarh,RAN,neighbor,False,
2025-02-07 07:00:00,13.4,975.5,57,AWS-RAN-102,Ramgarh,RAN,neighbor,False,
2025-02-07 08:00:00,16.0,976.7,51,AWS-RAN-102,Ramgarh,RAN,neighbor,False,
2025-02-07 09:00:00,18.7,977.5,43,AWS-RAN-102,Ramgarh,RAN,neighbor,False,
2025-02-07 10:00:00,21.2,977.3,37,AWS-RAN-102,Ramgarh,RAN,neighbor,False,
2025-02-07 11:00:00,23.3,976.5,31,AWS-RAN-102,Ramgarh,RAN,neighbor,False,
2025-02-07 12:00:00,24.9,975.4,26,AWS-RAN-102,Ramgarh,RAN,neighbor,False,
2025-02-07 13:00:00,26.0,974.7,22,AWS-RAN-102,Ramgarh,RAN,neighbor,False,
2025-02-07 14:00:00,26.4,973.8,19,AWS-RAN-102,Ramgarh,RAN,neighbor,False,
2025-02-07 15:00:00,26.0,973.5,18,AWS-RAN-102,Ramgarh,RAN,neighbor,False,
2025-02-07 16:00:00,24.6,973.5,22,AWS-RAN-102,Ramgarh,RAN,neighbor,False,
2025-02-07 17:00:00,21.2,973.2,29,AWS-RAN-102,Ramgarh,RAN,neighbor,False,
2025-02-07 18:00:00,19.4,973.7,34,AWS-RAN-102,Ramgarh,RAN,neighbor,False,
2025-02-07 19:00:00,18.2,974.5,34,AWS-RAN-102,Ramgarh,RAN,neighbor,False,
2025-02-07 20:00:00,17.0,974.9,38,AWS-RAN-102,Ramgarh,RAN,neighbor,False,
2025-02-07 21:00:00,15.8,975.1,44,AWS-RAN-102,Ramgarh,RAN,neighbor,False,
2025-02-07 22:00:00,15.0,975.4,47,AWS-RAN-102,Ramgarh,RAN,neighbor,False,
2025-02-07 23:00:00,14.1,975.1,49,AWS-RAN-102,Ramgarh,RAN,neighbor,False,
2025-02-08 00:00:00,13.1,974.4,53,AWS-RAN-102,Ramgarh,RAN,neighbor,False,
2025-02-08 01:00:00,12.3,973.7,57,AWS-RAN-102,Ramgarh,RAN,neighbor,False,
2025-02-08 02:00:00,11.7,973.2,60,AWS-RAN-102,Ramgarh,RAN,neighbor,False,
2025-02-08 03:00:00,11.2,973.3,62,AWS-RAN-102,Ramgarh,RAN,neighbor,False,
2025-02-08 04:00:00,10.9,973.3,63,AWS-RAN-102,Ramgarh,RAN,neighbor,False,
2025-02-08 05:00:00,10.8,973.8,63,AWS-RAN-102,Ramgarh,RAN,neighbor,False,
2025-02-08 06:00:00,10.7,974.9,67,AWS-RAN-102,Ramgarh,RAN,neighbor,False,
2025-02-08 07:00:00,12.5,976.1,63,AWS-RAN-102,Ramgarh,RAN,neighbor,False,
2025-02-08 08:00:00,15.7,977.1,53,AWS-RAN-102,Ramgarh,RAN,neighbor,False,
2025-02-08 09:00:00,18.8,978.0,42,AWS-RAN-102,Ramgarh,RAN,neighbor,False,
2025-02-08 10:00:00,21.1,977.9,35,AWS-RAN-102,Ramgarh,RAN,neighbor,False,
2025-02-08 11:00:00,22.8,977.1,29,AWS-RAN-102,Ramgarh,RAN,neighbor,False,
2025-02-08 12:00:00,24.2,976.1,26,AWS-RAN-102,Ramgarh,RAN,neighbor,False,
2025-02-08 13:00:00,24.9,974.9,25,AWS-RAN-102,Ramgarh,RAN,neighbor,False,
2025-02-08 14:00:00,25.3,973.8,24,AWS-RAN-102,Ramgarh,RAN,neighbor,False,
2025-02-08 15:00:00,25.3,973.4,23,AWS-RAN-102,Ramgarh,RAN,neighbor,False,
2025-02-08 16:00:00,24.4,973.2,25,AWS-RAN-102,Ramgarh,RAN,neighbor,False,
2025-02-08 17:00:00,21.1,973.2,30,AWS-RAN-102,Ramgarh,RAN,neighbor,False,
2025-02-08 18:00:00,19.2,973.6,34,AWS-RAN-102,Ramgarh,RAN,neighbor,False,
2025-02-08 19:00:00,17.2,974.3,42,AWS-RAN-102,Ramgarh,RAN,neighbor,False,
2025-02-08 20:00:00,15.4,974.8,51,AWS-RAN-102,Ramgarh,RAN,neighbor,False,
2025-02-08 21:00:00,14.3,975.0,55,AWS-RAN-102,Ramgarh,RAN,neighbor,False,
2025-02-08 22:00:00,13.2,975.3,57,AWS-RAN-102,Ramgarh,RAN,neighbor,False,
2025-02-08 23:00:00,12.5,975.1,56,AWS-RAN-102,Ramgarh,RAN,neighbor,False,
2025-02-09 00:00:00,11.7,974.6,60,AWS-RAN-102,Ramgarh,RAN,neighbor,False,
2025-02-09 01:00:00,11.1,973.9,62,AWS-RAN-102,Ramgarh,RAN,neighbor,False,
2025-02-09 02:00:00,10.8,973.3,61,AWS-RAN-102,Ramgarh,RAN,neighbor,False,
2025-02-09 03:00:00,10.7,973.0,60,AWS-RAN-102,Ramgarh,RAN,neighbor,False,
2025-02-09 04:00:00,10.4,973.0,63,AWS-RAN-102,Ramgarh,RAN,neighbor,False,
2025-02-09 05:00:00,10.1,973.3,66,AWS-RAN-102,Ramgarh,RAN,neighbor,False,
2025-02-09 06:00:00,10.1,974.1,73,AWS-RAN-102,Ramgarh,RAN,neighbor,False,
2025-02-09 07:00:00,12.0,975.1,67,AWS-RAN-102,Ramgarh,RAN,neighbor,False,
2025-02-09 08:00:00,15.8,976.3,56,AWS-RAN-102,Ramgarh,RAN,neighbor,False,
2025-02-09 09:00:00,19.6,977.1,40,AWS-RAN-102,Ramgarh,RAN,neighbor,False,
2025-02-09 10:00:00,22.6,976.8,31,AWS-RAN-102,Ramgarh,RAN,neighbor,False,
2025-02-09 11:00:00,24.5,975.9,28,AWS-RAN-102,Ramgarh,RAN,neighbor,False,
2025-02-09 12:00:00,25.8,974.6,27,AWS-RAN-102,Ramgarh,RAN,neighbor,False,
2025-02-09 13:00:00,26.9,973.5,25,AWS-RAN-102,Ramgarh,RAN,neighbor,False,
2025-02-09 14:00:00,27.3,972.7,23,AWS-RAN-102,Ramgarh,RAN,neighbor,False,
2025-02-09 15:00:00,27.1,972.3,23,AWS-RAN-102,Ramgarh,RAN,neighbor,False,
2025-02-09 16:00:00,26.0,972.4,27,AWS-RAN-102,Ramgarh,RAN,neighbor,False,
2025-02-09 17:00:00,21.8,972.2,37,AWS-RAN-102,Ramgarh,RAN,neighbor,False,
2025-02-09 18:00:00,20.6,972.6,39,AWS-RAN-102,Ramgarh,RAN,neighbor,False,
2025-02-09 19:00:00,18.8,973.2,42,AWS-RAN-102,Ramgarh,RAN,neighbor,False,
2025-02-09 20:00:00,16.6,973.6,51,AWS-RAN-102,Ramgarh,RAN,neighbor,False,
2025-02-09 21:00:00,15.4,974.2,56,AWS-RAN-102,Ramgarh,RAN,neighbor,False,
2025-02-09 22:00:00,14.5,974.3,58,AWS-RAN-102,Ramgarh,RAN,neighbor,False,
2025-02-09 23:00:00,13.8,973.9,62,AWS-RAN-102,Ramgarh,RAN,neighbor,False,
2025-02-10 00:00:00,13.5,973.4,65,AWS-RAN-102,Ramgarh,RAN,neighbor,False,
2025-02-10 01:00:00,12.9,972.8,67,AWS-RAN-102,Ramgarh,RAN,neighbor,False,
2025-02-10 02:00:00,12.4,972.4,68,AWS-RAN-102,Ramgarh,RAN,neighbor,False,
2025-02-10 03:00:00,11.7,972.1,71,AWS-RAN-102,Ramgarh,RAN,neighbor,False,
2025-02-10 04:00:00,11.4,972.1,70,AWS-RAN-102,Ramgarh,RAN,neighbor,False,
2025-02-10 05:00:00,11.2,972.7,69,AWS-RAN-102,Ramgarh,RAN,neighbor,False,
2025-02-10 06:00:00,11.7,974.0,71,AWS-RAN-102,Ramgarh,RAN,neighbor,False,
2025-02-10 07:00:00,13.7,975.0,66,AWS-RAN-102,Ramgarh,RAN,neighbor,False,
2025-02-10 08:00:00,17.4,976.2,57,AWS-RAN-102,Ramgarh,RAN,neighbor,False,
2025-02-10 09:00:00,21.7,977.3,44,AWS-RAN-102,Ramgarh,RAN,neighbor,False,
2025-02-10 10:00:00,24.7,977.2,34,AWS-RAN-102,Ramgarh,RAN,neighbor,False,
2025-02-10 11:00:00,26.7,976.6,28,AWS-RAN-102,Ramgarh,RAN,neighbor,False,
2025-02-10 12:00:00,28.1,975.4,24,AWS-RAN-102,Ramgarh,RAN,neighbor,False,
2025-02-10 13:00:00,28.8,974.3,22,AWS-RAN-102,Ramgarh,RAN,neighbor,False,
2025-02-10 14:00:00,28.9,973.2,21,AWS-RAN-102,Ramgarh,RAN,neighbor,False,
2025-02-10 15:00:00,28.5,972.9,22,AWS-RAN-102,Ramgarh,RAN,neighbor,False,
2025-02-10 16:00:00,27.3,972.8,26,AWS-RAN-102,Ramgarh,RAN,neighbor,False,
2025-02-10 17:00:00,23.7,972.4,34,AWS-RAN-102,Ramgarh,RAN,neighbor,False,
2025-02-10 18:00:00,21.6,972.5,37,AWS-RAN-102,Ramgarh,RAN,neighbor,False,
2025-02-10 19:00:00,20.0,973.2,40,AWS-RAN-102,Ramgarh,RAN,neighbor,False,
2025-02-10 20:00:00,18.0,973.6,49,AWS-RAN-102,Ramgarh,RAN,neighbor,False,
2025-02-10 21:00:00,17.1,974.0,54,AWS-RAN-102,Ramgarh,RAN,neighbor,False,
2025-02-10 22:00:00,16.2,974.0,59,AWS-RAN-102,Ramgarh,RAN,neighbor,False,
2025-02-10 23:00:00,15.6,973.7,62,AWS-RAN-102,Ramgarh,RAN,neighbor,False,
2025-02-11 00:00:00,15.1,973.2,65,AWS-RAN-102,Ramgarh,RAN,neighbor,False,
2025-02-11 01:00:00,14.9,972.4,66,AWS-RAN-102,Ramgarh,RAN,neighbor,False,
2025-02-11 02:00:00,14.5,971.8,67,AWS-RAN-102,Ramgarh,RAN,neighbor,False,
2025-02-11 03:00:00,14.2,971.4,68,AWS-RAN-102,Ramgarh,RAN,neighbor,False,
2025-02-11 04:00:00,13.8,971.4,70,AWS-RAN-102,Ramgarh,RAN,neighbor,False,
2025-02-11 05:00:00,13.4,971.9,73,AWS-RAN-102,Ramgarh,RAN,neighbor,False,
2025-02-11 06:00:00,13.4,972.8,78,AWS-RAN-102,Ramgarh,RAN,neighbor,False,
2025-02-11 07:00:00,15.6,973.8,68,AWS-RAN-102,Ramgarh,RAN,neighbor,False,
2025-02-11 08:00:00,19.4,975.1,56,AWS-RAN-102,Ramgarh,RAN,neighbor,False,
2025-02-11 09:00:00,23.1,976.0,44,AWS-RAN-102,Ramgarh,RAN,neighbor,False,
2025-02-11 10:00:00,26.1,976.0,37,AWS-RAN-102,Ramgarh,RAN,neighbor,False,
2025-02-11 11:00:00,27.7,975.3,32,AWS-RAN-102,Ramgarh,RAN,neighbor,False,
2025-02-11 12:00:00,28.6,974.3,27,AWS-RAN-102,Ramgarh,RAN,neighbor,False,
2025-02-11 13:00:00,29.2,973.3,24,AWS-RAN-102,Ramgarh,RAN,neighbor,False,
2025-02-11 14:00:00,29.1,972.4,23,AWS-RAN-102,Ramgarh,RAN,neighbor,False,
2025-02-11 15:00:00,28.8,971.8,21,AWS-RAN-102,Ramgarh,RAN,neighbor,False,
2025-02-11 16:00:00,27.7,971.7,24,AWS-RAN-102,Ramgarh,RAN,neighbor,False,
2025-02-11 17:00:00,24.3,971.5,31,AWS-RAN-102,Ramgarh,RAN,neighbor,False,
2025-02-11 18:00:00,22.7,972.0,35,AWS-RAN-102,Ramgarh,RAN,neighbor,False,
2025-02-11 19:00:00,21.1,972.5,40,AWS-RAN-102,Ramgarh,RAN,neighbor,False,
2025-02-11 20:00:00,19.3,972.9,47,AWS-RAN-102,Ramgarh,RAN,neighbor,False,
2025-02-11 21:00:00,18.5,973.1,50,AWS-RAN-102,Ramgarh,RAN,neighbor,False,
2025-02-11 22:00:00,17.8,973.2,53,AWS-RAN-102,Ramgarh,RAN,neighbor,False,
2025-02-11 23:00:00,17.3,973.1,55,AWS-RAN-102,Ramgarh,RAN,neighbor,False,
2025-02-12 00:00:00,16.7,972.8,55,AWS-RAN-102,Ramgarh,RAN,neighbor,False,
2025-02-12 01:00:00,15.8,972.1,58,AWS-RAN-102,Ramgarh,RAN,neighbor,False,
2025-02-12 02:00:00,15.0,971.5,62,AWS-RAN-102,Ramgarh,RAN,neighbor,False,
2025-02-12 03:00:00,14.8,971.3,63,AWS-RAN-102,Ramgarh,RAN,neighbor,False,
2025-02-12 04:00:00,14.4,971.2,65,AWS-RAN-102,Ramgarh,RAN,neighbor,False,
2025-02-12 05:00:00,13.8,971.8,69,AWS-RAN-102,Ramgarh,RAN,neighbor,False,
2025-02-12 06:00:00,13.5,972.7,75,AWS-RAN-102,Ramgarh,RAN,neighbor,False,
2025-02-12 07:00:00,15.8,973.7,67,AWS-RAN-102,Ramgarh,RAN,neighbor,False,
2025-02-12 08:00:00,19.6,975.2,56,AWS-RAN-102,Ramgarh,RAN,neighbor,False,
2025-02-12 09:00:00,23.3,976.2,43,AWS-RAN-102,Ramgarh,RAN,neighbor,False,
2025-02-12 10:00:00,26.2,976.2,34,AWS-RAN-102,Ramgarh,RAN,neighbor,False,
2025-02-12 11:00:00,28.1,975.3,30,AWS-RAN-102,Ramgarh,RAN,neighbor,False,
2025-02-12 12:00:00,29.2,974.2,26,AWS-RAN-102,Ramgarh,RAN,neighbor,False,
2025-02-12 13:00:00,29.7,972.9,24,AWS-RAN-102,Ramgarh,RAN,neighbor,False,
2025-02-12 14:00:00,29.6,971.8,23,AWS-RAN-102,Ramgarh,RAN,neighbor,False,
2025-02-12 15:00:00,29.1,971.4,22,AWS-RAN-102,Ramgarh,RAN,neighbor,False,
2025-02-12 16:00:00,27.9,971.4,26,AWS-RAN-102,Ramgarh,RAN,neighbor,False,
2025-02-12 17:00:00,24.6,971.2,31,AWS-RAN-102,Ramgarh,RAN,neighbor,False,
2025-02-12 18:00:00,23.2,971.8,32,AWS-RAN-102,Ramgarh,RAN,neighbor,False,
2025-02-12 19:00:00,22.1,972.2,35,AWS-RAN-102,Ramgarh,RAN,neighbor,False,
2025-02-12 20:00:00,19.5,972.7,45,AWS-RAN-102,Ramgarh,RAN,neighbor,False,
2025-02-12 21:00:00,18.8,973.3,49,AWS-RAN-102,Ramgarh,RAN,neighbor,False,
2025-02-12 22:00:00,18.3,973.4,51,AWS-RAN-102,Ramgarh,RAN,neighbor,False,
2025-02-12 23:00:00,17.5,973.2,54,AWS-RAN-102,Ramgarh,RAN,neighbor,False,
2025-02-13 00:00:00,16.1,972.6,61,AWS-RAN-102,Ramgarh,RAN,neighbor,False,
2025-02-13 01:00:00,14.9,972.2,68,AWS-RAN-102,Ramgarh,RAN,neighbor,False,
2025-02-13 02:00:00,14.6,971.6,69,AWS-RAN-102,Ramgarh,RAN,neighbor,False,
2025-02-13 03:00:00,14.2,971.1,70,AWS-RAN-102,Ramgarh,RAN,neighbor,False,
2025-02-13 04:00:00,13.7,971.2,74,AWS-RAN-102,Ramgarh,RAN,neighbor,False,
2025-02-13 05:00:00,13.6,971.7,74,AWS-RAN-102,Ramgarh,RAN,neighbor,False,
2025-02-13 06:00:00,14.3,972.9,72,AWS-RAN-102,Ramgarh,RAN,neighbor,False,
2025-02-13 07:00:00,16.4,974.0,64,AWS-RAN-102,Ramgarh,RAN,neighbor,False,
2025-02-13 08:00:00,19.6,975.1,55,AWS-RAN-102,Ramgarh,RAN,neighbor,False,
2025-02-13 09:00:00,22.2,976.0,46,AWS-RAN-102,Ramgarh,RAN,neighbor,False,
2025-02-13 10:00:00,23.7,975.7,37,AWS-RAN-102,Ramgarh,RAN,neighbor,False,
2025-02-13 11:00:00,25.1,974.8,31,AWS-RAN-102,Ramgarh,RAN,neighbor,False,
2025-02-13 12:00:00,26.1,973.5,25,AWS-RAN-102,Ramgarh,RAN,neighbor,False,
2025-02-13 13:00:00,26.8,972.6,21,AWS-RAN-102,Ramgarh,RAN,neighbor,False,
2025-02-13 14:00:00,27.0,971.7,17,AWS-RAN-102,Ramgarh,RAN,neighbor,False,
2025-02-13 15:00:00,26.5,971.1,16,AWS-RAN-102,Ramgarh,RAN,neighbor,False,
2025-02-13 16:00:00,25.2,971.1,19,AWS-RAN-102,Ramgarh,RAN,neighbor,False,
2025-02-13 17:00:00,22.3,971.3,24,AWS-RAN-102,Ramgarh,RAN,neighbor,False,
2025-02-13 18:00:00,19.9,971.7,33,AWS-RAN-102,Ramgarh,RAN,neighbor,False,
2025-02-13 19:00:00,18.6,972.6,36,AWS-RAN-102,Ramgarh,RAN,neighbor,False,
2025-02-13 20:00:00,17.3,973.2,42,AWS-RAN-102,Ramgarh,RAN,neighbor,False,
2025-02-13 21:00:00,16.5,973.5,45,AWS-RAN-102,Ramgarh,RAN,neighbor,False,
2025-02-13 22:00:00,16.0,973.8,47,AWS-RAN-102,Ramgarh,RAN,neighbor,False,
2025-02-13 23:00:00,15.2,973.6,50,AWS-RAN-102,Ramgarh,RAN,neighbor,False,
2025-02-14 00:00:00,14.7,973.4,52,AWS-RAN-102,Ramgarh,RAN,neighbor,False,
2025-02-14 01:00:00,14.4,972.4,52,AWS-RAN-102,Ramgarh,RAN,neighbor,False,
2025-02-14 02:00:00,14.1,971.5,52,AWS-RAN-102,Ramgarh,RAN,neighbor,False,
2025-02-14 03:00:00,13.5,971.5,55,AWS-RAN-102,Ramgarh,RAN,neighbor,False,
2025-02-14 04:00:00,13.2,971.0,58,AWS-RAN-102,Ramgarh,RAN,neighbor,False,
2025-02-14 05:00:00,13.0,971.2,61,AWS-RAN-102,Ramgarh,RAN,neighbor,False,
2025-02-14 06:00:00,12.4,972.8,68,AWS-RAN-102,Ramgarh,RAN,neighbor,False,
2025-02-14 07:00:00,14.3,973.9,61,AWS-RAN-102,Ramgarh,RAN,neighbor,False,
2025-02-14 08:00:00,17.5,975.1,51,AWS-RAN-102,Ramgarh,RAN,neighbor,False,
2025-02-14 09:00:00,20.8,975.6,41,AWS-RAN-102,Ramgarh,RAN,neighbor,False,
2025-02-14 10:00:00,23.4,975.5,29,AWS-RAN-102,Ramgarh,RAN,neighbor,False,
2025-02-14 11:00:00,25.0,974.4,20,AWS-RAN-102,Ramgarh,RAN,neighbor,False,
2025-02-14 12:00:00,25.9,973.0,18,AWS-RAN-102,Ramgarh,RAN,neighbor,False,
2025-02-14 13:00:00,26.6,971.8,16,AWS-RAN-102,Ramgarh,RAN,neighbor,False,
2025-02-14 14:00:00,26.8,971.0,16,AWS-RAN-102,Ramgarh,RAN,neighbor,False,
2025-02-14 15:00:00,26.5,970.7,16,AWS-RAN-102,Ramgarh,RAN,neighbor,False,
2025-02-14 16:00:00,25.3,970.7,20,AWS-RAN-102,Ramgarh,RAN,neighbor,False,
2025-02-14 17:00:00,22.6,971.0,26,AWS-RAN-102,Ramgarh,RAN,neighbor,False,
2025-02-14 18:00:00,20.5,971.3,32,AWS-RAN-102,Ramgarh,RAN,neighbor,False,
2025-02-14 19:00:00,19.2,971.8,36,AWS-RAN-102,Ramgarh,RAN,neighbor,False,
2025-02-14 20:00:00,18.0,972.6,39,AWS-RAN-102,Ramgarh,RAN,neighbor,False,
2025-02-14 21:00:00,16.6,973.0,44,AWS-RAN-102,Ramgarh,RAN,neighbor,False,
2025-02-14 22:00:00,15.1,973.0,50,AWS-RAN-102,Ramgarh,RAN,neighbor,False,
2025-02-14 23:00:00,14.2,972.6,55,AWS-RAN-102,Ramgarh,RAN,neighbor,False,
2025-02-15 00:00:00,13.9,972.2,57,AWS-RAN-102,Ramgarh,RAN,neighbor,False,
2025-02-15 01:00:00,13.8,971.8,56,AWS-RAN-102,Ramgarh,RAN,neighbor,False,
2025-02-15 02:00:00,13.8,971.4,55,AWS-RAN-102,Ramgarh,RAN,neighbor,False,
2025-02-15 03:00:00,13.9,971.0,55,AWS-RAN-102,Ramgarh,RAN,neighbor,False,
2025-02-15 04:00:00,13.9,971.0,56,AWS-RAN-102,Ramgarh,RAN,neighbor,False,
2025-02-15 05:00:00,13.4,971.5,58,AWS-RAN-102,Ramgarh,RAN,neighbor,False,
2025-02-15 06:00:00,12.4,972.6,65,AWS-RAN-102,Ramgarh,RAN,neighbor,False,
2025-02-15 07:00:00,14.9,973.7,58,AWS-RAN-102,Ramgarh,RAN,neighbor,False,
2025-02-15 08:00:00,18.7,974.7,48,AWS-RAN-102,Ramgarh,RAN,neighbor,False,
2025-02-15 09:00:00,22.1,975.4,38,AWS-RAN-102,Ramgarh,RAN,neighbor,False,
2025-02-15 10:00:00,24.8,975.2,30,AWS-RAN-102,Ramgarh,RAN,neighbor,False,
2025-02-15 11:00:00,26.5,974.1,25,AWS-RAN-102,Ramgarh,RAN,neighbor,False,
2025-02-15 12:00:00,27.2,972.9,24,AWS-RAN-102,Ramgarh,RAN,neighbor,False,
2025-02-15 13:00:00,27.9,971.7,24,AWS-RAN-102,Ramgarh,RAN,neighbor,False,
2025-02-15 14:00:00,28.4,970.7,21,AWS-RAN-102,Ramgarh,RAN,neighbor,False,
2025-02-15 15:00:00,28.1,970.4,22,AWS-RAN-102,Ramgarh,RAN,neighbor,False,
2025-02-15 16:00:00,27.1,970.7,25,AWS-RAN-102,Ramgarh,RAN,neighbor,False,
2025-02-15 17:00:00,24.2,970.8,30,AWS-RAN-102,Ramgarh,RAN,neighbor,False,
2025-02-15 18:00:00,22.5,970.8,33,AWS-RAN-102,Ramgarh,RAN,neighbor,False,
2025-02-15 19:00:00,20.0,971.3,40,AWS-RAN-102,Ramgarh,RAN,neighbor,False,
2025-02-15 20:00:00,17.8,971.8,49,AWS-RAN-102,Ramgarh,RAN,neighbor,False,
2025-02-15 21:00:00,17.1,972.0,51,AWS-RAN-102,Ramgarh,RAN,neighbor,False,
2025-02-15 22:00:00,16.0,972.5,57,AWS-RAN-102,Ramgarh,RAN,neighbor,False,
2025-02-15 23:00:00,15.6,972.1,59,AWS-RAN-102,Ramgarh,RAN,neighbor,False,
2025-02-16 00:00:00,14.9,971.6,61,AWS-RAN-102,Ramgarh,RAN,neighbor,False,
2025-02-16 01:00:00,13.8,970.5,65,AWS-RAN-102,Ramgarh,RAN,neighbor,False,
2025-02-16 02:00:00,12.9,969.9,69,AWS-RAN-102,Ramgarh,RAN,neighbor,False,
2025-02-16 03:00:00,12.6,969.5,72,AWS-RAN-102,Ramgarh,RAN,neighbor,False,
2025-02-16 04:00:00,12.2,969.7,75,AWS-RAN-102,Ramgarh,RAN,neighbor,False,
2025-02-16 05:00:00,12.6,970.4,74,AWS-RAN-102,Ramgarh,RAN,neighbor,False,
2025-02-16 06:00:00,12.6,971.6,75,AWS-RAN-102,Ramgarh,RAN,neighbor,False,
2025-02-16 07:00:00,15.0,972.9,66,AWS-RAN-102,Ramgarh,RAN,neighbor,False,
2025-02-16 08:00:00,18.6,974.0,57,AWS-RAN-102,Ramgarh,RAN,neighbor,False,
2025-02-16 09:00:00,22.0,974.7,46,AWS-RAN-102,Ramgarh,RAN,neighbor,False,
2025-02-16 10:00:00,25.0,974.6,37,AWS-RAN-102,Ramgarh,RAN,neighbor,False,
2025-02-16 11:00:00,27.5,973.9,31,AWS-RAN-102,Ramgarh,RAN,neighbor,False,
2025-02-16 12:00:00,29.7,972.6,27,AWS-RAN-102,Ramgarh,RAN,neighbor,False,
2025-02-16 13:00:00,30.7,971.5,20,AWS-RAN-102,Ramgarh,RAN,neighbor,False,
2025-02-16 14:00:00,30.5,970.8,20,AWS-RAN-102,Ramgarh,RAN,neighbor,False,
2025-02-16 15:00:00,30.2,970.4,20,AWS-RAN-102,Ramgarh,RAN,neighbor,False,
2025-02-16 16:00:00,29.0,970.4,25,AWS-RAN-102,Ramgarh,RAN,neighbor,False,
2025-02-16 17:00:00,25.7,970.4,30,AWS-RAN-102,Ramgarh,RAN,neighbor,False,
2025-02-16 18:00:00,23.9,971.0,33,AWS-RAN-102,Ramgarh,RAN,neighbor,False,
2025-02-16 19:00:00,22.0,972.2,39,AWS-RAN-102,Ramgarh,RAN,neighbor,False,
2025-02-16 20:00:00,21.0,973.1,43,AWS-RAN-102,Ramgarh,RAN,neighbor,False,
2025-02-16 21:00:00,20.3,973.7,46,AWS-RAN-102,Ramgarh,RAN,neighbor,False,
2025-02-16 22:00:00,18.3,974.0,55,AWS-RAN-102,Ramgarh,RAN,neighbor,False,
2025-02-16 23:00:00,17.7,974.0,62,AWS-RAN-102,Ramgarh,RAN,neighbor,False,
2025-02-17 00:00:00,17.6,973.7,62,AWS-RAN-102,Ramgarh,RAN,neighbor,False,
2025-02-17 01:00:00,16.8,973.3,64,AWS-RAN-102,Ramgarh,RAN,neighbor,False,
2025-02-17 02:00:00,16.2,972.6,67,AWS-RAN-102,Ramgarh,RAN,neighbor,False,
2025-02-17 03:00:00,15.4,972.4,71,AWS-RAN-102,Ramgarh,RAN,neighbor,False,
2025-02-17 04:00:00,14.8,972.5,75,AWS-RAN-102,Ramgarh,RAN,neighbor,False,
2025-02-17 05:00:00,14.4,973.2,77,AWS-RAN-102,Ramgarh,RAN,neighbor,False,
2025-02-17 06:00:00,14.4,974.2,82,AWS-RAN-102,Ramgarh,RAN,neighbor,False,
2025-02-17 07:00:00,16.9,975.6,74,AWS-RAN-102,Ramgarh,RAN,neighbor,False,
2025-02-17 08:00:00,20.8,976.7,58,AWS-RAN-102,Ramgarh,RAN,neighbor,False,
2025-02-17 09:00:00,23.0,977.3,52,AWS-RAN-102,Ramgarh,RAN,neighbor,False,
2025-02-17 10:00:00,25.0,976.9,50,AWS-RAN-102,Ramgarh,RAN,neighbor,False,
2025-02-17 11:00:00,26.9,976.0,44,AWS-RAN-102,Ramgarh,RAN,neighbor,False,
2025-02-17 12:00:00,28.5,974.8,38,AWS-RAN-102,Ramgarh,RAN,neighbor,False,
2025-02-17 13:00:00,29.4,973.8,33,AWS-RAN-102,Ramgarh,RAN,neighbor,False,
2025-02-17 14:00:00,29.5,972.9,31,AWS-RAN-102,Ramgarh,RAN,neighbor,False,
2025-02-17 15:00:00,29.6,972.4,28,AWS-RAN-102,Ramgarh,RAN,neighbor,False,
2025-02-17 16:00:00,29.0,972.4,28,AWS-RAN-102,Ramgarh,RAN,neighbor,False,
2025-02-17 17:00:00,25.4,972.3,36,AWS-RAN-102,Ramgarh,RAN,neighbor,False,
2025-02-17 18:00:00,24.1,973.4,45,AWS-RAN-102,Ramgarh,RAN,neighbor,False,
2025-02-17 19:00:00,21.4,974.1,56,AWS-RAN-102,Ramgarh,RAN,neighbor,False,
2025-02-17 20:00:00,20.5,974.8,59,AWS-RAN-102,Ramgarh,RAN,neighbor,False,
2025-02-17 21:00:00,19.4,975.4,65,AWS-RAN-102,Ramgarh,RAN,neighbor,False,
2025-02-17 22:00:00,18.5,975.5,70,AWS-RAN-102,Ramgarh,RAN,neighbor,False,
2025-02-17 23:00:00,17.8,975.3,74,AWS-RAN-102,Ramgarh,RAN,neighbor,False,
2025-02-18 00:00:00,17.1,974.9,79,AWS-RAN-102,Ramgarh,RAN,neighbor,False,
2025-02-18 01:00:00,16.6,974.3,80,AWS-RAN-102,Ramgarh,RAN,neighbor,False,
2025-02-18 02:00:00,16.0,973.6,83,AWS-RAN-102,Ramgarh,RAN,neighbor,False,
2025-02-18 03:00:00,15.0,973.1,88,AWS-RAN-102,Ramgarh,RAN,neighbor,False,
2025-02-18 04:00:00,14.2,972.9,91,AWS-RAN-102,Ramgarh,RAN,neighbor,False,
2025-02-18 05:00:00,13.8,973.3,93,AWS-RAN-102,Ramgarh,RAN,neighbor,False,
2025-02-18 06:00:00,13.9,974.5,94,AWS-RAN-102,Ramgarh,RAN,neighbor,False,
2025-02-18 07:00:00,16.3,975.6,83,AWS-RAN-102,Ramgarh,RAN,neighbor,False,
2025-02-18 08:00:00,20.0,977.0,69,AWS-RAN-102,Ramgarh,RAN,neighbor,False,
2025-02-18 09:00:00,23.0,977.5,57,AWS-RAN-102,Ramgarh,RAN,neighbor,False,
2025-02-18 10:00:00,25.1,977.6,46,AWS-RAN-102,Ramgarh,RAN,neighbor,False,
2025-02-18 11:00:00,26.7,976.5,37,AWS-RAN-102,Ramgarh,RAN,neighbor,False,
2025-02-18 12:00:00,27.8,975.2,34,AWS-RAN-102,Ramgarh,RAN,neighbor,False,
2025-02-18 13:00:00,28.4,974.1,31,AWS-RAN-102,Ramgarh,RAN,neighbor,False,
2025-02-18 14:00:00,28.8,973.3,27,AWS-RAN-102,Ramgarh,RAN,neighbor,False,
2025-02-18 15:00:00,28.8,972.7,26,AWS-RAN-102,Ramgarh,RAN,neighbor,False,
2025-02-18 16:00:00,28.1,972.6,28,AWS-RAN-102,Ramgarh,RAN,neighbor,False,
2025-02-18 17:00:00,24.9,972.4,37,AWS-RAN-102,Ramgarh,RAN,neighbor,False,
2025-02-18 18:00:00,25.0,972.5,34,AWS-RAN-102,Ramgarh,RAN,neighbor,False,
2025-02-18 19:00:00,21.9,973.0,46,AWS-RAN-102,Ramgarh,RAN,neighbor,False,
2025-02-18 20:00:00,21.7,974.0,50,AWS-RAN-102,Ramgarh,RAN,neighbor,False,
2025-02-18 21:00:00,21.0,974.5,50,AWS-RAN-102,Ramgarh,RAN,neighbor,False,
2025-02-18 22:00:00,19.4,974.2,55,AWS-RAN-102,Ramgarh,RAN,neighbor,False,
2025-02-18 23:00:00,18.3,974.1,60,AWS-RAN-102,Ramgarh,RAN,neighbor,False,
2025-02-19 00:00:00,17.5,973.7,65,AWS-RAN-102,Ramgarh,RAN,neighbor,False,
2025-02-19 01:00:00,17.5,973.2,67,AWS-RAN-102,Ramgarh,RAN,neighbor,False,
2025-02-19 02:00:00,16.5,972.6,71,AWS-RAN-102,Ramgarh,RAN,neighbor,False,
2025-02-19 03:00:00,16.6,972.5,68,AWS-RAN-102,Ramgarh,RAN,neighbor,False,
2025-02-19 04:00:00,15.8,972.4,72,AWS-RAN-102,Ramgarh,RAN,neighbor,False,
2025-02-19 05:00:00,15.0,972.7,79,AWS-RAN-102,Ramgarh,RAN,neighbor,False,
2025-02-19 06:00:00,15.2,973.8,83,AWS-RAN-102,Ramgarh,RAN,neighbor,False,
2025-02-19 07:00:00,17.9,974.7,74,AWS-RAN-102,Ramgarh,RAN,neighbor,False,
2025-02-19 08:00:00,21.5,975.9,60,AWS-RAN-102,Ramgarh,RAN,neighbor,False,
2025-02-19 09:00:00,24.1,976.4,51,AWS-RAN-102,Ramgarh,RAN,neighbor,False,
2025-02-19 10:00:00,26.0,976.1,44,AWS-RAN-102,Ramgarh,RAN,neighbor,False,
2025-02-19 11:00:00,27.3,975.1,39,AWS-RAN-102,Ramgarh,RAN,neighbor,False,
2025-02-19 12:00:00,28.0,974.1,37,AWS-RAN-102,Ramgarh,RAN,neighbor,False,
2025-02-19 13:00:00,28.3,972.7,35,AWS-RAN-102,Ramgarh,RAN,neighbor,False,
2025-02-19 14:00:00,28.5,971.7,33,AWS-RAN-102,Ramgarh,RAN,neighbor,False,
2025-02-19 15:00:00,28.7,971.1,31,AWS-RAN-102,Ramgarh,RAN,neighbor,False,
2025-02-19 16:00:00,28.2,970.8,32,AWS-RAN-102,Ramgarh,RAN,neighbor,False,
2025-02-19 17:00:00,25.6,970.9,42,AWS-RAN-102,Ramgarh,RAN,neighbor,False,
2025-02-19 18:00:00,24.3,971.5,42,AWS-RAN-102,Ramgarh,RAN,neighbor,False,
2025-02-19 19:00:00,22.4,972.0,50,AWS-RAN-102,Ramgarh,RAN,neighbor,False,
2025-02-19 20:00:00,20.9,973.1,56,AWS-RAN-102,Ramgarh,RAN,neighbor,False,
2025-02-19 21:00:00,20.9,973.9,56,AWS-RAN-102,Ramgarh,RAN,neighbor,False,
2025-02-19 22:00:00,20.2,974.3,58,AWS-RAN-102,Ramgarh,RAN,neighbor,False,
2025-02-19 23:00:00,19.5,974.2,60,AWS-RAN-102,Ramgarh,RAN,neighbor,False,
2025-02-20 00:00:00,18.8,973.7,64,AWS-RAN-102,Ramgarh,RAN,neighbor,False,
2025-02-20 01:00:00,17.7,973.2,71,AWS-RAN-102,Ramgarh,RAN,neighbor,False,
2025-02-20 02:00:00,17.8,972.7,71,AWS-RAN-102,Ramgarh,RAN,neighbor,False,
2025-02-20 03:00:00,17.5,973.3,72,AWS-RAN-102,Ramgarh,RAN,neighbor,False,
2025-02-20 04:00:00,17.2,972.8,76,AWS-RAN-102,Ramgarh,RAN,neighbor,False,
2025-02-20 05:00:00,16.8,973.6,80,AWS-RAN-102,Ramgarh,RAN,neighbor,False,
2025-02-20 06:00:00,17.2,974.6,84,AWS-RAN-102,Ramgarh,RAN,neighbor,False,
2025-02-20 07:00:00,18.7,975.6,77,AWS-RAN-102,Ramgarh,RAN,neighbor,False,
2025-02-20 08:00:00,20.7,976.7,71,AWS-RAN-102,Ramgarh,RAN,neighbor,False,
2025-02-20 09:00:00,23.1,977.1,64,AWS-RAN-102,Ramgarh,RAN,neighbor,False,
2025-02-20 10:00:00,25.7,977.0,57,AWS-RAN-102,Ramgarh,RAN,neighbor,False,
2025-02-20 11:00:00,27.0,976.3,44,AWS-RAN-102,Ramgarh,RAN,neighbor,False,
2025-02-20 12:00:00,27.7,975.2,40,AWS-RAN-102,Ramgarh,RAN,neighbor,False,
2025-02-20 13:00:00,28.1,973.8,40,AWS-RAN-102,Ramgarh,RAN,neighbor,False,
2025-02-20 14:00:00,28.1,972.9,39,AWS-RAN-102,Ramgarh,RAN,neighbor,False,
2025-02-20 15:00:00,25.3,973.5,49,AWS-RAN-102,Ramgarh,RAN,neighbor,False,
2025-02-20 16:00:00,22.8,972.8,64,AWS-RAN-102,Ramgarh,RAN,neighbor,False,
2025-02-20 17:00:00,22.6,973.2,68,AWS-RAN-102,Ramgarh,RAN,neighbor,False,
2025-02-20 18:00:00,20.6,973.7,77,AWS-RAN-102,Ramgarh,RAN,neighbor,False,
2025-02-20 19:00:00,20.1,974.7,81,AWS-RAN-102,Ramgarh,RAN,neighbor,False,
2025-02-20 20:00:00,18.7,975.4,89,AWS-RAN-102,Ramgarh,RAN,neighbor,False,
2025-02-20 21:00:00,18.4,976.0,92,AWS-RAN-102,Ramgarh,RAN,neighbor,False,
2025-02-20 22:00:00,17.8,976.4,93,AWS-RAN-102,Ramgarh,RAN,neighbor,False,
2025-02-20 23:00:00,18.0,976.1,91,AWS-RAN-102,Ramgarh,RAN,neighbor,False,
2025-02-21 00:00:00,17.4,975.3,94,AWS-RAN-102,Ramgarh,RAN,neighbor,False,
2025-02-21 01:00:00,16.5,974.5,97,AWS-RAN-102,Ramgarh,RAN,neighbor,False,
2025-02-21 02:00:00,15.9,973.8,99,AWS-RAN-102,Ramgarh,RAN,neighbor,False,
2025-02-21 03:00:00,16.2,973.7,99,AWS-RAN-102,Ramgarh,RAN,neighbor,False,
2025-02-21 04:00:00,16.2,973.9,98,AWS-RAN-102,Ramgarh,RAN,neighbor,False,
2025-02-21 05:00:00,16.2,974.6,97,AWS-RAN-102,Ramgarh,RAN,neighbor,False,
2025-02-21 06:00:00,15.9,975.3,97,AWS-RAN-102,Ramgarh,RAN,neighbor,False,
2025-02-21 07:00:00,17.9,976.8,90,AWS-RAN-102,Ramgarh,RAN,neighbor,False,
2025-02-21 08:00:00,21.1,977.8,75,AWS-RAN-102,Ramgarh,RAN,neighbor,False,
2025-02-21 09:00:00,24.6,978.1,59,AWS-RAN-102,Ramgarh,RAN,neighbor,False,
2025-02-21 10:00:00,27.7,977.9,42,AWS-RAN-102,Ramgarh,RAN,neighbor,False,
2025-02-21 11:00:00,29.1,977.2,31,AWS-RAN-102,Ramgarh,RAN,neighbor,False,
2025-02-21 12:00:00,29.8,976.0,28,AWS-RAN-102,Ramgarh,RAN,neighbor,False,
2025-02-21 13:00:00,30.6,974.8,26,AWS-RAN-102,Ramgarh,RAN,neighbor,False,
2025-02-21 14:00:00,30.8,973.7,24,AWS-RAN-102,Ramgarh,RAN,neighbor,False,
2025-02-21 15:00:00,30.5,973.0,24,AWS-RAN-102,Ramgarh,RAN,neighbor,False,
2025-02-21 16:00:00,29.4,972.7,27,AWS-RAN-102,Ramgarh,RAN,neighbor,False,
2025-02-21 17:00:00,26.8,972.9,32,AWS-RAN-102,Ramgarh,RAN,neighbor,False,
2025-02-21 18:00:00,24.4,973.1,37,AWS-RAN-102,Ramgarh,RAN,neighbor,False,
2025-02-21 19:00:00,22.4,973.8,45,AWS-RAN-102,Ramgarh,RAN,neighbor,False,
2025-02-21 20:00:00,20.6,974.3,52,AWS-RAN-102,Ramgarh,RAN,neighbor,False,
2025-02-21 21:00:00,20.1,975.1,55,AWS-RAN-102,Ramgarh,RAN,neighbor,False,
2025-02-21 22:00:00,19.3,975.3,58,AWS-RAN-102,Ramgarh,RAN,neighbor,False,
2025-02-21 23:00:00,18.4,975.0,62,AWS-RAN-102,Ramgarh,RAN,neighbor,False,
2025-02-22 00:00:00,17.8,974.5,66,AWS-RAN-102,Ramgarh,RAN,neighbor,False,
2025-02-22 01:00:00,17.0,973.9,70,AWS-RAN-102,Ramgarh,RAN,neighbor,False,
2025-02-22 02:00:00,16.4,973.6,72,AWS-RAN-102,Ramgarh,RAN,neighbor,False,
2025-02-22 03:00:00,16.2,973.5,72,AWS-RAN-102,Ramgarh,RAN,neighbor,False,
2025-02-22 04:00:00,15.6,973.7,75,AWS-RAN-102,Ramgarh,RAN,neighbor,False,
2025-02-22 05:00:00,14.9,974.0,80,AWS-RAN-102,Ramgarh,RAN,neighbor,False,
2025-02-22 06:00:00,16.4,974.9,80,AWS-RAN-102,Ramgarh,RAN,neighbor,False,
2025-02-22 07:00:00,18.9,975.9,70,AWS-RAN-102,Ramgarh,RAN,neighbor,False,
2025-02-22 08:00:00,22.5,977.3,58,AWS-RAN-102,Ramgarh,RAN,neighbor,False,
2025-02-22 09:00:00,25.3,977.8,47,AWS-RAN-102,Ramgarh,RAN,neighbor,False,
2025-02-22 10:00:00,27.2,977.8,40,AWS-RAN-102,Ramgarh,RAN,neighbor,False,
2025-02-22 11:00:00,28.3,977.0,36,AWS-RAN-102,Ramgarh,RAN,neighbor,False,
2025-02-22 12:00:00,28.5,976.1,35,AWS-RAN-102,Ramgarh,RAN,neighbor,False,
2025-02-22 13:00:00,29.0,975.0,34,AWS-RAN-102,Ramgarh,RAN,neighbor,False,
2025-02-22 14:00:00,29.1,973.6,33,AWS-RAN-102,Ramgarh,RAN,neighbor,False,
2025-02-22 15:00:00,29.1,973.4,33,AWS-RAN-102,Ramgarh,RAN,neighbor,False,
2025-02-22 16:00:00,28.0,973.5,35,AWS-RAN-102,Ramgarh,RAN,neighbor,False,
2025-02-22 17:00:00,25.3,973.3,47,AWS-RAN-102,Ramgarh,RAN,neighbor,False,
2025-02-22 18:00:00,22.6,974.2,55,AWS-RAN-102,Ramgarh,RAN,neighbor,False,
2025-02-22 19:00:00,22.4,975.2,55,AWS-RAN-102,Ramgarh,RAN,neighbor,False,
2025-02-22 20:00:00,21.4,975.8,62,AWS-RAN-102,Ramgarh,RAN,neighbor,False,
2025-02-22 21:00:00,19.6,976.4,69,AWS-RAN-102,Ramgarh,RAN,neighbor,False,
2025-02-22 22:00:00,19.0,976.4,70,AWS-RAN-102,Ramgarh,RAN,neighbor,False,
2025-02-22 23:00:00,18.6,976.4,70,AWS-RAN-102,Ramgarh,RAN,neighbor,False,
2025-02-23 00:00:00,17.8,976.0,73,AWS-RAN-102,Ramgarh,RAN,neighbor,False,
2025-02-23 01:00:00,17.3,975.5,74,AWS-RAN-102,Ramgarh,RAN,neighbor,False,
2025-02-23 02:00:00,16.9,975.0,77,AWS-RAN-102,Ramgarh,RAN,neighbor,False,
2025-02-23 03:00:00,16.4,974.6,79,AWS-RAN-102,Ramgarh,RAN,neighbor,False,
2025-02-23 04:00:00,16.1,974.9,81,AWS-RAN-102,Ramgarh,RAN,neighbor,False,
2025-02-23 05:00:00,15.6,975.4,84,AWS-RAN-102,Ramgarh,RAN,neighbor,False,
2025-02-23 06:00:00,16.7,976.4,84,AWS-RAN-102,Ramgarh,RAN,neighbor,False,
2025-02-23 07:00:00,18.7,977.8,76,AWS-RAN-102,Ramgarh,RAN,neighbor,False,
2025-02-23 08:00:00,22.2,979.1,62,AWS-RAN-102,Ramgarh,RAN,neighbor,False,
2025-02-23 09:00:00,25.0,979.6,49,AWS-RAN-102,Ramgarh,RAN,neighbor,False,
2025-02-23 10:00:00,26.3,979.4,42,AWS-RAN-102,Ramgarh,RAN,neighbor,False,
2025-02-23 11:00:00,27.2,978.4,37,AWS-RAN-102,Ramgarh,RAN,neighbor,False,
2025-02-23 12:00:00,27.7,977.2,34,AWS-RAN-102,Ramgarh,RAN,neighbor,False,
2025-02-23 13:00:00,27.9,976.3,32,AWS-RAN-102,Ramgarh,RAN,neighbor,False,
2025-02-23 14:00:00,27.9,975.3,31,AWS-RAN-102,Ramgarh,RAN,neighbor,False,
2025-02-23 15:00:00,27.8,974.6,30,AWS-RAN-102,Ramgarh,RAN,neighbor,False,
2025-02-23 16:00:00,27.2,974.5,30,AWS-RAN-102,Ramgarh,RAN,neighbor,False,
2025-02-23 17:00:00,24.8,974.8,34,AWS-RAN-102,Ramgarh,RAN,neighbor,False,
2025-02-23 18:00:00,23.1,975.4,35,AWS-RAN-102,Ramgarh,RAN,neighbor,False,
2025-02-23 19:00:00,21.7,976.3,38,AWS-RAN-102,Ramgarh,RAN,neighbor,False,
2025-02-23 20:00:00,19.3,977.1,49,AWS-RAN-102,Ramgarh,RAN,neighbor,False,
2025-02-23 21:00:00,18.6,977.7,52,AWS-RAN-102,Ramgarh,RAN,neighbor,False,
2025-02-23 22:00:00,17.7,978.2,59,AWS-RAN-102,Ramgarh,RAN,neighbor,False,
2025-02-23 23:00:00,17.2,977.8,61,AWS-RAN-102,Ramgarh,RAN,neighbor,False,
2025-02-24 00:00:00,16.5,977.3,64,AWS-RAN-102,Ramgarh,RAN,neighbor,False,
2025-02-24 01:00:00,15.8,976.8,68,AWS-RAN-102,Ramgarh,RAN,neighbor,False,
2025-02-24 02:00:00,15.2,976.5,70,AWS-RAN-102,Ramgarh,RAN,neighbor,False,
2025-02-24 03:00:00,14.7,976.3,73,AWS-RAN-102,Ramgarh,RAN,neighbor,False,
2025-02-24 04:00:00,14.2,976.6,75,AWS-RAN-102,Ramgarh,RAN,neighbor,False,
2025-02-24 05:00:00,13.6,977.4,79,AWS-RAN-102,Ramgarh,RAN,neighbor,False,
2025-02-24 06:00:00,14.3,978.4,83,AWS-RAN-102,Ramgarh,RAN,neighbor,False,
2025-02-24 07:00:00,16.8,979.6,74,AWS-RAN-102,Ramgarh,RAN,neighbor,False,
2025-02-24 08:00:00,20.4,980.8,60,AWS-RAN-102,Ramgarh,RAN,neighbor,False,
2025-02-24 09:00:00,23.3,981.3,49,AWS-RAN-102,Ramgarh,RAN,neighbor,False,
2025-02-24 10:00:00,25.0,981.0,37,AWS-RAN-102,Ramgarh,RAN,neighbor,False,
2025-02-24 11:00:00,26.3,980.1,30,AWS-RAN-102,Ramgarh,RAN,neighbor,False,
2025-02-24 12:00:00,27.4,978.6,27,AWS-RAN-102,Ramgarh,RAN,neighbor,False,
2025-02-24 13:00:00,28.2,977.2,23,AWS-RAN-102,Ramgarh,RAN,neighbor,False,
2025-02-24 14:00:00,28.4,975.7,20,AWS-RAN-102,Ramgarh,RAN,neighbor,False,
2025-02-24 15:00:00,28.0,975.1,19,AWS-RAN-102,Ramgarh,RAN,neighbor,False,
2025-02-24 16:00:00,27.2,975.1,22,AWS-RAN-102,Ramgarh,RAN,neighbor,False,
2025-02-24 17:00:00,24.7,975.2,26,AWS-RAN-102,Ramgarh,RAN,neighbor,False,
2025-02-24 18:00:00,23.1,975.7,28,AWS-RAN-102,Ramgarh,RAN,neighbor,False,
2025-02-24 19:00:00,21.0,976.6,34,AWS-RAN-102,Ramgarh,RAN,neighbor,False,
2025-02-24 20:00:00,19.6,977.7,41,AWS-RAN-102,Ramgarh,RAN,neighbor,False,
2025-02-24 21:00:00,18.8,978.2,44,AWS-RAN-102,Ramgarh,RAN,neighbor,False,
2025-02-24 22:00:00,17.8,978.6,50,AWS-RAN-102,Ramgarh,RAN,neighbor,False,
2025-02-24 23:00:00,17.3,978.4,56,AWS-RAN-102,Ramgarh,RAN,neighbor,False,
2025-02-25 00:00:00,16.8,978.0,58,AWS-RAN-102,Ramgarh,RAN,neighbor,False,
2025-02-25 01:00:00,16.0,977.3,60,AWS-RAN-102,Ramgarh,RAN,neighbor,False,
2025-02-25 02:00:00,15.5,976.6,62,AWS-RAN-102,Ramgarh,RAN,neighbor,False,
2025-02-25 03:00:00,14.9,976.5,64,AWS-RAN-102,Ramgarh,RAN,neighbor,False,
2025-02-25 04:00:00,14.4,976.6,67,AWS-RAN-102,Ramgarh,RAN,neighbor,False,
2025-02-25 05:00:00,13.8,976.9,71,AWS-RAN-102,Ramgarh,RAN,neighbor,False,
2025-02-25 06:00:00,14.3,978.6,75,AWS-RAN-102,Ramgarh,RAN,neighbor,False,
2025-02-25 07:00:00,16.9,979.7,66,AWS-RAN-102,Ramgarh,RAN,neighbor,False,
2025-02-25 08:00:00,20.5,980.8,53,AWS-RAN-102,Ramgarh,RAN,neighbor,False,
2025-02-25 09:00:00,23.3,981.5,42,AWS-RAN-102,Ramgarh,RAN,neighbor,False,
2025-02-25 10:00:00,25.3,981.1,36,AWS-RAN-102,Ramgarh,RAN,neighbor,False,
2025-02-25 11:00:00,26.6,980.2,34,AWS-RAN-102,Ramgarh,RAN,neighbor,False,
2025-02-25 12:00:00,27.6,979.0,32,AWS-RAN-102,Ramgarh,RAN,neighbor,False,
2025-02-25 13:00:00,28.3,978.1,31,AWS-RAN-102,Ramgarh,RAN,neighbor,False,
2025-02-25 14:00:00,28.7,976.9,30,AWS-RAN-102,Ramgarh,RAN,neighbor,False,
2025-02-25 15:00:00,28.6,976.5,29,AWS-RAN-102,Ramgarh,RAN,neighbor,False,
2025-02-25 16:00:00,27.9,976.3,29,AWS-RAN-102,Ramgarh,RAN,neighbor,False,
2025-02-25 17:00:00,25.2,976.4,41,AWS-RAN-102,Ramgarh,RAN,neighbor,False,
2025-02-25 18:00:00,23.2,977.7,47,AWS-RAN-102,Ramgarh,RAN,neighbor,False,
2025-02-25 19:00:00,22.0,978.9,49,AWS-RAN-102,Ramgarh,RAN,neighbor,False,
2025-02-25 20:00:00,20.2,979.8,51,AWS-RAN-102,Ramgarh,RAN,neighbor,False,
2025-02-25 21:00:00,19.0,979.8,54,AWS-RAN-102,Ramgarh,RAN,neighbor,False,
2025-02-25 22:00:00,18.1,979.9,57,AWS-RAN-102,Ramgarh,RAN,neighbor,False,
2025-02-25 23:00:00,17.3,979.7,61,AWS-RAN-102,Ramgarh,RAN,neighbor,False,
2025-02-26 00:00:00,16.9,979.0,63,AWS-RAN-102,Ramgarh,RAN,neighbor,False,
2025-02-26 01:00:00,16.5,978.4,65,AWS-RAN-102,Ramgarh,RAN,neighbor,False,
2025-02-26 02:00:00,15.5,977.7,69,AWS-RAN-102,Ramgarh,RAN,neighbor,False,
2025-02-26 03:00:00,15.0,977.5,72,AWS-RAN-102,Ramgarh,RAN,neighbor,False,
2025-02-26 04:00:00,14.6,977.7,74,AWS-RAN-102,Ramgarh,RAN,neighbor,False,
2025-02-26 05:00:00,14.1,978.2,77,AWS-RAN-102,Ramgarh,RAN,neighbor,False,
2025-02-26 06:00:00,14.5,979.4,78,AWS-RAN-102,Ramgarh,RAN,neighbor,False,
2025-02-26 07:00:00,17.2,980.7,70,AWS-RAN-102,Ramgarh,RAN,neighbor,False,
2025-02-26 08:00:00,20.8,981.7,55,AWS-RAN-102,Ramgarh,RAN,neighbor,False,
2025-02-26 09:00:00,23.3,982.1,47,AWS-RAN-102,Ramgarh,RAN,neighbor,False,
2025-02-26 10:00:00,25.2,982.0,41,AWS-RAN-102,Ramgarh,RAN,neighbor,False,
2025-02-26 11:00:00,26.4,980.7,38,AWS-RAN-102,Ramgarh,RAN,neighbor,False,
2025-02-26 12:00:00,27.3,979.4,36,AWS-RAN-102,Ramgarh,RAN,neighbor,False,
2025-02-26 13:00:00,27.4,978.1,34,AWS-RAN-102,Ramgarh,RAN,neighbor,False,
2025-02-26 14:00:00,27.6,976.9,31,AWS-RAN-102,Ramgarh,RAN,neighbor,False,
2025-02-26 15:00:00,27.8,976.3,29,AWS-RAN-102,Ramgarh,RAN,neighbor,False,
2025-02-26 16:00:00,27.6,976.1,29,AWS-RAN-102,Ramgarh,RAN,neighbor,False,
2025-02-26 17:00:00,25.6,975.8,38,AWS-RAN-102,Ramgarh,RAN,neighbor,False,
2025-02-26 18:00:00,23.3,976.0,38,AWS-RAN-102,Ramgarh,RAN,neighbor,False,
2025-02-26 19:00:00,22.1,976.6,40,AWS-RAN-102,Ramgarh,RAN,neighbor,False,
2025-02-26 20:00:00,20.0,977.2,47,AWS-RAN-102,Ramgarh,RAN,neighbor,False,
2025-02-26 21:00:00,18.9,977.4,52,AWS-RAN-102,Ramgarh,RAN,neighbor,False,
2025-02-26 22:00:00,18.0,977.8,59,AWS-RAN-102,Ramgarh,RAN,neighbor,False,
2025-02-26 23:00:00,16.7,977.8,68,AWS-RAN-102,Ramgarh,RAN,neighbor,False,
2025-02-27 00:00:00,16.0,977.2,72,AWS-RAN-102,Ramgarh,RAN,neighbor,False,
2025-02-27 01:00:00,15.6,976.4,72,AWS-RAN-102,Ramgarh,RAN,neighbor,False,
2025-02-27 02:00:00,15.3,975.9,70,AWS-RAN-102,Ramgarh,RAN,neighbor,False,
2025-02-27 03:00:00,14.7,975.7,70,AWS-RAN-102,Ramgarh,RAN,neighbor,False,
2025-02-27 04:00:00,14.5,975.9,68,AWS-RAN-102,Ramgarh,RAN,neighbor,False,
2025-02-27 05:00:00,14.1,976.3,69,AWS-RAN-102,Ramgarh,RAN,neighbor,False,
2025-02-27 06:00:00,14.2,977.0,80,AWS-RAN-102,Ramgarh,RAN,neighbor,False,
2025-02-27 07:00:00,17.0,978.0,68,AWS-RAN-102,Ramgarh,RAN,neighbor,False,
2025-02-27 08:00:00,20.7,978.8,56,AWS-RAN-102,Ramgarh,RAN,neighbor,False,
2025-02-27 09:00:00,23.7,979.5,49,AWS-RAN-102,Ramgarh,RAN,neighbor,False,
2025-02-27 10:00:00,25.9,979.3,39,AWS-RAN-102,Ramgarh,RAN,neighbor,False,
2025-02-27 11:00:00,27.4,977.9,34,AWS-RAN-102,Ramgarh,RAN,neighbor,False,
2025-02-27 12:00:00,28.8,976.6,31,AWS-RAN-102,Ramgarh,RAN,neighbor,False,
2025-02-27 13:00:00,29.5,975.1,30,AWS-RAN-102,Ramgarh,RAN,neighbor,False,
2025-02-27 14:00:00,29.9,973.7,28,AWS-RAN-102,Ramgarh,RAN,neighbor,False,
2025-02-27 15:00:00,29.8,973.2,27,AWS-RAN-102,Ramgarh,RAN,neighbor,False,
2025-02-27 16:00:00,28.8,973.4,29,AWS-RAN-102,Ramgarh,RAN,neighbor,False,
2025-02-27 17:00:00,26.0,973.5,36,AWS-RAN-102,Ramgarh,RAN,neighbor,False,
2025-02-27 18:00:00,23.1,974.1,45,AWS-RAN-102,Ramgarh,RAN,neighbor,False,
2025-02-27 19:00:00,21.6,974.9,50,AWS-RAN-102,Ramgarh,RAN,neighbor,False,
2025-02-27 20:00:00,20.3,975.8,55,AWS-RAN-102,Ramgarh,RAN,neighbor,False,
2025-02-27 21:00:00,19.2,976.1,62,AWS-RAN-102,Ramgarh,RAN,neighbor,False,
2025-02-27 22:00:00,18.3,976.0,67,AWS-RAN-102,Ramgarh,RAN,neighbor,False,
2025-02-27 23:00:00,17.3,975.5,72,AWS-RAN-102,Ramgarh,RAN,neighbor,False,
2025-02-28 00:00:00,17.0,975.0,73,AWS-RAN-102,Ramgarh,RAN,neighbor,False,
2025-02-28 01:00:00,16.5,974.2,74,AWS-RAN-102,Ramgarh,RAN,neighbor,False,
2025-02-28 02:00:00,15.8,973.8,79,AWS-RAN-102,Ramgarh,RAN,neighbor,False,
2025-02-28 03:00:00,15.5,973.8,80,AWS-RAN-102,Ramgarh,RAN,neighbor,False,
2025-02-28 04:00:00,15.3,973.7,80,AWS-RAN-102,Ramgarh,RAN,neighbor,False,
2025-02-28 05:00:00,15.2,974.1,79,AWS-RAN-102,Ramgarh,RAN,neighbor,False,
2025-02-28 06:00:00,14.4,974.8,90,AWS-RAN-102,Ramgarh,RAN,neighbor,False,
2025-02-28 07:00:00,17.5,975.9,77,AWS-RAN-102,Ramgarh,RAN,neighbor,False,
2025-02-28 08:00:00,21.5,976.9,62,AWS-RAN-102,Ramgarh,RAN,neighbor,False,
2025-02-28 09:00:00,24.9,977.6,52,AWS-RAN-102,Ramgarh,RAN,neighbor,False,
2025-02-28 10:00:00,27.6,977.6,42,AWS-RAN-102,Ramgarh,RAN,neighbor,False,
2025-02-28 11:00:00,29.4,976.7,34,AWS-RAN-102,Ramgarh,RAN,neighbor,False,
2025-02-28 12:00:00,30.5,975.3,32,AWS-RAN-102,Ramgarh,RAN,neighbor,False,
2025-02-28 13:00:00,31.1,973.9,31,AWS-RAN-102,Ramgarh,RAN,neighbor,False,
2025-02-28 14:00:00,31.1,972.6,31,AWS-RAN-102,Ramgarh,RAN,neighbor,False,
2025-02-28 15:00:00,30.3,972.0,32,AWS-RAN-102,Ramgarh,RAN,neighbor,False,
2025-02-28 16:00:00,29.6,971.9,33,AWS-RAN-102,Ramgarh,RAN,neighbor,False,
2025-02-28 17:00:00,26.8,971.9,41,AWS-RAN-102,Ramgarh,RAN,neighbor,False,
2025-02-28 18:00:00,24.7,972.4,48,AWS-RAN-102,Ramgarh,RAN,neighbor,False,
2025-02-28 19:00:00,23.5,973.3,52,AWS-RAN-102,Ramgarh,RAN,neighbor,False,
2025-02-28 20:00:00,22.7,974.3,56,AWS-RAN-102,Ramgarh,RAN,neighbor,False,
2025-02-28 21:00:00,21.4,974.6,60,AWS-RAN-102,Ramgarh,RAN,neighbor,False,
2025-02-28 22:00:00,21.1,974.1,60,AWS-RAN-102,Ramgarh,RAN,neighbor,False,
2025-02-28 23:00:00,20.2,973.5,63,AWS-RAN-102,Ramgarh,RAN,neighbor,False,
2025-03-01 00:00:00,19.0,972.9,69,AWS-RAN-102,Ramgarh,RAN,neighbor,False,
2025-03-01 01:00:00,17.8,972.1,76,AWS-RAN-102,Ramgarh,RAN,neighbor,False,
2025-03-01 02:00:00,16.7,971.4,83,AWS-RAN-102,Ramgarh,RAN,neighbor,False,
2025-03-01 03:00:00,16.0,970.8,87,AWS-RAN-102,Ramgarh,RAN,neighbor,False,
2025-03-01 04:00:00,16.2,970.5,84,AWS-RAN-102,Ramgarh,RAN,neighbor,False,
2025-03-01 05:00:00,16.5,971.0,80,AWS-RAN-102,Ramgarh,RAN,neighbor,False,
2025-03-01 06:00:00,17.5,972.1,75,AWS-RAN-102,Ramgarh,RAN,neighbor,False,
2025-03-01 07:00:00,21.6,973.3,60,AWS-RAN-102,Ramgarh,RAN,neighbor,False,
2025-03-01 08:00:00,26.2,974.6,46,AWS-RAN-102,Ramgarh,RAN,neighbor,False,
2025-03-01 09:00:00,29.8,974.9,37,AWS-RAN-102,Ramgarh,RAN,neighbor,False,
2025-03-01 10:00:00,32.5,974.5,27,AWS-RAN-102,Ramgarh,RAN,neighbor,False,
2025-03-01 11:00:00,33.8,973.2,22,AWS-RAN-102,Ramgarh,RAN,neighbor,False,
2025-03-01 12:00:00,34.7,971.8,19,AWS-RAN-102,Ramgarh,RAN,neighbor,False,
2025-03-01 13:00:00,35.1,970.4,20,AWS-RAN-102,Ramgarh,RAN,neighbor,False,
2025-03-01 14:00:00,34.7,969.2,20,AWS-RAN-102,Ramgarh,RAN,neighbor,False,
2025-03-01 15:00:00,33.5,968.8,22,AWS-RAN-102,Ramgarh,RAN,neighbor,False,
2025-03-01 16:00:00,30.1,969.5,30,AWS-RAN-102,Ramgarh,RAN,neighbor,False,
2025-03-01 17:00:00,26.9,969.7,45,AWS-RAN-102,Ramgarh,RAN,neighbor,False,
2025-03-01 18:00:00,26.0,970.3,41,AWS-RAN-102,Ramgarh,RAN,neighbor,False,
2025-03-01 19:00:00,24.1,971.3,46,AWS-RAN-102,Ramgarh,RAN,neighbor,False,
2025-03-01 20:00:00,22.5,971.7,52,AWS-RAN-102,Ramgarh,RAN,neighbor,False,
2025-03-01 21:00:00,21.6,971.8,56,AWS-RAN-102,Ramgarh,RAN,neighbor,False,
2025-03-01 22:00:00,20.2,971.8,61,AWS-RAN-102,Ramgarh,RAN,neighbor,False,
2025-03-01 23:00:00,19.8,971.4,63,AWS-RAN-102,Ramgarh,RAN,neighbor,False,
2025-03-02 00:00:00,19.4,970.9,63,AWS-RAN-102,Ramgarh,RAN,neighbor,False,
2025-03-02 01:00:00,19.3,970.3,62,AWS-RAN-102,Ramgarh,RAN,neighbor,False,
2025-03-02 02:00:00,19.2,969.9,64,AWS-RAN-102,Ramgarh,RAN,neighbor,False,
2025-03-02 03:00:00,19.0,969.3,68,AWS-RAN-102,Ramgarh,RAN,neighbor,False,
2025-03-02 04:00:00,18.5,969.3,72,AWS-RAN-102,Ramgarh,RAN,neighbor,False,
2025-03-02 05:00:00,18.1,969.8,75,AWS-RAN-102,Ramgarh,RAN,neighbor,False,
2025-03-02 06:00:00,18.8,970.5,78,AWS-RAN-102,Ramgarh,RAN,neighbor,False,
2025-03-02 07:00:00,21.1,971.6,71,AWS-RAN-102,Ramgarh,RAN,neighbor,False,
2025-03-02 08:00:00,24.6,972.6,58,AWS-RAN-102,Ramgarh,RAN,neighbor,False,
2025-03-02 09:00:00,27.7,973.1,49,AWS-RAN-102,Ramgarh,RAN,neighbor,False,
2025-03-02 10:00:00,30.1,973.0,35,AWS-RAN-102,Ramgarh,RAN,neighbor,False,
2025-03-02 11:00:00,31.6,972.1,28,AWS-RAN-102,Ramgarh,RAN,neighbor,False,
2025-03-02 12:00:00,32.3,970.9,26,AWS-RAN-102,Ramgarh,RAN,neighbor,False,
2025-03-02 13:00:00,32.6,969.6,25,AWS-RAN-102,Ramgarh,RAN,neighbor,False,
2025-03-02 14:00:00,32.3,968.7,25,AWS-RAN-102,Ramgarh,RAN,neighbor,False,
2025-03-02 15:00:00,31.9,968.3,25,AWS-RAN-102,Ramgarh,RAN,neighbor,False,
2025-03-02 16:00:00,31.0,968.1,28,AWS-RAN-102,Ramgarh,RAN,neighbor,False,
2025-03-02 17:00:00,29.1,968.1,32,AWS-RAN-102,Ramgarh,RAN,neighbor,False,
2025-03-02 18:00:00,26.4,968.6,39,AWS-RAN-102,Ramgarh,RAN,neighbor,False,
2025-03-02 19:00:00,24.7,969.4,45,AWS-RAN-102,Ramgarh,RAN,neighbor,False,
2025-03-02 20:00:00,23.0,970.5,51,AWS-RAN-102,Ramgarh,RAN,neighbor,False,
2025-03-02 21:00:00,22.1,971.4,55,AWS-RAN-102,Ramgarh,RAN,neighbor,False,
2025-03-02 22:00:00,21.3,971.7,58,AWS-RAN-102,Ramgarh,RAN,neighbor,False,
2025-03-02 23:00:00,20.5,971.4,63,AWS-RAN-102,Ramgarh,RAN,neighbor,False,
2025-03-03 00:00:00,19.3,970.8,68,AWS-RAN-102,Ramgarh,RAN,neighbor,False,
2025-03-03 01:00:00,18.9,970.5,70,AWS-RAN-102,Ramgarh,RAN,neighbor,False,
2025-03-03 02:00:00,18.6,969.9,72,AWS-RAN-102,Ramgarh,RAN,neighbor,False,
2025-03-03 03:00:00,18.3,970.0,74,AWS-RAN-102,Ramgarh,RAN,neighbor,False,
2025-03-03 04:00:00,17.7,970.4,77,AWS-RAN-102,Ramgarh,RAN,neighbor,False,
2025-03-03 05:00:00,17.0,971.0,81,AWS-RAN-102,Ramgarh,RAN,neighbor,False,
2025-03-03 06:00:00,17.9,972.3,80,AWS-RAN-102,Ramgarh,RAN,neighbor,False,
2025-03-03 07:00:00,20.7,973.7,70,AWS-RAN-102,Ramgarh,RAN,neighbor,False,
2025-03-03 08:00:00,23.9,974.5,55,AWS-RAN-102,Ramgarh,RAN,neighbor,False,
2025-03-03 09:00:00,26.4,974.9,45,AWS-RAN-102,Ramgarh,RAN,neighbor,False,
2025-03-03 10:00:00,28.3,975.0,40,AWS-RAN-102,Ramgarh,RAN,neighbor,False,
2025-03-03 11:00:00,29.8,974.0,36,AWS-RAN-102,Ramgarh,RAN,neighbor,False,
2025-03-03 12:00:00,31.0,972.5,31,AWS-RAN-102,Ramgarh,RAN,neighbor,False,
2025-03-03 13:00:00,31.5,971.4,27,AWS-RAN-102,Ramgarh,RAN,neighbor,False,
2025-03-03 14:00:00,31.6,970.5,25,AWS-RAN-102,Ramgarh,RAN,neighbor,False,
2025-03-03 15:00:00,31.2,969.5,23,AWS-RAN-102,Ramgarh,RAN,neighbor,False,
2025-03-03 16:00:00,30.0,969.7,25,AWS-RAN-102,Ramgarh,RAN,neighbor,False,
2025-03-03 17:00:00,28.0,969.9,29,AWS-RAN-102,Ramgarh,RAN,neighbor,False,
2025-03-03 18:00:00,25.7,970.5,31,AWS-RAN-102,Ramgarh,RAN,neighbor,False,
2025-03-03 19:00:00,24.5,971.1,34,AWS-RAN-102,Ramgarh,RAN,neighbor,False,
2025-03-03 20:00:00,23.0,971.5,39,AWS-RAN-102,Ramgarh,RAN,neighbor,False,
2025-03-03 21:00:00,22.0,971.9,42,AWS-RAN-102,Ramgarh,RAN,neighbor,False,
2025-03-03 22:00:00,20.9,972.2,46,AWS-RAN-102,Ramgarh,RAN,neighbor,False,
2025-03-03 23:00:00,19.7,972.0,50,AWS-RAN-102,Ramgarh,RAN,neighbor,False,
2025-03-04 00:00:00,18.9,971.6,53,AWS-RAN-102,Ramgarh,RAN,neighbor,False,
2025-03-04 01:00:00,18.1,971.0,55,AWS-RAN-102,Ramgarh,RAN,neighbor,False,
2025-03-04 02:00:00,17.6,970.4,55,AWS-RAN-102,Ramgarh,RAN,neighbor,False,
2025-03-04 03:00:00,17.1,969.9,58,AWS-RAN-102,Ramgarh,RAN,neighbor,False,
2025-03-04 04:00:00,16.6,970.3,60,AWS-RAN-102,Ramgarh,RAN,neighbor,False,
2025-03-04 05:00:00,16.0,971.0,63,AWS-RAN-102,Ramgarh,RAN,neighbor,False,
2025-03-04 06:00:00,15.7,972.1,70,AWS-RAN-102,Ramgarh,RAN,neighbor,False,
2025-03-04 07:00:00,18.5,973.4,61,AWS-RAN-102,Ramgarh,RAN,neighbor,False,
2025-03-04 08:00:00,21.9,974.2,48,AWS-RAN-102,Ramgarh,RAN,neighbor,False,
2025-03-04 09:00:00,25.0,974.6,39,AWS-RAN-102,Ramgarh,RAN,neighbor,False,
2025-03-04 10:00:00,27.6,974.8,31,AWS-RAN-102,Ramgarh,RAN,neighbor,False,
2025-03-04 11:00:00,29.6,973.8,28,AWS-RAN-102,Ramgarh,RAN,neighbor,False,
2025-03-04 12:00:00,31.1,972.4,26,AWS-RAN-102,Ramgarh,RAN,neighbor,False,
2025-03-04 13:00:00,32.1,971.2,22,AWS-RAN-102,Ramgarh,RAN,neighbor,False,
2025-03-04 14:00:00,32.3,970.4,22,AWS-RAN-102,Ramgarh,RAN,neighbor,False,
2025-03-04 15:00:00,31.7,969.9,24,AWS-RAN-102,Ramgarh,RAN,neighbor,False,
2025-03-04 16:00:00,30.8,969.7,25,AWS-RAN-102,Ramgarh,RAN,neighbor,False,
2025-03-04 17:00:00,28.3,969.7,29,AWS-RAN-102,Ramgarh,RAN,neighbor,False,
2025-03-04 18:00:00,26.7,969.9,29,AWS-RAN-102,Ramgarh,RAN,neighbor,False,
2025-03-04 19:00:00,23.3,970.4,41,AWS-RAN-102,Ramgarh,RAN,neighbor,False,
2025-03-04 20:00:00,22.1,971.4,47,AWS-RAN-102,Ramgarh,RAN,neighbor,False,
2025-03-04 21:00:00,21.3,971.8,52,AWS-RAN-102,Ramgarh,RAN,neighbor,False,
2025-03-04 22:00:00,20.7,972.1,55,AWS-RAN-102,Ramgarh,RAN,neighbor,False,
2025-03-04 23:00:00,20.4,971.9,58,AWS-RAN-102,Ramgarh,RAN,neighbor,False,
2025-03-05 00:00:00,20.3,971.5,61,AWS-RAN-102,Ramgarh,RAN,neighbor,False,
2025-03-05 01:00:00,19.8,971.0,64,AWS-RAN-102,Ramgarh,RAN,neighbor,False,
2025-03-05 02:00:00,19.1,970.5,67,AWS-RAN-102,Ramgarh,RAN,neighbor,False,
2025-03-05 03:00:00,18.3,969.7,70,AWS-RAN-102,Ramgarh,RAN,neighbor,False,
2025-03-05 04:00:00,17.7,969.9,72,AWS-RAN-102,Ramgarh,RAN,neighbor,False,
2025-03-05 05:00:00,17.3,970.3,71,AWS-RAN-102,Ramgarh,RAN,neighbor,False,
2025-03-05 06:00:00,17.4,971.4,71,AWS-RAN-102,Ramgarh,RAN,neighbor,False,
2025-03-05 07:00:00,19.5,972.7,62,AWS-RAN-102,Ramgarh,RAN,neighbor,False,
2025-03-05 08:00:00,22.2,973.3,49,AWS-RAN-102,Ramgarh,RAN,neighbor,False,
2025-03-05 09:00:00,23.8,973.7,36,AWS-RAN-102,Ramgarh,RAN,neighbor,False,
2025-03-05 10:00:00,25.2,973.8,31,AWS-RAN-102,Ramgarh,RAN,neighbor,False,
2025-03-05 11:00:00,26.2,972.5,28,AWS-RAN-102,Ramgarh,RAN,neighbor,False,
2025-03-05 12:00:00,27.2,971.4,24,AWS-RAN-102,Ramgarh,RAN,neighbor,False,
2025-03-05 13:00:00,27.5,970.4,23,AWS-RAN-102,Ramgarh,RAN,neighbor,False,
2025-03-05 14:00:00,27.8,969.4,22,AWS-RAN-102,Ramgarh,RAN,neighbor,False,
2025-03-05 15:00:00,27.7,968.8,22,AWS-RAN-102,Ramgarh,RAN,neighbor,False,
2025-03-05 16:00:00,26.9,968.8,23,AWS-RAN-102,Ramgarh,RAN,neighbor,False,
2025-03-05 17:00:00,25.1,969.0,25,AWS-RAN-102,Ramgarh,RAN,neighbor,False,
2025-03-05 18:00:00,22.5,969.8,31,AWS-RAN-102,Ramgarh,RAN,neighbor,False,
2025-03-05 19:00:00,21.1,970.5,34,AWS-RAN-102,Ramgarh,RAN,neighbor,False,
2025-03-05 20:00:00,19.6,971.0,39,AWS-RAN-102,Ramgarh,RAN,neighbor,False,
2025-03-05 21:00:00,18.3,971.5,45,AWS-RAN-102,Ramgarh,RAN,neighbor,False,
2025-03-05 22:00:00,17.6,972.0,46,AWS-RAN-102,Ramgarh,RAN,neighbor,False,
2025-03-05 23:00:00,16.5,972.0,46,AWS-RAN-102,Ramgarh,RAN,neighbor,False,
2025-03-06 00:00:00,15.6,971.8,46,AWS-RAN-102,Ramgarh,RAN,neighbor,False,
2025-03-06 01:00:00,15.0,971.4,45,AWS-RAN-102,Ramgarh,RAN,neighbor,False,
2025-03-06 02:00:00,14.4,971.0,45,AWS-RAN-102,Ramgarh,RAN,neighbor,False,
2025-03-06 03:00:00,13.8,970.8,47,AWS-RAN-102,Ramgarh,RAN,neighbor,False,
2025-03-06 04:00:00,13.4,971.1,49,AWS-RAN-102,Ramgarh,RAN,neighbor,False,
2025-03-06 05:00:00,12.9,971.4,52,AWS-RAN-102,Ramgarh,RAN,neighbor,False,
2025-03-06 06:00:00,13.3,972.9,57,AWS-RAN-102,Ramgarh,RAN,neighbor,False,
2025-03-06 07:00:00,16.0,973.9,52,AWS-RAN-102,Ramgarh,RAN,neighbor,False,
2025-03-06 08:00:00,18.9,974.8,40,AWS-RAN-102,Ramgarh,RAN,neighbor,False,
2025-03-06 09:00:00,21.2,975.3,33,AWS-RAN-102,Ramgarh,RAN,neighbor,False,
2025-03-06 10:00:00,23.2,975.2,26,AWS-RAN-102,Ramgarh,RAN,neighbor,False,
2025-03-06 11:00:00,24.7,974.6,22,AWS-RAN-102,Ramgarh,RAN,neighbor,False,
2025-03-06 12:00:00,26.0,973.6,20,AWS-RAN-102,Ramgarh,RAN,neighbor,False,
2025-03-06 13:00:00,26.9,972.8,19,AWS-RAN-102,Ramgarh,RAN,neighbor,False,
2025-03-06 14:00:00,27.3,971.9,18,AWS-RAN-102,Ramgarh,RAN,neighbor,False,
2025-03-06 15:00:00,27.2,971.6,17,AWS-RAN-102,Ramgarh,RAN,neighbor,False,
2025-03-06 16:00:00,26.5,971.6,18,AWS-RAN-102,Ramgarh,RAN,neighbor,False,
2025-03-06 17:00:00,24.3,971.6,21,AWS-RAN-102,Ramgarh,RAN,neighbor,False,
2025-03-06 18:00:00,21.6,971.5,26,AWS-RAN-102,Ramgarh,RAN,neighbor,False,
2025-03-06 19:00:00,19.7,971.6,30,AWS-RAN-102,Ramgarh,RAN,neighbor,False,
2025-03-06 20:00:00,18.8,972.5,32,AWS-RAN-102,Ramgarh,RAN,neighbor,False,
2025-03-06 21:00:00,17.9,972.6,36,AWS-RAN-102,Ramgarh,RAN,neighbor,False,
2025-03-06 22:00:00,16.6,972.6,42,AWS-RAN-102,Ramgarh,RAN,neighbor,False,
2025-03-06 23:00:00,15.4,972.1,47,AWS-RAN-102,Ramgarh,RAN,neighbor,False,
2025-03-07 00:00:00,14.7,971.7,50,AWS-RAN-102,Ramgarh,RAN,neighbor,False,
2025-03-07 01:00:00,14.2,971.2,52,AWS-RAN-102,Ramgarh,RAN,neighbor,False,
2025-03-07 02:00:00,13.4,970.7,55,AWS-RAN-102,Ramgarh,RAN,neighbor,False,
2025-03-07 03:00:00,12.9,970.1,59,AWS-RAN-102,Ramgarh,RAN,neighbor,False,
2025-03-07 04:00:00,12.3,970.3,64,AWS-RAN-102,Ramgarh,RAN,neighbor,False,
2025-03-07 05:00:00,11.9,970.7,67,AWS-RAN-102,Ramgarh,RAN,neighbor,False,
2025-03-07 06:00:00,12.4,971.3,69,AWS-RAN-102,Ramgarh,RAN,neighbor,False,
2025-03-07 07:00:00,15.5,972.3,60,AWS-RAN-102,Ramgarh,RAN,neighbor,False,
2025-03-07 08:00:00,19.3,973.3,45,AWS-RAN-102,Ramgarh,RAN,neighbor,False,
2025-03-07 09:00:00,22.9,973.3,33,AWS-RAN-102,Ramgarh,RAN,neighbor,False,
2025-03-07 10:00:00,25.6,973.3,27,AWS-RAN-102,Ramgarh,RAN,neighbor,False,
2025-03-07 11:00:00,27.6,972.5,22,AWS-RAN-102,Ramgarh,RAN,neighbor,False,
2025-03-07 12:00:00,28.8,971.4,19,AWS-RAN-102,Ramgarh,RAN,neighbor,False,
2025-03-07 13:00:00,29.4,970.3,17,AWS-RAN-102,Ramgarh,RAN,neighbor,False,
2025-03-07 14:00:00,29.6,969.3,16,AWS-RAN-102,Ramgarh,RAN,neighbor,False,
2025-03-07 15:00:00,29.2,969.0,17,AWS-RAN-102,Ramgarh,RAN,neighbor,False,
2025-03-07 16:00:00,28.3,969.1,19,AWS-RAN-102,Ramgarh,RAN,neighbor,False,
2025-03-07 17:00:00,25.4,968.9,25,AWS-RAN-102,Ramgarh,RAN,neighbor,False,
2025-03-07 18:00:00,22.7,969.1,29,AWS-RAN-102,Ramgarh,RAN,neighbor,False,
2025-03-07 19:00:00,21.0,969.6,34,AWS-RAN-102,Ramgarh,RAN,neighbor,False,
2025-03-07 20:00:00,19.2,970.2,40,AWS-RAN-102,Ramgarh,RAN,neighbor,False,
2025-03-07 21:00:00,18.5,970.5,42,AWS-RAN-102,Ramgarh,RAN,neighbor,False,
2025-03-07 22:00:00,17.8,970.3,44,AWS-RAN-102,Ramgarh,RAN,neighbor,False,
2025-03-07 23:00:00,17.1,970.3,46,AWS-RAN-102,Ramgarh,RAN,neighbor,False,
2025-03-08 00:00:00,16.0,970.2,50,AWS-RAN-102,Ramgarh,RAN,neighbor,False,
2025-03-08 01:00:00,15.3,969.5,52,AWS-RAN-102,Ramgarh,RAN,neighbor,False,
2025-03-08 02:00:00,14.5,968.9,55,AWS-RAN-102,Ramgarh,RAN,neighbor,False,
2025-03-08 03:00:00,13.8,968.3,59,AWS-RAN-102,Ramgarh,RAN,neighbor,False,
2025-03-08 04:00:00,12.9,968.4,65,AWS-RAN-102,Ramgarh,RAN,neighbor,False,
2025-03-08 05:00:00,12.7,969.0,67,AWS-RAN-102,Ramgarh,RAN,neighbor,False,
2025-03-08 06:00:00,14.0,969.5,64,AWS-RAN-102,Ramgarh,RAN,neighbor,False,
2025-03-08 07:00:00,16.9,970.7,58,AWS-RAN-102,Ramgarh,RAN,neighbor,False,
2025-03-08 08:00:00,20.9,971.9,47,AWS-RAN-102,Ramgarh,RAN,neighbor,False,
2025-03-08 09:00:00,24.7,972.1,36,AWS-RAN-102,Ramgarh,RAN,neighbor,False,
2025-03-08 10:00:00,27.4,972.1,28,AWS-RAN-102,Ramgarh,RAN,neighbor,False,
2025-03-08 11:00:00,29.2,971.5,21,AWS-RAN-102,Ramgarh,RAN,neighbor,False,
2025-03-08 12:00:00,30.4,970.5,19,AWS-RAN-102,Ramgarh,RAN,neighbor,False,
2025-03-08 13:00:00,30.5,969.5,19,AWS-RAN-102,Ramgarh,RAN,neighbor,False,
2025-03-08 14:00:00,30.9,968.6,18,AWS-RAN-102,Ramgarh,RAN,neighbor,False,
2025-03-08 15:00:00,30.9,968.2,18,AWS-RAN-102,Ramgarh,RAN,neighbor,False,
2025-03-08 16:00:00,29.7,968.3,20,AWS-RAN-102,Ramgarh,RAN,neighbor,False,
2025-03-08 17:00:00,27.3,968.6,23,AWS-RAN-102,Ramgarh,RAN,neighbor,False,
2025-03-08 18:00:00,24.5,969.1,27,AWS-RAN-102,Ramgarh,RAN,neighbor,False,
2025-03-08 19:00:00,21.8,969.7,34,AWS-RAN-102,Ramgarh,RAN,neighbor,False,
2025-03-08 20:00:00,20.6,970.5,39,AWS-RAN-102,Ramgarh,RAN,neighbor,False,
2025-03-08 21:00:00,20.2,971.3,40,AWS-RAN-102,Ramgarh,RAN,neighbor,False,
2025-03-08 22:00:00,19.5,971.7,43,AWS-RAN-102,Ramgarh,RAN,neighbor,False,
2025-03-08 23:00:00,19.0,971.6,45,AWS-RAN-102,Ramgarh,RAN,neighbor,False,
2025-03-09 00:00:00,17.6,971.5,49,AWS-RAN-102,Ramgarh,RAN,neighbor,False,
2025-03-09 01:00:00,16.2,971.2,54,AWS-RAN-102,Ramgarh,RAN,neighbor,False,
2025-03-09 02:00:00,15.5,970.8,57,AWS-RAN-102,Ramgarh,RAN,neighbor,False,
2025-03-09 03:00:00,15.3,970.7,59,AWS-RAN-102,Ramgarh,RAN,neighbor,False,
2025-03-09 04:00:00,15.1,971.0,59,AWS-RAN-102,Ramgarh,RAN,neighbor,False,
2025-03-09 05:00:00,14.6,971.8,60,AWS-RAN-102,Ramgarh,RAN,neighbor,False,
2025-03-09 06:00:00,15.0,972.7,65,AWS-RAN-102,Ramgarh,RAN,neighbor,False,
2025-03-09 07:00:00,18.6,974.2,56,AWS-RAN-102,Ramgarh,RAN,neighbor,False,
2025-03-09 08:00:00,22.6,975.6,43,AWS-RAN-102,Ramgarh,RAN,neighbor,False,
2025-03-09 09:00:00,25.1,975.9,41,AWS-RAN-102,Ramgarh,RAN,neighbor,False,
2025-03-09 10:00:00,27.4,976.2,36,AWS-RAN-102,Ramgarh,RAN,neighbor,False,
2025-03-09 11:00:00,29.2,975.5,30,AWS-RAN-102,Ramgarh,RAN,neighbor,False,
2025-03-09 12:00:00,30.3,974.5,27,AWS-RAN-102,Ramgarh,RAN,neighbor,False,
2025-03-09 13:00:00,31.0,973.5,24,AWS-RAN-102,Ramgarh,RAN,neighbor,False,
2025-03-09 14:00:00,31.4,972.6,22,AWS-RAN-102,Ramgarh,RAN,neighbor,False,
2025-03-09 15:00:00,31.3,972.3,21,AWS-RAN-102,Ramgarh,RAN,neighbor,False,
2025-03-09 16:00:00,30.6,972.1,21,AWS-RAN-102,Ramgarh,RAN,neighbor,False,
2025-03-09 17:00:00,27.1,972.1,30,AWS-RAN-102,Ramgarh,RAN,neighbor,False,
2025-03-09 18:00:00,25.2,972.7,38,AWS-RAN-102,Ramgarh,RAN,neighbor,False,
2025-03-09 19:00:00,24.1,973.6,39,AWS-RAN-102,Ramgarh,RAN,neighbor,False,
2025-03-09 20:00:00,23.2,974.2,40,AWS-RAN-102,Ramgarh,RAN,neighbor,False,
2025-03-09 21:00:00,21.5,974.8,42,AWS-RAN-102,Ramgarh,RAN,neighbor,False,
2025-03-09 22:00:00,21.1,975.7,50,AWS-RAN-102,Ramgarh,RAN,neighbor,False,
2025-03-09 23:00:00,20.2,975.7,47,AWS-RAN-102,Ramgarh,RAN,neighbor,False,
2025-03-10 00:00:00,19.8,975.6,50,AWS-RAN-102,Ramgarh,RAN,neighbor,False,
2025-03-10 01:00:00,19.1,975.2,53,AWS-RAN-102,Ramgarh,RAN,neighbor,False,
2025-03-10 02:00:00,18.8,974.8,55,AWS-RAN-102,Ramgarh,RAN,neighbor,False,
2025-03-10 03:00:00,18.0,974.7,58,AWS-RAN-102,Ramgarh,RAN,neighbor,False,
2025-03-10 04:00:00,17.1,974.8,61,AWS-RAN-102,Ramgarh,RAN,neighbor,False,
2025-03-10 05:00:00,16.6,975.3,63,AWS-RAN-102,Ramgarh,RAN,neighbor,False,
2025-03-10 06:00:00,17.6,976.4,69,AWS-RAN-102,Ramgarh,RAN,neighbor,False,
2025-03-10 07:00:00,20.4,977.3,61,AWS-RAN-102,Ramgarh,RAN,neighbor,False,
2025-03-10 08:00:00,23.4,978.3,55,AWS-RAN-102,Ramgarh,RAN,neighbor,False,
2025-03-10 09:00:00,26.2,978.6,49,AWS-RAN-102,Ramgarh,RAN,neighbor,False,
2025-03-10 10:00:00,28.7,978.5,44,AWS-RAN-102,Ramgarh,RAN,neighbor,False,
2025-03-10 11:00:00,31.0,977.3,38,AWS-RAN-102,Ramgarh,RAN,neighbor,False,
2025-03-10 12:00:00,32.7,975.8,29,AWS-RAN-102,Ramgarh,RAN,neighbor,False,
2025-03-10 13:00:00,33.6,974.6,25,AWS-RAN-102,Ramgarh,RAN,neighbor,False,
2025-03-10 14:00:00,33.8,973.6,22,AWS-RAN-102,Ramgarh,RAN,neighbor,False,
2025-03-10 15:00:00,33.8,972.8,21,AWS-RAN-102,Ramgarh,RAN,neighbor,False,
2025-03-10 16:00:00,32.8,972.5,23,AWS-RAN-102,Ramgarh,RAN,neighbor,False,
2025-03-10 17:00:00,29.8,972.6,30,AWS-RAN-102,Ramgarh,RAN,neighbor,False,
2025-03-10 18:00:00,26.4,973.1,32,AWS-RAN-102,Ramgarh,RAN,neighbor,False,
2025-03-10 19:00:00,26.2,974.4,39,AWS-RAN-102,Ramgarh,RAN,neighbor,False,
2025-03-10 20:00:00,23.6,975.2,55,AWS-RAN-102,Ramgarh,RAN,neighbor,False,
2025-03-10 21:00:00,22.6,975.3,60,AWS-RAN-102,Ramgarh,RAN,neighbor,False,
2025-03-10 22:00:00,21.5,975.2,66,AWS-RAN-102,Ramgarh,RAN,neighbor,False,
2025-03-10 23:00:00,20.5,974.8,69,AWS-RAN-102,Ramgarh,RAN,neighbor,False,
2025-03-11 00:00:00,20.3,974.8,72,AWS-RAN-102,Ramgarh,RAN,neighbor,False,
2025-03-11 01:00:00,19.6,974.2,75,AWS-RAN-102,Ramgarh,RAN,neighbor,False,
2025-03-11 02:00:00,18.9,973.6,76,AWS-RAN-102,Ramgarh,RAN,neighbor,False,
2025-03-11 03:00:00,18.3,973.7,79,AWS-RAN-102,Ramgarh,RAN,neighbor,False,
2025-03-11 04:00:00,18.0,974.0,81,AWS-RAN-102,Ramgarh,RAN,neighbor,False,
2025-03-11 05:00:00,17.5,974.0,84,AWS-RAN-102,Ramgarh,RAN,neighbor,False,
2025-03-11 06:00:00,18.3,975.5,87,AWS-RAN-102,Ramgarh,RAN,neighbor,False,
2025-03-11 07:00:00,20.7,976.6,77,AWS-RAN-102,Ramgarh,RAN,neighbor,False,
2025-03-11 08:00:00,23.9,977.7,64,AWS-RAN-102,Ramgarh,RAN,neighbor,False,
2025-03-11 09:00:00,26.7,977.7,48,AWS-RAN-102,Ramgarh,RAN,neighbor,False,
2025-03-11 10:00:00,28.7,977.2,34,AWS-RAN-102,Ramgarh,RAN,neighbor,False,
2025-03-11 11:00:00,30.1,976.1,29,AWS-RAN-102,Ramgarh,RAN,neighbor,False,
2025-03-11 12:00:00,31.0,974.6,27,AWS-RAN-102,Ramgarh,RAN,neighbor,False,
2025-03-11 13:00:00,31.5,973.5,27,AWS-RAN-102,Ramgarh,RAN,neighbor,False,
2025-03-11 14:00:00,32.1,972.5,25,AWS-RAN-102,Ramgarh,RAN,neighbor,False,
2025-03-11 15:00:00,32.2,971.7,23,AWS-RAN-102,Ramgarh,RAN,neighbor,False,
2025-03-11 16:00:00,31.5,971.5,24,AWS-RAN-102,Ramgarh,RAN,neighbor,False,
2025-03-11 17:00:00,28.4,971.6,32,AWS-RAN-102,Ramgarh,RAN,neighbor,False,
2025-03-11 18:00:00,25.2,972.0,39,AWS-RAN-102,Ramgarh,RAN,neighbor,False,
2025-03-11 19:00:00,23.6,972.5,44,AWS-RAN-102,Ramgarh,RAN,neighbor,False,
2025-03-11 20:00:00,22.4,973.0,49,AWS-RAN-102,Ramgarh,RAN,neighbor,False,
2025-03-11 21:00:00,21.4,973.0,54,AWS-RAN-102,Ramgarh,RAN,neighbor,False,
2025-03-11 22:00:00,20.5,972.7,56,AWS-RAN-102,Ramgarh,RAN,neighbor,False,
2025-03-11 23:00:00,19.6,972.1,60,AWS-RAN-102,Ramgarh,RAN,neighbor,False,
2025-03-12 00:00:00,18.8,971.6,63,AWS-RAN-102,Ramgarh,RAN,neighbor,False,
2025-03-12 01:00:00,18.1,970.8,64,AWS-RAN-102,Ramgarh,RAN,neighbor,False,
2025-03-12 02:00:00,17.4,970.2,66,AWS-RAN-102,Ramgarh,RAN,neighbor,False,
2025-03-12 03:00:00,16.5,969.7,70,AWS-RAN-102,Ramgarh,RAN,neighbor,False,
2025-03-12 04:00:00,16.1,969.5,72,AWS-RAN-102,Ramgarh,RAN,neighbor,False,
2025-03-12 05:00:00,16.0,970.0,72,AWS-RAN-102,Ramgarh,RAN,neighbor,False,
2025-03-12 06:00:00,17.1,971.3,71,AWS-RAN-102,Ramgarh,RAN,neighbor,False,
2025-03-12 07:00:00,20.6,972.0,60,AWS-RAN-102,Ramgarh,RAN,neighbor,False,
2025-03-12 08:00:00,24.7,972.8,48,AWS-RAN-102,Ramgarh,RAN,neighbor,False,
2025-03-12 09:00:00,29.0,973.1,34,AWS-RAN-102,Ramgarh,RAN,neighbor,False,
2025-03-12 10:00:00,31.8,972.8,26,AWS-RAN-102,Ramgarh,RAN,neighbor,False,
2025-03-12 11:00:00,33.3,971.6,22,AWS-RAN-102,Ramgarh,RAN,neighbor,False,
2025-03-12 12:00:00,33.7,970.3,21,AWS-RAN-102,Ramgarh,RAN,neighbor,False,
2025-03-12 13:00:00,34.6,969.1,19,AWS-RAN-102,Ramgarh,RAN,neighbor,False,
2025-03-12 14:00:00,34.7,968.0,17,AWS-RAN-102,Ramgarh,RAN,neighbor,False,
2025-03-12 15:00:00,34.3,967.3,18,AWS-RAN-102,Ramgarh,RAN,neighbor,False,
2025-03-12 16:00:00,33.1,967.2,20,AWS-RAN-102,Ramgarh,RAN,neighbor,False,
2025-03-12 17:00:00,31.2,967.1,22,AWS-RAN-102,Ramgarh,RAN,neighbor,False,
2025-03-12 18:00:00,30.2,967.5,22,AWS-RAN-102,Ramgarh,RAN,neighbor,False,
2025-03-12 19:00:00,29.2,968.1,23,AWS-RAN-102,Ramgarh,RAN,neighbor,False,
2025-03-12 20:00:00,24.9,968.8,33,AWS-RAN-102,Ramgarh,RAN,neighbor,False,
2025-03-12 21:00:00,24.1,969.3,36,AWS-RAN-102,Ramgarh,RAN,neighbor,False,
2025-03-12 22:00:00,23.2,969.4,38,AWS-RAN-102,Ramgarh,RAN,neighbor,False,
2025-03-12 23:00:00,21.3,969.0,46,AWS-RAN-102,Ramgarh,RAN,neighbor,False,
2025-03-13 00:00:00,19.8,968.4,53,AWS-RAN-102,Ramgarh,RAN,neighbor,False,
2025-03-13 01:00:00,18.8,967.7,57,AWS-RAN-102,Ramgarh,RAN,neighbor,False,
2025-03-13 02:00:00,18.8,967.3,56,AWS-RAN-102,Ramgarh,RAN,neighbor,False,
2025-03-13 03:00:00,18.7,967.2,54,AWS-RAN-102,Ramgarh,RAN,neighbor,False,
2025-03-13 04:00:00,18.4,967.5,54,AWS-RAN-102,Ramgarh,RAN,neighbor,False,
2025-03-13 05:00:00,18.5,968.2,51,AWS-RAN-102,Ramgarh,RAN,neighbor,False,
2025-03-13 06:00:00,19.3,969.4,56,AWS-RAN-102,Ramgarh,RAN,neighbor,False,
2025-03-13 07:00:00,22.3,970.5,48,AWS-RAN-102,Ramgarh,RAN,neighbor,False,
2025-03-13 08:00:00,26.2,971.6,39,AWS-RAN-102,Ramgarh,RAN,neighbor,False,
2025-03-13 09:00:00,29.7,972.1,32,AWS-RAN-102,Ramgarh,RAN,neighbor,False,
2025-03-13 10:00:00,32.0,971.5,28,AWS-RAN-102,Ramgarh,RAN,neighbor,False,
2025-03-13 11:00:00,33.6,970.6,25,AWS-RAN-102,Ramgarh,RAN,neighbor,False,
2025-03-13 12:00:00,34.6,969.4,23,AWS-RAN-102,Ramgarh,RAN,neighbor,False,
2025-03-13 13:00:00,35.2,968.2,19,AWS-RAN-102,Ramgarh,RAN,neighbor,False,
2025-03-13 14:00:00,35.2,967.0,18,AWS-RAN-102,Ramgarh,RAN,neighbor,False,
2025-03-13 15:00:00,34.6,966.5,18,AWS-RAN-102,Ramgarh,RAN,neighbor,False,
2025-03-13 16:00:00,33.6,966.7,20,AWS-RAN-102,Ramgarh,RAN,neighbor,False,
2025-03-13 17:00:00,31.4,966.5,22,AWS-RAN-102,Ramgarh,RAN,neighbor,False,
2025-03-13 18:00:00,29.7,966.9,23,AWS-RAN-102,Ramgarh,RAN,neighbor,False,
2025-03-13 19:00:00,26.1,967.3,33,AWS-RAN-102,Ramgarh,RAN,neighbor,False,
2025-03-13 20:00:00,24.8,968.4,38,AWS-RAN-102,Ramgarh,RAN,neighbor,False,
2025-03-13 21:00:00,24.1,968.9,41,AWS-RAN-102,Ramgarh,RAN,neighbor,False,
2025-03-13 22:00:00,23.5,969.3,43,AWS-RAN-102,Ramgarh,RAN,neighbor,False,
2025-03-13 23:00:00,22.4,969.0,46,AWS-RAN-102,Ramgarh,RAN,neighbor,False,
2025-03-14 00:00:00,21.5,968.8,49,AWS-RAN-102,Ramgarh,RAN,neighbor,False,
2025-03-14 01:00:00,20.0,968.1,55,AWS-RAN-102,Ramgarh,RAN,neighbor,False,
2025-03-14 02:00:00,19.1,967.9,59,AWS-RAN-102,Ramgarh,RAN,neighbor,False,
2025-03-14 03:00:00,18.9,968.1,61,AWS-RAN-102,Ramgarh,RAN,neighbor,False,
2025-03-14 04:00:00,18.4,968.5,63,AWS-RAN-102,Ramgarh,RAN,neighbor,False,
2025-03-14 05:00:00,18.1,969.0,64,AWS-RAN-102,Ramgarh,RAN,neighbor,False,
2025-03-14 06:00:00,19.1,970.3,69,AWS-RAN-102,Ramgarh,RAN,neighbor,False,
2025-03-14 07:00:00,22.2,971.6,60,AWS-RAN-102,Ramgarh,RAN,neighbor,False,
2025-03-14 08:00:00,26.1,972.8,49,AWS-RAN-102,Ramgarh,RAN,neighbor,False,
2025-03-14 09:00:00,29.6,973.1,38,AWS-RAN-102,Ramgarh,RAN,neighbor,False,
2025-03-14 10:00:00,32.2,972.9,29,AWS-RAN-102,Ramgarh,RAN,neighbor,False,
2025-03-14 11:00:00,33.8,972.3,24,AWS-RAN-102,Ramgarh,RAN,neighbor,False,
2025-03-14 12:00:00,34.8,971.1,21,AWS-RAN-102,Ramgarh,RAN,neighbor,False,
2025-03-14 13:00:00,35.6,970.2,20,AWS-RAN-102,Ramgarh,RAN,neighbor,False,
2025-03-14 14:00:00,35.6,969.1,17,AWS-RAN-102,Ramgarh,RAN,neighbor,False,
2025-03-14 15:00:00,35.6,968.2,16,AWS-RAN-102,Ramgarh,RAN,neighbor,False,
2025-03-14 16:00:00,34.8,967.8,17,AWS-RAN-102,Ramgarh,RAN,neighbor,False,
2025-03-14 17:00:00,30.7,967.5,24,AWS-RAN-102,Ramgarh,RAN,neighbor,False,
2025-03-14 18:00:00,28.7,968.6,24,AWS-RAN-102,Ramgarh,RAN,neighbor,False,
2025-03-14 19:00:00,26.4,969.5,35,AWS-RAN-102,Ramgarh,RAN,neighbor,False,
2025-03-14 20:00:00,25.6,970.2,38,AWS-RAN-102,Ramgarh,RAN,neighbor,False,
2025-03-14 21:00:00,24.4,970.9,42,AWS-RAN-102,Ramgarh,RAN,neighbor,False,
2025-03-14 22:00:00,23.3,971.1,45,AWS-RAN-102,Ramgarh,RAN,neighbor,False,
2025-03-14 23:00:00,22.3,970.9,48,AWS-RAN-102,Ramgarh,RAN,neighbor,False,
2025-03-15 00:00:00,21.1,970.6,52,AWS-RAN-102,Ramgarh,RAN,neighbor,False,
2025-03-15 01:00:00,20.6,970.1,53,AWS-RAN-102,Ramgarh,RAN,neighbor,False,
2025-03-15 02:00:00,20.0,969.5,55,AWS-RAN-102,Ramgarh,RAN,neighbor,False,
2025-03-15 03:00:00,19.1,969.2,60,AWS-RAN-102,Ramgarh,RAN,neighbor,False,
2025-03-15 04:00:00,18.6,969.4,63,AWS-RAN-102,Ramgarh,RAN,neighbor,False,
2025-03-15 05:00:00,18.3,969.8,64,AWS-RAN-102,Ramgarh,RAN,neighbor,False,
2025-03-15 06:00:00,19.5,971.2,68,AWS-RAN-102,Ramgarh,RAN,neighbor,False,
2025-03-15 07:00:00,22.7,972.8,59,AWS-RAN-102,Ramgarh,RAN,neighbor,False,
2025-03-15 08:00:00,26.8,973.9,48,AWS-RAN-102,Ramgarh,RAN,neighbor,False,
2025-03-15 09:00:00,30.2,974.5,39,AWS-RAN-102,Ramgarh,RAN,neighbor,False,
2025-03-15 10:00:00,32.3,974.2,33,AWS-RAN-102,Ramgarh,RAN,neighbor,False,
2025-03-15 11:00:00,34.0,973.7,26,AWS-RAN-102,Ramgarh,RAN,neighbor,False,
2025-03-15 12:00:00,35.3,972.5,23,AWS-RAN-102,Ramgarh,RAN,neighbor,False,
2025-03-15 13:00:00,36.2,971.6,20,AWS-RAN-102,Ramgarh,RAN,neighbor,False,
2025-03-15 14:00:00,36.8,970.7,16,AWS-RAN-102,Ramgarh,RAN,neighbor,False,
2025-03-15 15:00:00,36.2,970.1,16,AWS-RAN-102,Ramgarh,RAN,neighbor,False,
2025-03-15 16:00:00,35.2,969.7,18,AWS-RAN-102,Ramgarh,RAN,neighbor,False,
2025-03-15 17:00:00,32.4,969.6,20,AWS-RAN-102,Ramgarh,RAN,neighbor,False,
2025-03-15 18:00:00,29.0,970.0,25,AWS-RAN-102,Ramgarh,RAN,neighbor,False,
2025-03-15 19:00:00,28.1,971.1,27,AWS-RAN-102,Ramgarh,RAN,neighbor,False,
2025-03-15 20:00:00,27.1,972.0,29,AWS-RAN-102,Ramgarh,RAN,neighbor,False,
2025-03-15 21:00:00,25.0,972.6,36,AWS-RAN-102,Ramgarh,RAN,neighbor,False,
2025-03-15 22:00:00,23.0,972.7,45,AWS-RAN-102,Ramgarh,RAN,neighbor,False,
2025-03-15 23:00:00,22.3,972.6,47,AWS-RAN-102,Ramgarh,RAN,neighbor,False,
2025-03-16 00:00:00,21.9,971.9,47,AWS-RAN-102,Ramgarh,RAN,neighbor,False,
2025-03-16 01:00:00,20.8,971.1,49,AWS-RAN-102,Ramgarh,RAN,neighbor,False,
2025-03-16 02:00:00,20.5,970.4,50,AWS-RAN-102,Ramgarh,RAN,neighbor,False,
2025-03-16 03:00:00,20.0,970.1,56,AWS-RAN-102,Ramgarh,RAN,neighbor,False,
2025-03-16 04:00:00,20.2,970.3,57,AWS-RAN-102,Ramgarh,RAN,neighbor,False,
2025-03-16 05:00:00,20.3,970.7,54,AWS-RAN-102,Ramgarh,RAN,neighbor,False,
2025-03-16 06:00:00,21.1,971.2,63,AWS-RAN-102,Ramgarh,RAN,neighbor,False,
2025-03-16 07:00:00,24.0,972.2,55,AWS-RAN-102,Ramgarh,RAN,neighbor,False,
2025-03-16 08:00:00,28.1,973.1,46,AWS-RAN-102,Ramgarh,RAN,neighbor,False,
2025-03-16 09:00:00,31.8,973.5,36,AWS-RAN-102,Ramgarh,RAN,neighbor,False,
2025-03-16 10:00:00,34.1,973.5,28,AWS-RAN-102,Ramgarh,RAN,neighbor,False,
2025-03-16 11:00:00,35.3,972.7,24,AWS-RAN-102,Ramgarh,RAN,neighbor,False,
2025-03-16 12:00:00,36.2,971.5,21,AWS-RAN-102,Ramgarh,RAN,neighbor,False,
2025-03-16 13:00:00,37.0,970.0,18,AWS-RAN-102,Ramgarh,RAN,neighbor,False,
2025-03-16 14:00:00,37.1,968.6,18,AWS-RAN-102,Ramgarh,RAN,neighbor,False,
2025-03-16 15:00:00,36.7,968.1,17,AWS-RAN-102,Ramgarh,RAN,neighbor,False,
2025-03-16 16:00:00,34.7,968.3,23,AWS-RAN-102,Ramgarh,RAN,neighbor,False,
2025-03-16 17:00:00,29.8,969.2,35,AWS-RAN-102,Ramgarh,RAN,neighbor,False,
2025-03-16 18:00:00,28.2,970.1,41,AWS-RAN-102,Ramgarh,RAN,neighbor,False,
2025-03-16 19:00:00,27.5,970.5,45,AWS-RAN-102,Ramgarh,RAN,neighbor,False,
2025-03-16 20:00:00,26.4,970.9,46,AWS-RAN-102,Ramgarh,RAN,neighbor,False,
2025-03-16 21:00:00,25.1,970.9,50,AWS-RAN-102,Ramgarh,RAN,neighbor,False,
2025-03-16 22:00:00,24.0,971.0,54,AWS-RAN-102,Ramgarh,RAN,neighbor,False,
2025-03-16 23:00:00,23.4,970.7,56,AWS-RAN-102,Ramgarh,RAN,neighbor,False,
2025-03-17 00:00:00,23.0,970.2,57,AWS-RAN-102,Ramgarh,RAN,neighbor,False,
2025-03-17 01:00:00,22.5,969.7,59,AWS-RAN-102,Ramgarh,RAN,neighbor,False,
2025-03-17 02:00:00,21.8,969.2,61,AWS-RAN-102,Ramgarh,RAN,neighbor,False,
2025-03-17 03:00:00,20.8,969.0,66,AWS-RAN-102,Ramgarh,RAN,neighbor,False,
2025-03-17 04:00:00,20.3,969.1,70,AWS-RAN-102,Ramgarh,RAN,neighbor,False,
2025-03-17 05:00:00,20.0,969.8,73,AWS-RAN-102,Ramgarh,RAN,neighbor,False,
2025-03-17 06:00:00,21.6,971.2,73,AWS-RAN-102,Ramgarh,RAN,neighbor,False,
2025-03-17 07:00:00,23.8,971.9,64,AWS-RAN-102,Ramgarh,RAN,neighbor,False,
2025-03-17 08:00:00,27.3,972.8,51,AWS-RAN-102,Ramgarh,RAN,neighbor,False,
2025-03-17 09:00:00,30.1,973.1,42,AWS-RAN-102,Ramgarh,RAN,neighbor,False,
2025-03-17 10:00:00,32.1,973.8,34,AWS-RAN-102,Ramgarh,RAN,neighbor,False,
2025-03-17 11:00:00,26.1,973.6,56,AWS-RAN-102,Ramgarh,RAN,neighbor,False,
2025-03-17 12:00:00,28.7,972.7,48,AWS-RAN-102,Ramgarh,RAN,neighbor,False,
2025-03-17 13:00:00,31.2,971.0,39,AWS-RAN-102,Ramgarh,RAN,neighbor,False,
2025-03-17 14:00:00,32.4,970.1,34,AWS-RAN-102,Ramgarh,RAN,neighbor,False,
2025-03-17 15:00:00,30.5,969.6,40,AWS-RAN-102,Ramgarh,RAN,neighbor,False,
2025-03-17 16:00:00,30.6,969.5,39,AWS-RAN-102,Ramgarh,RAN,neighbor,False,
2025-03-17 17:00:00,28.8,969.1,54,AWS-RAN-102,Ramgarh,RAN,neighbor,False,
2025-03-17 18:00:00,27.3,969.7,49,AWS-RAN-102,Ramgarh,RAN,neighbor,False,
2025-03-17 19:00:00,26.5,970.1,52,AWS-RAN-102,Ramgarh,RAN,neighbor,False,
2025-03-17 20:00:00,25.2,970.6,57,AWS-RAN-102,Ramgarh,RAN,neighbor,False,
2025-03-17 21:00:00,24.8,971.6,53,AWS-RAN-102,Ramgarh,RAN,neighbor,False,
2025-03-17 22:00:00,23.9,972.2,54,AWS-RAN-102,Ramgarh,RAN,neighbor,False,
2025-03-17 23:00:00,23.0,972.0,57,AWS-RAN-102,Ramgarh,RAN,neighbor,False,
2025-03-18 00:00:00,22.5,971.9,58,AWS-RAN-102,Ramgarh,RAN,neighbor,False,
2025-03-18 01:00:00,21.8,971.3,61,AWS-RAN-102,Ramgarh,RAN,neighbor,False,
2025-03-18 02:00:00,21.1,971.1,62,AWS-RAN-102,Ramgarh,RAN,neighbor,False,
2025-03-18 03:00:00,20.6,970.8,62,AWS-RAN-102,Ramgarh,RAN,neighbor,False,
2025-03-18 04:00:00,20.3,971.0,62,AWS-RAN-102,Ramgarh,RAN,neighbor,False,
2025-03-18 05:00:00,19.7,971.2,62,AWS-RAN-102,Ramgarh,RAN,neighbor,False,
2025-03-18 06:00:00,20.1,972.4,62,AWS-RAN-102,Ramgarh,RAN,neighbor,False,
2025-03-18 07:00:00,22.5,973.4,55,AWS-RAN-102,Ramgarh,RAN,neighbor,False,
2025-03-18 08:00:00,25.3,974.2,41,AWS-RAN-102,Ramgarh,RAN,neighbor,False,
2025-03-18 09:00:00,27.7,974.5,33,AWS-RAN-102,Ramgarh,RAN,neighbor,False,
2025-03-18 10:00:00,29.6,974.3,28,AWS-RAN-102,Ramgarh,RAN,neighbor,False,
2025-03-18 11:00:00,30.8,973.3,27,AWS-RAN-102,Ramgarh,RAN,neighbor,False,
2025-03-18 12:00:00,31.8,972.4,25,AWS-RAN-102,Ramgarh,RAN,neighbor,False,
2025-03-18 13:00:00,32.4,971.4,23,AWS-RAN-102,Ramgarh,RAN,neighbor,False,
2025-03-18 14:00:00,32.6,970.7,22,AWS-RAN-102,Ramgarh,RAN,neighbor,False,
2025-03-18 15:00:00,32.4,970.3,21,AWS-RAN-102,Ramgarh,RAN,neighbor,False,
2025-03-18 16:00:00,31.5,970.2,23,AWS-RAN-102,Ramgarh,RAN,neighbor,False,
2025-03-18 17:00:00,29.0,970.4,27,AWS-RAN-102,Ramgarh,RAN,neighbor,False,
2025-03-18 18:00:00,26.7,971.0,32,AWS-RAN-102,Ramgarh,RAN,neighbor,False,
2025-03-18 19:00:00,25.6,971.7,31,AWS-RAN-102,Ramgarh,RAN,neighbor,False,
2025-03-18 20:00:00,24.1,972.6,35,AWS-RAN-102,Ramgarh,RAN,neighbor,False,
2025-03-18 21:00:00,22.7,972.9,39,AWS-RAN-102,Ramgarh,RAN,neighbor,False,
2025-03-18 22:00:00,21.5,973.2,43,AWS-RAN-102,Ramgarh,RAN,neighbor,False,
2025-03-18 23:00:00,20.5,973.2,47,AWS-RAN-102,Ramgarh,RAN,neighbor,False,
2025-03-19 00:00:00,19.3,973.0,51,AWS-RAN-102,Ramgarh,RAN,neighbor,False,
2025-03-19 01:00:00,18.8,972.6,53,AWS-RAN-102,Ramgarh,RAN,neighbor,False,
2025-03-19 02:00:00,18.3,972.2,54,AWS-RAN-102,Ramgarh,RAN,neighbor,False,
2025-03-19 03:00:00,17.8,972.0,56,AWS-RAN-102,Ramgarh,RAN,neighbor,False,
2025-03-19 04:00:00,17.6,972.3,56,AWS-RAN-102,Ramgarh,RAN,neighbor,False,
2025-03-19 05:00:00,17.3,972.9,56,AWS-RAN-102,Ramgarh,RAN,neighbor,False,
2025-03-19 06:00:00,17.9,974.6,63,AWS-RAN-102,Ramgarh,RAN,neighbor,False,
2025-03-19 07:00:00,21.5,975.6,51,AWS-RAN-102,Ramgarh,RAN,neighbor,False,
2025-03-19 08:00:00,24.6,976.5,37,AWS-RAN-102,Ramgarh,RAN,neighbor,False,
2025-03-19 09:00:00,27.1,976.9,31,AWS-RAN-102,Ramgarh,RAN,neighbor,False,
2025-03-19 10:00:00,29.1,977.1,26,AWS-RAN-102,Ramgarh,RAN,neighbor,False,
2025-03-19 11:00:00,30.8,976.4,24,AWS-RAN-102,Ramgarh,RAN,neighbor,False,
2025-03-19 12:00:00,32.2,975.3,23,AWS-RAN-102,Ramgarh,RAN,neighbor,False,
2025-03-19 13:00:00,33.2,974.2,23,AWS-RAN-102,Ramgarh,RAN,neighbor,False,
2025-03-19 14:00:00,33.8,973.3,23,AWS-RAN-102,Ramgarh,RAN,neighbor,False,
2025-03-19 15:00:00,33.8,972.7,23,AWS-RAN-102,Ramgarh,RAN,neighbor,False,
2025-03-19 16:00:00,32.9,972.2,24,AWS-RAN-102,Ramgarh,RAN,neighbor,False,
2025-03-19 17:00:00,29.8,972.0,40,AWS-RAN-102,Ramgarh,RAN,neighbor,False,
2025-03-19 18:00:00,26.7,972.4,44,AWS-RAN-102,Ramgarh,RAN,neighbor,False,
2025-03-19 19:00:00,25.6,973.5,47,AWS-RAN-102,Ramgarh,RAN,neighbor,False,
2025-03-19 20:00:00,24.8,974.3,46,AWS-RAN-102,Ramgarh,RAN,neighbor,False,
2025-03-19 21:00:00,24.4,975.2,47,AWS-RAN-102,Ramgarh,RAN,neighbor,False,
2025-03-19 22:00:00,23.1,975.4,51,AWS-RAN-102,Ramgarh,RAN,neighbor,False,
2025-03-19 23:00:00,22.6,975.1,52,AWS-RAN-102,Ramgarh,RAN,neighbor,False,
2025-03-20 00:00:00,21.3,974.9,55,AWS-RAN-102,Ramgarh,RAN,neighbor,False,
2025-03-20 01:00:00,20.6,974.2,59,AWS-RAN-102,Ramgarh,RAN,neighbor,False,
2025-03-20 02:00:00,20.5,973.9,60,AWS-RAN-102,Ramgarh,RAN,neighbor,False,
2025-03-20 03:00:00,20.3,973.9,63,AWS-RAN-102,Ramgarh,RAN,neighbor,False,
2025-03-20 04:00:00,19.9,974.3,64,AWS-RAN-102,Ramgarh,RAN,neighbor,False,
2025-03-20 05:00:00,20.3,974.8,59,AWS-RAN-102,Ramgarh,RAN,neighbor,False,
2025-03-20 06:00:00,21.4,976.2,58,AWS-RAN-102,Ramgarh,RAN,neighbor,False,
2025-03-20 07:00:00,24.2,977.4,48,AWS-RAN-102,Ramgarh,RAN,neighbor,False,
2025-03-20 08:00:00,26.5,978.0,37,AWS-RAN-102,Ramgarh,RAN,neighbor,False,
2025-03-20 09:00:00,28.0,978.7,39,AWS-RAN-102,Ramgarh,RAN,neighbor,False,
2025-03-20 10:00:00,29.1,978.0,40,AWS-RAN-102,Ramgarh,RAN,neighbor,False,
2025-03-20 11:00:00,30.8,976.9,36,AWS-RAN-102,Ramgarh,RAN,neighbor,False,
2025-03-20 12:00:00,29.1,977.0,46,AWS-RAN-102,Ramgarh,RAN,neighbor,False,
2025-03-20 13:00:00,30.0,974.6,43,AWS-RAN-102,Ramgarh,RAN,neighbor,False,
2025-03-20 14:00:00,31.0,974.1,39,AWS-RAN-102,Ramgarh,RAN,neighbor,False,
2025-03-20 15:00:00,28.9,973.7,45,AWS-RAN-102,Ramgarh,RAN,neighbor,False,
2025-03-20 16:00:00,27.8,973.7,52,AWS-RAN-102,Ramgarh,RAN,neighbor,False,
2025-03-20 17:00:00,27.2,973.6,51,AWS-RAN-102,Ramgarh,RAN,neighbor,False,
2025-03-20 18:00:00,25.9,974.2,56,AWS-RAN-102,Ramgarh,RAN,neighbor,False,
2025-03-20 19:00:00,24.8,975.0,59,AWS-RAN-102,Ramgarh,RAN,neighbor,False,
2025-03-20 20:00:00,23.7,975.8,65,AWS-RAN-102,Ramgarh,RAN,neighbor,False,
2025-03-20 21:00:00,23.1,975.9,68,AWS-RAN-102,Ramgarh,RAN,neighbor,False,
2025-03-20 22:00:00,22.7,976.9,71,AWS-RAN-102,Ramgarh,RAN,neighbor,False,
2025-03-20 23:00:00,22.0,976.7,77,AWS-RAN-102,Ramgarh,RAN,neighbor,False,
2025-03-21 00:00:00,20.9,976.0,85,AWS-RAN-102,Ramgarh,RAN,neighbor,False,
2025-03-21 01:00:00,20.2,976.0,92,AWS-RAN-102,Ramgarh,RAN,neighbor,False,
2025-03-21 02:00:00,20.0,974.7,96,AWS-RAN-102,Ramgarh,RAN,neighbor,False,
2025-03-21 03:00:00,19.6,975.7,96,AWS-RAN-102,Ramgarh,RAN,neighbor,False,
2025-03-21 04:00:00,19.3,975.3,96,AWS-RAN-102,Ramgarh,RAN,neighbor,False,
2025-03-21 05:00:00,19.1,975.9,97,AWS-RAN-102,Ramgarh,RAN,neighbor,False,
2025-03-21 06:00:00,19.8,976.3,88,AWS-RAN-102,Ramgarh,RAN,neighbor,False,
2025-03-21 07:00:00,21.8,977.0,77,AWS-RAN-102,Ramgarh,RAN,neighbor,False,
2025-03-21 08:00:00,20.6,978.9,87,AWS-RAN-102,Ramgarh,RAN,neighbor,False,
2025-03-21 09:00:00,22.6,978.4,75,AWS-RAN-102,Ramgarh,RAN,neighbor,False,
2025-03-21 10:00:00,24.5,978.9,65,AWS-RAN-102,Ramgarh,RAN,neighbor,False,
2025-03-21 11:00:00,23.5,978.3,71,AWS-RAN-102,Ramgarh,RAN,neighbor,False,
2025-03-21 12:00:00,22.3,977.5,80,AWS-RAN-102,Ramgarh,RAN,neighbor,False,
2025-03-21 13:00:00,21.9,975.4,90,AWS-RAN-102,Ramgarh,RAN,neighbor,False,
2025-03-21 14:00:00,23.0,974.1,82,AWS-RAN-102,Ramgarh,RAN,neighbor,False,
2025-03-21 15:00:00,25.8,973.6,66,AWS-RAN-102,Ramgarh,RAN,neighbor,False,
2025-03-21 16:00:00,24.8,973.1,68,AWS-RAN-102,Ramgarh,RAN,neighbor,False,
2025-03-21 17:00:00,24.4,973.7,71,AWS-RAN-102,Ramgarh,RAN,neighbor,False,
2025-03-21 18:00:00,21.7,974.8,79,AWS-RAN-102,Ramgarh,RAN,neighbor,False,
2025-03-21 19:00:00,21.2,974.3,80,AWS-RAN-102,Ramgarh,RAN,neighbor,False,
2025-03-21 20:00:00,20.6,974.8,89,AWS-RAN-102,Ramgarh,RAN,neighbor,False,
2025-03-21 21:00:00,20.2,974.9,89,AWS-RAN-102,Ramgarh,RAN,neighbor,False,
2025-03-21 22:00:00,19.9,976.4,89,AWS-RAN-102,Ramgarh,RAN,neighbor,False,
2025-03-21 23:00:00,20.1,975.5,88,AWS-RAN-102,Ramgarh,RAN,neighbor,False,
2025-03-22 00:00:00,19.8,974.0,89,AWS-RAN-102,Ramgarh,RAN,neighbor,False,
2025-03-22 01:00:00,19.8,973.3,87,AWS-RAN-102,Ramgarh,RAN,neighbor,False,
2025-03-22 02:00:00,19.3,973.7,90,AWS-RAN-102,Ramgarh,RAN,neighbor,False,
2025-03-22 03:00:00,19.5,973.1,90,AWS-RAN-102,Ramgarh,RAN,neighbor,False,
2025-03-22 04:00:00,18.9,973.5,94,AWS-RAN-102,Ramgarh,RAN,neighbor,False,
2025-03-22 05:00:00,18.0,973.5,95,AWS-RAN-102,Ramgarh,RAN,neighbor,False,
2025-03-22 06:00:00,17.8,975.0,95,AWS-RAN-102,Ramgarh,RAN,neighbor,False,
2025-03-22 07:00:00,19.0,976.1,90,AWS-RAN-102,Ramgarh,RAN,neighbor,False,
2025-03-22 08:00:00,22.6,977.3,68,AWS-RAN-102,Ramgarh,RAN,neighbor,False,
2025-03-22 09:00:00,25.6,977.1,56,AWS-RAN-102,Ramgarh,RAN,neighbor,False,
2025-03-22 10:00:00,27.8,976.9,48,AWS-RAN-102,Ramgarh,RAN,neighbor,False,
2025-03-22 11:00:00,29.2,975.8,43,AWS-RAN-102,Ramgarh,RAN,neighbor,False,
2025-03-22 12:00:00,30.1,974.7,40,AWS-RAN-102,Ramgarh,RAN,neighbor,False,
2025-03-22 13:00:00,30.6,973.5,38,AWS-RAN-102,Ramgarh,RAN,neighbor,False,
2025-03-22 14:00:00,30.4,972.7,37,AWS-RAN-102,Ramgarh,RAN,neighbor,False,
2025-03-22 15:00:00,25.5,972.5,48,AWS-RAN-102,Ramgarh,RAN,neighbor,False,
2025-03-22 16:00:00,26.7,972.6,43,AWS-RAN-102,Ramgarh,RAN,neighbor,False,
2025-03-22 17:00:00,24.0,973.3,59,AWS-RAN-102,Ramgarh,RAN,neighbor,False,
2025-03-22 18:00:00,22.4,973.9,63,AWS-RAN-102,Ramgarh,RAN,neighbor,False,
2025-03-22 19:00:00,21.0,974.6,67,AWS-RAN-102,Ramgarh,RAN,neighbor,False,
2025-03-22 20:00:00,20.9,975.4,68,AWS-RAN-102,Ramgarh,RAN,neighbor,False,
2025-03-22 21:00:00,20.0,975.6,72,AWS-RAN-102,Ramgarh,RAN,neighbor,False,
2025-03-22 22:00:00,18.7,975.9,79,AWS-RAN-102,Ramgarh,RAN,neighbor,False,
2025-03-22 23:00:00,17.7,975.6,87,AWS-RAN-102,Ramgarh,RAN,neighbor,False,
2025-03-23 00:00:00,17.2,975.0,89,AWS-RAN-102,Ramgarh,RAN,neighbor,False,
2025-03-23 01:00:00,16.9,974.0,89,AWS-RAN-102,Ramgarh,RAN,neighbor,False,
2025-03-23 02:00:00,17.0,973.6,86,AWS-RAN-102,Ramgarh,RAN,neighbor,False,
2025-03-23 03:00:00,17.2,973.8,86,AWS-RAN-102,Ramgarh,RAN,neighbor,False,
2025-03-23 04:00:00,17.1,974.6,89,AWS-RAN-102,Ramgarh,RAN,neighbor,False,
2025-03-23 05:00:00,17.1,975.0,89,AWS-RAN-102,Ramgarh,RAN,neighbor,False,
2025-03-23 06:00:00,18.2,976.0,78,AWS-RAN-102,Ramgarh,RAN,neighbor,False,
2025-03-23 07:00:00,20.8,976.6,64,AWS-RAN-102,Ramgarh,RAN,neighbor,False,
2025-03-23 08:00:00,23.4,977.4,55,AWS-RAN-102,Ramgarh,RAN,neighbor,False,
2025-03-23 09:00:00,26.2,977.7,45,AWS-RAN-102,Ramgarh,RAN,neighbor,False,
2025-03-23 10:00:00,28.7,977.3,35,AWS-RAN-102,Ramgarh,RAN,neighbor,False,
2025-03-23 11:00:00,28.5,976.7,35,AWS-RAN-102,Ramgarh,RAN,neighbor,False,
2025-03-23 12:00:00,28.0,975.8,32,AWS-RAN-102,Ramgarh,RAN,neighbor,False,
2025-03-23 13:00:00,29.5,974.2,28,AWS-RAN-102,Ramgarh,RAN,neighbor,False,
2025-03-23 14:00:00,30.2,973.1,23,AWS-RAN-102,Ramgarh,RAN,neighbor,False,
2025-03-23 15:00:00,29.5,972.7,27,AWS-RAN-102,Ramgarh,RAN,neighbor,False,
2025-03-23 16:00:00,29.0,972.6,27,AWS-RAN-102,Ramgarh,RAN,neighbor,False,
2025-03-23 17:00:00,26.9,972.7,32,AWS-RAN-102,Ramgarh,RAN,neighbor,False,
2025-03-23 18:00:00,23.4,973.9,41,AWS-RAN-102,Ramgarh,RAN,neighbor,False,
2025-03-23 19:00:00,22.6,974.6,47,AWS-RAN-102,Ramgarh,RAN,neighbor,False,
2025-03-23 20:00:00,21.6,975.3,50,AWS-RAN-102,Ramgarh,RAN,neighbor,False,
2025-03-23 21:00:00,21.3,975.8,50,AWS-RAN-102,Ramgarh,RAN,neighbor,False,
2025-03-23 22:00:00,20.7,975.9,54,AWS-RAN-102,Ramgarh,RAN,neighbor,False,
2025-03-23 23:00:00,20.2,975.5,57,AWS-RAN-102,Ramgarh,RAN,neighbor,False,
2025-03-24 00:00:00,19.2,975.3,60,AWS-RAN-102,Ramgarh,RAN,neighbor,False,
2025-03-24 01:00:00,18.2,974.6,65,AWS-RAN-102,Ramgarh,RAN,neighbor,False,
2025-03-24 02:00:00,17.1,974.1,70,AWS-RAN-102,Ramgarh,RAN,neighbor,False,
2025-03-24 03:00:00,16.5,973.7,78,AWS-RAN-102,Ramgarh,RAN,neighbor,False,
2025-03-24 04:00:00,15.8,973.9,87,AWS-RAN-102,Ramgarh,RAN,neighbor,False,
2025-03-24 05:00:00,15.5,974.6,92,AWS-RAN-102,Ramgarh,RAN,neighbor,False,
2025-03-24 06:00:00,17.8,975.7,84,AWS-RAN-102,Ramgarh,RAN,neighbor,False,
2025-03-24 07:00:00,21.2,977.0,71,AWS-RAN-102,Ramgarh,RAN,neighbor,False,
2025-03-24 08:00:00,24.8,978.1,58,AWS-RAN-102,Ramgarh,RAN,neighbor,False,
2025-03-24 09:00:00,27.6,978.0,49,AWS-RAN-102,Ramgarh,RAN,neighbor,False,
2025-03-24 10:00:00,29.8,977.5,31,AWS-RAN-102,Ramgarh,RAN,neighbor,False,
2025-03-24 11:00:00,30.6,976.4,27,AWS-RAN-102,Ramgarh,RAN,neighbor,False,
2025-03-24 12:00:00,31.1,975.2,26,AWS-RAN-102,Ramgarh,RAN,neighbor,False,
2025-03-24 13:00:00,31.4,973.8,24,AWS-RAN-102,Ramgarh,RAN,neighbor,False,
2025-03-24 14:00:00,31.5,972.7,23,AWS-RAN-102,Ramgarh,RAN,neighbor,False,
2025-03-24 15:00:00,31.5,972.0,23,AWS-RAN-102,Ramgarh,RAN,neighbor,False,
2025-03-24 16:00:00,30.9,972.0,24,AWS-RAN-102,Ramgarh,RAN,neighbor,False,
2025-03-24 17:00:00,28.9,971.8,29,AWS-RAN-102,Ramgarh,RAN,neighbor,False,
2025-03-24 18:00:00,26.8,972.1,31,AWS-RAN-102,Ramgarh,RAN,neighbor,False,
2025-03-24 19:00:00,24.7,973.0,42,AWS-RAN-102,Ramgarh,RAN,neighbor,False,
2025-03-24 20:00:00,23.1,973.8,49,AWS-RAN-102,Ramgarh,RAN,neighbor,False,
2025-03-24 21:00:00,22.9,974.6,54,AWS-RAN-102,Ramgarh,RAN,neighbor,False,
2025-03-24 22:00:00,21.7,974.4,51,AWS-RAN-102,Ramgarh,RAN,neighbor,False,
2025-03-24 23:00:00,21.1,973.6,53,AWS-RAN-102,Ramgarh,RAN,neighbor,False,
2025-03-25 00:00:00,20.1,972.5,58,AWS-RAN-102,Ramgarh,RAN,neighbor,False,
2025-03-25 01:00:00,18.8,971.9,64,AWS-RAN-102,Ramgarh,RAN,neighbor,False,
2025-03-25 02:00:00,17.8,971.4,70,AWS-RAN-102,Ramgarh,RAN,neighbor,False,
2025-03-25 03:00:00,17.7,971.1,70,AWS-RAN-102,Ramgarh,RAN,neighbor,False,
2025-03-25 04:00:00,17.7,971.0,70,AWS-RAN-102,Ramgarh,RAN,neighbor,False,
2025-03-25 05:00:00,17.6,971.1,70,AWS-RAN-102,Ramgarh,RAN,neighbor,False,
2025-03-25 06:00:00,18.8,971.7,75,AWS-RAN-102,Ramgarh,RAN,neighbor,False,
2025-03-25 07:00:00,21.9,972.7,65,AWS-RAN-102,Ramgarh,RAN,neighbor,False,
2025-03-25 08:00:00,25.7,973.7,51,AWS-RAN-102,Ramgarh,RAN,neighbor,False,
2025-03-25 09:00:00,28.9,973.7,36,AWS-RAN-102,Ramgarh,RAN,neighbor,False,
2025-03-25 10:00:00,30.6,973.2,27,AWS-RAN-102,Ramgarh,RAN,neighbor,False,
2025-03-25 11:00:00,31.5,972.5,25,AWS-RAN-102,Ramgarh,RAN,neighbor,False,
2025-03-25 12:00:00,32.3,971.2,22,AWS-RAN-102,Ramgarh,RAN,neighbor,False,
2025-03-25 13:00:00,32.7,969.9,21,AWS-RAN-102,Ramgarh,RAN,neighbor,False,
2025-03-25 14:00:00,32.8,968.7,21,AWS-RAN-102,Ramgarh,RAN,neighbor,False,
2025-03-25 15:00:00,32.7,968.2,21,AWS-RAN-102,Ramgarh,RAN,neighbor,False,
2025-03-25 16:00:00,32.2,967.9,21,AWS-RAN-102,Ramgarh,RAN,neighbor,False,
2025-03-25 17:00:00,29.6,967.9,25,AWS-RAN-102,Ramgarh,RAN,neighbor,False,
2025-03-25 18:00:00,27.0,968.2,30,AWS-RAN-102,Ramgarh,RAN,neighbor,False,
2025-03-25 19:00:00,23.9,968.8,39,AWS-RAN-102,Ramgarh,RAN,neighbor,False,
2025-03-25 20:00:00,22.1,969.4,49,AWS-RAN-102,Ramgarh,RAN,neighbor,False,
2025-03-25 21:00:00,21.0,969.7,55,AWS-RAN-102,Ramgarh,RAN,neighbor,False,
2025-03-25 22:00:00,20.5,969.6,54,AWS-RAN-102,Ramgarh,RAN,neighbor,False,
2025-03-25 23:00:00,20.0,969.2,54,AWS-RAN-102,Ramgarh,RAN,neighbor,False,
2025-03-26 00:00:00,19.0,968.7,59,AWS-RAN-102,Ramgarh,RAN,neighbor,False,
2025-03-26 01:00:00,18.3,968.0,61,AWS-RAN-102,Ramgarh,RAN,neighbor,False,
2025-03-26 02:00:00,17.8,967.4,62,AWS-RAN-102,Ramgarh,RAN,neighbor,False,
2025-03-26 03:00:00,18.1,967.0,60,AWS-RAN-102,Ramgarh,RAN,neighbor,False,
2025-03-26 04:00:00,18.1,967.2,59,AWS-RAN-102,Ramgarh,RAN,neighbor,False,
2025-03-26 05:00:00,17.9,967.7,60,AWS-RAN-102,Ramgarh,RAN,neighbor,False,
2025-03-26 06:00:00,19.7,968.8,58,AWS-RAN-102,Ramgarh,RAN,neighbor,False,
2025-03-26 07:00:00,23.1,970.3,51,AWS-RAN-102,Ramgarh,RAN,neighbor,False,
2025-03-26 08:00:00,26.8,971.2,40,AWS-RAN-102,Ramgarh,RAN,neighbor,False,
2025-03-26 09:00:00,29.8,971.4,33,AWS-RAN-102,Ramgarh,RAN,neighbor,False,
2025-03-26 10:00:00,31.9,971.3,23,AWS-RAN-102,Ramgarh,RAN,neighbor,False,
2025-03-26 11:00:00,32.9,970.5,21,AWS-RAN-102,Ramgarh,RAN,neighbor,False,
2025-03-26 12:00:00,33.6,969.4,21,AWS-RAN-102,Ramgarh,RAN,neighbor,False,
2025-03-26 13:00:00,34.0,968.2,20,AWS-RAN-102,Ramgarh,RAN,neighbor,False,
2025-03-26 14:00:00,34.4,967.2,19,AWS-RAN-102,Ramgarh,RAN,neighbor,False,
2025-03-26 15:00:00,34.7,966.5,16,AWS-RAN-102,Ramgarh,RAN,neighbor,False,
2025-03-26 16:00:00,33.5,966.6,19,AWS-RAN-102,Ramgarh,RAN,neighbor,False,
2025-03-26 17:00:00,30.4,966.7,25,AWS-RAN-102,Ramgarh,RAN,neighbor,False,
2025-03-26 18:00:00,27.1,966.9,31,AWS-RAN-102,Ramgarh,RAN,neighbor,False,
2025-03-26 19:00:00,24.4,967.3,39,AWS-RAN-102,Ramgarh,RAN,neighbor,False,
2025-03-26 20:00:00,23.1,968.3,46,AWS-RAN-102,Ramgarh,RAN,neighbor,False,
2025-03-26 21:00:00,22.0,968.4,48,AWS-RAN-102,Ramgarh,RAN,neighbor,False,
2025-03-26 22:00:00,21.2,968.3,48,AWS-RAN-102,Ramgarh,RAN,neighbor,False,
2025-03-26 23:00:00,20.7,967.8,48,AWS-RAN-102,Ramgarh,RAN,neighbor,False,
2025-03-27 00:00:00,20.7,967.3,45,AWS-RAN-102,Ramgarh,RAN,neighbor,False,
2025-03-27 01:00:00,20.4,966.7,48,AWS-RAN-102,Ramgarh,RAN,neighbor,False,
2025-03-27 02:00:00,18.9,966.0,55,AWS-RAN-102,Ramgarh,RAN,neighbor,False,
2025-03-27 03:00:00,18.1,965.7,58,AWS-RAN-102,Ramgarh,RAN,neighbor,False,
2025-03-27 04:00:00,18.0,966.0,59,AWS-RAN-102,Ramgarh,RAN,neighbor,False,
2025-03-27 05:00:00,17.8,966.7,61,AWS-RAN-102,Ramgarh,RAN,neighbor,False,
2025-03-27 06:00:00,19.6,967.7,60,AWS-RAN-102,Ramgarh,RAN,neighbor,False,
2025-03-27 07:00:00,23.2,968.9,51,AWS-RAN-102,Ramgarh,RAN,neighbor,False,
2025-03-27 08:00:00,27.5,969.8,39,AWS-RAN-102,Ramgarh,RAN,neighbor,False,
2025-03-27 09:00:00,31.6,970.2,27,AWS-RAN-102,Ramgarh,RAN,neighbor,False,
2025-03-27 10:00:00,34.1,969.9,20,AWS-RAN-102,Ramgarh,RAN,neighbor,False,
2025-03-27 11:00:00,35.2,969.0,18,AWS-RAN-102,Ramgarh,RAN,neighbor,False,
2025-03-27 12:00:00,36.7,967.6,14,AWS-RAN-102,Ramgarh,RAN,neighbor,False,
2025-03-27 13:00:00,37.0,966.5,14,AWS-RAN-102,Ramgarh,RAN,neighbor,False,
2025-03-27 14:00:00,36.8,965.6,14,AWS-RAN-102,Ramgarh,RAN,neighbor,False,
2025-03-27 15:00:00,36.5,965.1,15,AWS-RAN-102,Ramgarh,RAN,neighbor,False,
2025-03-27 16:00:00,35.3,964.8,19,AWS-RAN-102,Ramgarh,RAN,neighbor,False,
2025-03-27 17:00:00,31.4,964.5,30,AWS-RAN-102,Ramgarh,RAN,neighbor,False,
2025-03-27 18:00:00,29.8,964.8,25,AWS-RAN-102,Ramgarh,RAN,neighbor,False,
2025-03-27 19:00:00,26.9,965.4,31,AWS-RAN-102,Ramgarh,RAN,neighbor,False,
2025-03-27 20:00:00,23.6,966.1,43,AWS-RAN-102,Ramgarh,RAN,neighbor,False,
2025-03-27 21:00:00,22.8,966.8,44,AWS-RAN-102,Ramgarh,RAN,neighbor,False,
2025-03-27 22:00:00,22.5,966.9,40,AWS-RAN-102,Ramgarh,RAN,neighbor,False,
2025-03-27 23:00:00,21.9,966.4,41,AWS-RAN-102,Ramgarh,RAN,neighbor,False,
2025-03-28 00:00:00,21.8,966.0,41,AWS-RAN-102,Ramgarh,RAN,neighbor,False,
2025-03-28 01:00:00,21.3,965.5,43,AWS-RAN-102,Ramgarh,RAN,neighbor,False,
2025-03-28 02:00:00,21.0,965.0,44,AWS-RAN-102,Ramgarh,RAN,neighbor,False,
2025-03-28 03:00:00,20.8,965.0,44,AWS-RAN-102,Ramgarh,RAN,neighbor,False,
2025-03-28 04:00:00,20.7,965.6,44,AWS-RAN-102,Ramgarh,RAN,neighbor,False,
2025-03-28 05:00:00,20.4,966.2,45,AWS-RAN-102,Ramgarh,RAN,neighbor,False,
2025-03-28 06:00:00,21.2,967.1,50,AWS-RAN-102,Ramgarh,RAN,neighbor,False,
2025-03-28 07:00:00,24.5,968.5,44,AWS-RAN-102,Ramgarh,RAN,neighbor,False,
2025-03-28 08:00:00,28.5,969.3,35,AWS-RAN-102,Ramgarh,RAN,neighbor,False,
2025-03-28 09:00:00,32.0,969.8,27,AWS-RAN-102,Ramgarh,RAN,neighbor,False,
2025-03-28 10:00:00,34.4,969.7,23,AWS-RAN-102,Ramgarh,RAN,neighbor,False,
2025-03-28 11:00:00,36.2,969.0,21,AWS-RAN-102,Ramgarh,RAN,neighbor,False,
2025-03-28 12:00:00,36.9,968.1,18,AWS-RAN-102,Ramgarh,RAN,neighbor,False,
2025-03-28 13:00:00,37.3,967.0,17,AWS-RAN-102,Ramgarh,RAN,neighbor,False,
2025-03-28 14:00:00,37.3,965.9,17,AWS-RAN-102,Ramgarh,RAN,neighbor,False,
2025-03-28 15:00:00,36.4,965.5,19,AWS-RAN-102,Ramgarh,RAN,neighbor,False,
2025-03-28 16:00:00,35.7,965.4,20,AWS-RAN-102,Ramgarh,RAN,neighbor,False,
2025-03-28 17:00:00,32.6,965.4,25,AWS-RAN-102,Ramgarh,RAN,neighbor,False,
2025-03-28 18:00:00,28.6,965.2,35,AWS-RAN-102,Ramgarh,RAN,neighbor,False,
2025-03-28 19:00:00,27.1,966.1,40,AWS-RAN-102,Ramgarh,RAN,neighbor,False,
2025-03-28 20:00:00,25.8,967.0,42,AWS-RAN-102,Ramgarh,RAN,neighbor,False,
2025-03-28 21:00:00,24.6,967.5,45,AWS-RAN-102,Ramgarh,RAN,neighbor,False,
2025-03-28 22:00:00,23.6,967.5,47,AWS-RAN-102,Ramgarh,RAN,neighbor,False,
2025-03-28 23:00:00,22.9,967.2,48,AWS-RAN-102,Ramgarh,RAN,neighbor,False,
2025-03-29 00:00:00,22.6,966.8,49,AWS-RAN-102,Ramgarh,RAN,neighbor,False,
2025-03-29 01:00:00,22.3,966.4,50,AWS-RAN-102,Ramgarh,RAN,neighbor,False,
2025-03-29 02:00:00,22.0,966.1,50,AWS-RAN-102,Ramgarh,RAN,neighbor,False,
2025-03-29 03:00:00,21.7,966.0,50,AWS-RAN-102,Ramgarh,RAN,neighbor,False,
2025-03-29 04:00:00,21.4,966.6,52,AWS-RAN-102,Ramgarh,RAN,neighbor,False,
2025-03-29 05:00:00,20.9,967.5,53,AWS-RAN-102,Ramgarh,RAN,neighbor,False,
2025-03-29 06:00:00,21.6,968.7,56,AWS-RAN-102,Ramgarh,RAN,neighbor,False,
2025-03-29 07:00:00,24.1,969.9,51,AWS-RAN-102,Ramgarh,RAN,neighbor,False,
2025-03-29 08:00:00,27.1,970.9,41,AWS-RAN-102,Ramgarh,RAN,neighbor,False,
2025-03-29 09:00:00,29.8,971.3,29,AWS-RAN-102,Ramgarh,RAN,neighbor,False,
2025-03-29 10:00:00,31.7,971.4,22,AWS-RAN-102,Ramgarh,RAN,neighbor,False,
2025-03-29 11:00:00,33.0,970.9,18,AWS-RAN-102,Ramgarh,RAN,neighbor,False,
2025-03-29 12:00:00,34.1,969.8,16,AWS-RAN-102,Ramgarh,RAN,neighbor,False,
2025-03-29 13:00:00,34.8,968.6,14,AWS-RAN-102,Ramgarh,RAN,neighbor,False,
2025-03-29 14:00:00,34.9,967.9,12,AWS-RAN-102,Ramgarh,RAN,neighbor,False,
2025-03-29 15:00:00,34.4,967.5,12,AWS-RAN-102,Ramgarh,RAN,neighbor,False,
2025-03-29 16:00:00,33.2,967.3,14,AWS-RAN-102,Ramgarh,RAN,neighbor,False,
2025-03-29 17:00:00,30.4,967.1,17,AWS-RAN-102,Ramgarh,RAN,neighbor,False,
2025-03-29 18:00:00,27.6,967.1,22,AWS-RAN-102,Ramgarh,RAN,neighbor,False,
2025-03-29 19:00:00,25.9,968.0,23,AWS-RAN-102,Ramgarh,RAN,neighbor,False,
2025-03-29 20:00:00,24.2,969.0,27,AWS-RAN-102,Ramgarh,RAN,neighbor,False,
2025-03-29 21:00:00,22.7,969.4,30,AWS-RAN-102,Ramgarh,RAN,neighbor,False,
2025-03-29 22:00:00,22.0,969.9,32,AWS-RAN-102,Ramgarh,RAN,neighbor,False,
2025-03-29 23:00:00,21.2,969.7,34,AWS-RAN-102,Ramgarh,RAN,neighbor,False,
2025-03-30 00:00:00,20.7,969.4,35,AWS-RAN-102,Ramgarh,RAN,neighbor,False,
2025-03-30 01:00:00,19.9,968.8,36,AWS-RAN-102,Ramgarh,RAN,neighbor,False,
2025-03-30 02:00:00,18.8,968.3,39,AWS-RAN-102,Ramgarh,RAN,neighbor,False,
2025-03-30 03:00:00,18.0,968.2,43,AWS-RAN-102,Ramgarh,RAN,neighbor,False,
2025-03-30 04:00:00,17.4,968.7,44,AWS-RAN-102,Ramgarh,RAN,neighbor,False,
2025-03-30 05:00:00,17.1,969.6,44,AWS-RAN-102,Ramgarh,RAN,neighbor,False,
2025-03-30 06:00:00,18.4,971.0,46,AWS-RAN-102,Ramgarh,RAN,neighbor,False,
2025-03-30 07:00:00,21.5,972.4,40,AWS-RAN-102,Ramgarh,RAN,neighbor,False,
2025-03-30 08:00:00,25.0,973.6,29,AWS-RAN-102,Ramgarh,RAN,neighbor,False,
2025-03-30 09:00:00,28.2,974.0,21,AWS-RAN-102,Ramgarh,RAN,neighbor,False,
2025-03-30 10:00:00,30.5,974.0,15,AWS-RAN-102,Ramgarh,RAN,neighbor,False,
2025-03-30 11:00:00,32.2,973.4,13,AWS-RAN-102,Ramgarh,RAN,neighbor,False,
2025-03-30 12:00:00,33.4,972.4,12,AWS-RAN-102,Ramgarh,RAN,neighbor,False,
2025-03-30 13:00:00,34.2,971.4,13,AWS-RAN-102,Ramgarh,RAN,neighbor,False,
2025-03-30 14:00:00,34.7,970.3,13,AWS-RAN-102,Ramgarh,RAN,neighbor,False,
2025-03-30 15:00:00,34.5,969.6,11,AWS-RAN-102,Ramgarh,RAN,neighbor,False,
2025-03-30 16:00:00,33.2,969.1,12,AWS-RAN-102,Ramgarh,RAN,neighbor,False,
2025-03-30 17:00:00,30.2,968.6,17,AWS-RAN-102,Ramgarh,RAN,neighbor,False,
2025-03-30 18:00:00,27.4,968.7,22,AWS-RAN-102,Ramgarh,RAN,neighbor,False,
2025-03-30 19:00:00,25.7,969.5,26,AWS-RAN-102,Ramgarh,RAN,neighbor,False,
2025-03-30 20:00:00,23.7,970.4,30,AWS-RAN-102,Ramgarh,RAN,neighbor,False,
2025-03-30 21:00:00,22.3,971.0,31,AWS-RAN-102,Ramgarh,RAN,neighbor,False,
2025-03-30 22:00:00,21.5,971.1,32,AWS-RAN-102,Ramgarh,RAN,neighbor,False,
2025-03-30 23:00:00,19.9,970.9,34,AWS-RAN-102,Ramgarh,RAN,neighbor,False,
2025-03-31 00:00:00,18.8,970.4,38,AWS-RAN-102,Ramgarh,RAN,neighbor,False,
2025-03-31 01:00:00,18.2,969.7,39,AWS-RAN-102,Ramgarh,RAN,neighbor,False,
2025-03-31 02:00:00,17.7,969.4,40,AWS-RAN-102,Ramgarh,RAN,neighbor,False,
2025-03-31 03:00:00,17.3,969.2,41,AWS-RAN-102,Ramgarh,RAN,neighbor,False,
2025-03-31 04:00:00,17.1,969.5,41,AWS-RAN-102,Ramgarh,RAN,neighbor,False,
2025-03-31 05:00:00,16.8,970.1,42,AWS-RAN-102,Ramgarh,RAN,neighbor,False,
2025-03-31 06:00:00,18.3,971.2,44,AWS-RAN-102,Ramgarh,RAN,neighbor,False,
2025-03-31 07:00:00,22.0,972.3,39,AWS-RAN-102,Ramgarh,RAN,neighbor,False,
2025-03-31 08:00:00,26.5,973.3,29,AWS-RAN-102,Ramgarh,RAN,neighbor,False,
2025-03-31 09:00:00,30.3,973.7,21,AWS-RAN-102,Ramgarh,RAN,neighbor,False,
2025-03-31 10:00:00,32.5,973.6,16,AWS-RAN-102,Ramgarh,RAN,neighbor,False,
2025-03-31 11:00:00,34.0,972.9,14,AWS-RAN-102,Ramgarh,RAN,neighbor,False,
2025-03-31 12:00:00,34.9,971.9,12,AWS-RAN-102,Ramgarh,RAN,neighbor,False,
2025-03-31 13:00:00,35.5,970.8,11,AWS-RAN-102,Ramgarh,RAN,neighbor,False,
2025-03-31 14:00:00,35.6,969.7,11,AWS-RAN-102,Ramgarh,RAN,neighbor,False,
2025-03-31 15:00:00,35.4,969.0,10,AWS-RAN-102,Ramgarh,RAN,neighbor,False,
2025-03-31 16:00:00,34.5,968.5,12,AWS-RAN-102,Ramgarh,RAN,neighbor,False,
2025-03-31 17:00:00,30.8,968.0,21,AWS-RAN-102,Ramgarh,RAN,neighbor,False,
2025-03-31 18:00:00,28.6,968.1,20,AWS-RAN-102,Ramgarh,RAN,neighbor,False,
2025-03-31 19:00:00,27.3,968.8,21,AWS-RAN-102,Ramgarh,RAN,neighbor,False,
2025-03-31 20:00:00,24.7,969.3,28,AWS-RAN-102,Ramgarh,RAN,neighbor,False,
2025-03-31 21:00:00,23.0,969.6,31,AWS-RAN-102,Ramgarh,RAN,neighbor,False,
2025-03-31 22:00:00,21.9,969.7,30,AWS-RAN-102,Ramgarh,RAN,neighbor,False,
2025-03-31 23:00:00,20.9,969.4,30,AWS-RAN-102,Ramgarh,RAN,neighbor,False,
