timestamp,temperature_c,pressure_hpa,humidity_pct,station_id,station_name,cluster_id,role,is_anomaly,fault_type
2025-01-01 00:00:00,13.0,966.2,96,AWS-BHO-103,Raisen,BHO,neighbor,False,
2025-01-01 01:00:00,12.4,965.8,97,AWS-BHO-103,Raisen,BHO,neighbor,False,
2025-01-01 02:00:00,11.8,965.2,98,AWS-BHO-103,Raisen,BHO,neighbor,False,
2025-01-01 03:00:00,11.4,964.8,98,AWS-BHO-103,Raisen,BHO,neighbor,False,
2025-01-01 04:00:00,10.9,964.6,98,AWS-BHO-103,Raisen,BHO,neighbor,False,
2025-01-01 05:00:00,10.4,964.7,99,AWS-BHO-103,Raisen,BHO,neighbor,False,
2025-01-01 06:00:00,9.6,965.5,100,AWS-BHO-103,Raisen,BHO,neighbor,False,
2025-01-01 07:00:00,10.0,966.4,99,AWS-BHO-103,Raisen,BHO,neighbor,False,
2025-01-01 08:00:00,12.4,967.5,92,AWS-BHO-103,Raisen,BHO,neighbor,False,
2025-01-01 09:00:00,14.8,968.6,84,AWS-BHO-103,Raisen,BHO,neighbor,False,
2025-01-01 10:00:00,17.2,968.7,74,AWS-BHO-103,Raisen,BHO,neighbor,False,
2025-01-01 11:00:00,18.8,968.2,68,AWS-BHO-103,Raisen,BHO,neighbor,False,
2025-01-01 12:00:00,19.8,967.3,64,AWS-BHO-103,Raisen,BHO,neighbor,False,
2025-01-01 13:00:00,20.5,966.3,59,AWS-BHO-103,Raisen,BHO,neighbor,False,
2025-01-01 14:00:00,20.8,965.5,56,AWS-BHO-103,Raisen,BHO,neighbor,False,
2025-01-01 15:00:00,20.6,965.1,57,AWS-BHO-103,Raisen,BHO,neighbor,False,
2025-01-01 16:00:00,19.6,965.0,63,AWS-BHO-103,Raisen,BHO,neighbor,False,
2025-01-01 17:00:00,16.6,964.4,77,AWS-BHO-103,Raisen,BHO,neighbor,False,
2025-01-01 18:00:00,14.4,964.8,84,AWS-BHO-103,Raisen,BHO,neighbor,False,
2025-01-01 19:00:00,13.4,965.2,87,AWS-BHO-103,Raisen,BHO,neighbor,False,
2025-01-01 20:00:00,12.4,966.0,89,AWS-BHO-103,Raisen,BHO,neighbor,False,
2025-01-01 21:00:00,11.6,966.3,91,AWS-BHO-103,Raisen,BHO,neighbor,False,
2025-01-01 22:00:00,11.1,966.3,93,AWS-BHO-103,Raisen,BHO,neighbor,False,
2025-01-01 23:00:00,11.0,966.1,93,AWS-BHO-103,Raisen,BHO,neighbor,False,
2025-01-02 00:00:00,10.9,965.5,93,AWS-BHO-103,Raisen,BHO,neighbor,False,
2025-01-02 01:00:00,10.3,964.8,93,AWS-BHO-103,Raisen,BHO,neighbor,False,
2025-01-02 02:00:00,9.4,964.2,94,AWS-BHO-103,Raisen,BHO,neighbor,False,
2025-01-02 03:00:00,8.8,963.8,94,AWS-BHO-103,Raisen,BHO,neighbor,False,
2025-01-02 04:00:00,8.6,963.9,93,AWS-BHO-103,Raisen,BHO,neighbor,False,
2025-01-02 05:00:00,8.1,964.2,93,AWS-BHO-103,Raisen,BHO,neighbor,False,
2025-01-02 06:00:00,8.4,965.2,91,AWS-BHO-103,Raisen,BHO,neighbor,False,
2025-01-02 07:00:00,8.8,965.9,90,AWS-BHO-103,Raisen,BHO,neighbor,False,
2025-01-02 08:00:00,11.6,967.3,84,AWS-BHO-103,Raisen,BHO,neighbor,False,
2025-01-02 09:00:00,14.9,968.2,72,AWS-BHO-103,Raisen,BHO,neighbor,False,
2025-01-02 10:00:00,17.6,968.7,56,AWS-BHO-103,Raisen,BHO,neighbor,False,
2025-01-02 11:00:00,19.6,968.3,48,AWS-BHO-103,Raisen,BHO,neighbor,False,
2025-01-02 12:00:00,21.0,967.3,45,AWS-BHO-103,Raisen,BHO,neighbor,False,
2025-01-02 13:00:00,21.9,966.3,45,AWS-BHO-103,Raisen,BHO,neighbor,False,
2025-01-02 14:00:00,22.2,965.8,45,AWS-BHO-103,Raisen,BHO,neighbor,False,
2025-01-02 15:00:00,21.9,965.6,47,AWS-BHO-103,Raisen,BHO,neighbor,False,
2025-01-02 16:00:00,20.7,965.4,62,AWS-BHO-103,Raisen,BHO,neighbor,False,
2025-01-02 17:00:00,17.7,965.3,72,AWS-BHO-103,Raisen,BHO,neighbor,False,
2025-01-02 18:00:00,16.5,965.7,76,AWS-BHO-103,Raisen,BHO,neighbor,False,
2025-01-02 19:00:00,15.5,966.3,77,AWS-BHO-103,Raisen,BHO,neighbor,False,
2025-01-02 20:00:00,14.3,966.9,82,AWS-BHO-103,Raisen,BHO,neighbor,False,
2025-01-02 21:00:00,13.3,966.6,84,AWS-BHO-103,Raisen,BHO,neighbor,False,
2025-01-02 22:00:00,12.6,966.5,83,AWS-BHO-103,Raisen,BHO,neighbor,False,
2025-01-02 23:00:00,11.9,965.8,83,AWS-BHO-103,Raisen,BHO,neighbor,False,
2025-01-03 00:00:00,11.3,965.2,82,AWS-BHO-103,Raisen,BHO,neighbor,False,
2025-01-03 01:00:00,11.3,964.8,80,AWS-BHO-103,Raisen,BHO,neighbor,False,
2025-01-03 02:00:00,11.1,964.5,80,AWS-BHO-103,Raisen,BHO,neighbor,False,
2025-01-03 03:00:00,11.0,964.4,81,AWS-BHO-103,Raisen,BHO,neighbor,False,
2025-01-03 04:00:00,10.9,964.3,80,AWS-BHO-103,Raisen,BHO,neighbor,False,
2025-01-03 05:00:00,10.3,964.4,82,AWS-BHO-103,Raisen,BHO,neighbor,False,
2025-01-03 06:00:00,10.1,965.3,84,AWS-BHO-103,Raisen,BHO,neighbor,False,
2025-01-03 07:00:00,10.3,965.9,86,AWS-BHO-103,Raisen,BHO,neighbor,False,
2025-01-03 08:00:00,13.1,967.2,81,AWS-BHO-103,Raisen,BHO,neighbor,False,
2025-01-03 09:00:00,16.7,968.3,75,AWS-BHO-103,Raisen,BHO,neighbor,False,
2025-01-03 10:00:00,19.5,969.0,64,AWS-BHO-103,Raisen,BHO,neighbor,False,
2025-01-03 11:00:00,21.5,968.4,53,AWS-BHO-103,Raisen,BHO,neighbor,False,
2025-01-03 12:00:00,22.7,967.6,49,AWS-BHO-103,Raisen,BHO,neighbor,False,
2025-01-03 13:00:00,23.5,966.5,47,AWS-BHO-103,Raisen,BHO,neighbor,False,
2025-01-03 14:00:00,23.8,965.8,46,AWS-BHO-103,Raisen,BHO,neighbor,False,
2025-01-03 15:00:00,23.6,965.4,49,AWS-BHO-103,Raisen,BHO,neighbor,False,
2025-01-03 16:00:00,22.2,965.1,63,AWS-BHO-103,Raisen,BHO,neighbor,False,
2025-01-03 17:00:00,18.5,964.7,74,AWS-BHO-103,Raisen,BHO,neighbor,False,
2025-01-03 18:00:00,17.1,965.0,78,AWS-BHO-103,Raisen,BHO,neighbor,False,
2025-01-03 19:00:00,15.9,965.4,82,AWS-BHO-103,Raisen,BHO,neighbor,False,
2025-01-03 20:00:00,14.8,965.8,84,AWS-BHO-103,Raisen,BHO,neighbor,False,
2025-01-03 21:00:00,13.9,965.7,86,AWS-BHO-103,Raisen,BHO,neighbor,False,
2025-01-03 22:00:00,13.3,965.6,86,AWS-BHO-103,Raisen,BHO,neighbor,False,
2025-01-03 23:00:00,12.9,965.0,85,AWS-BHO-103,Raisen,BHO,neighbor,False,
2025-01-04 00:00:00,12.7,964.4,84,AWS-BHO-103,Raisen,BHO,neighbor,False,
2025-01-04 01:00:00,12.3,963.7,84,AWS-BHO-103,Raisen,BHO,neighbor,False,
2025-01-04 02:00:00,11.8,963.1,84,AWS-BHO-103,Raisen,BHO,neighbor,False,
2025-01-04 03:00:00,11.4,962.8,84,AWS-BHO-103,Raisen,BHO,neighbor,False,
2025-01-04 04:00:00,10.9,962.4,85,AWS-BHO-103,Raisen,BHO,neighbor,False,
2025-01-04 05:00:00,10.5,962.5,85,AWS-BHO-103,Raisen,BHO,neighbor,False,
2025-01-04 06:00:00,10.6,963.3,81,AWS-BHO-103,Raisen,BHO,neighbor,False,
2025-01-04 07:00:00,10.4,964.2,84,AWS-BHO-103,Raisen,BHO,neighbor,False,
2025-01-04 08:00:00,13.4,965.6,79,AWS-BHO-103,Raisen,BHO,neighbor,False,
2025-01-04 09:00:00,16.9,966.7,73,AWS-BHO-103,Raisen,BHO,neighbor,False,
2025-01-04 10:00:00,19.7,967.3,63,AWS-BHO-103,Raisen,BHO,neighbor,False,
2025-01-04 11:00:00,21.9,966.9,51,AWS-BHO-103,Raisen,BHO,neighbor,False,
2025-01-04 12:00:00,23.1,965.8,45,AWS-BHO-103,Raisen,BHO,neighbor,False,
2025-01-04 13:00:00,23.8,964.9,44,AWS-BHO-103,Raisen,BHO,neighbor,False,
2025-01-04 14:00:00,24.0,963.9,44,AWS-BHO-103,Raisen,BHO,neighbor,False,
2025-01-04 15:00:00,23.8,963.4,46,AWS-BHO-103,Raisen,BHO,neighbor,False,
2025-01-04 16:00:00,22.4,962.9,68,AWS-BHO-103,Raisen,BHO,neighbor,False,
2025-01-04 17:00:00,19.4,962.6,71,AWS-BHO-103,Raisen,BHO,neighbor,False,
2025-01-04 18:00:00,18.0,963.2,75,AWS-BHO-103,Raisen,BHO,neighbor,False,
2025-01-04 19:00:00,16.8,963.9,79,AWS-BHO-103,Raisen,BHO,neighbor,False,
2025-01-04 20:00:00,15.8,964.4,82,AWS-BHO-103,Raisen,BHO,neighbor,False,
2025-01-04 21:00:00,15.1,964.3,83,AWS-BHO-103,Raisen,BHO,neighbor,False,
2025-01-04 22:00:00,14.5,964.2,83,AWS-BHO-103,Raisen,BHO,neighbor,False,
2025-01-04 23:00:00,13.8,963.6,83,AWS-BHO-103,Raisen,BHO,neighbor,False,
2025-01-05 00:00:00,12.9,962.8,84,AWS-BHO-103,Raisen,BHO,neighbor,False,
2025-01-05 01:00:00,12.1,962.3,81,AWS-BHO-103,Raisen,BHO,neighbor,False,
2025-01-05 02:00:00,11.4,961.6,74,AWS-BHO-103,Raisen,BHO,neighbor,False,
2025-01-05 03:00:00,11.2,961.4,67,AWS-BHO-103,Raisen,BHO,neighbor,False,
2025-01-05 04:00:00,11.2,961.4,64,AWS-BHO-103,Raisen,BHO,neighbor,False,
2025-01-05 05:00:00,11.3,961.7,65,AWS-BHO-103,Raisen,BHO,neighbor,False,
2025-01-05 06:00:00,11.3,962.5,71,AWS-BHO-103,Raisen,BHO,neighbor,False,
2025-01-05 07:00:00,12.5,963.1,69,AWS-BHO-103,Raisen,BHO,neighbor,False,
2025-01-05 08:00:00,14.7,964.4,68,AWS-BHO-103,Raisen,BHO,neighbor,False,
2025-01-05 09:00:00,17.0,965.6,66,AWS-BHO-103,Raisen,BHO,neighbor,False,
2025-01-05 10:00:00,19.2,965.9,61,AWS-BHO-103,Raisen,BHO,neighbor,False,
2025-01-05 11:00:00,20.8,965.2,58,AWS-BHO-103,Raisen,BHO,neighbor,False,
2025-01-05 12:00:00,20.7,964.5,59,AWS-BHO-103,Raisen,BHO,neighbor,False,
2025-01-05 13:00:00,22.3,963.6,54,AWS-BHO-103,Raisen,BHO,neighbor,False,
2025-01-05 14:00:00,21.9,963.0,57,AWS-BHO-103,Raisen,BHO,neighbor,False,
2025-01-05 15:00:00,21.3,962.5,64,AWS-BHO-103,Raisen,BHO,neighbor,False,
2025-01-05 16:00:00,19.8,961.7,75,AWS-BHO-103,Raisen,BHO,neighbor,False,
2025-01-05 17:00:00,18.4,961.5,77,AWS-BHO-103,Raisen,BHO,neighbor,False,
2025-01-05 18:00:00,17.7,962.4,73,AWS-BHO-103,Raisen,BHO,neighbor,False,
2025-01-05 19:00:00,17.1,963.0,73,AWS-BHO-103,Raisen,BHO,neighbor,False,
2025-01-05 20:00:00,16.3,963.1,81,AWS-BHO-103,Raisen,BHO,neighbor,False,
2025-01-05 21:00:00,15.8,963.2,84,AWS-BHO-103,Raisen,BHO,neighbor,False,
2025-01-05 22:00:00,15.4,963.1,82,AWS-BHO-103,Raisen,BHO,neighbor,False,
2025-01-05 23:00:00,14.4,962.5,80,AWS-BHO-103,Raisen,BHO,neighbor,False,
2025-01-06 00:00:00,14.2,962.2,76,AWS-BHO-103,Raisen,BHO,neighbor,False,
2025-01-06 01:00:00,14.2,961.9,73,AWS-BHO-103,Raisen,BHO,neighbor,False,
2025-01-06 02:00:00,14.0,961.4,71,AWS-BHO-103,Raisen,BHO,neighbor,False,
2025-01-06 03:00:00,13.4,960.9,71,AWS-BHO-103,Raisen,BHO,neighbor,False,
2025-01-06 04:00:00,13.2,961.0,72,AWS-BHO-103,Raisen,BHO,neighbor,False,
2025-01-06 05:00:00,12.5,961.2,75,AWS-BHO-103,Raisen,BHO,neighbor,False,
2025-01-06 06:00:00,12.3,961.9,78,AWS-BHO-103,Raisen,BHO,neighbor,False,
2025-01-06 07:00:00,12.2,962.3,81,AWS-BHO-103,Raisen,BHO,neighbor,False,
2025-01-06 08:00:00,14.7,963.6,77,AWS-BHO-103,Raisen,BHO,neighbor,False,
2025-01-06 09:00:00,18.1,965.1,71,AWS-BHO-103,Raisen,BHO,neighbor,False,
2025-01-06 10:00:00,20.9,965.4,62,AWS-BHO-103,Raisen,BHO,neighbor,False,
2025-01-06 11:00:00,23.0,965.0,55,AWS-BHO-103,Raisen,BHO,neighbor,False,
2025-01-06 12:00:00,24.2,964.1,50,AWS-BHO-103,Raisen,BHO,neighbor,False,
2025-01-06 13:00:00,24.9,963.2,47,AWS-BHO-103,Raisen,BHO,neighbor,False,
2025-01-06 14:00:00,25.2,962.6,46,AWS-BHO-103,Raisen,BHO,neighbor,False,
2025-01-06 15:00:00,25.0,962.3,48,AWS-BHO-103,Raisen,BHO,neighbor,False,
2025-01-06 16:00:00,24.1,962.0,62,AWS-BHO-103,Raisen,BHO,neighbor,False,
2025-01-06 17:00:00,21.2,961.8,73,AWS-BHO-103,Raisen,BHO,neighbor,False,
2025-01-06 18:00:00,18.8,962.3,84,AWS-BHO-103,Raisen,BHO,neighbor,False,
2025-01-06 19:00:00,18.1,962.9,87,AWS-BHO-103,Raisen,BHO,neighbor,False,
2025-01-06 20:00:00,17.2,963.7,91,AWS-BHO-103,Raisen,BHO,neighbor,False,
2025-01-06 21:00:00,16.4,964.2,87,AWS-BHO-103,Raisen,BHO,neighbor,False,
2025-01-06 22:00:00,15.3,964.7,89,AWS-BHO-103,Raisen,BHO,neighbor,False,
2025-01-06 23:00:00,14.3,964.7,92,AWS-BHO-103,Raisen,BHO,neighbor,False,
2025-01-07 00:00:00,13.5,964.6,96,AWS-BHO-103,Raisen,BHO,neighbor,False,
2025-01-07 01:00:00,13.0,964.6,97,AWS-BHO-103,Raisen,BHO,neighbor,False,
2025-01-07 02:00:00,12.4,964.5,97,AWS-BHO-103,Raisen,BHO,neighbor,False,
2025-01-07 03:00:00,11.7,964.7,98,AWS-BHO-103,Raisen,BHO,neighbor,False,
2025-01-07 04:00:00,11.1,964.8,99,AWS-BHO-103,Raisen,BHO,neighbor,False,
2025-01-07 05:00:00,10.8,965.2,100,AWS-BHO-103,Raisen,BHO,neighbor,False,
2025-01-07 06:00:00,10.4,966.3,96,AWS-BHO-103,Raisen,BHO,neighbor,False,
2025-01-07 07:00:00,9.9,966.8,98,AWS-BHO-103,Raisen,BHO,neighbor,False,
2025-01-07 08:00:00,10.7,968.1,93,AWS-BHO-103,Raisen,BHO,neighbor,False,
2025-01-07 09:00:00,12.5,968.8,85,AWS-BHO-103,Raisen,BHO,neighbor,False,
2025-01-07 10:00:00,14.7,968.7,78,AWS-BHO-103,Raisen,BHO,neighbor,False,
2025-01-07 11:00:00,16.6,967.9,73,AWS-BHO-103,Raisen,BHO,neighbor,False,
2025-01-07 12:00:00,18.2,966.7,68,AWS-BHO-103,Raisen,BHO,neighbor,False,
2025-01-07 13:00:00,19.3,965.7,63,AWS-BHO-103,Raisen,BHO,neighbor,False,
2025-01-07 14:00:00,19.8,964.6,57,AWS-BHO-103,Raisen,BHO,neighbor,False,
2025-01-07 15:00:00,19.6,964.1,56,AWS-BHO-103,Raisen,BHO,neighbor,False,
2025-01-07 16:00:00,18.7,963.9,59,AWS-BHO-103,Raisen,BHO,neighbor,False,
2025-01-07 17:00:00,15.9,963.5,75,AWS-BHO-103,Raisen,BHO,neighbor,False,
2025-01-07 18:00:00,14.4,964.1,81,AWS-BHO-103,Raisen,BHO,neighbor,False,
2025-01-07 19:00:00,13.8,964.4,83,AWS-BHO-103,Raisen,BHO,neighbor,False,
2025-01-07 20:00:00,12.8,964.8,87,AWS-BHO-103,Raisen,BHO,neighbor,False,
2025-01-07 21:00:00,12.2,965.3,91,AWS-BHO-103,Raisen,BHO,neighbor,False,
2025-01-07 22:00:00,11.7,965.4,94,AWS-BHO-103,Raisen,BHO,neighbor,False,
2025-01-07 23:00:00,11.0,964.7,93,AWS-BHO-103,Raisen,BHO,neighbor,False,
2025-01-08 00:00:00,10.1,964.3,93,AWS-BHO-103,Raisen,BHO,neighbor,False,
2025-01-08 01:00:00,9.2,963.7,94,AWS-BHO-103,Raisen,BHO,neighbor,False,
2025-01-08 02:00:00,8.5,963.1,96,AWS-BHO-103,Raisen,BHO,neighbor,False,
2025-01-08 03:00:00,7.6,963.0,99,AWS-BHO-103,Raisen,BHO,neighbor,False,
2025-01-08 04:00:00,7.2,963.0,99,AWS-BHO-103,Raisen,BHO,neighbor,False,
2025-01-08 05:00:00,7.0,963.3,100,AWS-BHO-103,Raisen,BHO,neighbor,False,
2025-01-08 06:00:00,6.4,963.7,100,AWS-BHO-103,Raisen,BHO,neighbor,False,
2025-01-08 07:00:00,7.2,964.6,100,AWS-BHO-103,Raisen,BHO,neighbor,False,
2025-01-08 08:00:00,9.0,966.2,97,AWS-BHO-103,Raisen,BHO,neighbor,False,
2025-01-08 09:00:00,11.4,967.6,92,AWS-BHO-103,Raisen,BHO,neighbor,False,
2025-01-08 10:00:00,13.9,967.8,79,AWS-BHO-103,Raisen,BHO,neighbor,False,
2025-01-08 11:00:00,15.7,967.1,66,AWS-BHO-103,Raisen,BHO,neighbor,False,
2025-01-08 12:00:00,17.1,966.1,59,AWS-BHO-103,Raisen,BHO,neighbor,False,
2025-01-08 13:00:00,18.2,965.2,54,AWS-BHO-103,Raisen,BHO,neighbor,False,
2025-01-08 14:00:00,18.7,964.5,52,AWS-BHO-103,Raisen,BHO,neighbor,False,
2025-01-08 15:00:00,18.7,964.2,51,AWS-BHO-103,Raisen,BHO,neighbor,False,
2025-01-08 16:00:00,17.8,964.2,55,AWS-BHO-103,Raisen,BHO,neighbor,False,
2025-01-08 17:00:00,14.8,963.9,70,AWS-BHO-103,Raisen,BHO,neighbor,False,
2025-01-08 18:00:00,13.0,963.9,79,AWS-BHO-103,Raisen,BHO,neighbor,False,
2025-01-08 19:00:00,11.9,964.4,82,AWS-BHO-103,Raisen,BHO,neighbor,False,
2025-01-08 20:00:00,11.1,964.8,82,AWS-BHO-103,Raisen,BHO,neighbor,False,
2025-01-08 21:00:00,10.5,964.8,83,AWS-BHO-103,Raisen,BHO,neighbor,False,
2025-01-08 22:00:00,10.0,964.7,84,AWS-BHO-103,Raisen,BHO,neighbor,False,
2025-01-08 23:00:00,9.6,964.3,85,AWS-BHO-103,Raisen,BHO,neighbor,False,
2025-01-09 00:00:00,9.4,964.0,82,AWS-BHO-103,Raisen,BHO,neighbor,False,
2025-01-09 01:00:00,9.0,963.7,80,AWS-BHO-103,Raisen,BHO,neighbor,False,
2025-01-09 02:00:00,8.5,963.4,80,AWS-BHO-103,Raisen,BHO,neighbor,False,
2025-01-09 03:00:00,8.1,962.9,81,AWS-BHO-103,Raisen,BHO,neighbor,False,
2025-01-09 04:00:00,8.0,963.0,84,AWS-BHO-103,Raisen,BHO,neighbor,False,
2025-01-09 05:00:00,8.0,963.5,88,AWS-BHO-103,Raisen,BHO,neighbor,False,
2025-01-09 06:00:00,7.9,964.4,92,AWS-BHO-103,Raisen,BHO,neighbor,False,
2025-01-09 07:00:00,8.3,965.3,93,AWS-BHO-103,Raisen,BHO,neighbor,False,
2025-01-09 08:00:00,11.7,966.9,84,AWS-BHO-103,Raisen,BHO,neighbor,False,
2025-01-09 09:00:00,14.8,968.2,74,AWS-BHO-103,Raisen,BHO,neighbor,False,
2025-01-09 10:00:00,17.3,968.3,65,AWS-BHO-103,Raisen,BHO,neighbor,False,
2025-01-09 11:00:00,19.2,967.6,56,AWS-BHO-103,Raisen,BHO,neighbor,False,
2025-01-09 12:00:00,20.4,966.5,49,AWS-BHO-103,Raisen,BHO,neighbor,False,
2025-01-09 13:00:00,21.2,965.6,44,AWS-BHO-103,Raisen,BHO,neighbor,False,
2025-01-09 14:00:00,21.5,964.8,42,AWS-BHO-103,Raisen,BHO,neighbor,False,
2025-01-09 15:00:00,21.4,964.5,42,AWS-BHO-103,Raisen,BHO,neighbor,False,
2025-01-09 16:00:00,20.4,964.3,57,AWS-BHO-103,Raisen,BHO,neighbor,False,
2025-01-09 17:00:00,17.4,964.2,66,AWS-BHO-103,Raisen,BHO,neighbor,False,
2025-01-09 18:00:00,15.9,964.9,75,AWS-BHO-103,Raisen,BHO,neighbor,False,
2025-01-09 19:00:00,14.7,965.3,77,AWS-BHO-103,Raisen,BHO,neighbor,False,
2025-01-09 20:00:00,13.2,966.0,83,AWS-BHO-103,Raisen,BHO,neighbor,False,
2025-01-09 21:00:00,11.9,966.4,83,AWS-BHO-103,Raisen,BHO,neighbor,False,
2025-01-09 22:00:00,11.1,966.7,81,AWS-BHO-103,Raisen,BHO,neighbor,False,
2025-01-09 23:00:00,10.5,966.4,77,AWS-BHO-103,Raisen,BHO,neighbor,False,
2025-01-10 00:00:00,10.1,966.2,75,AWS-BHO-103,Raisen,BHO,neighbor,False,
2025-01-10 01:00:00,10.0,965.7,77,AWS-BHO-103,Raisen,BHO,neighbor,False,
2025-01-10 02:00:00,10.0,965.4,78,AWS-BHO-103,Raisen,BHO,neighbor,False,
2025-01-10 03:00:00,10.0,965.2,78,AWS-BHO-103,Raisen,BHO,neighbor,False,
2025-01-10 04:00:00,9.6,964.9,81,AWS-BHO-103,Raisen,BHO,neighbor,False,
2025-01-10 05:00:00,8.9,965.0,84,AWS-BHO-103,Raisen,BHO,neighbor,False,
2025-01-10 06:00:00,8.7,965.7,85,AWS-BHO-103,Raisen,BHO,neighbor,False,
2025-01-10 07:00:00,9.3,966.6,83,AWS-BHO-103,Raisen,BHO,neighbor,False,
2025-01-10 08:00:00,12.1,968.1,77,AWS-BHO-103,Raisen,BHO,neighbor,False,
2025-01-10 09:00:00,15.1,969.3,68,AWS-BHO-103,Raisen,BHO,neighbor,False,
2025-01-10 10:00:00,17.5,969.5,61,AWS-BHO-103,Raisen,BHO,neighbor,False,
2025-01-10 11:00:00,19.7,968.9,57,AWS-BHO-103,Raisen,BHO,neighbor,False,
2025-01-10 12:00:00,21.3,967.9,51,AWS-BHO-103,Raisen,BHO,neighbor,False,
2025-01-10 13:00:00,22.3,967.0,45,AWS-BHO-103,Raisen,BHO,neighbor,False,
2025-01-10 14:00:00,22.7,966.2,43,AWS-BHO-103,Raisen,BHO,neighbor,False,
2025-01-10 15:00:00,22.5,965.5,44,AWS-BHO-103,Raisen,BHO,neighbor,False,
2025-01-10 16:00:00,21.4,965.2,57,AWS-BHO-103,Raisen,BHO,neighbor,False,
2025-01-10 17:00:00,18.2,964.6,66,AWS-BHO-103,Raisen,BHO,neighbor,False,
2025-01-10 18:00:00,17.1,964.5,66,AWS-BHO-103,Raisen,BHO,neighbor,False,
2025-01-10 19:00:00,15.4,964.8,73,AWS-BHO-103,Raisen,BHO,neighbor,False,
2025-01-10 20:00:00,14.2,965.0,79,AWS-BHO-103,Raisen,BHO,neighbor,False,
2025-01-10 21:00:00,13.2,965.6,82,AWS-BHO-103,Raisen,BHO,neighbor,False,
2025-01-10 22:00:00,12.8,965.9,77,AWS-BHO-103,Raisen,BHO,neighbor,False,
2025-01-10 23:00:00,12.5,965.5,75,AWS-BHO-103,Raisen,BHO,neighbor,False,
2025-01-11 00:00:00,13.0,965.2,76,AWS-BHO-103,Raisen,BHO,neighbor,False,
2025-01-11 01:00:00,13.0,964.9,79,AWS-BHO-103,Raisen,BHO,neighbor,False,
2025-01-11 02:00:00,12.5,964.4,81,AWS-BHO-103,Raisen,BHO,neighbor,False,
2025-01-11 03:00:00,11.9,964.0,84,AWS-BHO-103,Raisen,BHO,neighbor,False,
2025-01-11 04:00:00,11.2,963.9,84,AWS-BHO-103,Raisen,BHO,neighbor,False,
2025-01-11 05:00:00,11.1,964.0,82,AWS-BHO-103,Raisen,BHO,neighbor,False,
2025-01-11 06:00:00,10.9,964.7,81,AWS-BHO-103,Raisen,BHO,neighbor,False,
2025-01-11 07:00:00,11.1,965.2,81,AWS-BHO-103,Raisen,BHO,neighbor,False,
2025-01-11 08:00:00,13.8,966.6,74,AWS-BHO-103,Raisen,BHO,neighbor,False,
2025-01-11 09:00:00,16.7,967.4,68,AWS-BHO-103,Raisen,BHO,neighbor,False,
2025-01-11 10:00:00,19.3,967.8,61,AWS-BHO-103,Raisen,BHO,neighbor,False,
2025-01-11 11:00:00,21.3,967.2,55,AWS-BHO-103,Raisen,BHO,neighbor,False,
2025-01-11 12:00:00,22.6,966.0,51,AWS-BHO-103,Raisen,BHO,neighbor,False,
2025-01-11 13:00:00,23.5,965.0,48,AWS-BHO-103,Raisen,BHO,neighbor,False,
2025-01-11 14:00:00,24.0,964.1,47,AWS-BHO-103,Raisen,BHO,neighbor,False,
2025-01-11 15:00:00,24.1,963.6,49,AWS-BHO-103,Raisen,BHO,neighbor,False,
2025-01-11 16:00:00,23.3,963.5,61,AWS-BHO-103,Raisen,BHO,neighbor,False,
2025-01-11 17:00:00,20.8,963.0,73,AWS-BHO-103,Raisen,BHO,neighbor,False,
2025-01-11 18:00:00,17.7,962.9,78,AWS-BHO-103,Raisen,BHO,neighbor,False,
2025-01-11 19:00:00,17.0,963.5,75,AWS-BHO-103,Raisen,BHO,neighbor,False,
2025-01-11 20:00:00,16.8,964.0,73,AWS-BHO-103,Raisen,BHO,neighbor,False,
2025-01-11 21:00:00,16.6,964.4,73,AWS-BHO-103,Raisen,BHO,neighbor,False,
2025-01-11 22:00:00,15.7,964.5,77,AWS-BHO-103,Raisen,BHO,neighbor,False,
2025-01-11 23:00:00,15.6,964.4,77,AWS-BHO-103,Raisen,BHO,neighbor,False,
2025-01-12 00:00:00,15.6,964.1,77,AWS-BHO-103,Raisen,BHO,neighbor,False,
2025-01-12 01:00:00,15.6,964.0,77,AWS-BHO-103,Raisen,BHO,neighbor,False,
2025-01-12 02:00:00,15.2,963.7,79,AWS-BHO-103,Raisen,BHO,neighbor,False,
2025-01-12 03:00:00,14.9,963.7,81,AWS-BHO-103,Raisen,BHO,neighbor,False,
2025-01-12 04:00:00,14.6,963.9,84,AWS-BHO-103,Raisen,BHO,neighbor,False,
2025-01-12 05:00:00,14.4,964.1,88,AWS-BHO-103,Raisen,BHO,neighbor,False,
2025-01-12 06:00:00,14.5,965.0,92,AWS-BHO-103,Raisen,BHO,neighbor,False,
2025-01-12 07:00:00,15.0,965.8,91,AWS-BHO-103,Raisen,BHO,neighbor,False,
2025-01-12 08:00:00,16.3,966.6,87,AWS-BHO-103,Raisen,BHO,neighbor,False,
2025-01-12 09:00:00,18.5,967.8,79,AWS-BHO-103,Raisen,BHO,neighbor,False,
2025-01-12 10:00:00,20.2,968.1,72,AWS-BHO-103,Raisen,BHO,neighbor,False,
2025-01-12 11:00:00,21.5,967.4,68,AWS-BHO-103,Raisen,BHO,neighbor,False,
2025-01-12 12:00:00,22.2,966.4,66,AWS-BHO-103,Raisen,BHO,neighbor,False,
2025-01-12 13:00:00,22.8,965.3,64,AWS-BHO-103,Raisen,BHO,neighbor,False,
2025-01-12 14:00:00,22.9,964.5,61,AWS-BHO-103,Raisen,BHO,neighbor,False,
2025-01-12 15:00:00,22.1,964.3,63,AWS-BHO-103,Raisen,BHO,neighbor,False,
2025-01-12 16:00:00,21.6,964.5,65,AWS-BHO-103,Raisen,BHO,neighbor,False,
2025-01-12 17:00:00,19.8,964.3,74,AWS-BHO-103,Raisen,BHO,neighbor,False,
2025-01-12 18:00:00,17.2,965.2,89,AWS-BHO-103,Raisen,BHO,neighbor,False,
2025-01-12 19:00:00,16.1,965.6,91,AWS-BHO-103,Raisen,BHO,neighbor,False,
2025-01-12 20:00:00,15.3,966.3,93,AWS-BHO-103,Raisen,BHO,neighbor,False,
2025-01-12 21:00:00,15.0,966.8,91,AWS-BHO-103,Raisen,BHO,neighbor,False,
2025-01-12 22:00:00,14.1,967.0,79,AWS-BHO-103,Raisen,BHO,neighbor,False,
2025-01-12 23:00:00,12.8,966.4,84,AWS-BHO-103,Raisen,BHO,neighbor,False,
2025-01-13 00:00:00,12.0,966.0,89,AWS-BHO-103,Raisen,BHO,neighbor,False,
2025-01-13 01:00:00,11.5,965.7,92,AWS-BHO-103,Raisen,BHO,neighbor,False,
2025-01-13 02:00:00,11.1,965.3,93,AWS-BHO-103,Raisen,BHO,neighbor,False,
2025-01-13 03:00:00,10.6,965.2,94,AWS-BHO-103,Raisen,BHO,neighbor,False,
2025-01-13 04:00:00,10.1,965.2,95,AWS-BHO-103,Raisen,BHO,neighbor,False,
2025-01-13 05:00:00,9.9,965.4,96,AWS-BHO-103,Raisen,BHO,neighbor,False,
2025-01-13 06:00:00,9.1,966.0,98,AWS-BHO-103,Raisen,BHO,neighbor,False,
2025-01-13 07:00:00,9.4,966.6,98,AWS-BHO-103,Raisen,BHO,neighbor,False,
2025-01-13 08:00:00,11.6,967.9,94,AWS-BHO-103,Raisen,BHO,neighbor,False,
2025-01-13 09:00:00,13.2,968.5,90,AWS-BHO-103,Raisen,BHO,neighbor,False,
2025-01-13 10:00:00,15.2,968.6,81,AWS-BHO-103,Raisen,BHO,neighbor,False,
2025-01-13 11:00:00,16.8,968.1,71,AWS-BHO-103,Raisen,BHO,neighbor,False,
2025-01-13 12:00:00,17.8,966.6,63,AWS-BHO-103,Raisen,BHO,neighbor,False,
2025-01-13 13:00:00,18.5,965.3,58,AWS-BHO-103,Raisen,BHO,neighbor,False,
2025-01-13 14:00:00,18.9,964.7,55,AWS-BHO-103,Raisen,BHO,neighbor,False,
2025-01-13 15:00:00,18.8,964.3,55,AWS-BHO-103,Raisen,BHO,neighbor,False,
2025-01-13 16:00:00,18.1,964.4,57,AWS-BHO-103,Raisen,BHO,neighbor,False,
2025-01-13 17:00:00,15.9,964.3,68,AWS-BHO-103,Raisen,BHO,neighbor,False,
2025-01-13 18:00:00,13.9,964.9,74,AWS-BHO-103,Raisen,BHO,neighbor,False,
2025-01-13 19:00:00,12.8,965.2,81,AWS-BHO-103,Raisen,BHO,neighbor,False,
2025-01-13 20:00:00,12.4,965.7,86,AWS-BHO-103,Raisen,BHO,neighbor,False,
2025-01-13 21:00:00,11.6,965.7,87,AWS-BHO-103,Raisen,BHO,neighbor,False,
2025-01-13 22:00:00,11.0,965.7,89,AWS-BHO-103,Raisen,BHO,neighbor,False,
2025-01-13 23:00:00,10.6,965.2,90,AWS-BHO-103,Raisen,BHO,neighbor,False,
2025-01-14 00:00:00,9.8,964.7,93,AWS-BHO-103,Raisen,BHO,neighbor,False,
2025-01-14 01:00:00,9.2,964.6,93,AWS-BHO-103,Raisen,BHO,neighbor,False,
2025-01-14 02:00:00,8.8,964.0,94,AWS-BHO-103,Raisen,BHO,neighbor,False,
2025-01-14 03:00:00,8.4,963.8,96,AWS-BHO-103,Raisen,BHO,neighbor,False,
2025-01-14 04:00:00,7.9,963.7,97,AWS-BHO-103,Raisen,BHO,neighbor,False,
2025-01-14 05:00:00,7.9,964.1,97,AWS-BHO-103,Raisen,BHO,neighbor,False,
2025-01-14 06:00:00,7.4,965.6,99,AWS-BHO-103,Raisen,BHO,neighbor,False,
2025-01-14 07:00:00,8.0,966.3,98,AWS-BHO-103,Raisen,BHO,neighbor,False,
2025-01-14 08:00:00,11.1,967.4,88,AWS-BHO-103,Raisen,BHO,neighbor,False,
2025-01-14 09:00:00,14.3,968.5,78,AWS-BHO-103,Raisen,BHO,neighbor,False,
2025-01-14 10:00:00,17.1,968.9,68,AWS-BHO-103,Raisen,BHO,neighbor,False,
2025-01-14 11:00:00,19.0,968.4,63,AWS-BHO-103,Raisen,BHO,neighbor,False,
2025-01-14 12:00:00,20.2,967.0,60,AWS-BHO-103,Raisen,BHO,neighbor,False,
2025-01-14 13:00:00,21.0,966.0,59,AWS-BHO-103,Raisen,BHO,neighbor,False,
2025-01-14 14:00:00,21.4,965.2,59,AWS-BHO-103,Raisen,BHO,neighbor,False,
2025-01-14 15:00:00,21.4,964.9,60,AWS-BHO-103,Raisen,BHO,neighbor,False,
2025-01-14 16:00:00,21.0,965.0,63,AWS-BHO-103,Raisen,BHO,neighbor,False,
2025-01-14 17:00:00,18.6,965.1,76,AWS-BHO-103,Raisen,BHO,neighbor,False,
2025-01-14 18:00:00,16.8,965.5,82,AWS-BHO-103,Raisen,BHO,neighbor,False,
2025-01-14 19:00:00,16.0,965.9,82,AWS-BHO-103,Raisen,BHO,neighbor,False,
2025-01-14 20:00:00,15.5,966.5,82,AWS-BHO-103,Raisen,BHO,neighbor,False,
2025-01-14 21:00:00,14.5,966.6,86,AWS-BHO-103,Raisen,BHO,neighbor,False,
2025-01-14 22:00:00,13.4,966.8,91,AWS-BHO-103,Raisen,BHO,neighbor,False,
2025-01-14 23:00:00,12.6,966.6,93,AWS-BHO-103,Raisen,BHO,neighbor,False,
2025-01-15 00:00:00,12.0,966.4,93,AWS-BHO-103,Raisen,BHO,neighbor,False,
2025-01-15 01:00:00,12.2,966.2,93,AWS-BHO-103,Raisen,BHO,neighbor,False,
2025-01-15 02:00:00,11.9,965.4,91,AWS-BHO-103,Raisen,BHO,neighbor,False,
2025-01-15 03:00:00,11.6,964.9,89,AWS-BHO-103,Raisen,BHO,neighbor,False,
2025-01-15 04:00:00,11.7,964.8,85,AWS-BHO-103,Raisen,BHO,neighbor,False,
2025-01-15 05:00:00,11.9,965.2,83,AWS-BHO-103,Raisen,BHO,neighbor,False,
2025-01-15 06:00:00,12.2,966.2,81,AWS-BHO-103,Raisen,BHO,neighbor,False,
2025-01-15 07:00:00,12.5,966.7,81,AWS-BHO-103,Raisen,BHO,neighbor,False,
2025-01-15 08:00:00,15.1,967.6,75,AWS-BHO-103,Raisen,BHO,neighbor,False,
2025-01-15 09:00:00,17.6,968.1,69,AWS-BHO-103,Raisen,BHO,neighbor,False,
2025-01-15 10:00:00,20.0,968.4,66,AWS-BHO-103,Raisen,BHO,neighbor,False,
2025-01-15 11:00:00,21.9,968.1,61,AWS-BHO-103,Raisen,BHO,neighbor,False,
2025-01-15 12:00:00,23.3,966.8,57,AWS-BHO-103,Raisen,BHO,neighbor,False,
2025-01-15 13:00:00,24.1,965.9,54,AWS-BHO-103,Raisen,BHO,neighbor,False,
2025-01-15 14:00:00,24.6,965.2,52,AWS-BHO-103,Raisen,BHO,neighbor,False,
2025-01-15 15:00:00,24.6,964.5,52,AWS-BHO-103,Raisen,BHO,neighbor,False,
2025-01-15 16:00:00,23.8,964.3,61,AWS-BHO-103,Raisen,BHO,neighbor,False,
2025-01-15 17:00:00,21.2,963.9,72,AWS-BHO-103,Raisen,BHO,neighbor,False,
2025-01-15 18:00:00,18.7,964.6,79,AWS-BHO-103,Raisen,BHO,neighbor,False,
2025-01-15 19:00:00,17.7,965.1,79,AWS-BHO-103,Raisen,BHO,neighbor,False,
2025-01-15 20:00:00,17.3,965.4,79,AWS-BHO-103,Raisen,BHO,neighbor,False,
2025-01-15 21:00:00,17.1,965.6,78,AWS-BHO-103,Raisen,BHO,neighbor,False,
2025-01-15 22:00:00,16.8,965.9,78,AWS-BHO-103,Raisen,BHO,neighbor,False,
2025-01-15 23:00:00,16.4,965.7,80,AWS-BHO-103,Raisen,BHO,neighbor,False,
2025-01-16 00:00:00,16.1,965.2,81,AWS-BHO-103,Raisen,BHO,neighbor,False,
2025-01-16 01:00:00,16.0,964.9,80,AWS-BHO-103,Raisen,BHO,neighbor,False,
2025-01-16 02:00:00,15.7,964.6,80,AWS-BHO-103,Raisen,BHO,neighbor,False,
2025-01-16 03:00:00,15.3,964.0,81,AWS-BHO-103,Raisen,BHO,neighbor,False,
2025-01-16 04:00:00,15.0,963.6,81,AWS-BHO-103,Raisen,BHO,neighbor,False,
2025-01-16 05:00:00,14.3,963.7,85,AWS-BHO-103,Raisen,BHO,neighbor,False,
2025-01-16 06:00:00,13.8,964.9,88,AWS-BHO-103,Raisen,BHO,neighbor,False,
2025-01-16 07:00:00,14.7,965.9,84,AWS-BHO-103,Raisen,BHO,neighbor,False,
2025-01-16 08:00:00,16.2,966.7,81,AWS-BHO-103,Raisen,BHO,neighbor,False,
2025-01-16 09:00:00,17.7,967.7,79,AWS-BHO-103,Raisen,BHO,neighbor,False,
2025-01-16 10:00:00,18.4,968.0,78,AWS-BHO-103,Raisen,BHO,neighbor,False,
2025-01-16 11:00:00,20.0,967.9,73,AWS-BHO-103,Raisen,BHO,neighbor,False,
2025-01-16 12:00:00,21.4,967.0,70,AWS-BHO-103,Raisen,BHO,neighbor,False,
2025-01-16 13:00:00,22.8,966.2,66,AWS-BHO-103,Raisen,BHO,neighbor,False,
2025-01-16 14:00:00,23.0,965.8,67,AWS-BHO-103,Raisen,BHO,neighbor,False,
2025-01-16 15:00:00,21.9,965.7,73,AWS-BHO-103,Raisen,BHO,neighbor,False,
2025-01-16 16:00:00,19.9,965.8,88,AWS-BHO-103,Raisen,BHO,neighbor,False,
2025-01-16 17:00:00,18.1,965.8,91,AWS-BHO-103,Raisen,BHO,neighbor,False,
2025-01-16 18:00:00,18.1,966.9,89,AWS-BHO-103,Raisen,BHO,neighbor,False,
2025-01-16 19:00:00,18.1,967.4,88,AWS-BHO-103,Raisen,BHO,neighbor,False,
2025-01-16 20:00:00,17.6,968.2,89,AWS-BHO-103,Raisen,BHO,neighbor,False,
2025-01-16 21:00:00,16.6,968.6,91,AWS-BHO-103,Raisen,BHO,neighbor,False,
2025-01-16 22:00:00,15.5,969.1,93,AWS-BHO-103,Raisen,BHO,neighbor,False,
2025-01-16 23:00:00,14.7,968.8,94,AWS-BHO-103,Raisen,BHO,neighbor,False,
2025-01-17 00:00:00,14.1,968.4,94,AWS-BHO-103,Raisen,BHO,neighbor,False,
2025-01-17 01:00:00,13.7,968.0,94,AWS-BHO-103,Raisen,BHO,neighbor,False,
2025-01-17 02:00:00,13.1,967.4,95,AWS-BHO-103,Raisen,BHO,neighbor,False,
2025-01-17 03:00:00,12.5,966.9,95,AWS-BHO-103,Raisen,BHO,neighbor,False,
2025-01-17 04:00:00,12.2,967.0,95,AWS-BHO-103,Raisen,BHO,neighbor,False,
2025-01-17 05:00:00,11.7,967.3,95,AWS-BHO-103,Raisen,BHO,neighbor,False,
2025-01-17 06:00:00,11.5,968.0,94,AWS-BHO-103,Raisen,BHO,neighbor,False,
2025-01-17 07:00:00,11.3,968.4,94,AWS-BHO-103,Raisen,BHO,neighbor,False,
2025-01-17 08:00:00,12.9,969.0,87,AWS-BHO-103,Raisen,BHO,neighbor,False,
2025-01-17 09:00:00,15.0,969.4,81,AWS-BHO-103,Raisen,BHO,neighbor,False,
2025-01-17 10:00:00,17.3,969.4,75,AWS-BHO-103,Raisen,BHO,neighbor,False,
2025-01-17 11:00:00,19.0,968.7,71,AWS-BHO-103,Raisen,BHO,neighbor,False,
2025-01-17 12:00:00,20.3,967.4,69,AWS-BHO-103,Raisen,BHO,neighbor,False,
2025-01-17 13:00:00,21.3,966.4,67,AWS-BHO-103,Raisen,BHO,neighbor,False,
2025-01-17 14:00:00,21.5,965.4,67,AWS-BHO-103,Raisen,BHO,neighbor,False,
2025-01-17 15:00:00,21.2,965.1,68,AWS-BHO-103,Raisen,BHO,neighbor,False,
2025-01-17 16:00:00,20.4,964.9,72,AWS-BHO-103,Raisen,BHO,neighbor,False,
2025-01-17 17:00:00,18.8,964.8,79,AWS-BHO-103,Raisen,BHO,neighbor,False,
2025-01-17 18:00:00,16.9,965.4,85,AWS-BHO-103,Raisen,BHO,neighbor,False,
2025-01-17 19:00:00,16.1,965.9,86,AWS-BHO-103,Raisen,BHO,neighbor,False,
2025-01-17 20:00:00,15.2,966.6,88,AWS-BHO-103,Raisen,BHO,neighbor,False,
2025-01-17 21:00:00,14.4,966.7,92,AWS-BHO-103,Raisen,BHO,neighbor,False,
2025-01-17 22:00:00,13.7,966.8,94,AWS-BHO-103,Raisen,BHO,neighbor,False,
2025-01-17 23:00:00,13.1,966.3,95,AWS-BHO-103,Raisen,BHO,neighbor,False,
2025-01-18 00:00:00,12.3,965.8,97,AWS-BHO-103,Raisen,BHO,neighbor,False,
2025-01-18 01:00:00,11.8,965.2,97,AWS-BHO-103,Raisen,BHO,neighbor,False,
2025-01-18 02:00:00,11.4,965.0,97,AWS-BHO-103,Raisen,BHO,neighbor,False,
2025-01-18 03:00:00,11.1,964.8,98,AWS-BHO-103,Raisen,BHO,neighbor,False,
2025-01-18 04:00:00,11.1,964.5,97,AWS-BHO-103,Raisen,BHO,neighbor,False,
2025-01-18 05:00:00,10.9,964.8,97,AWS-BHO-103,Raisen,BHO,neighbor,False,
2025-01-18 06:00:00,10.7,965.8,96,AWS-BHO-103,Raisen,BHO,neighbor,False,
2025-01-18 07:00:00,10.8,966.4,97,AWS-BHO-103,Raisen,BHO,neighbor,False,
2025-01-18 08:00:00,13.2,967.5,90,AWS-BHO-103,Raisen,BHO,neighbor,False,
2025-01-18 09:00:00,15.9,968.6,81,AWS-BHO-103,Raisen,BHO,neighbor,False,
2025-01-18 10:00:00,18.5,968.6,73,AWS-BHO-103,Raisen,BHO,neighbor,False,
2025-01-18 11:00:00,20.4,968.2,68,AWS-BHO-103,Raisen,BHO,neighbor,False,
2025-01-18 12:00:00,21.9,966.9,65,AWS-BHO-103,Raisen,BHO,neighbor,False,
2025-01-18 13:00:00,22.9,965.9,62,AWS-BHO-103,Raisen,BHO,neighbor,False,
2025-01-18 14:00:00,23.3,965.1,61,AWS-BHO-103,Raisen,BHO,neighbor,False,
2025-01-18 15:00:00,23.3,964.5,60,AWS-BHO-103,Raisen,BHO,neighbor,False,
2025-01-18 16:00:00,22.7,964.2,63,AWS-BHO-103,Raisen,BHO,neighbor,False,
2025-01-18 17:00:00,20.7,963.9,76,AWS-BHO-103,Raisen,BHO,neighbor,False,
2025-01-18 18:00:00,18.7,964.5,81,AWS-BHO-103,Raisen,BHO,neighbor,False,
2025-01-18 19:00:00,17.4,964.8,85,AWS-BHO-103,Raisen,BHO,neighbor,False,
2025-01-18 20:00:00,17.0,965.5,85,AWS-BHO-103,Raisen,BHO,neighbor,False,
2025-01-18 21:00:00,16.5,965.9,86,AWS-BHO-103,Raisen,BHO,neighbor,False,
2025-01-18 22:00:00,15.6,966.1,89,AWS-BHO-103,Raisen,BHO,neighbor,False,
2025-01-18 23:00:00,14.8,965.4,91,AWS-BHO-103,Raisen,BHO,neighbor,False,
2025-01-19 00:00:00,14.0,965.2,94,AWS-BHO-103,Raisen,BHO,neighbor,False,
2025-01-19 01:00:00,13.5,964.9,94,AWS-BHO-103,Raisen,BHO,neighbor,False,
2025-01-19 02:00:00,13.3,964.3,92,AWS-BHO-103,Raisen,BHO,neighbor,False,
2025-01-19 03:00:00,12.8,964.2,94,AWS-BHO-103,Raisen,BHO,neighbor,False,
2025-01-19 04:00:00,11.7,963.9,98,AWS-BHO-103,Raisen,BHO,neighbor,False,
2025-01-19 05:00:00,10.8,964.0,100,AWS-BHO-103,Raisen,BHO,neighbor,False,
2025-01-19 06:00:00,10.7,965.1,100,AWS-BHO-103,Raisen,BHO,neighbor,False,
2025-01-19 07:00:00,10.9,965.5,100,AWS-BHO-103,Raisen,BHO,neighbor,False,
2025-01-19 08:00:00,14.1,966.6,92,AWS-BHO-103,Raisen,BHO,neighbor,False,
2025-01-19 09:00:00,17.8,968.1,79,AWS-BHO-103,Raisen,BHO,neighbor,False,
2025-01-19 10:00:00,20.2,968.7,70,AWS-BHO-103,Raisen,BHO,neighbor,False,
2025-01-19 11:00:00,22.0,968.2,63,AWS-BHO-103,Raisen,BHO,neighbor,False,
2025-01-19 12:00:00,23.3,967.2,57,AWS-BHO-103,Raisen,BHO,neighbor,False,
2025-01-19 13:00:00,24.0,966.4,52,AWS-BHO-103,Raisen,BHO,neighbor,False,
2025-01-19 14:00:00,24.3,965.6,49,AWS-BHO-103,Raisen,BHO,neighbor,False,
2025-01-19 15:00:00,24.0,965.0,49,AWS-BHO-103,Raisen,BHO,neighbor,False,
2025-01-19 16:00:00,23.1,964.6,57,AWS-BHO-103,Raisen,BHO,neighbor,False,
2025-01-19 17:00:00,20.6,964.1,69,AWS-BHO-103,Raisen,BHO,neighbor,False,
2025-01-19 18:00:00,18.1,964.1,75,AWS-BHO-103,Raisen,BHO,neighbor,False,
2025-01-19 19:00:00,16.9,964.5,73,AWS-BHO-103,Raisen,BHO,neighbor,False,
2025-01-19 20:00:00,16.1,964.8,73,AWS-BHO-103,Raisen,BHO,neighbor,False,
2025-01-19 21:00:00,15.3,964.8,78,AWS-BHO-103,Raisen,BHO,neighbor,False,
2025-01-19 22:00:00,14.6,964.7,82,AWS-BHO-103,Raisen,BHO,neighbor,False,
2025-01-19 23:00:00,13.8,964.4,85,AWS-BHO-103,Raisen,BHO,neighbor,False,
2025-01-20 00:00:00,13.6,964.0,84,AWS-BHO-103,Raisen,BHO,neighbor,False,
2025-01-20 01:00:00,13.6,963.4,83,AWS-BHO-103,Raisen,BHO,neighbor,False,
2025-01-20 02:00:00,13.4,963.1,85,AWS-BHO-103,Raisen,BHO,neighbor,False,
2025-01-20 03:00:00,13.1,962.8,86,AWS-BHO-103,Raisen,BHO,neighbor,False,
2025-01-20 04:00:00,12.9,962.6,87,AWS-BHO-103,Raisen,BHO,neighbor,False,
2025-01-20 05:00:00,12.8,962.8,87,AWS-BHO-103,Raisen,BHO,neighbor,False,
2025-01-20 06:00:00,12.6,963.9,88,AWS-BHO-103,Raisen,BHO,neighbor,False,
2025-01-20 07:00:00,12.7,964.4,89,AWS-BHO-103,Raisen,BHO,neighbor,False,
2025-01-20 08:00:00,15.5,965.7,84,AWS-BHO-103,Raisen,BHO,neighbor,False,
2025-01-20 09:00:00,18.5,966.8,77,AWS-BHO-103,Raisen,BHO,neighbor,False,
2025-01-20 10:00:00,21.1,967.2,67,AWS-BHO-103,Raisen,BHO,neighbor,False,
2025-01-20 11:00:00,22.7,966.8,57,AWS-BHO-103,Raisen,BHO,neighbor,False,
2025-01-20 12:00:00,23.7,966.0,53,AWS-BHO-103,Raisen,BHO,neighbor,False,
2025-01-20 13:00:00,24.4,965.0,51,AWS-BHO-103,Raisen,BHO,neighbor,False,
2025-01-20 14:00:00,24.6,964.1,51,AWS-BHO-103,Raisen,BHO,neighbor,False,
2025-01-20 15:00:00,24.2,963.6,52,AWS-BHO-103,Raisen,BHO,neighbor,False,
2025-01-20 16:00:00,23.3,963.4,59,AWS-BHO-103,Raisen,BHO,neighbor,False,
2025-01-20 17:00:00,20.6,963.0,74,AWS-BHO-103,Raisen,BHO,neighbor,False,
2025-01-20 18:00:00,18.6,962.9,79,AWS-BHO-103,Raisen,BHO,neighbor,False,
2025-01-20 19:00:00,17.5,963.2,80,AWS-BHO-103,Raisen,BHO,neighbor,False,
2025-01-20 20:00:00,17.0,963.6,77,AWS-BHO-103,Raisen,BHO,neighbor,False,
2025-01-20 21:00:00,16.5,963.7,79,AWS-BHO-103,Raisen,BHO,neighbor,False,
2025-01-20 22:00:00,15.9,963.8,82,AWS-BHO-103,Raisen,BHO,neighbor,False,
2025-01-20 23:00:00,15.5,963.4,83,AWS-BHO-103,Raisen,BHO,neighbor,False,
2025-01-21 00:00:00,14.6,962.9,86,AWS-BHO-103,Raisen,BHO,neighbor,False,
2025-01-21 01:00:00,14.4,962.2,86,AWS-BHO-103,Raisen,BHO,neighbor,False,
2025-01-21 02:00:00,14.2,961.6,85,AWS-BHO-103,Raisen,BHO,neighbor,False,
2025-01-21 03:00:00,14.1,961.4,85,AWS-BHO-103,Raisen,BHO,neighbor,False,
2025-01-21 04:00:00,13.7,961.4,85,AWS-BHO-103,Raisen,BHO,neighbor,False,
2025-01-21 05:00:00,12.9,961.3,88,AWS-BHO-103,Raisen,BHO,neighbor,False,
2025-01-21 06:00:00,12.4,962.3,90,AWS-BHO-103,Raisen,BHO,neighbor,False,
2025-01-21 07:00:00,12.1,963.0,93,AWS-BHO-103,Raisen,BHO,neighbor,False,
2025-01-21 08:00:00,15.1,964.4,87,AWS-BHO-103,Raisen,BHO,neighbor,False,
2025-01-21 09:00:00,18.7,965.4,77,AWS-BHO-103,Raisen,BHO,neighbor,False,
2025-01-21 10:00:00,21.2,965.9,68,AWS-BHO-103,Raisen,BHO,neighbor,False,
2025-01-21 11:00:00,23.0,965.4,60,AWS-BHO-103,Raisen,BHO,neighbor,False,
2025-01-21 12:00:00,24.1,964.5,55,AWS-BHO-103,Raisen,BHO,neighbor,False,
2025-01-21 13:00:00,24.8,963.6,51,AWS-BHO-103,Raisen,BHO,neighbor,False,
2025-01-21 14:00:00,25.1,962.5,49,AWS-BHO-103,Raisen,BHO,neighbor,False,
2025-01-21 15:00:00,24.9,962.0,48,AWS-BHO-103,Raisen,BHO,neighbor,False,
2025-01-21 16:00:00,23.9,961.9,55,AWS-BHO-103,Raisen,BHO,neighbor,False,
2025-01-21 17:00:00,21.0,961.6,68,AWS-BHO-103,Raisen,BHO,neighbor,False,
2025-01-21 18:00:00,18.9,961.6,73,AWS-BHO-103,Raisen,BHO,neighbor,False,
2025-01-21 19:00:00,17.7,962.0,78,AWS-BHO-103,Raisen,BHO,neighbor,False,
2025-01-21 20:00:00,16.8,962.6,79,AWS-BHO-103,Raisen,BHO,neighbor,False,
2025-01-21 21:00:00,16.4,962.8,80,AWS-BHO-103,Raisen,BHO,neighbor,False,
2025-01-21 22:00:00,15.9,962.6,81,AWS-BHO-103,Raisen,BHO,neighbor,False,
2025-01-21 23:00:00,15.3,961.9,80,AWS-BHO-103,Raisen,BHO,neighbor,False,
2025-01-22 00:00:00,14.9,961.6,81,AWS-BHO-103,Raisen,BHO,neighbor,False,
2025-01-22 01:00:00,14.4,961.1,84,AWS-BHO-103,Raisen,BHO,neighbor,False,
2025-01-22 02:00:00,14.1,960.8,87,AWS-BHO-103,Raisen,BHO,neighbor,False,
2025-01-22 03:00:00,13.9,960.5,85,AWS-BHO-103,Raisen,BHO,neighbor,False,
2025-01-22 04:00:00,13.8,960.4,85,AWS-BHO-103,Raisen,BHO,neighbor,False,
2025-01-22 05:00:00,13.4,960.4,87,AWS-BHO-103,Raisen,BHO,neighbor,False,
2025-01-22 06:00:00,13.4,961.6,89,AWS-BHO-103,Raisen,BHO,neighbor,False,
2025-01-22 07:00:00,13.6,962.3,91,AWS-BHO-103,Raisen,BHO,neighbor,False,
2025-01-22 08:00:00,16.4,963.7,86,AWS-BHO-103,Raisen,BHO,neighbor,False,
2025-01-22 09:00:00,19.3,964.9,78,AWS-BHO-103,Raisen,BHO,neighbor,False,
2025-01-22 10:00:00,21.7,965.1,70,AWS-BHO-103,Raisen,BHO,neighbor,False,
2025-01-22 11:00:00,23.6,964.7,61,AWS-BHO-103,Raisen,BHO,neighbor,False,
2025-01-22 12:00:00,24.9,963.6,54,AWS-BHO-103,Raisen,BHO,neighbor,False,
2025-01-22 13:00:00,25.8,962.5,49,AWS-BHO-103,Raisen,BHO,neighbor,False,
2025-01-22 14:00:00,26.3,961.6,45,AWS-BHO-103,Raisen,BHO,neighbor,False,
2025-01-22 15:00:00,25.9,961.0,48,AWS-BHO-103,Raisen,BHO,neighbor,False,
2025-01-22 16:00:00,25.0,961.0,57,AWS-BHO-103,Raisen,BHO,neighbor,False,
2025-01-22 17:00:00,23.3,960.7,66,AWS-BHO-103,Raisen,BHO,neighbor,False,
2025-01-22 18:00:00,21.3,961.1,67,AWS-BHO-103,Raisen,BHO,neighbor,False,
2025-01-22 19:00:00,19.3,961.6,76,AWS-BHO-103,Raisen,BHO,neighbor,False,
2025-01-22 20:00:00,18.4,962.2,78,AWS-BHO-103,Raisen,BHO,neighbor,False,
2025-01-22 21:00:00,18.0,962.4,78,AWS-BHO-103,Raisen,BHO,neighbor,False,
2025-01-22 22:00:00,17.5,962.5,79,AWS-BHO-103,Raisen,BHO,neighbor,False,
2025-01-22 23:00:00,16.4,962.2,82,AWS-BHO-103,Raisen,BHO,neighbor,False,
2025-01-23 00:00:00,15.9,961.9,82,AWS-BHO-103,Raisen,BHO,neighbor,False,
2025-01-23 01:00:00,14.9,961.6,86,AWS-BHO-103,Raisen,BHO,neighbor,False,
2025-01-23 02:00:00,14.5,960.6,88,AWS-BHO-103,Raisen,BHO,neighbor,False,
2025-01-23 03:00:00,14.2,960.1,88,AWS-BHO-103,Raisen,BHO,neighbor,False,
2025-01-23 04:00:00,14.2,960.1,88,AWS-BHO-103,Raisen,BHO,neighbor,False,
2025-01-23 05:00:00,14.2,960.3,88,AWS-BHO-103,Raisen,BHO,neighbor,False,
2025-01-23 06:00:00,14.5,961.4,90,AWS-BHO-103,Raisen,BHO,neighbor,False,
2025-01-23 07:00:00,14.7,962.0,90,AWS-BHO-103,Raisen,BHO,neighbor,False,
2025-01-23 08:00:00,17.4,963.2,81,AWS-BHO-103,Raisen,BHO,neighbor,False,
2025-01-23 09:00:00,20.3,964.5,74,AWS-BHO-103,Raisen,BHO,neighbor,False,
2025-01-23 10:00:00,22.9,965.0,65,AWS-BHO-103,Raisen,BHO,neighbor,False,
2025-01-23 11:00:00,24.8,964.6,57,AWS-BHO-103,Raisen,BHO,neighbor,False,
2025-01-23 12:00:00,26.2,963.6,49,AWS-BHO-103,Raisen,BHO,neighbor,False,
2025-01-23 13:00:00,27.0,962.5,45,AWS-BHO-103,Raisen,BHO,neighbor,False,
2025-01-23 14:00:00,27.3,961.7,43,AWS-BHO-103,Raisen,BHO,neighbor,False,
2025-01-23 15:00:00,26.9,961.4,45,AWS-BHO-103,Raisen,BHO,neighbor,False,
2025-01-23 16:00:00,25.6,961.2,56,AWS-BHO-103,Raisen,BHO,neighbor,False,
2025-01-23 17:00:00,23.0,960.8,66,AWS-BHO-103,Raisen,BHO,neighbor,False,
2025-01-23 18:00:00,22.2,961.0,59,AWS-BHO-103,Raisen,BHO,neighbor,False,
2025-01-23 19:00:00,20.3,961.5,68,AWS-BHO-103,Raisen,BHO,neighbor,False,
2025-01-23 20:00:00,19.0,962.1,78,AWS-BHO-103,Raisen,BHO,neighbor,False,
2025-01-23 21:00:00,18.6,962.9,81,AWS-BHO-103,Raisen,BHO,neighbor,False,
2025-01-23 22:00:00,18.6,963.2,77,AWS-BHO-103,Raisen,BHO,neighbor,False,
2025-01-23 23:00:00,17.7,963.4,82,AWS-BHO-103,Raisen,BHO,neighbor,False,
2025-01-24 00:00:00,17.0,963.0,84,AWS-BHO-103,Raisen,BHO,neighbor,False,
2025-01-24 01:00:00,16.1,962.6,90,AWS-BHO-103,Raisen,BHO,neighbor,False,
2025-01-24 02:00:00,15.4,962.2,95,AWS-BHO-103,Raisen,BHO,neighbor,False,
2025-01-24 03:00:00,15.0,962.2,96,AWS-BHO-103,Raisen,BHO,neighbor,False,
2025-01-24 04:00:00,14.6,962.1,97,AWS-BHO-103,Raisen,BHO,neighbor,False,
2025-01-24 05:00:00,14.2,962.5,96,AWS-BHO-103,Raisen,BHO,neighbor,False,
2025-01-24 06:00:00,14.0,963.2,96,AWS-BHO-103,Raisen,BHO,neighbor,False,
2025-01-24 07:00:00,13.9,963.8,94,AWS-BHO-103,Raisen,BHO,neighbor,False,
2025-01-24 08:00:00,15.4,964.8,86,AWS-BHO-103,Raisen,BHO,neighbor,False,
2025-01-24 09:00:00,17.4,965.7,77,AWS-BHO-103,Raisen,BHO,neighbor,False,
2025-01-24 10:00:00,19.4,966.1,70,AWS-BHO-103,Raisen,BHO,neighbor,False,
2025-01-24 11:00:00,21.1,965.6,65,AWS-BHO-103,Raisen,BHO,neighbor,False,
2025-01-24 12:00:00,22.3,964.7,62,AWS-BHO-103,Raisen,BHO,neighbor,False,
2025-01-24 13:00:00,23.1,963.7,61,AWS-BHO-103,Raisen,BHO,neighbor,False,
2025-01-24 14:00:00,23.4,962.9,61,AWS-BHO-103,Raisen,BHO,neighbor,False,
2025-01-24 15:00:00,23.3,962.5,61,AWS-BHO-103,Raisen,BHO,neighbor,False,
2025-01-24 16:00:00,22.6,962.4,62,AWS-BHO-103,Raisen,BHO,neighbor,False,
2025-01-24 17:00:00,20.9,962.7,66,AWS-BHO-103,Raisen,BHO,neighbor,False,
2025-01-24 18:00:00,19.0,963.4,72,AWS-BHO-103,Raisen,BHO,neighbor,False,
2025-01-24 19:00:00,18.3,964.0,72,AWS-BHO-103,Raisen,BHO,neighbor,False,
2025-01-24 20:00:00,17.4,964.3,72,AWS-BHO-103,Raisen,BHO,neighbor,False,
2025-01-24 21:00:00,16.5,964.5,74,AWS-BHO-103,Raisen,BHO,neighbor,False,
2025-01-24 22:00:00,15.5,964.6,78,AWS-BHO-103,Raisen,BHO,neighbor,False,
2025-01-24 23:00:00,14.5,964.2,82,AWS-BHO-103,Raisen,BHO,neighbor,False,
2025-01-25 00:00:00,13.4,963.7,88,AWS-BHO-103,Raisen,BHO,neighbor,False,
2025-01-25 01:00:00,12.7,963.4,89,AWS-BHO-103,Raisen,BHO,neighbor,False,
2025-01-25 02:00:00,12.3,962.8,91,AWS-BHO-103,Raisen,BHO,neighbor,False,
2025-01-25 03:00:00,11.9,962.6,91,AWS-BHO-103,Raisen,BHO,neighbor,False,
2025-01-25 04:00:00,11.3,962.4,92,AWS-BHO-103,Raisen,BHO,neighbor,False,
2025-01-25 05:00:00,10.8,962.4,92,AWS-BHO-103,Raisen,BHO,neighbor,False,
2025-01-25 06:00:00,10.7,963.2,94,AWS-BHO-103,Raisen,BHO,neighbor,False,
2025-01-25 07:00:00,11.1,963.9,93,AWS-BHO-103,Raisen,BHO,neighbor,False,
2025-01-25 08:00:00,13.8,965.1,82,AWS-BHO-103,Raisen,BHO,neighbor,False,
2025-01-25 09:00:00,16.9,966.1,68,AWS-BHO-103,Raisen,BHO,neighbor,False,
2025-01-25 10:00:00,19.6,966.5,57,AWS-BHO-103,Raisen,BHO,neighbor,False,
2025-01-25 11:00:00,21.3,966.1,52,AWS-BHO-103,Raisen,BHO,neighbor,False,
2025-01-25 12:00:00,22.5,965.2,50,AWS-BHO-103,Raisen,BHO,neighbor,False,
2025-01-25 13:00:00,23.3,964.3,49,AWS-BHO-103,Raisen,BHO,neighbor,False,
2025-01-25 14:00:00,23.6,963.5,48,AWS-BHO-103,Raisen,BHO,neighbor,False,
2025-01-25 15:00:00,23.4,963.2,49,AWS-BHO-103,Raisen,BHO,neighbor,False,
2025-01-25 16:00:00,22.7,963.1,53,AWS-BHO-103,Raisen,BHO,neighbor,False,
2025-01-25 17:00:00,20.4,963.1,62,AWS-BHO-103,Raisen,BHO,neighbor,False,
2025-01-25 18:00:00,18.4,963.2,67,AWS-BHO-103,Raisen,BHO,neighbor,False,
2025-01-25 19:00:00,16.8,963.4,70,AWS-BHO-103,Raisen,BHO,neighbor,False,
2025-01-25 20:00:00,16.1,963.8,72,AWS-BHO-103,Raisen,BHO,neighbor,False,
2025-01-25 21:00:00,15.5,964.0,75,AWS-BHO-103,Raisen,BHO,neighbor,False,
2025-01-25 22:00:00,15.2,964.0,77,AWS-BHO-103,Raisen,BHO,neighbor,False,
2025-01-25 23:00:00,14.4,963.6,79,AWS-BHO-103,Raisen,BHO,neighbor,False,
2025-01-26 00:00:00,13.8,963.1,83,AWS-BHO-103,Raisen,BHO,neighbor,False,
2025-01-26 01:00:00,13.1,962.7,85,AWS-BHO-103,Raisen,BHO,neighbor,False,
2025-01-26 02:00:00,12.5,962.1,86,AWS-BHO-103,Raisen,BHO,neighbor,False,
2025-01-26 03:00:00,11.7,961.7,89,AWS-BHO-103,Raisen,BHO,neighbor,False,
2025-01-26 04:00:00,11.0,961.6,89,AWS-BHO-103,Raisen,BHO,neighbor,False,
2025-01-26 05:00:00,10.6,961.8,88,AWS-BHO-103,Raisen,BHO,neighbor,False,
2025-01-26 06:00:00,10.6,962.8,91,AWS-BHO-103,Raisen,BHO,neighbor,False,
2025-01-26 07:00:00,11.0,963.5,87,AWS-BHO-103,Raisen,BHO,neighbor,False,
2025-01-26 08:00:00,13.9,964.9,75,AWS-BHO-103,Raisen,BHO,neighbor,False,
2025-01-26 09:00:00,17.0,966.1,65,AWS-BHO-103,Raisen,BHO,neighbor,False,
2025-01-26 10:00:00,19.9,966.8,55,AWS-BHO-103,Raisen,BHO,neighbor,False,
2025-01-26 11:00:00,21.7,966.2,51,AWS-BHO-103,Raisen,BHO,neighbor,False,
2025-01-26 12:00:00,22.9,965.1,48,AWS-BHO-103,Raisen,BHO,neighbor,False,
2025-01-26 13:00:00,23.7,963.9,46,AWS-BHO-103,Raisen,BHO,neighbor,False,
2025-01-26 14:00:00,24.0,963.0,46,AWS-BHO-103,Raisen,BHO,neighbor,False,
2025-01-26 15:00:00,23.7,962.4,47,AWS-BHO-103,Raisen,BHO,neighbor,False,
2025-01-26 16:00:00,22.9,962.1,51,AWS-BHO-103,Raisen,BHO,neighbor,False,
2025-01-26 17:00:00,20.2,961.8,64,AWS-BHO-103,Raisen,BHO,neighbor,False,
2025-01-26 18:00:00,18.2,961.7,63,AWS-BHO-103,Raisen,BHO,neighbor,False,
2025-01-26 19:00:00,16.6,962.1,65,AWS-BHO-103,Raisen,BHO,neighbor,False,
2025-01-26 20:00:00,15.8,962.5,68,AWS-BHO-103,Raisen,BHO,neighbor,False,
2025-01-26 21:00:00,14.7,962.7,72,AWS-BHO-103,Raisen,BHO,neighbor,False,
2025-01-26 22:00:00,14.0,962.5,72,AWS-BHO-103,Raisen,BHO,neighbor,False,
2025-01-26 23:00:00,12.8,962.1,75,AWS-BHO-103,Raisen,BHO,neighbor,False,
2025-01-27 00:00:00,12.3,961.6,75,AWS-BHO-103,Raisen,BHO,neighbor,False,
2025-01-27 01:00:00,12.0,961.2,76,AWS-BHO-103,Raisen,BHO,neighbor,False,
2025-01-27 02:00:00,11.9,960.9,75,AWS-BHO-103,Raisen,BHO,neighbor,False,
2025-01-27 03:00:00,11.3,960.7,79,AWS-BHO-103,Raisen,BHO,neighbor,False,
2025-01-27 04:00:00,10.8,960.8,80,AWS-BHO-103,Raisen,BHO,neighbor,False,
2025-01-27 05:00:00,9.7,960.7,86,AWS-BHO-103,Raisen,BHO,neighbor,False,
2025-01-27 06:00:00,9.2,961.2,93,AWS-BHO-103,Raisen,BHO,neighbor,False,
2025-01-27 07:00:00,9.3,962.0,93,AWS-BHO-103,Raisen,BHO,neighbor,False,
2025-01-27 08:00:00,12.3,963.2,82,AWS-BHO-103,Raisen,BHO,neighbor,False,
2025-01-27 09:00:00,16.3,964.5,72,AWS-BHO-103,Raisen,BHO,neighbor,False,
2025-01-27 10:00:00,19.5,964.8,60,AWS-BHO-103,Raisen,BHO,neighbor,False,
2025-01-27 11:00:00,21.6,964.3,51,AWS-BHO-103,Raisen,BHO,neighbor,False,
2025-01-27 12:00:00,22.8,963.2,46,AWS-BHO-103,Raisen,BHO,neighbor,False,
2025-01-27 13:00:00,23.4,962.1,44,AWS-BHO-103,Raisen,BHO,neighbor,False,
2025-01-27 14:00:00,23.7,961.2,43,AWS-BHO-103,Raisen,BHO,neighbor,False,
2025-01-27 15:00:00,23.6,960.8,43,AWS-BHO-103,Raisen,BHO,neighbor,False,
2025-01-27 16:00:00,22.8,960.6,48,AWS-BHO-103,Raisen,BHO,neighbor,False,
2025-01-27 17:00:00,19.9,960.5,60,AWS-BHO-103,Raisen,BHO,neighbor,False,
2025-01-27 18:00:00,17.3,960.3,59,AWS-BHO-103,Raisen,BHO,neighbor,False,
2025-01-27 19:00:00,16.1,960.5,60,AWS-BHO-103,Raisen,BHO,neighbor,False,
2025-01-27 20:00:00,15.6,961.0,62,AWS-BHO-103,Raisen,BHO,neighbor,False,
2025-01-27 21:00:00,15.1,961.4,64,AWS-BHO-103,Raisen,BHO,neighbor,False,
2025-01-27 22:00:00,14.0,961.2,71,AWS-BHO-103,Raisen,BHO,neighbor,False,
2025-01-27 23:00:00,12.9,960.7,77,AWS-BHO-103,Raisen,BHO,neighbor,False,
2025-01-28 00:00:00,12.4,960.1,77,AWS-BHO-103,Raisen,BHO,neighbor,False,
2025-01-28 01:00:00,12.2,959.8,75,AWS-BHO-103,Raisen,BHO,neighbor,False,
2025-01-28 02:00:00,11.9,959.3,75,AWS-BHO-103,Raisen,BHO,neighbor,False,
2025-01-28 03:00:00,11.6,959.1,75,AWS-BHO-103,Raisen,BHO,neighbor,False,
2025-01-28 04:00:00,11.1,959.1,77,AWS-BHO-103,Raisen,BHO,neighbor,False,
2025-01-28 05:00:00,9.6,959.4,86,AWS-BHO-103,Raisen,BHO,neighbor,False,
2025-01-28 06:00:00,9.3,960.5,88,AWS-BHO-103,Raisen,BHO,neighbor,False,
2025-01-28 07:00:00,10.6,961.2,82,AWS-BHO-103,Raisen,BHO,neighbor,False,
2025-01-28 08:00:00,13.7,962.7,77,AWS-BHO-103,Raisen,BHO,neighbor,False,
2025-01-28 09:00:00,17.7,964.1,65,AWS-BHO-103,Raisen,BHO,neighbor,False,
2025-01-28 10:00:00,20.2,964.5,55,AWS-BHO-103,Raisen,BHO,neighbor,False,
2025-01-28 11:00:00,22.1,964.1,50,AWS-BHO-103,Raisen,BHO,neighbor,False,
2025-01-28 12:00:00,23.3,963.3,46,AWS-BHO-103,Raisen,BHO,neighbor,False,
2025-01-28 13:00:00,24.1,962.6,42,AWS-BHO-103,Raisen,BHO,neighbor,False,
2025-01-28 14:00:00,24.5,961.9,41,AWS-BHO-103,Raisen,BHO,neighbor,False,
2025-01-28 15:00:00,24.4,961.4,40,AWS-BHO-103,Raisen,BHO,neighbor,False,
2025-01-28 16:00:00,23.6,961.1,49,AWS-BHO-103,Raisen,BHO,neighbor,False,
2025-01-28 17:00:00,21.1,960.9,63,AWS-BHO-103,Raisen,BHO,neighbor,False,
2025-01-28 18:00:00,18.9,960.9,64,AWS-BHO-103,Raisen,BHO,neighbor,False,
2025-01-28 19:00:00,17.2,961.5,68,AWS-BHO-103,Raisen,BHO,neighbor,False,
2025-01-28 20:00:00,16.2,962.2,70,AWS-BHO-103,Raisen,BHO,neighbor,False,
2025-01-28 21:00:00,15.3,962.6,74,AWS-BHO-103,Raisen,BHO,neighbor,False,
2025-01-28 22:00:00,14.6,962.6,77,AWS-BHO-103,Raisen,BHO,neighbor,False,
2025-01-28 23:00:00,14.4,962.3,76,AWS-BHO-103,Raisen,BHO,neighbor,False,
2025-01-29 00:00:00,14.1,962.0,77,AWS-BHO-103,Raisen,BHO,neighbor,False,
2025-01-29 01:00:00,13.6,961.5,77,AWS-BHO-103,Raisen,BHO,neighbor,False,
2025-01-29 02:00:00,13.3,961.1,70,AWS-BHO-103,Raisen,BHO,neighbor,False,
2025-01-29 03:00:00,12.9,960.6,63,AWS-BHO-103,Raisen,BHO,neighbor,False,
2025-01-29 04:00:00,12.5,960.7,60,AWS-BHO-103,Raisen,BHO,neighbor,False,
2025-01-29 05:00:00,12.4,960.8,58,AWS-BHO-103,Raisen,BHO,neighbor,False,
2025-01-29 06:00:00,12.1,961.8,57,AWS-BHO-103,Raisen,BHO,neighbor,False,
2025-01-29 07:00:00,11.6,962.7,64,AWS-BHO-103,Raisen,BHO,neighbor,False,
2025-01-29 08:00:00,14.9,963.9,58,AWS-BHO-103,Raisen,BHO,neighbor,False,
2025-01-29 09:00:00,18.7,965.2,53,AWS-BHO-103,Raisen,BHO,neighbor,False,
2025-01-29 10:00:00,21.3,965.9,48,AWS-BHO-103,Raisen,BHO,neighbor,False,
2025-01-29 11:00:00,23.6,965.7,45,AWS-BHO-103,Raisen,BHO,neighbor,False,
2025-01-29 12:00:00,25.2,964.6,44,AWS-BHO-103,Raisen,BHO,neighbor,False,
2025-01-29 13:00:00,26.3,963.3,43,AWS-BHO-103,Raisen,BHO,neighbor,False,
2025-01-29 14:00:00,26.9,962.4,40,AWS-BHO-103,Raisen,BHO,neighbor,False,
2025-01-29 15:00:00,26.9,961.9,40,AWS-BHO-103,Raisen,BHO,neighbor,False,
2025-01-29 16:00:00,26.0,961.4,54,AWS-BHO-103,Raisen,BHO,neighbor,False,
2025-01-29 17:00:00,23.0,961.0,67,AWS-BHO-103,Raisen,BHO,neighbor,False,
2025-01-29 18:00:00,21.0,960.6,65,AWS-BHO-103,Raisen,BHO,neighbor,False,
2025-01-29 19:00:00,20.0,961.0,64,AWS-BHO-103,Raisen,BHO,neighbor,False,
2025-01-29 20:00:00,19.3,961.7,66,AWS-BHO-103,Raisen,BHO,neighbor,False,
2025-01-29 21:00:00,18.5,961.8,70,AWS-BHO-103,Raisen,BHO,neighbor,False,
2025-01-29 22:00:00,17.9,961.7,74,AWS-BHO-103,Raisen,BHO,neighbor,False,
2025-01-29 23:00:00,17.4,961.3,77,AWS-BHO-103,Raisen,BHO,neighbor,False,
2025-01-30 00:00:00,16.6,960.9,82,AWS-BHO-103,Raisen,BHO,neighbor,False,
2025-01-30 01:00:00,15.7,960.5,88,AWS-BHO-103,Raisen,BHO,neighbor,False,
2025-01-30 02:00:00,15.0,959.6,91,AWS-BHO-103,Raisen,BHO,neighbor,False,
2025-01-30 03:00:00,14.7,959.1,91,AWS-BHO-103,Raisen,BHO,neighbor,False,
2025-01-30 04:00:00,14.5,958.9,92,AWS-BHO-103,Raisen,BHO,neighbor,False,
2025-01-30 05:00:00,14.4,958.9,91,AWS-BHO-103,Raisen,BHO,neighbor,False,
2025-01-30 06:00:00,13.9,960.1,93,AWS-BHO-103,Raisen,BHO,neighbor,False,
2025-01-30 07:00:00,14.8,961.1,92,AWS-BHO-103,Raisen,BHO,neighbor,False,
2025-01-30 08:00:00,17.6,962.3,82,AWS-BHO-103,Raisen,BHO,neighbor,False,
2025-01-30 09:00:00,20.4,963.2,70,AWS-BHO-103,Raisen,BHO,neighbor,False,
2025-01-30 10:00:00,22.9,963.7,59,AWS-BHO-103,Raisen,BHO,neighbor,False,
2025-01-30 11:00:00,25.0,963.3,50,AWS-BHO-103,Raisen,BHO,neighbor,False,
2025-01-30 12:00:00,26.4,962.4,44,AWS-BHO-103,Raisen,BHO,neighbor,False,
2025-01-30 13:00:00,27.2,961.3,38,AWS-BHO-103,Raisen,BHO,neighbor,False,
2025-01-30 14:00:00,27.5,960.2,31,AWS-BHO-103,Raisen,BHO,neighbor,False,
2025-01-30 15:00:00,27.3,959.6,30,AWS-BHO-103,Raisen,BHO,neighbor,False,
2025-01-30 16:00:00,25.9,959.2,42,AWS-BHO-103,Raisen,BHO,neighbor,False,
2025-01-30 17:00:00,22.6,958.9,52,AWS-BHO-103,Raisen,BHO,neighbor,False,
2025-01-30 18:00:00,20.6,958.8,44,AWS-BHO-103,Raisen,BHO,neighbor,False,
2025-01-30 19:00:00,19.1,958.9,47,AWS-BHO-103,Raisen,BHO,neighbor,False,
2025-01-30 20:00:00,17.4,959.5,61,AWS-BHO-103,Raisen,BHO,neighbor,False,
2025-01-30 21:00:00,17.0,960.0,74,AWS-BHO-103,Raisen,BHO,neighbor,False,
2025-01-30 22:00:00,16.9,960.2,77,AWS-BHO-103,Raisen,BHO,neighbor,False,
2025-01-30 23:00:00,16.2,959.8,78,AWS-BHO-103,Raisen,BHO,neighbor,False,
2025-01-31 00:00:00,15.4,959.0,77,AWS-BHO-103,Raisen,BHO,neighbor,False,
2025-01-31 01:00:00,14.7,958.5,76,AWS-BHO-103,Raisen,BHO,neighbor,False,
2025-01-31 02:00:00,13.8,958.0,77,AWS-BHO-103,Raisen,BHO,neighbor,False,
2025-01-31 03:00:00,13.0,957.7,77,AWS-BHO-103,Raisen,BHO,neighbor,False,
2025-01-31 04:00:00,12.8,957.7,75,AWS-BHO-103,Raisen,BHO,neighbor,False,
2025-01-31 05:00:00,12.6,958.0,74,AWS-BHO-103,Raisen,BHO,neighbor,False,
2025-01-31 06:00:00,12.6,959.0,78,AWS-BHO-103,Raisen,BHO,neighbor,False,
2025-01-31 07:00:00,12.9,959.9,78,AWS-BHO-103,Raisen,BHO,neighbor,False,
2025-01-31 08:00:00,15.9,961.5,71,AWS-BHO-103,Raisen,BHO,neighbor,False,
2025-01-31 09:00:00,19.4,963.0,64,AWS-BHO-103,Raisen,BHO,neighbor,False,
2025-01-31 10:00:00,22.3,963.5,53,AWS-BHO-103,Raisen,BHO,neighbor,False,
2025-01-31 11:00:00,24.2,963.0,46,AWS-BHO-103,Raisen,BHO,neighbor,False,
2025-01-31 12:00:00,25.6,962.3,40,AWS-BHO-103,Raisen,BHO,neighbor,False,
2025-01-31 13:00:00,26.4,961.2,36,AWS-BHO-103,Raisen,BHO,neighbor,False,
2025-01-31 14:00:00,26.5,960.6,37,AWS-BHO-103,Raisen,BHO,neighbor,False,
2025-01-31 15:00:00,26.3,960.0,40,AWS-BHO-103,Raisen,BHO,neighbor,False,
2025-01-31 16:00:00,25.5,959.7,48,AWS-BHO-103,Raisen,BHO,neighbor,False,
2025-01-31 17:00:00,22.9,959.4,61,AWS-BHO-103,Raisen,BHO,neighbor,False,
2025-01-31 18:00:00,20.1,959.3,56,AWS-BHO-103,Raisen,BHO,neighbor,False,
2025-01-31 19:00:00,18.9,959.8,59,AWS-BHO-103,Raisen,BHO,neighbor,False,
2025-01-31 20:00:00,17.5,960.4,64,AWS-BHO-103,Raisen,BHO,neighbor,False,
2025-01-31 21:00:00,16.7,960.7,67,AWS-BHO-103,Raisen,BHO,neighbor,False,
2025-01-31 22:00:00,16.5,960.7,70,AWS-BHO-103,Raisen,BHO,neighbor,False,
2025-01-31 23:00:00,16.1,960.2,73,AWS-BHO-103,Raisen,BHO,neighbor,False,
2025-02-01 00:00:00,15.9,959.8,73,AWS-BHO-103,Raisen,BHO,neighbor,False,
2025-02-01 01:00:00,15.3,959.3,74,AWS-BHO-103,Raisen,BHO,neighbor,False,
2025-02-01 02:00:00,14.8,958.9,75,AWS-BHO-103,Raisen,BHO,neighbor,False,
2025-02-01 03:00:00,13.9,958.6,79,AWS-BHO-103,Raisen,BHO,neighbor,False,
2025-02-01 04:00:00,13.7,958.8,79,AWS-BHO-103,Raisen,BHO,neighbor,False,
2025-02-01 05:00:00,13.3,959.1,80,AWS-BHO-103,Raisen,BHO,neighbor,False,
2025-02-01 06:00:00,12.9,960.1,85,AWS-BHO-103,Raisen,BHO,neighbor,False,
2025-02-01 07:00:00,13.5,960.9,83,AWS-BHO-103,Raisen,BHO,neighbor,False,
2025-02-01 08:00:00,16.7,962.4,76,AWS-BHO-103,Raisen,BHO,neighbor,False,
2025-02-01 09:00:00,20.0,963.6,69,AWS-BHO-103,Raisen,BHO,neighbor,False,
2025-02-01 10:00:00,22.6,964.2,57,AWS-BHO-103,Raisen,BHO,neighbor,False,
2025-02-01 11:00:00,24.2,964.0,50,AWS-BHO-103,Raisen,BHO,neighbor,False,
2025-02-01 12:00:00,25.3,963.3,47,AWS-BHO-103,Raisen,BHO,neighbor,False,
2025-02-01 13:00:00,26.1,962.5,44,AWS-BHO-103,Raisen,BHO,neighbor,False,
2025-02-01 14:00:00,26.4,961.6,43,AWS-BHO-103,Raisen,BHO,neighbor,False,
2025-02-01 15:00:00,26.3,961.2,45,AWS-BHO-103,Raisen,BHO,neighbor,False,
2025-02-01 16:00:00,25.7,961.1,52,AWS-BHO-103,Raisen,BHO,neighbor,False,
2025-02-01 17:00:00,24.0,961.2,66,AWS-BHO-103,Raisen,BHO,neighbor,False,
2025-02-01 18:00:00,22.4,961.2,63,AWS-BHO-103,Raisen,BHO,neighbor,False,
2025-02-01 19:00:00,20.3,961.6,69,AWS-BHO-103,Raisen,BHO,neighbor,False,
2025-02-01 20:00:00,18.8,962.2,71,AWS-BHO-103,Raisen,BHO,neighbor,False,
2025-02-01 21:00:00,18.3,962.6,69,AWS-BHO-103,Raisen,BHO,neighbor,False,
2025-02-01 22:00:00,17.1,962.5,72,AWS-BHO-103,Raisen,BHO,neighbor,False,
2025-02-01 23:00:00,16.4,962.2,72,AWS-BHO-103,Raisen,BHO,neighbor,False,
2025-02-02 00:00:00,15.6,961.8,67,AWS-BHO-103,Raisen,BHO,neighbor,False,
2025-02-02 01:00:00,14.9,961.6,67,AWS-BHO-103,Raisen,BHO,neighbor,False,
2025-02-02 02:00:00,14.3,960.9,68,AWS-BHO-103,Raisen,BHO,neighbor,False,
2025-02-02 03:00:00,13.6,960.6,72,AWS-BHO-103,Raisen,BHO,neighbor,False,
2025-02-02 04:00:00,13.5,960.5,74,AWS-BHO-103,Raisen,BHO,neighbor,False,
2025-02-02 05:00:00,13.4,960.6,74,AWS-BHO-103,Raisen,BHO,neighbor,False,
2025-02-02 06:00:00,13.3,961.8,79,AWS-BHO-103,Raisen,BHO,neighbor,False,
2025-02-02 07:00:00,13.8,962.5,78,AWS-BHO-103,Raisen,BHO,neighbor,False,
2025-02-02 08:00:00,16.7,964.1,69,AWS-BHO-103,Raisen,BHO,neighbor,False,
2025-02-02 09:00:00,20.0,965.5,62,AWS-BHO-103,Raisen,BHO,neighbor,False,
2025-02-02 10:00:00,22.6,966.2,52,AWS-BHO-103,Raisen,BHO,neighbor,False,
2025-02-02 11:00:00,24.4,965.6,44,AWS-BHO-103,Raisen,BHO,neighbor,False,
2025-02-02 12:00:00,25.4,964.7,41,AWS-BHO-103,Raisen,BHO,neighbor,False,
2025-02-02 13:00:00,26.0,963.7,41,AWS-BHO-103,Raisen,BHO,neighbor,False,
2025-02-02 14:00:00,26.3,962.9,41,AWS-BHO-103,Raisen,BHO,neighbor,False,
2025-02-02 15:00:00,26.2,962.5,42,AWS-BHO-103,Raisen,BHO,neighbor,False,
2025-02-02 16:00:00,25.4,962.4,47,AWS-BHO-103,Raisen,BHO,neighbor,False,
2025-02-02 17:00:00,22.9,962.3,60,AWS-BHO-103,Raisen,BHO,neighbor,False,
2025-02-02 18:00:00,20.6,962.3,60,AWS-BHO-103,Raisen,BHO,neighbor,False,
2025-02-02 19:00:00,20.3,962.6,56,AWS-BHO-103,Raisen,BHO,neighbor,False,
2025-02-02 20:00:00,19.1,962.8,59,AWS-BHO-103,Raisen,BHO,neighbor,False,
2025-02-02 21:00:00,18.5,962.9,61,AWS-BHO-103,Raisen,BHO,neighbor,False,
2025-02-02 22:00:00,17.9,963.1,65,AWS-BHO-103,Raisen,BHO,neighbor,False,
2025-02-02 23:00:00,17.2,962.8,69,AWS-BHO-103,Raisen,BHO,neighbor,False,
2025-02-03 00:00:00,16.5,962.2,70,AWS-BHO-103,Raisen,BHO,neighbor,False,
2025-02-03 01:00:00,16.2,961.6,69,AWS-BHO-103,Raisen,BHO,neighbor,False,
2025-02-03 02:00:00,15.7,960.9,72,AWS-BHO-103,Raisen,BHO,neighbor,False,
2025-02-03 03:00:00,15.5,960.6,72,AWS-BHO-103,Raisen,BHO,neighbor,False,
2025-02-03 04:00:00,15.6,960.4,72,AWS-BHO-103,Raisen,BHO,neighbor,False,
2025-02-03 05:00:00,15.1,960.6,74,AWS-BHO-103,Raisen,BHO,neighbor,False,
2025-02-03 06:00:00,15.2,961.7,77,AWS-BHO-103,Raisen,BHO,neighbor,False,
2025-02-03 07:00:00,15.3,962.5,80,AWS-BHO-103,Raisen,BHO,neighbor,False,
2025-02-03 08:00:00,18.1,963.6,71,AWS-BHO-103,Raisen,BHO,neighbor,False,
2025-02-03 09:00:00,21.0,964.9,62,AWS-BHO-103,Raisen,BHO,neighbor,False,
2025-02-03 10:00:00,23.3,965.4,57,AWS-BHO-103,Raisen,BHO,neighbor,False,
2025-02-03 11:00:00,25.3,964.7,54,AWS-BHO-103,Raisen,BHO,neighbor,False,
2025-02-03 12:00:00,26.9,963.7,51,AWS-BHO-103,Raisen,BHO,neighbor,False,
2025-02-03 13:00:00,27.9,962.5,50,AWS-BHO-103,Raisen,BHO,neighbor,False,
2025-02-03 14:00:00,28.7,961.7,49,AWS-BHO-103,Raisen,BHO,neighbor,False,
2025-02-03 15:00:00,28.9,961.3,49,AWS-BHO-103,Raisen,BHO,neighbor,False,
2025-02-03 16:00:00,28.4,961.3,54,AWS-BHO-103,Raisen,BHO,neighbor,False,
2025-02-03 17:00:00,26.1,961.1,66,AWS-BHO-103,Raisen,BHO,neighbor,False,
2025-02-03 18:00:00,24.5,961.9,57,AWS-BHO-103,Raisen,BHO,neighbor,False,
2025-02-03 19:00:00,22.7,962.1,63,AWS-BHO-103,Raisen,BHO,neighbor,False,
2025-02-03 20:00:00,21.4,962.6,69,AWS-BHO-103,Raisen,BHO,neighbor,False,
2025-02-03 21:00:00,20.8,963.0,71,AWS-BHO-103,Raisen,BHO,neighbor,False,
2025-02-03 22:00:00,20.3,963.1,73,AWS-BHO-103,Raisen,BHO,neighbor,False,
2025-02-03 23:00:00,18.6,963.0,83,AWS-BHO-103,Raisen,BHO,neighbor,False,
2025-02-04 00:00:00,18.1,962.6,87,AWS-BHO-103,Raisen,BHO,neighbor,False,
2025-02-04 01:00:00,18.4,962.2,87,AWS-BHO-103,Raisen,BHO,neighbor,False,
2025-02-04 02:00:00,18.0,961.5,85,AWS-BHO-103,Raisen,BHO,neighbor,False,
2025-02-04 03:00:00,17.2,961.3,85,AWS-BHO-103,Raisen,BHO,neighbor,False,
2025-02-04 04:00:00,17.1,961.1,83,AWS-BHO-103,Raisen,BHO,neighbor,False,
2025-02-04 05:00:00,16.9,961.2,84,AWS-BHO-103,Raisen,BHO,neighbor,False,
2025-02-04 06:00:00,16.7,962.0,86,AWS-BHO-103,Raisen,BHO,neighbor,False,
2025-02-04 07:00:00,17.2,962.7,84,AWS-BHO-103,Raisen,BHO,neighbor,False,
2025-02-04 08:00:00,20.1,964.0,75,AWS-BHO-103,Raisen,BHO,neighbor,False,
2025-02-04 09:00:00,22.8,965.2,68,AWS-BHO-103,Raisen,BHO,neighbor,False,
2025-02-04 10:00:00,25.3,965.7,62,AWS-BHO-103,Raisen,BHO,neighbor,False,
2025-02-04 11:00:00,27.3,965.5,57,AWS-BHO-103,Raisen,BHO,neighbor,False,
2025-02-04 12:00:00,28.6,964.3,52,AWS-BHO-103,Raisen,BHO,neighbor,False,
2025-02-04 13:00:00,29.6,963.1,48,AWS-BHO-103,Raisen,BHO,neighbor,False,
2025-02-04 14:00:00,29.7,962.1,45,AWS-BHO-103,Raisen,BHO,neighbor,False,
2025-02-04 15:00:00,29.4,961.5,43,AWS-BHO-103,Raisen,BHO,neighbor,False,
2025-02-04 16:00:00,28.5,961.0,48,AWS-BHO-103,Raisen,BHO,neighbor,False,
2025-02-04 17:00:00,26.1,960.9,59,AWS-BHO-103,Raisen,BHO,neighbor,False,
2025-02-04 18:00:00,23.1,961.1,69,AWS-BHO-103,Raisen,BHO,neighbor,False,
2025-02-04 19:00:00,21.8,961.4,78,AWS-BHO-103,Raisen,BHO,neighbor,False,
2025-02-04 20:00:00,21.8,962.0,82,AWS-BHO-103,Raisen,BHO,neighbor,False,
2025-02-04 21:00:00,21.1,962.2,86,AWS-BHO-103,Raisen,BHO,neighbor,False,
2025-02-04 22:00:00,20.7,962.1,86,AWS-BHO-103,Raisen,BHO,neighbor,False,
2025-02-04 23:00:00,20.8,961.8,79,AWS-BHO-103,Raisen,BHO,neighbor,False,
2025-02-05 00:00:00,20.2,961.5,67,AWS-BHO-103,Raisen,BHO,neighbor,False,
2025-02-05 01:00:00,19.4,961.2,67,AWS-BHO-103,Raisen,BHO,neighbor,False,
2025-02-05 02:00:00,18.2,961.1,72,AWS-BHO-103,Raisen,BHO,neighbor,False,
2025-02-05 03:00:00,17.1,961.0,77,AWS-BHO-103,Raisen,BHO,neighbor,False,
2025-02-05 04:00:00,16.9,961.1,81,AWS-BHO-103,Raisen,BHO,neighbor,False,
2025-02-05 05:00:00,16.5,961.3,85,AWS-BHO-103,Raisen,BHO,neighbor,False,
2025-02-05 06:00:00,15.8,962.5,92,AWS-BHO-103,Raisen,BHO,neighbor,False,
2025-02-05 07:00:00,15.8,963.3,93,AWS-BHO-103,Raisen,BHO,neighbor,False,
2025-02-05 08:00:00,17.9,964.7,85,AWS-BHO-103,Raisen,BHO,neighbor,False,
2025-02-05 09:00:00,20.1,965.5,76,AWS-BHO-103,Raisen,BHO,neighbor,False,
2025-02-05 10:00:00,22.1,965.9,68,AWS-BHO-103,Raisen,BHO,neighbor,False,
2025-02-05 11:00:00,23.6,965.5,61,AWS-BHO-103,Raisen,BHO,neighbor,False,
2025-02-05 12:00:00,24.7,964.5,55,AWS-BHO-103,Raisen,BHO,neighbor,False,
2025-02-05 13:00:00,25.4,963.5,52,AWS-BHO-103,Raisen,BHO,neighbor,False,
2025-02-05 14:00:00,25.6,962.6,49,AWS-BHO-103,Raisen,BHO,neighbor,False,
2025-02-05 15:00:00,25.5,962.1,48,AWS-BHO-103,Raisen,BHO,neighbor,False,
2025-02-05 16:00:00,24.9,962.3,50,AWS-BHO-103,Raisen,BHO,neighbor,False,
2025-02-05 17:00:00,22.9,962.1,61,AWS-BHO-103,Raisen,BHO,neighbor,False,
2025-02-05 18:00:00,20.1,962.4,64,AWS-BHO-103,Raisen,BHO,neighbor,False,
2025-02-05 19:00:00,19.3,963.0,66,AWS-BHO-103,Raisen,BHO,neighbor,False,
2025-02-05 20:00:00,19.5,963.8,62,AWS-BHO-103,Raisen,BHO,neighbor,False,
2025-02-05 21:00:00,18.6,964.5,57,AWS-BHO-103,Raisen,BHO,neighbor,False,
2025-02-05 22:00:00,17.5,964.5,62,AWS-BHO-103,Raisen,BHO,neighbor,False,
2025-02-05 23:00:00,16.7,964.4,69,AWS-BHO-103,Raisen,BHO,neighbor,False,
2025-02-06 00:00:00,16.1,964.2,73,AWS-BHO-103,Raisen,BHO,neighbor,False,
2025-02-06 01:00:00,15.5,964.2,71,AWS-BHO-103,Raisen,BHO,neighbor,False,
2025-02-06 02:00:00,14.9,963.6,67,AWS-BHO-103,Raisen,BHO,neighbor,False,
2025-02-06 03:00:00,14.3,963.3,62,AWS-BHO-103,Raisen,BHO,neighbor,False,
2025-02-06 04:00:00,13.8,963.3,57,AWS-BHO-103,Raisen,BHO,neighbor,False,
2025-02-06 05:00:00,13.3,963.7,53,AWS-BHO-103,Raisen,BHO,neighbor,False,
2025-02-06 06:00:00,12.5,964.7,58,AWS-BHO-103,Raisen,BHO,neighbor,False,
2025-02-06 07:00:00,12.4,965.5,58,AWS-BHO-103,Raisen,BHO,neighbor,False,
2025-02-06 08:00:00,14.1,966.7,56,AWS-BHO-103,Raisen,BHO,neighbor,False,
2025-02-06 09:00:00,16.4,967.4,47,AWS-BHO-103,Raisen,BHO,neighbor,False,
2025-02-06 10:00:00,18.6,968.0,41,AWS-BHO-103,Raisen,BHO,neighbor,False,
2025-02-06 11:00:00,20.3,967.6,36,AWS-BHO-103,Raisen,BHO,neighbor,False,
2025-02-06 12:00:00,21.5,966.9,33,AWS-BHO-103,Raisen,BHO,neighbor,False,
2025-02-06 13:00:00,22.2,965.9,33,AWS-BHO-103,Raisen,BHO,neighbor,False,
2025-02-06 14:00:00,22.5,964.8,32,AWS-BHO-103,Raisen,BHO,neighbor,False,
2025-02-06 15:00:00,22.3,964.0,33,AWS-BHO-103,Raisen,BHO,neighbor,False,
2025-02-06 16:00:00,21.6,963.6,36,AWS-BHO-103,Raisen,BHO,neighbor,False,
2025-02-06 17:00:00,19.6,963.5,43,AWS-BHO-103,Raisen,BHO,neighbor,False,
2025-02-06 18:00:00,17.2,964.2,45,AWS-BHO-103,Raisen,BHO,neighbor,False,
2025-02-06 19:00:00,16.5,964.6,47,AWS-BHO-103,Raisen,BHO,neighbor,False,
2025-02-06 20:00:00,16.2,965.4,47,AWS-BHO-103,Raisen,BHO,neighbor,False,
2025-02-06 21:00:00,15.7,965.7,48,AWS-BHO-103,Raisen,BHO,neighbor,False,
2025-02-06 22:00:00,15.1,965.6,51,AWS-BHO-103,Raisen,BHO,neighbor,False,
2025-02-06 23:00:00,14.1,965.3,56,AWS-BHO-103,Raisen,BHO,neighbor,False,
2025-02-07 00:00:00,13.5,965.0,58,AWS-BHO-103,Raisen,BHO,neighbor,False,
2025-02-07 01:00:00,13.1,964.4,58,AWS-BHO-103,Raisen,BHO,neighbor,False,
2025-02-07 02:00:00,13.4,963.9,55,AWS-BHO-103,Raisen,BHO,neighbor,False,
2025-02-07 03:00:00,13.2,963.7,55,AWS-BHO-103,Raisen,BHO,neighbor,False,
2025-02-07 04:00:00,12.8,963.9,56,AWS-BHO-103,Raisen,BHO,neighbor,False,
2025-02-07 05:00:00,12.4,964.3,55,AWS-BHO-103,Raisen,BHO,neighbor,False,
2025-02-07 06:00:00,12.3,965.6,59,AWS-BHO-103,Raisen,BHO,neighbor,False,
2025-02-07 07:00:00,12.1,966.6,62,AWS-BHO-103,Raisen,BHO,neighbor,False,
2025-02-07 08:00:00,13.8,967.8,61,AWS-BHO-103,Raisen,BHO,neighbor,False,
2025-02-07 09:00:00,16.1,968.7,54,AWS-BHO-103,Raisen,BHO,neighbor,False,
2025-02-07 10:00:00,18.3,969.2,47,AWS-BHO-103,Raisen,BHO,neighbor,False,
2025-02-07 11:00:00,20.2,968.8,38,AWS-BHO-103,Raisen,BHO,neighbor,False,
2025-02-07 12:00:00,21.6,967.9,33,AWS-BHO-103,Raisen,BHO,neighbor,False,
2025-02-07 13:00:00,22.6,966.7,31,AWS-BHO-103,Raisen,BHO,neighbor,False,
2025-02-07 14:00:00,23.1,965.5,31,AWS-BHO-103,Raisen,BHO,neighbor,False,
2025-02-07 15:00:00,23.1,965.1,32,AWS-BHO-103,Raisen,BHO,neighbor,False,
2025-02-07 16:00:00,22.6,964.9,36,AWS-BHO-103,Raisen,BHO,neighbor,False,
2025-02-07 17:00:00,20.3,964.4,52,AWS-BHO-103,Raisen,BHO,neighbor,False,
2025-02-07 18:00:00,17.6,964.5,47,AWS-BHO-103,Raisen,BHO,neighbor,False,
2025-02-07 19:00:00,16.6,964.8,47,AWS-BHO-103,Raisen,BHO,neighbor,False,
2025-02-07 20:00:00,16.1,965.4,48,AWS-BHO-103,Raisen,BHO,neighbor,False,
2025-02-07 21:00:00,15.5,965.4,49,AWS-BHO-103,Raisen,BHO,neighbor,False,
2025-02-07 22:00:00,15.1,965.3,51,AWS-BHO-103,Raisen,BHO,neighbor,False,
2025-02-07 23:00:00,14.3,964.9,55,AWS-BHO-103,Raisen,BHO,neighbor,False,
2025-02-08 00:00:00,13.6,964.2,58,AWS-BHO-103,Raisen,BHO,neighbor,False,
2025-02-08 01:00:00,12.9,963.6,60,AWS-BHO-103,Raisen,BHO,neighbor,False,
2025-02-08 02:00:00,12.0,963.0,62,AWS-BHO-103,Raisen,BHO,neighbor,False,
2025-02-08 03:00:00,11.7,962.7,63,AWS-BHO-103,Raisen,BHO,neighbor,False,
2025-02-08 04:00:00,11.2,962.5,64,AWS-BHO-103,Raisen,BHO,neighbor,False,
2025-02-08 05:00:00,10.9,962.8,64,AWS-BHO-103,Raisen,BHO,neighbor,False,
2025-02-08 06:00:00,10.4,963.5,69,AWS-BHO-103,Raisen,BHO,neighbor,False,
2025-02-08 07:00:00,10.7,964.5,70,AWS-BHO-103,Raisen,BHO,neighbor,False,
2025-02-08 08:00:00,13.6,965.9,63,AWS-BHO-103,Raisen,BHO,neighbor,False,
2025-02-08 09:00:00,16.9,967.2,55,AWS-BHO-103,Raisen,BHO,neighbor,False,
2025-02-08 10:00:00,19.9,967.9,46,AWS-BHO-103,Raisen,BHO,neighbor,False,
2025-02-08 11:00:00,22.1,967.4,38,AWS-BHO-103,Raisen,BHO,neighbor,False,
2025-02-08 12:00:00,23.7,966.5,34,AWS-BHO-103,Raisen,BHO,neighbor,False,
2025-02-08 13:00:00,24.7,965.4,31,AWS-BHO-103,Raisen,BHO,neighbor,False,
2025-02-08 14:00:00,25.2,964.4,30,AWS-BHO-103,Raisen,BHO,neighbor,False,
2025-02-08 15:00:00,25.1,963.8,31,AWS-BHO-103,Raisen,BHO,neighbor,False,
2025-02-08 16:00:00,24.4,963.7,37,AWS-BHO-103,Raisen,BHO,neighbor,False,
2025-02-08 17:00:00,21.6,963.6,51,AWS-BHO-103,Raisen,BHO,neighbor,False,
2025-02-08 18:00:00,18.7,963.4,49,AWS-BHO-103,Raisen,BHO,neighbor,False,
2025-02-08 19:00:00,17.4,963.9,53,AWS-BHO-103,Raisen,BHO,neighbor,False,
2025-02-08 20:00:00,16.6,964.3,55,AWS-BHO-103,Raisen,BHO,neighbor,False,
2025-02-08 21:00:00,15.9,964.4,56,AWS-BHO-103,Raisen,BHO,neighbor,False,
2025-02-08 22:00:00,15.0,964.3,56,AWS-BHO-103,Raisen,BHO,neighbor,False,
2025-02-08 23:00:00,14.4,964.0,56,AWS-BHO-103,Raisen,BHO,neighbor,False,
2025-02-09 00:00:00,14.2,963.3,57,AWS-BHO-103,Raisen,BHO,neighbor,False,
2025-02-09 01:00:00,13.8,962.7,61,AWS-BHO-103,Raisen,BHO,neighbor,False,
2025-02-09 02:00:00,13.5,962.2,63,AWS-BHO-103,Raisen,BHO,neighbor,False,
2025-02-09 03:00:00,13.3,961.9,65,AWS-BHO-103,Raisen,BHO,neighbor,False,
2025-02-09 04:00:00,13.2,961.8,64,AWS-BHO-103,Raisen,BHO,neighbor,False,
2025-02-09 05:00:00,13.1,961.9,64,AWS-BHO-103,Raisen,BHO,neighbor,False,
2025-02-09 06:00:00,12.8,962.6,68,AWS-BHO-103,Raisen,BHO,neighbor,False,
2025-02-09 07:00:00,13.3,963.4,70,AWS-BHO-103,Raisen,BHO,neighbor,False,
2025-02-09 08:00:00,16.6,964.7,62,AWS-BHO-103,Raisen,BHO,neighbor,False,
2025-02-09 09:00:00,20.0,965.9,56,AWS-BHO-103,Raisen,BHO,neighbor,False,
2025-02-09 10:00:00,22.9,966.4,50,AWS-BHO-103,Raisen,BHO,neighbor,False,
2025-02-09 11:00:00,25.1,965.9,42,AWS-BHO-103,Raisen,BHO,neighbor,False,
2025-02-09 12:00:00,26.4,964.9,39,AWS-BHO-103,Raisen,BHO,neighbor,False,
2025-02-09 13:00:00,27.2,963.8,39,AWS-BHO-103,Raisen,BHO,neighbor,False,
2025-02-09 14:00:00,27.5,962.7,39,AWS-BHO-103,Raisen,BHO,neighbor,False,
2025-02-09 15:00:00,27.6,962.2,39,AWS-BHO-103,Raisen,BHO,neighbor,False,
2025-02-09 16:00:00,27.3,962.0,43,AWS-BHO-103,Raisen,BHO,neighbor,False,
2025-02-09 17:00:00,24.6,961.8,66,AWS-BHO-103,Raisen,BHO,neighbor,False,
2025-02-09 18:00:00,21.4,961.6,62,AWS-BHO-103,Raisen,BHO,neighbor,False,
2025-02-09 19:00:00,20.7,962.1,60,AWS-BHO-103,Raisen,BHO,neighbor,False,
2025-02-09 20:00:00,20.1,962.6,62,AWS-BHO-103,Raisen,BHO,neighbor,False,
2025-02-09 21:00:00,19.9,963.0,63,AWS-BHO-103,Raisen,BHO,neighbor,False,
2025-02-09 22:00:00,18.6,962.9,69,AWS-BHO-103,Raisen,BHO,neighbor,False,
2025-02-09 23:00:00,18.2,962.2,70,AWS-BHO-103,Raisen,BHO,neighbor,False,
2025-02-10 00:00:00,18.2,962.0,69,AWS-BHO-103,Raisen,BHO,neighbor,False,
2025-02-10 01:00:00,17.6,961.5,72,AWS-BHO-103,Raisen,BHO,neighbor,False,
2025-02-10 02:00:00,17.1,960.9,74,AWS-BHO-103,Raisen,BHO,neighbor,False,
2025-02-10 03:00:00,16.5,960.6,77,AWS-BHO-103,Raisen,BHO,neighbor,False,
2025-02-10 04:00:00,15.9,960.5,80,AWS-BHO-103,Raisen,BHO,neighbor,False,
2025-02-10 05:00:00,15.7,960.7,80,AWS-BHO-103,Raisen,BHO,neighbor,False,
2025-02-10 06:00:00,15.0,961.8,83,AWS-BHO-103,Raisen,BHO,neighbor,False,
2025-02-10 07:00:00,15.7,962.8,83,AWS-BHO-103,Raisen,BHO,neighbor,False,
2025-02-10 08:00:00,19.3,964.2,74,AWS-BHO-103,Raisen,BHO,neighbor,False,
2025-02-10 09:00:00,23.0,965.7,68,AWS-BHO-103,Raisen,BHO,neighbor,False,
2025-02-10 10:00:00,25.8,966.6,59,AWS-BHO-103,Raisen,BHO,neighbor,False,
2025-02-10 11:00:00,27.5,966.0,52,AWS-BHO-103,Raisen,BHO,neighbor,False,
2025-02-10 12:00:00,28.5,965.1,48,AWS-BHO-103,Raisen,BHO,neighbor,False,
2025-02-10 13:00:00,29.0,964.0,43,AWS-BHO-103,Raisen,BHO,neighbor,False,
2025-02-10 14:00:00,29.5,962.8,37,AWS-BHO-103,Raisen,BHO,neighbor,False,
2025-02-10 15:00:00,29.3,962.3,38,AWS-BHO-103,Raisen,BHO,neighbor,False,
2025-02-10 16:00:00,28.4,962.0,44,AWS-BHO-103,Raisen,BHO,neighbor,False,
2025-02-10 17:00:00,25.8,961.7,57,AWS-BHO-103,Raisen,BHO,neighbor,False,
2025-02-10 18:00:00,22.3,961.9,57,AWS-BHO-103,Raisen,BHO,neighbor,False,
2025-02-10 19:00:00,20.6,962.3,56,AWS-BHO-103,Raisen,BHO,neighbor,False,
2025-02-10 20:00:00,19.4,963.1,54,AWS-BHO-103,Raisen,BHO,neighbor,False,
2025-02-10 21:00:00,18.6,963.4,52,AWS-BHO-103,Raisen,BHO,neighbor,False,
2025-02-10 22:00:00,17.3,963.8,57,AWS-BHO-103,Raisen,BHO,neighbor,False,
2025-02-10 23:00:00,16.5,963.4,58,AWS-BHO-103,Raisen,BHO,neighbor,False,
2025-02-11 00:00:00,16.2,962.8,58,AWS-BHO-103,Raisen,BHO,neighbor,False,
2025-02-11 01:00:00,16.1,962.2,57,AWS-BHO-103,Raisen,BHO,neighbor,False,
2025-02-11 02:00:00,15.6,961.6,57,AWS-BHO-103,Raisen,BHO,neighbor,False,
2025-02-11 03:00:00,15.8,961.2,55,AWS-BHO-103,Raisen,BHO,neighbor,False,
2025-02-11 04:00:00,15.7,961.1,55,AWS-BHO-103,Raisen,BHO,neighbor,False,
2025-02-11 05:00:00,15.2,961.2,58,AWS-BHO-103,Raisen,BHO,neighbor,False,
2025-02-11 06:00:00,14.4,962.0,64,AWS-BHO-103,Raisen,BHO,neighbor,False,
2025-02-11 07:00:00,15.0,962.5,66,AWS-BHO-103,Raisen,BHO,neighbor,False,
2025-02-11 08:00:00,18.0,963.8,64,AWS-BHO-103,Raisen,BHO,neighbor,False,
2025-02-11 09:00:00,21.6,965.1,60,AWS-BHO-103,Raisen,BHO,neighbor,False,
2025-02-11 10:00:00,24.7,966.0,52,AWS-BHO-103,Raisen,BHO,neighbor,False,
2025-02-11 11:00:00,26.9,965.6,40,AWS-BHO-103,Raisen,BHO,neighbor,False,
2025-02-11 12:00:00,28.0,964.9,34,AWS-BHO-103,Raisen,BHO,neighbor,False,
2025-02-11 13:00:00,28.6,963.8,32,AWS-BHO-103,Raisen,BHO,neighbor,False,
2025-02-11 14:00:00,28.7,962.9,32,AWS-BHO-103,Raisen,BHO,neighbor,False,
2025-02-11 15:00:00,28.7,962.1,33,AWS-BHO-103,Raisen,BHO,neighbor,False,
2025-02-11 16:00:00,27.9,961.6,44,AWS-BHO-103,Raisen,BHO,neighbor,False,
2025-02-11 17:00:00,25.9,961.4,55,AWS-BHO-103,Raisen,BHO,neighbor,False,
2025-02-11 18:00:00,22.1,961.2,57,AWS-BHO-103,Raisen,BHO,neighbor,False,
2025-02-11 19:00:00,20.0,961.7,57,AWS-BHO-103,Raisen,BHO,neighbor,False,
2025-02-11 20:00:00,19.1,962.3,58,AWS-BHO-103,Raisen,BHO,neighbor,False,
2025-02-11 21:00:00,18.9,962.8,60,AWS-BHO-103,Raisen,BHO,neighbor,False,
2025-02-11 22:00:00,18.7,963.1,60,AWS-BHO-103,Raisen,BHO,neighbor,False,
2025-02-11 23:00:00,17.6,962.6,62,AWS-BHO-103,Raisen,BHO,neighbor,False,
2025-02-12 00:00:00,17.1,961.9,63,AWS-BHO-103,Raisen,BHO,neighbor,False,
2025-02-12 01:00:00,17.0,961.5,58,AWS-BHO-103,Raisen,BHO,neighbor,False,
2025-02-12 02:00:00,17.0,961.2,52,AWS-BHO-103,Raisen,BHO,neighbor,False,
2025-02-12 03:00:00,16.5,960.9,50,AWS-BHO-103,Raisen,BHO,neighbor,False,
2025-02-12 04:00:00,15.9,961.4,51,AWS-BHO-103,Raisen,BHO,neighbor,False,
2025-02-12 05:00:00,15.5,961.8,53,AWS-BHO-103,Raisen,BHO,neighbor,False,
2025-02-12 06:00:00,14.8,962.8,61,AWS-BHO-103,Raisen,BHO,neighbor,False,
2025-02-12 07:00:00,14.8,963.4,65,AWS-BHO-103,Raisen,BHO,neighbor,False,
2025-02-12 08:00:00,17.3,964.7,65,AWS-BHO-103,Raisen,BHO,neighbor,False,
2025-02-12 09:00:00,20.1,966.2,58,AWS-BHO-103,Raisen,BHO,neighbor,False,
2025-02-12 10:00:00,22.7,966.7,52,AWS-BHO-103,Raisen,BHO,neighbor,False,
2025-02-12 11:00:00,24.7,966.3,48,AWS-BHO-103,Raisen,BHO,neighbor,False,
2025-02-12 12:00:00,26.0,965.4,44,AWS-BHO-103,Raisen,BHO,neighbor,False,
2025-02-12 13:00:00,26.8,964.5,40,AWS-BHO-103,Raisen,BHO,neighbor,False,
2025-02-12 14:00:00,27.0,963.6,38,AWS-BHO-103,Raisen,BHO,neighbor,False,
2025-02-12 15:00:00,26.8,963.2,39,AWS-BHO-103,Raisen,BHO,neighbor,False,
2025-02-12 16:00:00,26.3,963.1,44,AWS-BHO-103,Raisen,BHO,neighbor,False,
2025-02-12 17:00:00,24.8,962.9,55,AWS-BHO-103,Raisen,BHO,neighbor,False,
2025-02-12 18:00:00,23.1,963.0,53,AWS-BHO-103,Raisen,BHO,neighbor,False,
2025-02-12 19:00:00,20.5,963.4,55,AWS-BHO-103,Raisen,BHO,neighbor,False,
2025-02-12 20:00:00,20.4,964.0,40,AWS-BHO-103,Raisen,BHO,neighbor,False,
2025-02-12 21:00:00,19.7,964.6,38,AWS-BHO-103,Raisen,BHO,neighbor,False,
2025-02-12 22:00:00,18.2,965.0,42,AWS-BHO-103,Raisen,BHO,neighbor,False,
2025-02-12 23:00:00,16.6,964.6,47,AWS-BHO-103,Raisen,BHO,neighbor,False,
2025-02-13 00:00:00,16.0,964.2,49,AWS-BHO-103,Raisen,BHO,neighbor,False,
2025-02-13 01:00:00,15.0,963.9,54,AWS-BHO-103,Raisen,BHO,neighbor,False,
2025-02-13 02:00:00,14.5,963.4,55,AWS-BHO-103,Raisen,BHO,neighbor,False,
2025-02-13 03:00:00,14.4,963.0,53,AWS-BHO-103,Raisen,BHO,neighbor,False,
2025-02-13 04:00:00,13.7,962.9,55,AWS-BHO-103,Raisen,BHO,neighbor,False,
2025-02-13 05:00:00,12.7,963.1,57,AWS-BHO-103,Raisen,BHO,neighbor,False,
2025-02-13 06:00:00,10.9,963.9,71,AWS-BHO-103,Raisen,BHO,neighbor,False,
2025-02-13 07:00:00,11.6,964.5,73,AWS-BHO-103,Raisen,BHO,neighbor,False,
2025-02-13 08:00:00,15.4,966.1,61,AWS-BHO-103,Raisen,BHO,neighbor,False,
2025-02-13 09:00:00,19.0,967.5,52,AWS-BHO-103,Raisen,BHO,neighbor,False,
2025-02-13 10:00:00,21.7,968.1,42,AWS-BHO-103,Raisen,BHO,neighbor,False,
2025-02-13 11:00:00,23.4,967.8,33,AWS-BHO-103,Raisen,BHO,neighbor,False,
2025-02-13 12:00:00,24.3,966.8,31,AWS-BHO-103,Raisen,BHO,neighbor,False,
2025-02-13 13:00:00,24.7,965.5,31,AWS-BHO-103,Raisen,BHO,neighbor,False,
2025-02-13 14:00:00,24.8,964.6,31,AWS-BHO-103,Raisen,BHO,neighbor,False,
2025-02-13 15:00:00,24.5,963.8,35,AWS-BHO-103,Raisen,BHO,neighbor,False,
2025-02-13 16:00:00,23.8,963.5,41,AWS-BHO-103,Raisen,BHO,neighbor,False,
2025-02-13 17:00:00,22.5,963.3,55,AWS-BHO-103,Raisen,BHO,neighbor,False,
2025-02-13 18:00:00,20.1,963.6,53,AWS-BHO-103,Raisen,BHO,neighbor,False,
2025-02-13 19:00:00,19.2,964.0,55,AWS-BHO-103,Raisen,BHO,neighbor,False,
2025-02-13 20:00:00,17.3,964.6,63,AWS-BHO-103,Raisen,BHO,neighbor,False,
2025-02-13 21:00:00,16.6,964.6,58,AWS-BHO-103,Raisen,BHO,neighbor,False,
2025-02-13 22:00:00,16.0,964.7,52,AWS-BHO-103,Raisen,BHO,neighbor,False,
2025-02-13 23:00:00,14.9,964.5,54,AWS-BHO-103,Raisen,BHO,neighbor,False,
2025-02-14 00:00:00,14.0,964.0,57,AWS-BHO-103,Raisen,BHO,neighbor,False,
2025-02-14 01:00:00,13.4,963.3,59,AWS-BHO-103,Raisen,BHO,neighbor,False,
2025-02-14 02:00:00,12.9,962.6,61,AWS-BHO-103,Raisen,BHO,neighbor,False,
2025-02-14 03:00:00,12.7,962.1,61,AWS-BHO-103,Raisen,BHO,neighbor,False,
2025-02-14 04:00:00,12.7,961.9,60,AWS-BHO-103,Raisen,BHO,neighbor,False,
2025-02-14 05:00:00,12.4,962.0,61,AWS-BHO-103,Raisen,BHO,neighbor,False,
2025-02-14 06:00:00,11.2,963.4,70,AWS-BHO-103,Raisen,BHO,neighbor,False,
2025-02-14 07:00:00,12.4,964.3,69,AWS-BHO-103,Raisen,BHO,neighbor,False,
2025-02-14 08:00:00,15.8,965.3,68,AWS-BHO-103,Raisen,BHO,neighbor,False,
2025-02-14 09:00:00,19.6,966.6,55,AWS-BHO-103,Raisen,BHO,neighbor,False,
2025-02-14 10:00:00,22.2,967.1,45,AWS-BHO-103,Raisen,BHO,neighbor,False,
2025-02-14 11:00:00,24.1,966.6,36,AWS-BHO-103,Raisen,BHO,neighbor,False,
2025-02-14 12:00:00,25.3,965.5,31,AWS-BHO-103,Raisen,BHO,neighbor,False,
2025-02-14 13:00:00,26.0,964.4,30,AWS-BHO-103,Raisen,BHO,neighbor,False,
2025-02-14 14:00:00,26.2,963.5,30,AWS-BHO-103,Raisen,BHO,neighbor,False,
2025-02-14 15:00:00,26.2,962.8,31,AWS-BHO-103,Raisen,BHO,neighbor,False,
2025-02-14 16:00:00,25.7,962.4,36,AWS-BHO-103,Raisen,BHO,neighbor,False,
2025-02-14 17:00:00,24.5,962.0,47,AWS-BHO-103,Raisen,BHO,neighbor,False,
2025-02-14 18:00:00,22.5,961.9,41,AWS-BHO-103,Raisen,BHO,neighbor,False,
2025-02-14 19:00:00,19.2,962.3,51,AWS-BHO-103,Raisen,BHO,neighbor,False,
2025-02-14 20:00:00,17.7,962.7,59,AWS-BHO-103,Raisen,BHO,neighbor,False,
2025-02-14 21:00:00,17.1,962.8,62,AWS-BHO-103,Raisen,BHO,neighbor,False,
2025-02-14 22:00:00,16.8,963.1,62,AWS-BHO-103,Raisen,BHO,neighbor,False,
2025-02-14 23:00:00,16.5,962.7,64,AWS-BHO-103,Raisen,BHO,neighbor,False,
2025-02-15 00:00:00,16.1,962.0,64,AWS-BHO-103,Raisen,BHO,neighbor,False,
2025-02-15 01:00:00,16.0,961.3,63,AWS-BHO-103,Raisen,BHO,neighbor,False,
2025-02-15 02:00:00,15.7,960.5,63,AWS-BHO-103,Raisen,BHO,neighbor,False,
2025-02-15 03:00:00,15.4,960.0,63,AWS-BHO-103,Raisen,BHO,neighbor,False,
2025-02-15 04:00:00,15.3,959.8,62,AWS-BHO-103,Raisen,BHO,neighbor,False,
2025-02-15 05:00:00,15.2,959.9,60,AWS-BHO-103,Raisen,BHO,neighbor,False,
2025-02-15 06:00:00,14.9,961.3,64,AWS-BHO-103,Raisen,BHO,neighbor,False,
2025-02-15 07:00:00,15.5,962.2,63,AWS-BHO-103,Raisen,BHO,neighbor,False,
2025-02-15 08:00:00,18.3,963.5,62,AWS-BHO-103,Raisen,BHO,neighbor,False,
2025-02-15 09:00:00,21.4,964.4,58,AWS-BHO-103,Raisen,BHO,neighbor,False,
2025-02-15 10:00:00,24.4,964.6,48,AWS-BHO-103,Raisen,BHO,neighbor,False,
2025-02-15 11:00:00,26.5,964.0,41,AWS-BHO-103,Raisen,BHO,neighbor,False,
2025-02-15 12:00:00,28.0,963.3,36,AWS-BHO-103,Raisen,BHO,neighbor,False,
2025-02-15 13:00:00,29.1,962.2,30,AWS-BHO-103,Raisen,BHO,neighbor,False,
2025-02-15 14:00:00,29.4,961.2,29,AWS-BHO-103,Raisen,BHO,neighbor,False,
2025-02-15 15:00:00,29.3,960.3,31,AWS-BHO-103,Raisen,BHO,neighbor,False,
2025-02-15 16:00:00,28.4,960.0,42,AWS-BHO-103,Raisen,BHO,neighbor,False,
2025-02-15 17:00:00,26.5,959.7,53,AWS-BHO-103,Raisen,BHO,neighbor,False,
2025-02-15 18:00:00,23.2,959.6,53,AWS-BHO-103,Raisen,BHO,neighbor,False,
2025-02-15 19:00:00,21.0,960.0,62,AWS-BHO-103,Raisen,BHO,neighbor,False,
2025-02-15 20:00:00,20.6,960.6,58,AWS-BHO-103,Raisen,BHO,neighbor,False,
2025-02-15 21:00:00,20.4,961.0,53,AWS-BHO-103,Raisen,BHO,neighbor,False,
2025-02-15 22:00:00,19.5,961.1,54,AWS-BHO-103,Raisen,BHO,neighbor,False,
2025-02-15 23:00:00,19.6,960.7,50,AWS-BHO-103,Raisen,BHO,neighbor,False,
2025-02-16 00:00:00,19.1,960.3,50,AWS-BHO-103,Raisen,BHO,neighbor,False,
2025-02-16 01:00:00,18.4,959.6,52,AWS-BHO-103,Raisen,BHO,neighbor,False,
2025-02-16 02:00:00,17.1,959.2,54,AWS-BHO-103,Raisen,BHO,neighbor,False,
2025-02-16 03:00:00,16.2,959.0,56,AWS-BHO-103,Raisen,BHO,neighbor,False,
2025-02-16 04:00:00,15.9,959.2,55,AWS-BHO-103,Raisen,BHO,neighbor,False,
2025-02-16 05:00:00,15.5,959.7,57,AWS-BHO-103,Raisen,BHO,neighbor,False,
2025-02-16 06:00:00,15.2,961.1,62,AWS-BHO-103,Raisen,BHO,neighbor,False,
2025-02-16 07:00:00,16.0,961.7,64,AWS-BHO-103,Raisen,BHO,neighbor,False,
2025-02-16 08:00:00,19.1,963.1,62,AWS-BHO-103,Raisen,BHO,neighbor,False,
2025-02-16 09:00:00,21.9,964.1,57,AWS-BHO-103,Raisen,BHO,neighbor,False,
2025-02-16 10:00:00,23.9,964.5,52,AWS-BHO-103,Raisen,BHO,neighbor,False,
2025-02-16 11:00:00,25.8,964.0,48,AWS-BHO-103,Raisen,BHO,neighbor,False,
2025-02-16 12:00:00,27.3,963.2,43,AWS-BHO-103,Raisen,BHO,neighbor,False,
2025-02-16 13:00:00,28.3,962.1,36,AWS-BHO-103,Raisen,BHO,neighbor,False,
2025-02-16 14:00:00,28.6,961.4,35,AWS-BHO-103,Raisen,BHO,neighbor,False,
2025-02-16 15:00:00,28.7,960.9,36,AWS-BHO-103,Raisen,BHO,neighbor,False,
2025-02-16 16:00:00,28.4,960.8,40,AWS-BHO-103,Raisen,BHO,neighbor,False,
2025-02-16 17:00:00,26.0,960.7,53,AWS-BHO-103,Raisen,BHO,neighbor,False,
2025-02-16 18:00:00,24.3,960.9,43,AWS-BHO-103,Raisen,BHO,neighbor,False,
2025-02-16 19:00:00,21.2,961.2,56,AWS-BHO-103,Raisen,BHO,neighbor,False,
2025-02-16 20:00:00,20.7,962.0,65,AWS-BHO-103,Raisen,BHO,neighbor,False,
2025-02-16 21:00:00,20.2,962.5,66,AWS-BHO-103,Raisen,BHO,neighbor,False,
2025-02-16 22:00:00,19.1,962.2,70,AWS-BHO-103,Raisen,BHO,neighbor,False,
2025-02-16 23:00:00,18.8,962.2,72,AWS-BHO-103,Raisen,BHO,neighbor,False,
2025-02-17 00:00:00,18.5,961.6,72,AWS-BHO-103,Raisen,BHO,neighbor,False,
2025-02-17 01:00:00,18.1,961.4,71,AWS-BHO-103,Raisen,BHO,neighbor,False,
2025-02-17 02:00:00,17.2,961.1,74,AWS-BHO-103,Raisen,BHO,neighbor,False,
2025-02-17 03:00:00,16.3,960.9,76,AWS-BHO-103,Raisen,BHO,neighbor,False,
2025-02-17 04:00:00,15.8,961.0,76,AWS-BHO-103,Raisen,BHO,neighbor,False,
2025-02-17 05:00:00,15.7,961.0,75,AWS-BHO-103,Raisen,BHO,neighbor,False,
2025-02-17 06:00:00,15.7,962.1,80,AWS-BHO-103,Raisen,BHO,neighbor,False,
2025-02-17 07:00:00,15.9,963.1,82,AWS-BHO-103,Raisen,BHO,neighbor,False,
2025-02-17 08:00:00,18.9,964.5,73,AWS-BHO-103,Raisen,BHO,neighbor,False,
2025-02-17 09:00:00,21.8,965.6,62,AWS-BHO-103,Raisen,BHO,neighbor,False,
2025-02-17 10:00:00,24.2,965.8,54,AWS-BHO-103,Raisen,BHO,neighbor,False,
2025-02-17 11:00:00,26.1,965.4,49,AWS-BHO-103,Raisen,BHO,neighbor,False,
2025-02-17 12:00:00,27.5,964.8,45,AWS-BHO-103,Raisen,BHO,neighbor,False,
2025-02-17 13:00:00,28.4,964.0,42,AWS-BHO-103,Raisen,BHO,neighbor,False,
2025-02-17 14:00:00,28.8,963.2,39,AWS-BHO-103,Raisen,BHO,neighbor,False,
2025-02-17 15:00:00,28.9,962.6,37,AWS-BHO-103,Raisen,BHO,neighbor,False,
2025-02-17 16:00:00,28.7,962.4,37,AWS-BHO-103,Raisen,BHO,neighbor,False,
2025-02-17 17:00:00,26.4,962.2,58,AWS-BHO-103,Raisen,BHO,neighbor,False,
2025-02-17 18:00:00,22.8,962.1,52,AWS-BHO-103,Raisen,BHO,neighbor,False,
2025-02-17 19:00:00,21.5,962.4,55,AWS-BHO-103,Raisen,BHO,neighbor,False,
2025-02-17 20:00:00,21.2,963.2,61,AWS-BHO-103,Raisen,BHO,neighbor,False,
2025-02-17 21:00:00,19.8,963.3,68,AWS-BHO-103,Raisen,BHO,neighbor,False,
2025-02-17 22:00:00,19.4,963.6,70,AWS-BHO-103,Raisen,BHO,neighbor,False,
2025-02-17 23:00:00,18.2,963.7,74,AWS-BHO-103,Raisen,BHO,neighbor,False,
2025-02-18 00:00:00,18.5,962.9,70,AWS-BHO-103,Raisen,BHO,neighbor,False,
2025-02-18 01:00:00,17.7,962.4,69,AWS-BHO-103,Raisen,BHO,neighbor,False,
2025-02-18 02:00:00,17.4,961.8,67,AWS-BHO-103,Raisen,BHO,neighbor,False,
2025-02-18 03:00:00,16.8,961.6,69,AWS-BHO-103,Raisen,BHO,neighbor,False,
2025-02-18 04:00:00,16.4,961.3,70,AWS-BHO-103,Raisen,BHO,neighbor,False,
2025-02-18 05:00:00,16.4,961.4,70,AWS-BHO-103,Raisen,BHO,neighbor,False,
2025-02-18 06:00:00,16.3,962.8,73,AWS-BHO-103,Raisen,BHO,neighbor,False,
2025-02-18 07:00:00,17.3,963.4,71,AWS-BHO-103,Raisen,BHO,neighbor,False,
2025-02-18 08:00:00,20.3,964.4,66,AWS-BHO-103,Raisen,BHO,neighbor,False,
2025-02-18 09:00:00,23.0,965.2,57,AWS-BHO-103,Raisen,BHO,neighbor,False,
2025-02-18 10:00:00,25.4,965.9,50,AWS-BHO-103,Raisen,BHO,neighbor,False,
2025-02-18 11:00:00,27.1,965.6,45,AWS-BHO-103,Raisen,BHO,neighbor,False,
2025-02-18 12:00:00,28.2,964.6,41,AWS-BHO-103,Raisen,BHO,neighbor,False,
2025-02-18 13:00:00,29.1,963.6,38,AWS-BHO-103,Raisen,BHO,neighbor,False,
2025-02-18 14:00:00,29.4,962.6,36,AWS-BHO-103,Raisen,BHO,neighbor,False,
2025-02-18 15:00:00,29.2,961.9,37,AWS-BHO-103,Raisen,BHO,neighbor,False,
2025-02-18 16:00:00,28.5,961.6,43,AWS-BHO-103,Raisen,BHO,neighbor,False,
2025-02-18 17:00:00,27.2,961.7,57,AWS-BHO-103,Raisen,BHO,neighbor,False,
2025-02-18 18:00:00,25.0,961.8,52,AWS-BHO-103,Raisen,BHO,neighbor,False,
2025-02-18 19:00:00,22.8,962.0,55,AWS-BHO-103,Raisen,BHO,neighbor,False,
2025-02-18 20:00:00,22.2,962.5,56,AWS-BHO-103,Raisen,BHO,neighbor,False,
2025-02-18 21:00:00,21.0,963.0,61,AWS-BHO-103,Raisen,BHO,neighbor,False,
2025-02-18 22:00:00,20.4,963.5,62,AWS-BHO-103,Raisen,BHO,neighbor,False,
2025-02-18 23:00:00,19.1,962.9,69,AWS-BHO-103,Raisen,BHO,neighbor,False,
2025-02-19 00:00:00,18.1,962.4,75,AWS-BHO-103,Raisen,BHO,neighbor,False,
2025-02-19 01:00:00,17.4,962.1,80,AWS-BHO-103,Raisen,BHO,neighbor,False,
2025-02-19 02:00:00,17.0,961.2,82,AWS-BHO-103,Raisen,BHO,neighbor,False,
2025-02-19 03:00:00,16.4,960.9,84,AWS-BHO-103,Raisen,BHO,neighbor,False,
2025-02-19 04:00:00,16.3,960.7,82,AWS-BHO-103,Raisen,BHO,neighbor,False,
2025-02-19 05:00:00,16.1,960.9,81,AWS-BHO-103,Raisen,BHO,neighbor,False,
2025-02-19 06:00:00,15.5,962.0,88,AWS-BHO-103,Raisen,BHO,neighbor,False,
2025-02-19 07:00:00,16.4,962.9,85,AWS-BHO-103,Raisen,BHO,neighbor,False,
2025-02-19 08:00:00,19.4,964.0,74,AWS-BHO-103,Raisen,BHO,neighbor,False,
2025-02-19 09:00:00,22.0,965.0,63,AWS-BHO-103,Raisen,BHO,neighbor,False,
2025-02-19 10:00:00,24.3,965.1,56,AWS-BHO-103,Raisen,BHO,neighbor,False,
2025-02-19 11:00:00,26.1,964.6,50,AWS-BHO-103,Raisen,BHO,neighbor,False,
2025-02-19 12:00:00,27.3,963.4,45,AWS-BHO-103,Raisen,BHO,neighbor,False,
2025-02-19 13:00:00,27.8,962.3,42,AWS-BHO-103,Raisen,BHO,neighbor,False,
2025-02-19 14:00:00,28.0,961.0,41,AWS-BHO-103,Raisen,BHO,neighbor,False,
2025-02-19 15:00:00,28.0,960.5,39,AWS-BHO-103,Raisen,BHO,neighbor,False,
2025-02-19 16:00:00,27.6,960.1,42,AWS-BHO-103,Raisen,BHO,neighbor,False,
2025-02-19 17:00:00,26.1,960.1,60,AWS-BHO-103,Raisen,BHO,neighbor,False,
2025-02-19 18:00:00,23.6,960.1,56,AWS-BHO-103,Raisen,BHO,neighbor,False,
2025-02-19 19:00:00,22.2,960.4,57,AWS-BHO-103,Raisen,BHO,neighbor,False,
2025-02-19 20:00:00,21.3,961.3,59,AWS-BHO-103,Raisen,BHO,neighbor,False,
2025-02-19 21:00:00,20.3,961.6,64,AWS-BHO-103,Raisen,BHO,neighbor,False,
2025-02-19 22:00:00,20.5,962.1,62,AWS-BHO-103,Raisen,BHO,neighbor,False,
2025-02-19 23:00:00,19.4,961.7,66,AWS-BHO-103,Raisen,BHO,neighbor,False,
2025-02-20 00:00:00,18.3,961.0,71,AWS-BHO-103,Raisen,BHO,neighbor,False,
2025-02-20 01:00:00,17.6,960.6,73,AWS-BHO-103,Raisen,BHO,neighbor,False,
2025-02-20 02:00:00,17.1,960.3,75,AWS-BHO-103,Raisen,BHO,neighbor,False,
2025-02-20 03:00:00,17.1,960.0,75,AWS-BHO-103,Raisen,BHO,neighbor,False,
2025-02-20 04:00:00,16.8,960.2,76,AWS-BHO-103,Raisen,BHO,neighbor,False,
2025-02-20 05:00:00,16.2,960.5,79,AWS-BHO-103,Raisen,BHO,neighbor,False,
2025-02-20 06:00:00,16.2,961.9,81,AWS-BHO-103,Raisen,BHO,neighbor,False,
2025-02-20 07:00:00,17.5,962.8,78,AWS-BHO-103,Raisen,BHO,neighbor,False,
2025-02-20 08:00:00,20.4,964.1,70,AWS-BHO-103,Raisen,BHO,neighbor,False,
2025-02-20 09:00:00,23.1,965.2,61,AWS-BHO-103,Raisen,BHO,neighbor,False,
2025-02-20 10:00:00,25.5,965.6,52,AWS-BHO-103,Raisen,BHO,neighbor,False,
2025-02-20 11:00:00,27.2,965.5,43,AWS-BHO-103,Raisen,BHO,neighbor,False,
2025-02-20 12:00:00,28.2,964.6,37,AWS-BHO-103,Raisen,BHO,neighbor,False,
2025-02-20 13:00:00,28.8,963.7,34,AWS-BHO-103,Raisen,BHO,neighbor,False,
2025-02-20 14:00:00,29.1,962.8,32,AWS-BHO-103,Raisen,BHO,neighbor,False,
2025-02-20 15:00:00,29.4,962.2,31,AWS-BHO-103,Raisen,BHO,neighbor,False,
2025-02-20 16:00:00,28.6,961.8,38,AWS-BHO-103,Raisen,BHO,neighbor,False,
2025-02-20 17:00:00,27.4,961.7,51,AWS-BHO-103,Raisen,BHO,neighbor,False,
2025-02-20 18:00:00,22.8,961.8,51,AWS-BHO-103,Raisen,BHO,neighbor,False,
2025-02-20 19:00:00,21.9,962.5,45,AWS-BHO-103,Raisen,BHO,neighbor,False,
2025-02-20 20:00:00,21.6,963.4,52,AWS-BHO-103,Raisen,BHO,neighbor,False,
2025-02-20 21:00:00,21.3,963.6,55,AWS-BHO-103,Raisen,BHO,neighbor,False,
2025-02-20 22:00:00,20.4,963.8,58,AWS-BHO-103,Raisen,BHO,neighbor,False,
2025-02-20 23:00:00,18.9,963.5,62,AWS-BHO-103,Raisen,BHO,neighbor,False,
2025-02-21 00:00:00,18.1,963.0,63,AWS-BHO-103,Raisen,BHO,neighbor,False,
2025-02-21 01:00:00,18.2,962.3,60,AWS-BHO-103,Raisen,BHO,neighbor,False,
2025-02-21 02:00:00,17.5,961.9,62,AWS-BHO-103,Raisen,BHO,neighbor,False,
2025-02-21 03:00:00,15.9,961.8,63,AWS-BHO-103,Raisen,BHO,neighbor,False,
2025-02-21 04:00:00,15.2,962.1,59,AWS-BHO-103,Raisen,BHO,neighbor,False,
2025-02-21 05:00:00,15.1,962.6,52,AWS-BHO-103,Raisen,BHO,neighbor,False,
2025-02-21 06:00:00,14.4,963.6,59,AWS-BHO-103,Raisen,BHO,neighbor,False,
2025-02-21 07:00:00,15.6,964.6,58,AWS-BHO-103,Raisen,BHO,neighbor,False,
2025-02-21 08:00:00,19.5,966.1,54,AWS-BHO-103,Raisen,BHO,neighbor,False,
2025-02-21 09:00:00,22.9,967.1,51,AWS-BHO-103,Raisen,BHO,neighbor,False,
2025-02-21 10:00:00,25.5,967.3,44,AWS-BHO-103,Raisen,BHO,neighbor,False,
2025-02-21 11:00:00,27.3,967.1,38,AWS-BHO-103,Raisen,BHO,neighbor,False,
2025-02-21 12:00:00,28.4,966.2,29,AWS-BHO-103,Raisen,BHO,neighbor,False,
2025-02-21 13:00:00,28.8,965.3,27,AWS-BHO-103,Raisen,BHO,neighbor,False,
2025-02-21 14:00:00,28.7,964.4,28,AWS-BHO-103,Raisen,BHO,neighbor,False,
2025-02-21 15:00:00,28.3,963.6,30,AWS-BHO-103,Raisen,BHO,neighbor,False,
2025-02-21 16:00:00,27.5,963.3,35,AWS-BHO-103,Raisen,BHO,neighbor,False,
2025-02-21 17:00:00,25.6,963.0,52,AWS-BHO-103,Raisen,BHO,neighbor,False,
2025-02-21 18:00:00,23.7,963.2,39,AWS-BHO-103,Raisen,BHO,neighbor,False,
2025-02-21 19:00:00,23.0,963.7,40,AWS-BHO-103,Raisen,BHO,neighbor,False,
2025-02-21 20:00:00,22.0,964.6,43,AWS-BHO-103,Raisen,BHO,neighbor,False,
2025-02-21 21:00:00,20.4,964.8,48,AWS-BHO-103,Raisen,BHO,neighbor,False,
2025-02-21 22:00:00,19.8,965.5,49,AWS-BHO-103,Raisen,BHO,neighbor,False,
2025-02-21 23:00:00,20.0,965.4,47,AWS-BHO-103,Raisen,BHO,neighbor,False,
2025-02-22 00:00:00,18.5,964.6,52,AWS-BHO-103,Raisen,BHO,neighbor,False,
2025-02-22 01:00:00,17.7,964.1,55,AWS-BHO-103,Raisen,BHO,neighbor,False,
2025-02-22 02:00:00,17.1,963.6,57,AWS-BHO-103,Raisen,BHO,neighbor,False,
2025-02-22 03:00:00,16.6,963.4,59,AWS-BHO-103,Raisen,BHO,neighbor,False,
2025-02-22 04:00:00,16.2,963.3,60,AWS-BHO-103,Raisen,BHO,neighbor,False,
2025-02-22 05:00:00,15.9,963.7,63,AWS-BHO-103,Raisen,BHO,neighbor,False,
2025-02-22 06:00:00,15.2,964.3,67,AWS-BHO-103,Raisen,BHO,neighbor,False,
2025-02-22 07:00:00,16.4,965.4,66,AWS-BHO-103,Raisen,BHO,neighbor,False,
2025-02-22 08:00:00,19.1,966.9,62,AWS-BHO-103,Raisen,BHO,neighbor,False,
2025-02-22 09:00:00,21.7,968.2,55,AWS-BHO-103,Raisen,BHO,neighbor,False,
2025-02-22 10:00:00,24.0,968.5,48,AWS-BHO-103,Raisen,BHO,neighbor,False,
2025-02-22 11:00:00,25.8,968.2,39,AWS-BHO-103,Raisen,BHO,neighbor,False,
2025-02-22 12:00:00,26.8,967.5,34,AWS-BHO-103,Raisen,BHO,neighbor,False,
2025-02-22 13:00:00,27.5,966.6,31,AWS-BHO-103,Raisen,BHO,neighbor,False,
2025-02-22 14:00:00,27.7,965.8,30,AWS-BHO-103,Raisen,BHO,neighbor,False,
2025-02-22 15:00:00,27.4,965.1,32,AWS-BHO-103,Raisen,BHO,neighbor,False,
2025-02-22 16:00:00,26.7,965.1,35,AWS-BHO-103,Raisen,BHO,neighbor,False,
2025-02-22 17:00:00,24.6,964.8,53,AWS-BHO-103,Raisen,BHO,neighbor,False,
2025-02-22 18:00:00,22.8,965.1,47,AWS-BHO-103,Raisen,BHO,neighbor,False,
2025-02-22 19:00:00,20.9,965.4,50,AWS-BHO-103,Raisen,BHO,neighbor,False,
2025-02-22 20:00:00,20.3,965.9,50,AWS-BHO-103,Raisen,BHO,neighbor,False,
2025-02-22 21:00:00,19.6,966.2,52,AWS-BHO-103,Raisen,BHO,neighbor,False,
2025-02-22 22:00:00,18.9,966.1,54,AWS-BHO-103,Raisen,BHO,neighbor,False,
2025-02-22 23:00:00,18.1,965.7,56,AWS-BHO-103,Raisen,BHO,neighbor,False,
2025-02-23 00:00:00,17.5,965.1,58,AWS-BHO-103,Raisen,BHO,neighbor,False,
2025-02-23 01:00:00,16.9,964.9,60,AWS-BHO-103,Raisen,BHO,neighbor,False,
2025-02-23 02:00:00,16.6,964.3,61,AWS-BHO-103,Raisen,BHO,neighbor,False,
2025-02-23 03:00:00,15.7,963.9,63,AWS-BHO-103,Raisen,BHO,neighbor,False,
2025-02-23 04:00:00,14.9,964.0,67,AWS-BHO-103,Raisen,BHO,neighbor,False,
2025-02-23 05:00:00,14.8,964.6,68,AWS-BHO-103,Raisen,BHO,neighbor,False,
2025-02-23 06:00:00,14.8,965.4,71,AWS-BHO-103,Raisen,BHO,neighbor,False,
2025-02-23 07:00:00,15.3,966.5,73,AWS-BHO-103,Raisen,BHO,neighbor,False,
2025-02-23 08:00:00,18.8,968.1,61,AWS-BHO-103,Raisen,BHO,neighbor,False,
2025-02-23 09:00:00,22.1,969.1,50,AWS-BHO-103,Raisen,BHO,neighbor,False,
2025-02-23 10:00:00,24.8,969.5,40,AWS-BHO-103,Raisen,BHO,neighbor,False,
2025-02-23 11:00:00,26.3,968.8,36,AWS-BHO-103,Raisen,BHO,neighbor,False,
2025-02-23 12:00:00,27.3,967.8,34,AWS-BHO-103,Raisen,BHO,neighbor,False,
2025-02-23 13:00:00,27.9,966.9,31,AWS-BHO-103,Raisen,BHO,neighbor,False,
2025-02-23 14:00:00,28.0,965.7,30,AWS-BHO-103,Raisen,BHO,neighbor,False,
2025-02-23 15:00:00,27.8,964.9,29,AWS-BHO-103,Raisen,BHO,neighbor,False,
2025-02-23 16:00:00,27.4,964.6,32,AWS-BHO-103,Raisen,BHO,neighbor,False,
2025-02-23 17:00:00,25.1,964.5,49,AWS-BHO-103,Raisen,BHO,neighbor,False,
2025-02-23 18:00:00,22.1,964.1,43,AWS-BHO-103,Raisen,BHO,neighbor,False,
2025-02-23 19:00:00,21.6,964.9,43,AWS-BHO-103,Raisen,BHO,neighbor,False,
2025-02-23 20:00:00,20.4,965.7,47,AWS-BHO-103,Raisen,BHO,neighbor,False,
2025-02-23 21:00:00,19.7,966.0,48,AWS-BHO-103,Raisen,BHO,neighbor,False,
2025-02-23 22:00:00,19.4,965.8,49,AWS-BHO-103,Raisen,BHO,neighbor,False,
2025-02-23 23:00:00,17.9,965.4,53,AWS-BHO-103,Raisen,BHO,neighbor,False,
2025-02-24 00:00:00,16.7,965.3,55,AWS-BHO-103,Raisen,BHO,neighbor,False,
2025-02-24 01:00:00,16.1,964.8,58,AWS-BHO-103,Raisen,BHO,neighbor,False,
2025-02-24 02:00:00,15.4,964.7,62,AWS-BHO-103,Raisen,BHO,neighbor,False,
2025-02-24 03:00:00,14.7,964.5,65,AWS-BHO-103,Raisen,BHO,neighbor,False,
2025-02-24 04:00:00,14.4,964.3,67,AWS-BHO-103,Raisen,BHO,neighbor,False,
2025-02-24 05:00:00,14.7,965.1,66,AWS-BHO-103,Raisen,BHO,neighbor,False,
2025-02-24 06:00:00,14.3,966.2,74,AWS-BHO-103,Raisen,BHO,neighbor,False,
2025-02-24 07:00:00,15.5,967.4,74,AWS-BHO-103,Raisen,BHO,neighbor,False,
2025-02-24 08:00:00,19.3,969.0,63,AWS-BHO-103,Raisen,BHO,neighbor,False,
2025-02-24 09:00:00,22.3,969.8,53,AWS-BHO-103,Raisen,BHO,neighbor,False,
2025-02-24 10:00:00,24.9,969.9,45,AWS-BHO-103,Raisen,BHO,neighbor,False,
2025-02-24 11:00:00,26.8,969.5,37,AWS-BHO-103,Raisen,BHO,neighbor,False,
2025-02-24 12:00:00,27.9,968.4,33,AWS-BHO-103,Raisen,BHO,neighbor,False,
2025-02-24 13:00:00,28.4,967.2,30,AWS-BHO-103,Raisen,BHO,neighbor,False,
2025-02-24 14:00:00,28.7,965.8,29,AWS-BHO-103,Raisen,BHO,neighbor,False,
2025-02-24 15:00:00,28.7,965.2,29,AWS-BHO-103,Raisen,BHO,neighbor,False,
2025-02-24 16:00:00,27.9,965.0,33,AWS-BHO-103,Raisen,BHO,neighbor,False,
2025-02-24 17:00:00,25.3,965.0,43,AWS-BHO-103,Raisen,BHO,neighbor,False,
2025-02-24 18:00:00,21.6,965.3,46,AWS-BHO-103,Raisen,BHO,neighbor,False,
2025-02-24 19:00:00,20.7,965.9,47,AWS-BHO-103,Raisen,BHO,neighbor,False,
2025-02-24 20:00:00,20.2,966.7,43,AWS-BHO-103,Raisen,BHO,neighbor,False,
2025-02-24 21:00:00,19.0,967.1,43,AWS-BHO-103,Raisen,BHO,neighbor,False,
2025-02-24 22:00:00,18.7,967.5,44,AWS-BHO-103,Raisen,BHO,neighbor,False,
2025-02-24 23:00:00,18.3,967.4,49,AWS-BHO-103,Raisen,BHO,neighbor,False,
2025-02-25 00:00:00,17.8,966.6,51,AWS-BHO-103,Raisen,BHO,neighbor,False,
2025-02-25 01:00:00,16.1,966.2,58,AWS-BHO-103,Raisen,BHO,neighbor,False,
2025-02-25 02:00:00,16.0,965.7,58,AWS-BHO-103,Raisen,BHO,neighbor,False,
2025-02-25 03:00:00,15.5,965.4,60,AWS-BHO-103,Raisen,BHO,neighbor,False,
2025-02-25 04:00:00,15.0,965.3,62,AWS-BHO-103,Raisen,BHO,neighbor,False,
2025-02-25 05:00:00,14.2,965.4,65,AWS-BHO-103,Raisen,BHO,neighbor,False,
2025-02-25 06:00:00,14.2,966.6,70,AWS-BHO-103,Raisen,BHO,neighbor,False,
2025-02-25 07:00:00,15.4,967.3,68,AWS-BHO-103,Raisen,BHO,neighbor,False,
2025-02-25 08:00:00,18.9,969.0,59,AWS-BHO-103,Raisen,BHO,neighbor,False,
2025-02-25 09:00:00,21.9,970.1,49,AWS-BHO-103,Raisen,BHO,neighbor,False,
2025-02-25 10:00:00,24.5,970.7,42,AWS-BHO-103,Raisen,BHO,neighbor,False,
2025-02-25 11:00:00,26.4,970.4,35,AWS-BHO-103,Raisen,BHO,neighbor,False,
2025-02-25 12:00:00,27.6,969.5,32,AWS-BHO-103,Raisen,BHO,neighbor,False,
2025-02-25 13:00:00,28.2,968.3,30,AWS-BHO-103,Raisen,BHO,neighbor,False,
2025-02-25 14:00:00,28.6,967.3,29,AWS-BHO-103,Raisen,BHO,neighbor,False,
2025-02-25 15:00:00,28.7,966.7,28,AWS-BHO-103,Raisen,BHO,neighbor,False,
2025-02-25 16:00:00,28.2,966.5,33,AWS-BHO-103,Raisen,BHO,neighbor,False,
2025-02-25 17:00:00,25.5,966.4,49,AWS-BHO-103,Raisen,BHO,neighbor,False,
2025-02-25 18:00:00,22.1,966.9,46,AWS-BHO-103,Raisen,BHO,neighbor,False,
2025-02-25 19:00:00,20.6,967.6,44,AWS-BHO-103,Raisen,BHO,neighbor,False,
2025-02-25 20:00:00,20.4,968.3,42,AWS-BHO-103,Raisen,BHO,neighbor,False,
2025-02-25 21:00:00,19.7,968.7,42,AWS-BHO-103,Raisen,BHO,neighbor,False,
2025-02-25 22:00:00,18.8,968.9,46,AWS-BHO-103,Raisen,BHO,neighbor,False,
2025-02-25 23:00:00,17.8,968.2,51,AWS-BHO-103,Raisen,BHO,neighbor,False,
2025-02-26 00:00:00,17.2,967.8,55,AWS-BHO-103,Raisen,BHO,neighbor,False,
2025-02-26 01:00:00,16.9,967.0,57,AWS-BHO-103,Raisen,BHO,neighbor,False,
2025-02-26 02:00:00,16.7,966.5,57,AWS-BHO-103,Raisen,BHO,neighbor,False,
2025-02-26 03:00:00,16.7,966.1,57,AWS-BHO-103,Raisen,BHO,neighbor,False,
2025-02-26 04:00:00,15.9,966.0,60,AWS-BHO-103,Raisen,BHO,neighbor,False,
2025-02-26 05:00:00,14.7,966.2,67,AWS-BHO-103,Raisen,BHO,neighbor,False,
2025-02-26 06:00:00,14.6,967.3,73,AWS-BHO-103,Raisen,BHO,neighbor,False,
2025-02-26 07:00:00,16.1,968.5,71,AWS-BHO-103,Raisen,BHO,neighbor,False,
2025-02-26 08:00:00,19.3,970.1,64,AWS-BHO-103,Raisen,BHO,neighbor,False,
2025-02-26 09:00:00,22.4,971.0,54,AWS-BHO-103,Raisen,BHO,neighbor,False,
2025-02-26 10:00:00,25.1,971.5,46,AWS-BHO-103,Raisen,BHO,neighbor,False,
2025-02-26 11:00:00,27.1,970.8,39,AWS-BHO-103,Raisen,BHO,neighbor,False,
2025-02-26 12:00:00,28.5,969.6,34,AWS-BHO-103,Raisen,BHO,neighbor,False,
2025-02-26 13:00:00,29.3,968.3,31,AWS-BHO-103,Raisen,BHO,neighbor,False,
2025-02-26 14:00:00,29.7,967.3,31,AWS-BHO-103,Raisen,BHO,neighbor,False,
2025-02-26 15:00:00,29.8,966.4,30,AWS-BHO-103,Raisen,BHO,neighbor,False,
2025-02-26 16:00:00,29.5,965.9,33,AWS-BHO-103,Raisen,BHO,neighbor,False,
2025-02-26 17:00:00,28.1,965.6,49,AWS-BHO-103,Raisen,BHO,neighbor,False,
2025-02-26 18:00:00,25.5,965.7,46,AWS-BHO-103,Raisen,BHO,neighbor,False,
2025-02-26 19:00:00,23.5,966.3,48,AWS-BHO-103,Raisen,BHO,neighbor,False,
2025-02-26 20:00:00,21.8,966.9,50,AWS-BHO-103,Raisen,BHO,neighbor,False,
2025-02-26 21:00:00,20.8,967.1,52,AWS-BHO-103,Raisen,BHO,neighbor,False,
2025-02-26 22:00:00,19.3,967.2,54,AWS-BHO-103,Raisen,BHO,neighbor,False,
2025-02-26 23:00:00,18.9,966.6,52,AWS-BHO-103,Raisen,BHO,neighbor,False,
2025-02-27 00:00:00,18.3,965.9,54,AWS-BHO-103,Raisen,BHO,neighbor,False,
2025-02-27 01:00:00,17.6,965.4,56,AWS-BHO-103,Raisen,BHO,neighbor,False,
2025-02-27 02:00:00,17.3,964.7,57,AWS-BHO-103,Raisen,BHO,neighbor,False,
2025-02-27 03:00:00,16.8,964.3,59,AWS-BHO-103,Raisen,BHO,neighbor,False,
2025-02-27 04:00:00,16.6,964.1,60,AWS-BHO-103,Raisen,BHO,neighbor,False,
2025-02-27 05:00:00,15.9,964.4,63,AWS-BHO-103,Raisen,BHO,neighbor,False,
2025-02-27 06:00:00,16.1,965.5,67,AWS-BHO-103,Raisen,BHO,neighbor,False,
2025-02-27 07:00:00,17.4,966.4,65,AWS-BHO-103,Raisen,BHO,neighbor,False,
2025-02-27 08:00:00,20.8,967.7,60,AWS-BHO-103,Raisen,BHO,neighbor,False,
2025-02-27 09:00:00,23.8,968.4,52,AWS-BHO-103,Raisen,BHO,neighbor,False,
2025-02-27 10:00:00,26.4,968.4,44,AWS-BHO-103,Raisen,BHO,neighbor,False,
2025-02-27 11:00:00,28.5,967.8,36,AWS-BHO-103,Raisen,BHO,neighbor,False,
2025-02-27 12:00:00,30.0,966.5,32,AWS-BHO-103,Raisen,BHO,neighbor,False,
2025-02-27 13:00:00,31.1,965.2,29,AWS-BHO-103,Raisen,BHO,neighbor,False,
2025-02-27 14:00:00,31.6,963.9,27,AWS-BHO-103,Raisen,BHO,neighbor,False,
2025-02-27 15:00:00,31.5,963.0,26,AWS-BHO-103,Raisen,BHO,neighbor,False,
2025-02-27 16:00:00,30.5,962.6,31,AWS-BHO-103,Raisen,BHO,neighbor,False,
2025-02-27 17:00:00,28.6,962.3,49,AWS-BHO-103,Raisen,BHO,neighbor,False,
2025-02-27 18:00:00,26.1,962.4,42,AWS-BHO-103,Raisen,BHO,neighbor,False,
2025-02-27 19:00:00,23.5,962.8,47,AWS-BHO-103,Raisen,BHO,neighbor,False,
2025-02-27 20:00:00,21.9,963.1,49,AWS-BHO-103,Raisen,BHO,neighbor,False,
2025-02-27 21:00:00,21.7,963.2,49,AWS-BHO-103,Raisen,BHO,neighbor,False,
2025-02-27 22:00:00,22.4,963.3,44,AWS-BHO-103,Raisen,BHO,neighbor,False,
2025-02-27 23:00:00,21.2,962.8,45,AWS-BHO-103,Raisen,BHO,neighbor,False,
2025-02-28 00:00:00,20.3,962.4,49,AWS-BHO-103,Raisen,BHO,neighbor,False,
2025-02-28 01:00:00,19.3,961.8,52,AWS-BHO-103,Raisen,BHO,neighbor,False,
2025-02-28 02:00:00,19.1,961.1,56,AWS-BHO-103,Raisen,BHO,neighbor,False,
2025-02-28 03:00:00,17.8,960.6,60,AWS-BHO-103,Raisen,BHO,neighbor,False,
2025-02-28 04:00:00,17.6,960.2,61,AWS-BHO-103,Raisen,BHO,neighbor,False,
2025-02-28 05:00:00,18.0,960.3,60,AWS-BHO-103,Raisen,BHO,neighbor,False,
2025-02-28 06:00:00,18.4,961.3,61,AWS-BHO-103,Raisen,BHO,neighbor,False,
2025-02-28 07:00:00,19.6,962.4,60,AWS-BHO-103,Raisen,BHO,neighbor,False,
2025-02-28 08:00:00,23.1,964.1,54,AWS-BHO-103,Raisen,BHO,neighbor,False,
2025-02-28 09:00:00,26.6,965.4,47,AWS-BHO-103,Raisen,BHO,neighbor,False,
2025-02-28 10:00:00,29.1,966.0,39,AWS-BHO-103,Raisen,BHO,neighbor,False,
2025-02-28 11:00:00,31.1,965.6,28,AWS-BHO-103,Raisen,BHO,neighbor,False,
2025-02-28 12:00:00,31.8,964.5,25,AWS-BHO-103,Raisen,BHO,neighbor,False,
2025-02-28 13:00:00,32.3,963.2,25,AWS-BHO-103,Raisen,BHO,neighbor,False,
2025-02-28 14:00:00,32.4,961.9,25,AWS-BHO-103,Raisen,BHO,neighbor,False,
2025-02-28 15:00:00,32.1,961.0,27,AWS-BHO-103,Raisen,BHO,neighbor,False,
2025-02-28 16:00:00,31.2,960.8,30,AWS-BHO-103,Raisen,BHO,neighbor,False,
2025-02-28 17:00:00,28.8,960.5,36,AWS-BHO-103,Raisen,BHO,neighbor,False,
2025-02-28 18:00:00,27.0,961.2,34,AWS-BHO-103,Raisen,BHO,neighbor,False,
2025-02-28 19:00:00,25.8,961.5,36,AWS-BHO-103,Raisen,BHO,neighbor,False,
2025-02-28 20:00:00,25.6,962.3,36,AWS-BHO-103,Raisen,BHO,neighbor,False,
2025-02-28 21:00:00,24.7,962.6,37,AWS-BHO-103,Raisen,BHO,neighbor,False,
2025-02-28 22:00:00,24.2,962.6,38,AWS-BHO-103,Raisen,BHO,neighbor,False,
2025-02-28 23:00:00,23.2,962.0,41,AWS-BHO-103,Raisen,BHO,neighbor,False,
2025-03-01 00:00:00,23.0,961.6,42,AWS-BHO-103,Raisen,BHO,neighbor,False,
2025-03-01 01:00:00,22.4,961.3,45,AWS-BHO-103,Raisen,BHO,neighbor,False,
2025-03-01 02:00:00,21.9,960.6,47,AWS-BHO-103,Raisen,BHO,neighbor,False,
2025-03-01 03:00:00,20.8,959.9,51,AWS-BHO-103,Raisen,BHO,neighbor,False,
2025-03-01 04:00:00,19.7,959.8,55,AWS-BHO-103,Raisen,BHO,neighbor,False,
2025-03-01 05:00:00,18.6,960.0,59,AWS-BHO-103,Raisen,BHO,neighbor,False,
2025-03-01 06:00:00,19.1,961.3,60,AWS-BHO-103,Raisen,BHO,neighbor,False,
2025-03-01 07:00:00,19.6,962.4,63,AWS-BHO-103,Raisen,BHO,neighbor,False,
2025-03-01 08:00:00,23.0,963.8,53,AWS-BHO-103,Raisen,BHO,neighbor,False,
2025-03-01 09:00:00,25.6,964.9,44,AWS-BHO-103,Raisen,BHO,neighbor,False,
2025-03-01 10:00:00,27.9,965.3,40,AWS-BHO-103,Raisen,BHO,neighbor,False,
2025-03-01 11:00:00,29.5,964.9,35,AWS-BHO-103,Raisen,BHO,neighbor,False,
2025-03-01 12:00:00,30.6,963.7,32,AWS-BHO-103,Raisen,BHO,neighbor,False,
2025-03-01 13:00:00,31.5,962.4,29,AWS-BHO-103,Raisen,BHO,neighbor,False,
2025-03-01 14:00:00,31.7,961.4,27,AWS-BHO-103,Raisen,BHO,neighbor,False,
2025-03-01 15:00:00,31.2,960.6,28,AWS-BHO-103,Raisen,BHO,neighbor,False,
2025-03-01 16:00:00,30.6,960.6,31,AWS-BHO-103,Raisen,BHO,neighbor,False,
2025-03-01 17:00:00,28.3,960.4,44,AWS-BHO-103,Raisen,BHO,neighbor,False,
2025-03-01 18:00:00,26.3,960.9,42,AWS-BHO-103,Raisen,BHO,neighbor,False,
2025-03-01 19:00:00,24.5,961.1,48,AWS-BHO-103,Raisen,BHO,neighbor,False,
2025-03-01 20:00:00,23.6,961.6,48,AWS-BHO-103,Raisen,BHO,neighbor,False,
2025-03-01 21:00:00,22.4,961.9,50,AWS-BHO-103,Raisen,BHO,neighbor,False,
2025-03-01 22:00:00,21.4,961.7,54,AWS-BHO-103,Raisen,BHO,neighbor,False,
2025-03-01 23:00:00,21.2,961.2,52,AWS-BHO-103,Raisen,BHO,neighbor,False,
2025-03-02 00:00:00,21.6,960.7,49,AWS-BHO-103,Raisen,BHO,neighbor,False,
2025-03-02 01:00:00,21.5,960.0,47,AWS-BHO-103,Raisen,BHO,neighbor,False,
2025-03-02 02:00:00,21.2,959.6,45,AWS-BHO-103,Raisen,BHO,neighbor,False,
2025-03-02 03:00:00,19.6,959.0,49,AWS-BHO-103,Raisen,BHO,neighbor,False,
2025-03-02 04:00:00,18.6,958.6,53,AWS-BHO-103,Raisen,BHO,neighbor,False,
2025-03-02 05:00:00,17.6,959.0,56,AWS-BHO-103,Raisen,BHO,neighbor,False,
2025-03-02 06:00:00,17.9,960.2,59,AWS-BHO-103,Raisen,BHO,neighbor,False,
2025-03-02 07:00:00,19.1,961.1,56,AWS-BHO-103,Raisen,BHO,neighbor,False,
2025-03-02 08:00:00,22.2,962.2,51,AWS-BHO-103,Raisen,BHO,neighbor,False,
2025-03-02 09:00:00,25.0,963.4,44,AWS-BHO-103,Raisen,BHO,neighbor,False,
2025-03-02 10:00:00,27.6,963.8,38,AWS-BHO-103,Raisen,BHO,neighbor,False,
2025-03-02 11:00:00,29.4,963.6,31,AWS-BHO-103,Raisen,BHO,neighbor,False,
2025-03-02 12:00:00,30.3,962.7,29,AWS-BHO-103,Raisen,BHO,neighbor,False,
2025-03-02 13:00:00,30.8,961.3,27,AWS-BHO-103,Raisen,BHO,neighbor,False,
2025-03-02 14:00:00,31.5,960.2,26,AWS-BHO-103,Raisen,BHO,neighbor,False,
2025-03-02 15:00:00,31.5,959.3,24,AWS-BHO-103,Raisen,BHO,neighbor,False,
2025-03-02 16:00:00,30.7,959.1,26,AWS-BHO-103,Raisen,BHO,neighbor,False,
2025-03-02 17:00:00,28.2,958.8,46,AWS-BHO-103,Raisen,BHO,neighbor,False,
2025-03-02 18:00:00,24.9,959.1,36,AWS-BHO-103,Raisen,BHO,neighbor,False,
2025-03-02 19:00:00,23.6,959.7,39,AWS-BHO-103,Raisen,BHO,neighbor,False,
2025-03-02 20:00:00,22.2,960.3,45,AWS-BHO-103,Raisen,BHO,neighbor,False,
2025-03-02 21:00:00,20.7,961.1,47,AWS-BHO-103,Raisen,BHO,neighbor,False,
2025-03-02 22:00:00,19.7,961.3,50,AWS-BHO-103,Raisen,BHO,neighbor,False,
2025-03-02 23:00:00,20.6,961.3,45,AWS-BHO-103,Raisen,BHO,neighbor,False,
2025-03-03 00:00:00,19.4,960.7,49,AWS-BHO-103,Raisen,BHO,neighbor,False,
2025-03-03 01:00:00,19.4,960.3,48,AWS-BHO-103,Raisen,BHO,neighbor,False,
2025-03-03 02:00:00,19.4,959.9,48,AWS-BHO-103,Raisen,BHO,neighbor,False,
2025-03-03 03:00:00,18.7,959.7,51,AWS-BHO-103,Raisen,BHO,neighbor,False,
2025-03-03 04:00:00,17.8,959.9,57,AWS-BHO-103,Raisen,BHO,neighbor,False,
2025-03-03 05:00:00,17.2,960.4,65,AWS-BHO-103,Raisen,BHO,neighbor,False,
2025-03-03 06:00:00,16.2,960.8,84,AWS-BHO-103,Raisen,BHO,neighbor,False,
2025-03-03 07:00:00,17.6,962.5,81,AWS-BHO-103,Raisen,BHO,neighbor,False,
2025-03-03 08:00:00,20.7,963.8,70,AWS-BHO-103,Raisen,BHO,neighbor,False,
2025-03-03 09:00:00,24.0,965.1,58,AWS-BHO-103,Raisen,BHO,neighbor,False,
2025-03-03 10:00:00,26.5,965.5,48,AWS-BHO-103,Raisen,BHO,neighbor,False,
2025-03-03 11:00:00,28.3,965.1,38,AWS-BHO-103,Raisen,BHO,neighbor,False,
2025-03-03 12:00:00,29.5,964.0,32,AWS-BHO-103,Raisen,BHO,neighbor,False,
2025-03-03 13:00:00,30.2,962.8,30,AWS-BHO-103,Raisen,BHO,neighbor,False,
2025-03-03 14:00:00,30.5,961.9,29,AWS-BHO-103,Raisen,BHO,neighbor,False,
2025-03-03 15:00:00,30.5,961.0,30,AWS-BHO-103,Raisen,BHO,neighbor,False,
2025-03-03 16:00:00,30.0,960.8,32,AWS-BHO-103,Raisen,BHO,neighbor,False,
2025-03-03 17:00:00,28.1,960.6,52,AWS-BHO-103,Raisen,BHO,neighbor,False,
2025-03-03 18:00:00,26.3,961.0,46,AWS-BHO-103,Raisen,BHO,neighbor,False,
2025-03-03 19:00:00,24.9,961.2,45,AWS-BHO-103,Raisen,BHO,neighbor,False,
2025-03-03 20:00:00,22.7,961.8,52,AWS-BHO-103,Raisen,BHO,neighbor,False,
2025-03-03 21:00:00,22.8,962.1,53,AWS-BHO-103,Raisen,BHO,neighbor,False,
2025-03-03 22:00:00,22.1,961.8,55,AWS-BHO-103,Raisen,BHO,neighbor,False,
2025-03-03 23:00:00,20.9,961.5,58,AWS-BHO-103,Raisen,BHO,neighbor,False,
2025-03-04 00:00:00,20.1,960.8,60,AWS-BHO-103,Raisen,BHO,neighbor,False,
2025-03-04 01:00:00,20.2,960.4,61,AWS-BHO-103,Raisen,BHO,neighbor,False,
2025-03-04 02:00:00,20.0,959.5,61,AWS-BHO-103,Raisen,BHO,neighbor,False,
2025-03-04 03:00:00,20.0,959.5,59,AWS-BHO-103,Raisen,BHO,neighbor,False,
2025-03-04 04:00:00,20.0,959.7,55,AWS-BHO-103,Raisen,BHO,neighbor,False,
2025-03-04 05:00:00,20.2,960.2,50,AWS-BHO-103,Raisen,BHO,neighbor,False,
2025-03-04 06:00:00,19.6,961.7,53,AWS-BHO-103,Raisen,BHO,neighbor,False,
2025-03-04 07:00:00,20.5,962.7,51,AWS-BHO-103,Raisen,BHO,neighbor,False,
2025-03-04 08:00:00,22.9,964.1,48,AWS-BHO-103,Raisen,BHO,neighbor,False,
2025-03-04 09:00:00,25.2,965.1,42,AWS-BHO-103,Raisen,BHO,neighbor,False,
2025-03-04 10:00:00,27.2,965.5,35,AWS-BHO-103,Raisen,BHO,neighbor,False,
2025-03-04 11:00:00,28.7,965.4,30,AWS-BHO-103,Raisen,BHO,neighbor,False,
2025-03-04 12:00:00,29.8,964.4,27,AWS-BHO-103,Raisen,BHO,neighbor,False,
2025-03-04 13:00:00,30.4,963.6,25,AWS-BHO-103,Raisen,BHO,neighbor,False,
2025-03-04 14:00:00,30.4,962.8,25,AWS-BHO-103,Raisen,BHO,neighbor,False,
2025-03-04 15:00:00,30.0,962.1,24,AWS-BHO-103,Raisen,BHO,neighbor,False,
2025-03-04 16:00:00,29.1,962.1,25,AWS-BHO-103,Raisen,BHO,neighbor,False,
2025-03-04 17:00:00,27.4,962.1,28,AWS-BHO-103,Raisen,BHO,neighbor,False,
2025-03-04 18:00:00,24.3,963.2,31,AWS-BHO-103,Raisen,BHO,neighbor,False,
2025-03-04 19:00:00,23.2,963.6,31,AWS-BHO-103,Raisen,BHO,neighbor,False,
2025-03-04 20:00:00,22.2,964.4,32,AWS-BHO-103,Raisen,BHO,neighbor,False,
2025-03-04 21:00:00,21.7,964.9,32,AWS-BHO-103,Raisen,BHO,neighbor,False,
2025-03-04 22:00:00,20.8,965.1,32,AWS-BHO-103,Raisen,BHO,neighbor,False,
2025-03-04 23:00:00,19.6,964.9,32,AWS-BHO-103,Raisen,BHO,neighbor,False,
2025-03-05 00:00:00,18.4,964.4,31,AWS-BHO-103,Raisen,BHO,neighbor,False,
2025-03-05 01:00:00,17.2,963.9,30,AWS-BHO-103,Raisen,BHO,neighbor,False,
2025-03-05 02:00:00,16.2,963.2,30,AWS-BHO-103,Raisen,BHO,neighbor,False,
2025-03-05 03:00:00,15.4,962.9,29,AWS-BHO-103,Raisen,BHO,neighbor,False,
2025-03-05 04:00:00,14.9,963.1,26,AWS-BHO-103,Raisen,BHO,neighbor,False,
2025-03-05 05:00:00,14.4,963.5,25,AWS-BHO-103,Raisen,BHO,neighbor,False,
2025-03-05 06:00:00,14.3,964.7,37,AWS-BHO-103,Raisen,BHO,neighbor,False,
2025-03-05 07:00:00,15.0,965.5,43,AWS-BHO-103,Raisen,BHO,neighbor,False,
2025-03-05 08:00:00,17.0,966.3,43,AWS-BHO-103,Raisen,BHO,neighbor,False,
2025-03-05 09:00:00,19.5,966.8,39,AWS-BHO-103,Raisen,BHO,neighbor,False,
2025-03-05 10:00:00,21.6,967.2,30,AWS-BHO-103,Raisen,BHO,neighbor,False,
2025-03-05 11:00:00,23.6,966.7,25,AWS-BHO-103,Raisen,BHO,neighbor,False,
2025-03-05 12:00:00,25.2,965.7,20,AWS-BHO-103,Raisen,BHO,neighbor,False,
2025-03-05 13:00:00,26.3,964.3,18,AWS-BHO-103,Raisen,BHO,neighbor,False,
2025-03-05 14:00:00,26.9,963.5,17,AWS-BHO-103,Raisen,BHO,neighbor,False,
2025-03-05 15:00:00,26.9,962.8,15,AWS-BHO-103,Raisen,BHO,neighbor,False,
2025-03-05 16:00:00,26.4,962.6,15,AWS-BHO-103,Raisen,BHO,neighbor,False,
2025-03-05 17:00:00,24.7,962.4,18,AWS-BHO-103,Raisen,BHO,neighbor,False,
2025-03-05 18:00:00,21.2,962.4,23,AWS-BHO-103,Raisen,BHO,neighbor,False,
2025-03-05 19:00:00,20.1,962.8,23,AWS-BHO-103,Raisen,BHO,neighbor,False,
2025-03-05 20:00:00,19.0,963.5,23,AWS-BHO-103,Raisen,BHO,neighbor,False,
2025-03-05 21:00:00,18.2,964.2,22,AWS-BHO-103,Raisen,BHO,neighbor,False,
2025-03-05 22:00:00,17.5,964.6,24,AWS-BHO-103,Raisen,BHO,neighbor,False,
2025-03-05 23:00:00,16.5,964.1,28,AWS-BHO-103,Raisen,BHO,neighbor,False,
2025-03-06 00:00:00,15.7,963.7,32,AWS-BHO-103,Raisen,BHO,neighbor,False,
2025-03-06 01:00:00,14.9,963.3,35,AWS-BHO-103,Raisen,BHO,neighbor,False,
2025-03-06 02:00:00,14.1,962.6,39,AWS-BHO-103,Raisen,BHO,neighbor,False,
2025-03-06 03:00:00,13.4,962.1,42,AWS-BHO-103,Raisen,BHO,neighbor,False,
2025-03-06 04:00:00,12.9,962.0,44,AWS-BHO-103,Raisen,BHO,neighbor,False,
2025-03-06 05:00:00,12.4,962.0,47,AWS-BHO-103,Raisen,BHO,neighbor,False,
2025-03-06 06:00:00,11.8,962.6,53,AWS-BHO-103,Raisen,BHO,neighbor,False,
2025-03-06 07:00:00,13.8,963.8,53,AWS-BHO-103,Raisen,BHO,neighbor,False,
2025-03-06 08:00:00,18.2,965.6,46,AWS-BHO-103,Raisen,BHO,neighbor,False,
2025-03-06 09:00:00,21.9,966.4,34,AWS-BHO-103,Raisen,BHO,neighbor,False,
2025-03-06 10:00:00,24.2,966.7,24,AWS-BHO-103,Raisen,BHO,neighbor,False,
2025-03-06 11:00:00,25.8,966.2,21,AWS-BHO-103,Raisen,BHO,neighbor,False,
2025-03-06 12:00:00,27.1,965.5,18,AWS-BHO-103,Raisen,BHO,neighbor,False,
2025-03-06 13:00:00,27.8,964.8,18,AWS-BHO-103,Raisen,BHO,neighbor,False,
2025-03-06 14:00:00,28.3,964.2,17,AWS-BHO-103,Raisen,BHO,neighbor,False,
2025-03-06 15:00:00,28.6,963.5,15,AWS-BHO-103,Raisen,BHO,neighbor,False,
2025-03-06 16:00:00,28.1,962.7,16,AWS-BHO-103,Raisen,BHO,neighbor,False,
2025-03-06 17:00:00,25.5,962.2,33,AWS-BHO-103,Raisen,BHO,neighbor,False,
2025-03-06 18:00:00,23.2,962.5,24,AWS-BHO-103,Raisen,BHO,neighbor,False,
2025-03-06 19:00:00,22.3,962.6,24,AWS-BHO-103,Raisen,BHO,neighbor,False,
2025-03-06 20:00:00,21.1,962.8,25,AWS-BHO-103,Raisen,BHO,neighbor,False,
2025-03-06 21:00:00,20.0,962.7,25,AWS-BHO-103,Raisen,BHO,neighbor,False,
2025-03-06 22:00:00,19.6,962.4,24,AWS-BHO-103,Raisen,BHO,neighbor,False,
2025-03-06 23:00:00,18.8,962.0,26,AWS-BHO-103,Raisen,BHO,neighbor,False,
2025-03-07 00:00:00,17.1,961.5,31,AWS-BHO-103,Raisen,BHO,neighbor,False,
2025-03-07 01:00:00,16.1,961.0,34,AWS-BHO-103,Raisen,BHO,neighbor,False,
2025-03-07 02:00:00,15.3,960.5,33,AWS-BHO-103,Raisen,BHO,neighbor,False,
2025-03-07 03:00:00,14.5,960.2,34,AWS-BHO-103,Raisen,BHO,neighbor,False,
2025-03-07 04:00:00,14.2,959.8,34,AWS-BHO-103,Raisen,BHO,neighbor,False,
2025-03-07 05:00:00,14.3,960.0,33,AWS-BHO-103,Raisen,BHO,neighbor,False,
2025-03-07 06:00:00,13.9,960.6,36,AWS-BHO-103,Raisen,BHO,neighbor,False,
2025-03-07 07:00:00,15.9,961.8,47,AWS-BHO-103,Raisen,BHO,neighbor,False,
2025-03-07 08:00:00,19.8,963.6,35,AWS-BHO-103,Raisen,BHO,neighbor,False,
2025-03-07 09:00:00,24.2,964.7,28,AWS-BHO-103,Raisen,BHO,neighbor,False,
2025-03-07 10:00:00,27.3,964.7,21,AWS-BHO-103,Raisen,BHO,neighbor,False,
2025-03-07 11:00:00,29.0,964.3,17,AWS-BHO-103,Raisen,BHO,neighbor,False,
2025-03-07 12:00:00,30.0,963.1,16,AWS-BHO-103,Raisen,BHO,neighbor,False,
2025-03-07 13:00:00,30.7,962.0,16,AWS-BHO-103,Raisen,BHO,neighbor,False,
2025-03-07 14:00:00,31.1,961.0,16,AWS-BHO-103,Raisen,BHO,neighbor,False,
2025-03-07 15:00:00,31.2,960.1,16,AWS-BHO-103,Raisen,BHO,neighbor,False,
2025-03-07 16:00:00,30.9,959.8,19,AWS-BHO-103,Raisen,BHO,neighbor,False,
2025-03-07 17:00:00,28.8,959.4,37,AWS-BHO-103,Raisen,BHO,neighbor,False,
2025-03-07 18:00:00,25.7,959.2,27,AWS-BHO-103,Raisen,BHO,neighbor,False,
2025-03-07 19:00:00,23.5,959.6,31,AWS-BHO-103,Raisen,BHO,neighbor,False,
2025-03-07 20:00:00,21.8,960.0,34,AWS-BHO-103,Raisen,BHO,neighbor,False,
2025-03-07 21:00:00,21.9,960.1,32,AWS-BHO-103,Raisen,BHO,neighbor,False,
2025-03-07 22:00:00,20.8,960.1,34,AWS-BHO-103,Raisen,BHO,neighbor,False,
2025-03-07 23:00:00,20.0,959.6,35,AWS-BHO-103,Raisen,BHO,neighbor,False,
2025-03-08 00:00:00,19.2,959.3,37,AWS-BHO-103,Raisen,BHO,neighbor,False,
2025-03-08 01:00:00,19.1,958.8,37,AWS-BHO-103,Raisen,BHO,neighbor,False,
2025-03-08 02:00:00,18.9,958.1,38,AWS-BHO-103,Raisen,BHO,neighbor,False,
2025-03-08 03:00:00,17.8,957.2,42,AWS-BHO-103,Raisen,BHO,neighbor,False,
2025-03-08 04:00:00,16.9,956.8,44,AWS-BHO-103,Raisen,BHO,neighbor,False,
2025-03-08 05:00:00,16.1,957.0,45,AWS-BHO-103,Raisen,BHO,neighbor,False,
2025-03-08 06:00:00,15.3,957.9,53,AWS-BHO-103,Raisen,BHO,neighbor,False,
2025-03-08 07:00:00,17.4,958.8,50,AWS-BHO-103,Raisen,BHO,neighbor,False,
2025-03-08 08:00:00,21.7,960.4,42,AWS-BHO-103,Raisen,BHO,neighbor,False,
2025-03-08 09:00:00,25.7,961.6,34,AWS-BHO-103,Raisen,BHO,neighbor,False,
2025-03-08 10:00:00,28.8,961.9,26,AWS-BHO-103,Raisen,BHO,neighbor,False,
2025-03-08 11:00:00,30.7,961.7,21,AWS-BHO-103,Raisen,BHO,neighbor,False,
2025-03-08 12:00:00,31.7,960.8,18,AWS-BHO-103,Raisen,BHO,neighbor,False,
2025-03-08 13:00:00,32.1,959.8,18,AWS-BHO-103,Raisen,BHO,neighbor,False,
2025-03-08 14:00:00,32.0,958.9,18,AWS-BHO-103,Raisen,BHO,neighbor,False,
2025-03-08 15:00:00,31.8,958.4,18,AWS-BHO-103,Raisen,BHO,neighbor,False,
2025-03-08 16:00:00,31.1,958.3,20,AWS-BHO-103,Raisen,BHO,neighbor,False,
2025-03-08 17:00:00,28.6,958.1,30,AWS-BHO-103,Raisen,BHO,neighbor,False,
2025-03-08 18:00:00,24.8,958.2,30,AWS-BHO-103,Raisen,BHO,neighbor,False,
2025-03-08 19:00:00,23.6,958.6,27,AWS-BHO-103,Raisen,BHO,neighbor,False,
2025-03-08 20:00:00,22.6,959.2,27,AWS-BHO-103,Raisen,BHO,neighbor,False,
2025-03-08 21:00:00,21.3,959.4,27,AWS-BHO-103,Raisen,BHO,neighbor,False,
2025-03-08 22:00:00,20.7,960.2,28,AWS-BHO-103,Raisen,BHO,neighbor,False,
2025-03-08 23:00:00,19.3,959.9,38,AWS-BHO-103,Raisen,BHO,neighbor,False,
2025-03-09 00:00:00,18.2,959.6,45,AWS-BHO-103,Raisen,BHO,neighbor,False,
2025-03-09 01:00:00,17.2,959.5,48,AWS-BHO-103,Raisen,BHO,neighbor,False,
2025-03-09 02:00:00,17.3,958.9,47,AWS-BHO-103,Raisen,BHO,neighbor,False,
2025-03-09 03:00:00,16.8,958.8,50,AWS-BHO-103,Raisen,BHO,neighbor,False,
2025-03-09 04:00:00,16.3,958.8,53,AWS-BHO-103,Raisen,BHO,neighbor,False,
2025-03-09 05:00:00,15.8,959.3,55,AWS-BHO-103,Raisen,BHO,neighbor,False,
2025-03-09 06:00:00,16.1,960.1,56,AWS-BHO-103,Raisen,BHO,neighbor,False,
2025-03-09 07:00:00,18.7,961.4,50,AWS-BHO-103,Raisen,BHO,neighbor,False,
2025-03-09 08:00:00,22.9,962.9,44,AWS-BHO-103,Raisen,BHO,neighbor,False,
2025-03-09 09:00:00,26.4,964.1,36,AWS-BHO-103,Raisen,BHO,neighbor,False,
2025-03-09 10:00:00,29.0,964.4,29,AWS-BHO-103,Raisen,BHO,neighbor,False,
2025-03-09 11:00:00,30.7,964.5,22,AWS-BHO-103,Raisen,BHO,neighbor,False,
2025-03-09 12:00:00,31.6,963.6,20,AWS-BHO-103,Raisen,BHO,neighbor,False,
2025-03-09 13:00:00,32.2,962.6,19,AWS-BHO-103,Raisen,BHO,neighbor,False,
2025-03-09 14:00:00,32.5,961.8,19,AWS-BHO-103,Raisen,BHO,neighbor,False,
2025-03-09 15:00:00,32.5,961.1,19,AWS-BHO-103,Raisen,BHO,neighbor,False,
2025-03-09 16:00:00,31.9,960.9,20,AWS-BHO-103,Raisen,BHO,neighbor,False,
2025-03-09 17:00:00,29.6,960.9,29,AWS-BHO-103,Raisen,BHO,neighbor,False,
2025-03-09 18:00:00,26.9,961.4,31,AWS-BHO-103,Raisen,BHO,neighbor,False,
2025-03-09 19:00:00,26.3,962.0,31,AWS-BHO-103,Raisen,BHO,neighbor,False,
2025-03-09 20:00:00,23.5,962.8,34,AWS-BHO-103,Raisen,BHO,neighbor,False,
2025-03-09 21:00:00,22.0,963.4,32,AWS-BHO-103,Raisen,BHO,neighbor,False,
2025-03-09 22:00:00,21.7,963.9,30,AWS-BHO-103,Raisen,BHO,neighbor,False,
2025-03-09 23:00:00,22.2,963.7,28,AWS-BHO-103,Raisen,BHO,neighbor,False,
2025-03-10 00:00:00,20.2,963.2,33,AWS-BHO-103,Raisen,BHO,neighbor,False,
2025-03-10 01:00:00,19.9,962.8,34,AWS-BHO-103,Raisen,BHO,neighbor,False,
2025-03-10 02:00:00,19.7,962.5,35,AWS-BHO-103,Raisen,BHO,neighbor,False,
2025-03-10 03:00:00,19.3,962.1,37,AWS-BHO-103,Raisen,BHO,neighbor,False,
2025-03-10 04:00:00,19.0,962.3,38,AWS-BHO-103,Raisen,BHO,neighbor,False,
2025-03-10 05:00:00,18.4,962.8,40,AWS-BHO-103,Raisen,BHO,neighbor,False,
2025-03-10 06:00:00,18.9,964.2,41,AWS-BHO-103,Raisen,BHO,neighbor,False,
2025-03-10 07:00:00,20.4,965.0,40,AWS-BHO-103,Raisen,BHO,neighbor,False,
2025-03-10 08:00:00,23.6,966.4,37,AWS-BHO-103,Raisen,BHO,neighbor,False,
2025-03-10 09:00:00,26.7,967.3,31,AWS-BHO-103,Raisen,BHO,neighbor,False,
2025-03-10 10:00:00,29.6,967.7,26,AWS-BHO-103,Raisen,BHO,neighbor,False,
2025-03-10 11:00:00,31.8,967.2,21,AWS-BHO-103,Raisen,BHO,neighbor,False,
2025-03-10 12:00:00,33.1,966.2,19,AWS-BHO-103,Raisen,BHO,neighbor,False,
2025-03-10 13:00:00,33.8,965.1,18,AWS-BHO-103,Raisen,BHO,neighbor,False,
2025-03-10 14:00:00,34.0,964.1,18,AWS-BHO-103,Raisen,BHO,neighbor,False,
2025-03-10 15:00:00,34.0,963.5,18,AWS-BHO-103,Raisen,BHO,neighbor,False,
2025-03-10 16:00:00,33.5,963.2,19,AWS-BHO-103,Raisen,BHO,neighbor,False,
2025-03-10 17:00:00,31.0,963.0,34,AWS-BHO-103,Raisen,BHO,neighbor,False,
2025-03-10 18:00:00,27.6,963.2,34,AWS-BHO-103,Raisen,BHO,neighbor,False,
2025-03-10 19:00:00,25.5,963.6,36,AWS-BHO-103,Raisen,BHO,neighbor,False,
2025-03-10 20:00:00,25.0,964.5,35,AWS-BHO-103,Raisen,BHO,neighbor,False,
2025-03-10 21:00:00,23.8,964.7,34,AWS-BHO-103,Raisen,BHO,neighbor,False,
2025-03-10 22:00:00,22.5,964.6,31,AWS-BHO-103,Raisen,BHO,neighbor,False,
2025-03-10 23:00:00,21.7,964.1,33,AWS-BHO-103,Raisen,BHO,neighbor,False,
2025-03-11 00:00:00,20.7,963.6,36,AWS-BHO-103,Raisen,BHO,neighbor,False,
2025-03-11 01:00:00,20.2,963.3,39,AWS-BHO-103,Raisen,BHO,neighbor,False,
2025-03-11 02:00:00,19.7,962.8,40,AWS-BHO-103,Raisen,BHO,neighbor,False,
2025-03-11 03:00:00,19.6,962.4,41,AWS-BHO-103,Raisen,BHO,neighbor,False,
2025-03-11 04:00:00,18.9,962.4,43,AWS-BHO-103,Raisen,BHO,neighbor,False,
2025-03-11 05:00:00,18.5,962.7,45,AWS-BHO-103,Raisen,BHO,neighbor,False,
2025-03-11 06:00:00,18.0,963.7,50,AWS-BHO-103,Raisen,BHO,neighbor,False,
2025-03-11 07:00:00,20.1,965.1,48,AWS-BHO-103,Raisen,BHO,neighbor,False,
2025-03-11 08:00:00,24.4,966.6,40,AWS-BHO-103,Raisen,BHO,neighbor,False,
2025-03-11 09:00:00,27.9,967.5,32,AWS-BHO-103,Raisen,BHO,neighbor,False,
2025-03-11 10:00:00,30.9,967.3,26,AWS-BHO-103,Raisen,BHO,neighbor,False,
2025-03-11 11:00:00,33.0,966.6,21,AWS-BHO-103,Raisen,BHO,neighbor,False,
2025-03-11 12:00:00,34.2,965.7,19,AWS-BHO-103,Raisen,BHO,neighbor,False,
2025-03-11 13:00:00,34.9,964.4,18,AWS-BHO-103,Raisen,BHO,neighbor,False,
2025-03-11 14:00:00,35.2,963.4,17,AWS-BHO-103,Raisen,BHO,neighbor,False,
2025-03-11 15:00:00,35.0,962.6,16,AWS-BHO-103,Raisen,BHO,neighbor,False,
2025-03-11 16:00:00,34.3,962.2,17,AWS-BHO-103,Raisen,BHO,neighbor,False,
2025-03-11 17:00:00,31.9,962.0,37,AWS-BHO-103,Raisen,BHO,neighbor,False,
2025-03-11 18:00:00,29.7,962.0,28,AWS-BHO-103,Raisen,BHO,neighbor,False,
2025-03-11 19:00:00,27.9,962.1,26,AWS-BHO-103,Raisen,BHO,neighbor,False,
2025-03-11 20:00:00,26.5,962.5,27,AWS-BHO-103,Raisen,BHO,neighbor,False,
2025-03-11 21:00:00,25.7,962.5,28,AWS-BHO-103,Raisen,BHO,neighbor,False,
2025-03-11 22:00:00,24.1,962.3,31,AWS-BHO-103,Raisen,BHO,neighbor,False,
2025-03-11 23:00:00,22.5,961.4,38,AWS-BHO-103,Raisen,BHO,neighbor,False,
2025-03-12 00:00:00,22.1,960.9,39,AWS-BHO-103,Raisen,BHO,neighbor,False,
2025-03-12 01:00:00,21.7,960.3,41,AWS-BHO-103,Raisen,BHO,neighbor,False,
2025-03-12 02:00:00,20.4,959.8,44,AWS-BHO-103,Raisen,BHO,neighbor,False,
2025-03-12 03:00:00,20.2,959.5,44,AWS-BHO-103,Raisen,BHO,neighbor,False,
2025-03-12 04:00:00,19.3,959.2,46,AWS-BHO-103,Raisen,BHO,neighbor,False,
2025-03-12 05:00:00,19.1,959.2,46,AWS-BHO-103,Raisen,BHO,neighbor,False,
2025-03-12 06:00:00,19.9,960.2,45,AWS-BHO-103,Raisen,BHO,neighbor,False,
2025-03-12 07:00:00,21.8,961.0,43,AWS-BHO-103,Raisen,BHO,neighbor,False,
2025-03-12 08:00:00,25.9,962.8,38,AWS-BHO-103,Raisen,BHO,neighbor,False,
2025-03-12 09:00:00,29.6,963.6,31,AWS-BHO-103,Raisen,BHO,neighbor,False,
2025-03-12 10:00:00,32.5,963.9,25,AWS-BHO-103,Raisen,BHO,neighbor,False,
2025-03-12 11:00:00,34.2,963.2,21,AWS-BHO-103,Raisen,BHO,neighbor,False,
2025-03-12 12:00:00,35.5,962.1,18,AWS-BHO-103,Raisen,BHO,neighbor,False,
2025-03-12 13:00:00,36.4,960.7,16,AWS-BHO-103,Raisen,BHO,neighbor,False,
2025-03-12 14:00:00,36.7,959.5,14,AWS-BHO-103,Raisen,BHO,neighbor,False,
2025-03-12 15:00:00,36.4,958.7,13,AWS-BHO-103,Raisen,BHO,neighbor,False,
2025-03-12 16:00:00,36.2,958.1,14,AWS-BHO-103,Raisen,BHO,neighbor,False,
2025-03-12 17:00:00,32.9,957.6,30,AWS-BHO-103,Raisen,BHO,neighbor,False,
2025-03-12 18:00:00,29.2,957.4,26,AWS-BHO-103,Raisen,BHO,neighbor,False,
2025-03-12 19:00:00,26.2,957.8,28,AWS-BHO-103,Raisen,BHO,neighbor,False,
2025-03-12 20:00:00,25.5,958.4,24,AWS-BHO-103,Raisen,BHO,neighbor,False,
2025-03-12 21:00:00,25.2,958.9,25,AWS-BHO-103,Raisen,BHO,neighbor,False,
2025-03-12 22:00:00,22.9,959.4,29,AWS-BHO-103,Raisen,BHO,neighbor,False,
2025-03-12 23:00:00,22.7,959.4,31,AWS-BHO-103,Raisen,BHO,neighbor,False,
2025-03-13 00:00:00,22.0,958.9,30,AWS-BHO-103,Raisen,BHO,neighbor,False,
2025-03-13 01:00:00,21.0,958.5,31,AWS-BHO-103,Raisen,BHO,neighbor,False,
2025-03-13 02:00:00,21.4,958.0,27,AWS-BHO-103,Raisen,BHO,neighbor,False,
2025-03-13 03:00:00,21.6,957.8,27,AWS-BHO-103,Raisen,BHO,neighbor,False,
2025-03-13 04:00:00,20.6,957.7,30,AWS-BHO-103,Raisen,BHO,neighbor,False,
2025-03-13 05:00:00,19.8,958.1,33,AWS-BHO-103,Raisen,BHO,neighbor,False,
2025-03-13 06:00:00,20.1,959.1,37,AWS-BHO-103,Raisen,BHO,neighbor,False,
2025-03-13 07:00:00,22.5,960.2,35,AWS-BHO-103,Raisen,BHO,neighbor,False,
2025-03-13 08:00:00,26.3,961.5,32,AWS-BHO-103,Raisen,BHO,neighbor,False,
2025-03-13 09:00:00,29.8,962.5,27,AWS-BHO-103,Raisen,BHO,neighbor,False,
2025-03-13 10:00:00,33.1,962.6,20,AWS-BHO-103,Raisen,BHO,neighbor,False,
2025-03-13 11:00:00,34.4,962.0,16,AWS-BHO-103,Raisen,BHO,neighbor,False,
2025-03-13 12:00:00,35.8,961.0,12,AWS-BHO-103,Raisen,BHO,neighbor,False,
2025-03-13 13:00:00,36.1,959.3,12,AWS-BHO-103,Raisen,BHO,neighbor,False,
2025-03-13 14:00:00,36.4,957.9,11,AWS-BHO-103,Raisen,BHO,neighbor,False,
2025-03-13 15:00:00,36.3,957.0,10,AWS-BHO-103,Raisen,BHO,neighbor,False,
2025-03-13 16:00:00,35.4,956.7,11,AWS-BHO-103,Raisen,BHO,neighbor,False,
2025-03-13 17:00:00,33.4,956.6,13,AWS-BHO-103,Raisen,BHO,neighbor,False,
2025-03-13 18:00:00,31.3,956.6,11,AWS-BHO-103,Raisen,BHO,neighbor,False,
2025-03-13 19:00:00,29.8,957.1,12,AWS-BHO-103,Raisen,BHO,neighbor,False,
2025-03-13 20:00:00,27.7,957.8,14,AWS-BHO-103,Raisen,BHO,neighbor,False,
2025-03-13 21:00:00,26.2,958.4,15,AWS-BHO-103,Raisen,BHO,neighbor,False,
2025-03-13 22:00:00,25.4,958.7,16,AWS-BHO-103,Raisen,BHO,neighbor,False,
2025-03-13 23:00:00,25.5,958.7,15,AWS-BHO-103,Raisen,BHO,neighbor,False,
2025-03-14 00:00:00,24.1,958.4,17,AWS-BHO-103,Raisen,BHO,neighbor,False,
2025-03-14 01:00:00,24.1,958.0,18,AWS-BHO-103,Raisen,BHO,neighbor,False,
2025-03-14 02:00:00,24.2,957.5,19,AWS-BHO-103,Raisen,BHO,neighbor,False,
2025-03-14 03:00:00,24.0,957.3,21,AWS-BHO-103,Raisen,BHO,neighbor,False,
2025-03-14 04:00:00,23.2,957.6,23,AWS-BHO-103,Raisen,BHO,neighbor,False,
2025-03-14 05:00:00,22.3,958.3,27,AWS-BHO-103,Raisen,BHO,neighbor,False,
2025-03-14 06:00:00,19.8,959.4,39,AWS-BHO-103,Raisen,BHO,neighbor,False,
2025-03-14 07:00:00,21.6,960.6,41,AWS-BHO-103,Raisen,BHO,neighbor,False,
2025-03-14 08:00:00,25.8,962.3,34,AWS-BHO-103,Raisen,BHO,neighbor,False,
2025-03-14 09:00:00,29.1,963.4,27,AWS-BHO-103,Raisen,BHO,neighbor,False,
2025-03-14 10:00:00,31.5,963.4,24,AWS-BHO-103,Raisen,BHO,neighbor,False,
2025-03-14 11:00:00,33.3,963.1,22,AWS-BHO-103,Raisen,BHO,neighbor,False,
2025-03-14 12:00:00,34.5,962.0,20,AWS-BHO-103,Raisen,BHO,neighbor,False,
2025-03-14 13:00:00,35.3,960.8,19,AWS-BHO-103,Raisen,BHO,neighbor,False,
2025-03-14 14:00:00,36.2,959.4,18,AWS-BHO-103,Raisen,BHO,neighbor,False,
2025-03-14 15:00:00,36.5,958.2,16,AWS-BHO-103,Raisen,BHO,neighbor,False,
2025-03-14 16:00:00,35.8,958.0,16,AWS-BHO-103,Raisen,BHO,neighbor,False,
2025-03-14 17:00:00,33.8,957.8,22,AWS-BHO-103,Raisen,BHO,neighbor,False,
2025-03-14 18:00:00,30.7,958.3,26,AWS-BHO-103,Raisen,BHO,neighbor,False,
2025-03-14 19:00:00,28.5,958.6,29,AWS-BHO-103,Raisen,BHO,neighbor,False,
2025-03-14 20:00:00,26.5,959.4,28,AWS-BHO-103,Raisen,BHO,neighbor,False,
2025-03-14 21:00:00,25.0,959.8,29,AWS-BHO-103,Raisen,BHO,neighbor,False,
2025-03-14 22:00:00,26.9,960.2,24,AWS-BHO-103,Raisen,BHO,neighbor,False,
2025-03-14 23:00:00,25.6,960.1,26,AWS-BHO-103,Raisen,BHO,neighbor,False,
2025-03-15 00:00:00,24.8,959.6,27,AWS-BHO-103,Raisen,BHO,neighbor,False,
2025-03-15 01:00:00,24.5,959.3,26,AWS-BHO-103,Raisen,BHO,neighbor,False,
2025-03-15 02:00:00,23.6,958.9,27,AWS-BHO-103,Raisen,BHO,neighbor,False,
2025-03-15 03:00:00,22.4,958.6,29,AWS-BHO-103,Raisen,BHO,neighbor,False,
2025-03-15 04:00:00,21.2,958.6,31,AWS-BHO-103,Raisen,BHO,neighbor,False,
2025-03-15 05:00:00,20.7,958.9,33,AWS-BHO-103,Raisen,BHO,neighbor,False,
2025-03-15 06:00:00,19.8,960.0,42,AWS-BHO-103,Raisen,BHO,neighbor,False,
2025-03-15 07:00:00,22.1,961.2,40,AWS-BHO-103,Raisen,BHO,neighbor,False,
2025-03-15 08:00:00,26.2,962.8,34,AWS-BHO-103,Raisen,BHO,neighbor,False,
2025-03-15 09:00:00,29.5,963.7,29,AWS-BHO-103,Raisen,BHO,neighbor,False,
2025-03-15 10:00:00,32.1,963.8,24,AWS-BHO-103,Raisen,BHO,neighbor,False,
2025-03-15 11:00:00,33.9,963.3,20,AWS-BHO-103,Raisen,BHO,neighbor,False,
2025-03-15 12:00:00,35.1,962.7,18,AWS-BHO-103,Raisen,BHO,neighbor,False,
2025-03-15 13:00:00,36.0,961.8,16,AWS-BHO-103,Raisen,BHO,neighbor,False,
2025-03-15 14:00:00,36.4,961.0,16,AWS-BHO-103,Raisen,BHO,neighbor,False,
2025-03-15 15:00:00,35.9,960.1,16,AWS-BHO-103,Raisen,BHO,neighbor,False,
2025-03-15 16:00:00,34.9,959.9,17,AWS-BHO-103,Raisen,BHO,neighbor,False,
2025-03-15 17:00:00,34.0,960.0,18,AWS-BHO-103,Raisen,BHO,neighbor,False,
2025-03-15 18:00:00,31.8,960.5,20,AWS-BHO-103,Raisen,BHO,neighbor,False,
2025-03-15 19:00:00,30.4,960.7,21,AWS-BHO-103,Raisen,BHO,neighbor,False,
2025-03-15 20:00:00,29.9,961.5,22,AWS-BHO-103,Raisen,BHO,neighbor,False,
2025-03-15 21:00:00,29.2,962.0,23,AWS-BHO-103,Raisen,BHO,neighbor,False,
2025-03-15 22:00:00,28.4,962.0,24,AWS-BHO-103,Raisen,BHO,neighbor,False,
2025-03-15 23:00:00,28.6,961.6,24,AWS-BHO-103,Raisen,BHO,neighbor,False,
2025-03-16 00:00:00,28.4,961.3,24,AWS-BHO-103,Raisen,BHO,neighbor,False,
2025-03-16 01:00:00,27.9,961.1,25,AWS-BHO-103,Raisen,BHO,neighbor,False,
2025-03-16 02:00:00,27.0,960.9,27,AWS-BHO-103,Raisen,BHO,neighbor,False,
2025-03-16 03:00:00,25.8,960.4,32,AWS-BHO-103,Raisen,BHO,neighbor,False,
2025-03-16 04:00:00,24.6,960.4,36,AWS-BHO-103,Raisen,BHO,neighbor,False,
2025-03-16 05:00:00,22.9,960.5,40,AWS-BHO-103,Raisen,BHO,neighbor,False,
2025-03-16 06:00:00,22.8,961.5,41,AWS-BHO-103,Raisen,BHO,neighbor,False,
2025-03-16 07:00:00,24.3,962.5,39,AWS-BHO-103,Raisen,BHO,neighbor,False,
2025-03-16 08:00:00,27.2,963.6,33,AWS-BHO-103,Raisen,BHO,neighbor,False,
2025-03-16 09:00:00,29.9,964.3,26,AWS-BHO-103,Raisen,BHO,neighbor,False,
2025-03-16 10:00:00,31.7,964.5,22,AWS-BHO-103,Raisen,BHO,neighbor,False,
2025-03-16 11:00:00,33.0,964.2,20,AWS-BHO-103,Raisen,BHO,neighbor,False,
2025-03-16 12:00:00,33.9,963.1,20,AWS-BHO-103,Raisen,BHO,neighbor,False,
2025-03-16 13:00:00,34.6,961.7,18,AWS-BHO-103,Raisen,BHO,neighbor,False,
2025-03-16 14:00:00,35.0,960.5,16,AWS-BHO-103,Raisen,BHO,neighbor,False,
2025-03-16 15:00:00,34.6,959.7,16,AWS-BHO-103,Raisen,BHO,neighbor,False,
2025-03-16 16:00:00,33.8,959.5,17,AWS-BHO-103,Raisen,BHO,neighbor,False,
2025-03-16 17:00:00,32.4,959.3,19,AWS-BHO-103,Raisen,BHO,neighbor,False,
2025-03-16 18:00:00,29.5,959.5,24,AWS-BHO-103,Raisen,BHO,neighbor,False,
2025-03-16 19:00:00,27.2,959.4,29,AWS-BHO-103,Raisen,BHO,neighbor,False,
2025-03-16 20:00:00,27.3,960.0,26,AWS-BHO-103,Raisen,BHO,neighbor,False,
2025-03-16 21:00:00,25.7,960.2,30,AWS-BHO-103,Raisen,BHO,neighbor,False,
2025-03-16 22:00:00,24.3,960.1,33,AWS-BHO-103,Raisen,BHO,neighbor,False,
2025-03-16 23:00:00,23.2,960.0,36,AWS-BHO-103,Raisen,BHO,neighbor,False,
2025-03-17 00:00:00,23.8,960.0,33,AWS-BHO-103,Raisen,BHO,neighbor,False,
2025-03-17 01:00:00,24.2,960.0,31,AWS-BHO-103,Raisen,BHO,neighbor,False,
2025-03-17 02:00:00,23.4,959.4,33,AWS-BHO-103,Raisen,BHO,neighbor,False,
2025-03-17 03:00:00,22.5,959.2,36,AWS-BHO-103,Raisen,BHO,neighbor,False,
2025-03-17 04:00:00,21.7,959.6,41,AWS-BHO-103,Raisen,BHO,neighbor,False,
2025-03-17 05:00:00,20.9,960.3,46,AWS-BHO-103,Raisen,BHO,neighbor,False,
2025-03-17 06:00:00,21.1,961.4,59,AWS-BHO-103,Raisen,BHO,neighbor,False,
2025-03-17 07:00:00,22.1,962.5,59,AWS-BHO-103,Raisen,BHO,neighbor,False,
2025-03-17 08:00:00,24.2,963.7,53,AWS-BHO-103,Raisen,BHO,neighbor,False,
2025-03-17 09:00:00,26.6,964.5,44,AWS-BHO-103,Raisen,BHO,neighbor,False,
2025-03-17 10:00:00,28.9,964.7,36,AWS-BHO-103,Raisen,BHO,neighbor,False,
2025-03-17 11:00:00,30.5,964.3,30,AWS-BHO-103,Raisen,BHO,neighbor,False,
2025-03-17 12:00:00,31.7,963.3,25,AWS-BHO-103,Raisen,BHO,neighbor,False,
2025-03-17 13:00:00,32.2,962.2,25,AWS-BHO-103,Raisen,BHO,neighbor,False,
2025-03-17 14:00:00,32.2,961.2,25,AWS-BHO-103,Raisen,BHO,neighbor,False,
2025-03-17 15:00:00,32.2,960.4,25,AWS-BHO-103,Raisen,BHO,neighbor,False,
2025-03-17 16:00:00,32.3,960.2,23,AWS-BHO-103,Raisen,BHO,neighbor,False,
2025-03-17 17:00:00,31.6,960.2,21,AWS-BHO-103,Raisen,BHO,neighbor,False,
2025-03-17 18:00:00,27.6,960.7,31,AWS-BHO-103,Raisen,BHO,neighbor,False,
2025-03-17 19:00:00,26.1,961.4,32,AWS-BHO-103,Raisen,BHO,neighbor,False,
2025-03-17 20:00:00,25.1,962.1,31,AWS-BHO-103,Raisen,BHO,neighbor,False,
2025-03-17 21:00:00,23.7,962.4,34,AWS-BHO-103,Raisen,BHO,neighbor,False,
2025-03-17 22:00:00,23.6,962.4,32,AWS-BHO-103,Raisen,BHO,neighbor,False,
2025-03-17 23:00:00,23.7,962.5,30,AWS-BHO-103,Raisen,BHO,neighbor,False,
2025-03-18 00:00:00,22.6,962.4,33,AWS-BHO-103,Raisen,BHO,neighbor,False,
2025-03-18 01:00:00,21.8,962.1,38,AWS-BHO-103,Raisen,BHO,neighbor,False,
2025-03-18 02:00:00,21.1,961.4,44,AWS-BHO-103,Raisen,BHO,neighbor,False,
2025-03-18 03:00:00,20.5,961.2,47,AWS-BHO-103,Raisen,BHO,neighbor,False,
2025-03-18 04:00:00,19.9,961.1,49,AWS-BHO-103,Raisen,BHO,neighbor,False,
2025-03-18 05:00:00,19.4,961.4,50,AWS-BHO-103,Raisen,BHO,neighbor,False,
2025-03-18 06:00:00,19.5,962.2,54,AWS-BHO-103,Raisen,BHO,neighbor,False,
2025-03-18 07:00:00,21.0,963.2,50,AWS-BHO-103,Raisen,BHO,neighbor,False,
2025-03-18 08:00:00,23.9,964.2,41,AWS-BHO-103,Raisen,BHO,neighbor,False,
2025-03-18 09:00:00,26.9,964.7,34,AWS-BHO-103,Raisen,BHO,neighbor,False,
2025-03-18 10:00:00,29.3,964.6,28,AWS-BHO-103,Raisen,BHO,neighbor,False,
2025-03-18 11:00:00,31.0,964.1,25,AWS-BHO-103,Raisen,BHO,neighbor,False,
2025-03-18 12:00:00,32.1,963.2,22,AWS-BHO-103,Raisen,BHO,neighbor,False,
2025-03-18 13:00:00,32.9,962.0,20,AWS-BHO-103,Raisen,BHO,neighbor,False,
2025-03-18 14:00:00,33.3,961.2,19,AWS-BHO-103,Raisen,BHO,neighbor,False,
2025-03-18 15:00:00,33.1,960.6,19,AWS-BHO-103,Raisen,BHO,neighbor,False,
2025-03-18 16:00:00,32.5,960.7,20,AWS-BHO-103,Raisen,BHO,neighbor,False,
2025-03-18 17:00:00,31.2,960.7,22,AWS-BHO-103,Raisen,BHO,neighbor,False,
2025-03-18 18:00:00,28.3,960.9,25,AWS-BHO-103,Raisen,BHO,neighbor,False,
2025-03-18 19:00:00,26.9,961.0,28,AWS-BHO-103,Raisen,BHO,neighbor,False,
2025-03-18 20:00:00,25.4,961.5,30,AWS-BHO-103,Raisen,BHO,neighbor,False,
2025-03-18 21:00:00,24.3,961.9,31,AWS-BHO-103,Raisen,BHO,neighbor,False,
2025-03-18 22:00:00,23.8,962.3,30,AWS-BHO-103,Raisen,BHO,neighbor,False,
2025-03-18 23:00:00,22.9,962.0,31,AWS-BHO-103,Raisen,BHO,neighbor,False,
2025-03-19 00:00:00,21.4,961.3,35,AWS-BHO-103,Raisen,BHO,neighbor,False,
2025-03-19 01:00:00,20.5,961.1,40,AWS-BHO-103,Raisen,BHO,neighbor,False,
2025-03-19 02:00:00,20.1,960.3,42,AWS-BHO-103,Raisen,BHO,neighbor,False,
2025-03-19 03:00:00,19.6,960.4,43,AWS-BHO-103,Raisen,BHO,neighbor,False,
2025-03-19 04:00:00,18.9,960.4,43,AWS-BHO-103,Raisen,BHO,neighbor,False,
2025-03-19 05:00:00,18.6,960.8,44,AWS-BHO-103,Raisen,BHO,neighbor,False,
2025-03-19 06:00:00,18.6,962.0,48,AWS-BHO-103,Raisen,BHO,neighbor,False,
2025-03-19 07:00:00,21.3,963.2,42,AWS-BHO-103,Raisen,BHO,neighbor,False,
2025-03-19 08:00:00,24.8,964.4,34,AWS-BHO-103,Raisen,BHO,neighbor,False,
2025-03-19 09:00:00,28.0,964.9,28,AWS-BHO-103,Raisen,BHO,neighbor,False,
2025-03-19 10:00:00,30.8,965.0,24,AWS-BHO-103,Raisen,BHO,neighbor,False,
2025-03-19 11:00:00,32.8,964.5,22,AWS-BHO-103,Raisen,BHO,neighbor,False,
2025-03-19 12:00:00,34.2,963.6,21,AWS-BHO-103,Raisen,BHO,neighbor,False,
2025-03-19 13:00:00,35.1,962.6,20,AWS-BHO-103,Raisen,BHO,neighbor,False,
2025-03-19 14:00:00,35.3,961.4,19,AWS-BHO-103,Raisen,BHO,neighbor,False,
2025-03-19 15:00:00,35.6,960.6,19,AWS-BHO-103,Raisen,BHO,neighbor,False,
2025-03-19 16:00:00,35.0,960.3,20,AWS-BHO-103,Raisen,BHO,neighbor,False,
2025-03-19 17:00:00,33.5,959.9,24,AWS-BHO-103,Raisen,BHO,neighbor,False,
2025-03-19 18:00:00,30.6,960.2,25,AWS-BHO-103,Raisen,BHO,neighbor,False,
2025-03-19 19:00:00,29.3,960.7,27,AWS-BHO-103,Raisen,BHO,neighbor,False,
2025-03-19 20:00:00,28.1,961.3,29,AWS-BHO-103,Raisen,BHO,neighbor,False,
2025-03-19 21:00:00,26.5,962.6,30,AWS-BHO-103,Raisen,BHO,neighbor,False,
2025-03-19 22:00:00,25.7,963.0,34,AWS-BHO-103,Raisen,BHO,neighbor,False,
2025-03-19 23:00:00,25.0,963.2,35,AWS-BHO-103,Raisen,BHO,neighbor,False,
2025-03-20 00:00:00,23.7,963.0,36,AWS-BHO-103,Raisen,BHO,neighbor,False,
2025-03-20 01:00:00,23.3,962.3,36,AWS-BHO-103,Raisen,BHO,neighbor,False,
2025-03-20 02:00:00,21.9,961.9,40,AWS-BHO-103,Raisen,BHO,neighbor,False,
2025-03-20 03:00:00,22.3,962.1,37,AWS-BHO-103,Raisen,BHO,neighbor,False,
2025-03-20 04:00:00,22.3,961.9,37,AWS-BHO-103,Raisen,BHO,neighbor,False,
2025-03-20 05:00:00,22.0,962.3,39,AWS-BHO-103,Raisen,BHO,neighbor,False,
2025-03-20 06:00:00,22.1,963.1,42,AWS-BHO-103,Raisen,BHO,neighbor,False,
2025-03-20 07:00:00,23.4,964.1,40,AWS-BHO-103,Raisen,BHO,neighbor,False,
2025-03-20 08:00:00,25.6,965.0,35,AWS-BHO-103,Raisen,BHO,neighbor,False,
2025-03-20 09:00:00,27.8,965.4,33,AWS-BHO-103,Raisen,BHO,neighbor,False,
2025-03-20 10:00:00,30.4,965.7,29,AWS-BHO-103,Raisen,BHO,neighbor,False,
2025-03-20 11:00:00,32.3,965.1,26,AWS-BHO-103,Raisen,BHO,neighbor,False,
2025-03-20 12:00:00,33.6,964.1,24,AWS-BHO-103,Raisen,BHO,neighbor,False,
2025-03-20 13:00:00,34.4,962.9,21,AWS-BHO-103,Raisen,BHO,neighbor,False,
2025-03-20 14:00:00,35.1,961.8,19,AWS-BHO-103,Raisen,BHO,neighbor,False,
2025-03-20 15:00:00,35.1,960.8,19,AWS-BHO-103,Raisen,BHO,neighbor,False,
2025-03-20 16:00:00,34.0,960.6,20,AWS-BHO-103,Raisen,BHO,neighbor,False,
2025-03-20 17:00:00,32.1,960.4,23,AWS-BHO-103,Raisen,BHO,neighbor,False,
2025-03-20 18:00:00,30.5,961.1,24,AWS-BHO-103,Raisen,BHO,neighbor,False,
2025-03-20 19:00:00,28.2,961.7,30,AWS-BHO-103,Raisen,BHO,neighbor,False,
2025-03-20 20:00:00,26.7,962.6,34,AWS-BHO-103,Raisen,BHO,neighbor,False,
2025-03-20 21:00:00,25.5,963.1,35,AWS-BHO-103,Raisen,BHO,neighbor,False,
2025-03-20 22:00:00,23.7,963.5,50,AWS-BHO-103,Raisen,BHO,neighbor,False,
2025-03-20 23:00:00,22.6,962.7,55,AWS-BHO-103,Raisen,BHO,neighbor,False,
2025-03-21 00:00:00,21.8,962.4,59,AWS-BHO-103,Raisen,BHO,neighbor,False,
2025-03-21 01:00:00,20.9,962.1,64,AWS-BHO-103,Raisen,BHO,neighbor,False,
2025-03-21 02:00:00,20.5,961.5,65,AWS-BHO-103,Raisen,BHO,neighbor,False,
2025-03-21 03:00:00,20.5,961.1,63,AWS-BHO-103,Raisen,BHO,neighbor,False,
2025-03-21 04:00:00,20.1,961.1,61,AWS-BHO-103,Raisen,BHO,neighbor,False,
2025-03-21 05:00:00,19.5,961.8,57,AWS-BHO-103,Raisen,BHO,neighbor,False,
2025-03-21 06:00:00,18.8,962.8,82,AWS-BHO-103,Raisen,BHO,neighbor,False,
2025-03-21 07:00:00,21.4,963.7,69,AWS-BHO-103,Raisen,BHO,neighbor,False,
2025-03-21 08:00:00,25.1,965.0,50,AWS-BHO-103,Raisen,BHO,neighbor,False,
2025-03-21 09:00:00,27.6,965.6,42,AWS-BHO-103,Raisen,BHO,neighbor,False,
2025-03-21 10:00:00,29.5,965.9,36,AWS-BHO-103,Raisen,BHO,neighbor,False,
2025-03-21 11:00:00,31.2,965.3,28,AWS-BHO-103,Raisen,BHO,neighbor,False,
2025-03-21 12:00:00,32.3,964.2,25,AWS-BHO-103,Raisen,BHO,neighbor,False,
2025-03-21 13:00:00,33.0,963.0,21,AWS-BHO-103,Raisen,BHO,neighbor,False,
2025-03-21 14:00:00,33.6,961.8,16,AWS-BHO-103,Raisen,BHO,neighbor,False,
2025-03-21 15:00:00,33.7,960.8,13,AWS-BHO-103,Raisen,BHO,neighbor,False,
2025-03-21 16:00:00,33.2,960.4,11,AWS-BHO-103,Raisen,BHO,neighbor,False,
2025-03-21 17:00:00,32.0,960.4,13,AWS-BHO-103,Raisen,BHO,neighbor,False,
2025-03-21 18:00:00,28.6,961.0,25,AWS-BHO-103,Raisen,BHO,neighbor,False,
2025-03-21 19:00:00,27.4,961.7,26,AWS-BHO-103,Raisen,BHO,neighbor,False,
2025-03-21 20:00:00,27.0,962.7,26,AWS-BHO-103,Raisen,BHO,neighbor,False,
2025-03-21 21:00:00,26.0,963.2,28,AWS-BHO-103,Raisen,BHO,neighbor,False,
2025-03-21 22:00:00,24.6,963.3,30,AWS-BHO-103,Raisen,BHO,neighbor,False,
2025-03-21 23:00:00,22.8,962.9,33,AWS-BHO-103,Raisen,BHO,neighbor,False,
2025-03-22 00:00:00,22.0,962.7,35,AWS-BHO-103,Raisen,BHO,neighbor,False,
2025-03-22 01:00:00,21.8,962.4,35,AWS-BHO-103,Raisen,BHO,neighbor,False,
2025-03-22 02:00:00,21.2,961.9,35,AWS-BHO-103,Raisen,BHO,neighbor,False,
2025-03-22 03:00:00,20.8,962.1,36,AWS-BHO-103,Raisen,BHO,neighbor,False,
2025-03-22 04:00:00,19.3,962.0,40,AWS-BHO-103,Raisen,BHO,neighbor,False,
2025-03-22 05:00:00,18.7,962.2,41,AWS-BHO-103,Raisen,BHO,neighbor,False,
2025-03-22 06:00:00,18.4,962.9,56,AWS-BHO-103,Raisen,BHO,neighbor,False,
2025-03-22 07:00:00,21.3,964.3,48,AWS-BHO-103,Raisen,BHO,neighbor,False,
2025-03-22 08:00:00,25.3,965.7,41,AWS-BHO-103,Raisen,BHO,neighbor,False,
2025-03-22 09:00:00,28.4,966.2,32,AWS-BHO-103,Raisen,BHO,neighbor,False,
2025-03-22 10:00:00,30.6,966.2,24,AWS-BHO-103,Raisen,BHO,neighbor,False,
2025-03-22 11:00:00,32.0,965.6,20,AWS-BHO-103,Raisen,BHO,neighbor,False,
2025-03-22 12:00:00,33.1,964.6,18,AWS-BHO-103,Raisen,BHO,neighbor,False,
2025-03-22 13:00:00,34.2,963.2,14,AWS-BHO-103,Raisen,BHO,neighbor,False,
2025-03-22 14:00:00,33.1,962.3,16,AWS-BHO-103,Raisen,BHO,neighbor,False,
2025-03-22 15:00:00,32.3,962.0,14,AWS-BHO-103,Raisen,BHO,neighbor,False,
2025-03-22 16:00:00,32.8,961.6,14,AWS-BHO-103,Raisen,BHO,neighbor,False,
2025-03-22 17:00:00,31.6,961.3,16,AWS-BHO-103,Raisen,BHO,neighbor,False,
2025-03-22 18:00:00,27.8,961.7,19,AWS-BHO-103,Raisen,BHO,neighbor,False,
2025-03-22 19:00:00,27.6,962.4,18,AWS-BHO-103,Raisen,BHO,neighbor,False,
2025-03-22 20:00:00,25.0,962.6,24,AWS-BHO-103,Raisen,BHO,neighbor,False,
2025-03-22 21:00:00,23.9,962.9,26,AWS-BHO-103,Raisen,BHO,neighbor,False,
2025-03-22 22:00:00,23.2,963.2,26,AWS-BHO-103,Raisen,BHO,neighbor,False,
2025-03-22 23:00:00,22.8,963.3,26,AWS-BHO-103,Raisen,BHO,neighbor,False,
2025-03-23 00:00:00,21.6,963.1,28,AWS-BHO-103,Raisen,BHO,neighbor,False,
2025-03-23 01:00:00,20.9,962.5,32,AWS-BHO-103,Raisen,BHO,neighbor,False,
2025-03-23 02:00:00,20.1,962.3,32,AWS-BHO-103,Raisen,BHO,neighbor,False,
2025-03-23 03:00:00,18.9,962.1,35,AWS-BHO-103,Raisen,BHO,neighbor,False,
2025-03-23 04:00:00,18.6,962.3,36,AWS-BHO-103,Raisen,BHO,neighbor,False,
2025-03-23 05:00:00,18.4,962.7,38,AWS-BHO-103,Raisen,BHO,neighbor,False,
2025-03-23 06:00:00,18.5,963.1,44,AWS-BHO-103,Raisen,BHO,neighbor,False,
2025-03-23 07:00:00,21.4,964.6,39,AWS-BHO-103,Raisen,BHO,neighbor,False,
2025-03-23 08:00:00,25.2,966.0,33,AWS-BHO-103,Raisen,BHO,neighbor,False,
2025-03-23 09:00:00,28.3,966.7,28,AWS-BHO-103,Raisen,BHO,neighbor,False,
2025-03-23 10:00:00,30.9,967.0,20,AWS-BHO-103,Raisen,BHO,neighbor,False,
2025-03-23 11:00:00,32.6,966.3,14,AWS-BHO-103,Raisen,BHO,neighbor,False,
2025-03-23 12:00:00,33.5,965.3,12,AWS-BHO-103,Raisen,BHO,neighbor,False,
2025-03-23 13:00:00,33.8,964.2,12,AWS-BHO-103,Raisen,BHO,neighbor,False,
2025-03-23 14:00:00,34.2,963.1,11,AWS-BHO-103,Raisen,BHO,neighbor,False,
2025-03-23 15:00:00,34.0,962.4,11,AWS-BHO-103,Raisen,BHO,neighbor,False,
2025-03-23 16:00:00,33.4,962.2,9,AWS-BHO-103,Raisen,BHO,neighbor,False,
2025-03-23 17:00:00,32.0,962.2,11,AWS-BHO-103,Raisen,BHO,neighbor,False,
2025-03-23 18:00:00,27.6,962.6,15,AWS-BHO-103,Raisen,BHO,neighbor,False,
2025-03-23 19:00:00,25.7,963.1,18,AWS-BHO-103,Raisen,BHO,neighbor,False,
2025-03-23 20:00:00,24.4,963.6,19,AWS-BHO-103,Raisen,BHO,neighbor,False,
2025-03-23 21:00:00,24.0,963.9,18,AWS-BHO-103,Raisen,BHO,neighbor,False,
2025-03-23 22:00:00,24.1,964.6,17,AWS-BHO-103,Raisen,BHO,neighbor,False,
2025-03-23 23:00:00,22.2,964.3,23,AWS-BHO-103,Raisen,BHO,neighbor,False,
2025-03-24 00:00:00,20.9,963.9,30,AWS-BHO-103,Raisen,BHO,neighbor,False,
2025-03-24 01:00:00,19.8,963.2,37,AWS-BHO-103,Raisen,BHO,neighbor,False,
2025-03-24 02:00:00,18.7,962.7,42,AWS-BHO-103,Raisen,BHO,neighbor,False,
2025-03-24 03:00:00,18.4,962.6,44,AWS-BHO-103,Raisen,BHO,neighbor,False,
2025-03-24 04:00:00,18.0,962.5,46,AWS-BHO-103,Raisen,BHO,neighbor,False,
2025-03-24 05:00:00,17.7,962.9,46,AWS-BHO-103,Raisen,BHO,neighbor,False,
2025-03-24 06:00:00,18.7,964.0,49,AWS-BHO-103,Raisen,BHO,neighbor,False,
2025-03-24 07:00:00,21.6,965.4,43,AWS-BHO-103,Raisen,BHO,neighbor,False,
2025-03-24 08:00:00,25.1,967.0,36,AWS-BHO-103,Raisen,BHO,neighbor,False,
2025-03-24 09:00:00,28.3,967.4,29,AWS-BHO-103,Raisen,BHO,neighbor,False,
2025-03-24 10:00:00,30.8,967.2,21,AWS-BHO-103,Raisen,BHO,neighbor,False,
2025-03-24 11:00:00,32.4,966.5,17,AWS-BHO-103,Raisen,BHO,neighbor,False,
2025-03-24 12:00:00,33.5,965.3,15,AWS-BHO-103,Raisen,BHO,neighbor,False,
2025-03-24 13:00:00,34.4,964.0,14,AWS-BHO-103,Raisen,BHO,neighbor,False,
2025-03-24 14:00:00,34.8,962.8,12,AWS-BHO-103,Raisen,BHO,neighbor,False,
2025-03-24 15:00:00,34.3,962.2,12,AWS-BHO-103,Raisen,BHO,neighbor,False,
2025-03-24 16:00:00,33.6,962.0,13,AWS-BHO-103,Raisen,BHO,neighbor,False,
2025-03-24 17:00:00,32.3,961.9,14,AWS-BHO-103,Raisen,BHO,neighbor,False,
2025-03-24 18:00:00,27.9,961.9,18,AWS-BHO-103,Raisen,BHO,neighbor,False,
2025-03-24 19:00:00,26.4,962.4,18,AWS-BHO-103,Raisen,BHO,neighbor,False,
2025-03-24 20:00:00,25.5,962.8,20,AWS-BHO-103,Raisen,BHO,neighbor,False,
2025-03-24 21:00:00,24.1,963.0,22,AWS-BHO-103,Raisen,BHO,neighbor,False,
2025-03-24 22:00:00,23.9,963.0,22,AWS-BHO-103,Raisen,BHO,neighbor,False,
2025-03-24 23:00:00,21.9,962.1,25,AWS-BHO-103,Raisen,BHO,neighbor,False,
2025-03-25 00:00:00,21.0,961.7,28,AWS-BHO-103,Raisen,BHO,neighbor,False,
2025-03-25 01:00:00,20.6,961.0,29,AWS-BHO-103,Raisen,BHO,neighbor,False,
2025-03-25 02:00:00,19.9,960.3,32,AWS-BHO-103,Raisen,BHO,neighbor,False,
2025-03-25 03:00:00,19.1,960.1,34,AWS-BHO-103,Raisen,BHO,neighbor,False,
2025-03-25 04:00:00,18.9,960.1,36,AWS-BHO-103,Raisen,BHO,neighbor,False,
2025-03-25 05:00:00,18.9,960.2,36,AWS-BHO-103,Raisen,BHO,neighbor,False,
2025-03-25 06:00:00,18.7,961.0,43,AWS-BHO-103,Raisen,BHO,neighbor,False,
2025-03-25 07:00:00,21.9,962.3,38,AWS-BHO-103,Raisen,BHO,neighbor,False,
2025-03-25 08:00:00,25.7,963.4,32,AWS-BHO-103,Raisen,BHO,neighbor,False,
2025-03-25 09:00:00,29.2,964.0,25,AWS-BHO-103,Raisen,BHO,neighbor,False,
2025-03-25 10:00:00,31.9,963.9,19,AWS-BHO-103,Raisen,BHO,neighbor,False,
2025-03-25 11:00:00,33.5,963.2,16,AWS-BHO-103,Raisen,BHO,neighbor,False,
2025-03-25 12:00:00,34.6,962.1,15,AWS-BHO-103,Raisen,BHO,neighbor,False,
2025-03-25 13:00:00,35.3,960.8,14,AWS-BHO-103,Raisen,BHO,neighbor,False,
2025-03-25 14:00:00,36.0,959.7,13,AWS-BHO-103,Raisen,BHO,neighbor,False,
2025-03-25 15:00:00,36.1,958.6,13,AWS-BHO-103,Raisen,BHO,neighbor,False,
2025-03-25 16:00:00,35.4,958.3,13,AWS-BHO-103,Raisen,BHO,neighbor,False,
2025-03-25 17:00:00,33.3,958.2,18,AWS-BHO-103,Raisen,BHO,neighbor,False,
2025-03-25 18:00:00,30.1,958.3,21,AWS-BHO-103,Raisen,BHO,neighbor,False,
2025-03-25 19:00:00,27.7,958.3,20,AWS-BHO-103,Raisen,BHO,neighbor,False,
2025-03-25 20:00:00,26.8,958.8,20,AWS-BHO-103,Raisen,BHO,neighbor,False,
2025-03-25 21:00:00,27.1,959.1,20,AWS-BHO-103,Raisen,BHO,neighbor,False,
2025-03-25 22:00:00,26.0,959.2,22,AWS-BHO-103,Raisen,BHO,neighbor,False,
2025-03-25 23:00:00,23.7,958.6,25,AWS-BHO-103,Raisen,BHO,neighbor,False,
2025-03-26 00:00:00,23.6,958.2,25,AWS-BHO-103,Raisen,BHO,neighbor,False,
2025-03-26 01:00:00,22.4,957.5,29,AWS-BHO-103,Raisen,BHO,neighbor,False,
2025-03-26 02:00:00,21.9,956.6,32,AWS-BHO-103,Raisen,BHO,neighbor,False,
2025-03-26 03:00:00,21.0,956.4,36,AWS-BHO-103,Raisen,BHO,neighbor,False,
2025-03-26 04:00:00,20.7,956.6,37,AWS-BHO-103,Raisen,BHO,neighbor,False,
2025-03-26 05:00:00,19.9,956.8,38,AWS-BHO-103,Raisen,BHO,neighbor,False,
2025-03-26 06:00:00,20.2,957.5,41,AWS-BHO-103,Raisen,BHO,neighbor,False,
2025-03-26 07:00:00,23.5,959.3,36,AWS-BHO-103,Raisen,BHO,neighbor,False,
2025-03-26 08:00:00,27.1,960.7,30,AWS-BHO-103,Raisen,BHO,neighbor,False,
2025-03-26 09:00:00,30.8,961.4,23,AWS-BHO-103,Raisen,BHO,neighbor,False,
2025-03-26 10:00:00,33.7,961.5,18,AWS-BHO-103,Raisen,BHO,neighbor,False,
2025-03-26 11:00:00,35.5,961.1,14,AWS-BHO-103,Raisen,BHO,neighbor,False,
2025-03-26 12:00:00,36.4,960.2,13,AWS-BHO-103,Raisen,BHO,neighbor,False,
2025-03-26 13:00:00,36.9,959.0,12,AWS-BHO-103,Raisen,BHO,neighbor,False,
2025-03-26 14:00:00,37.1,957.9,12,AWS-BHO-103,Raisen,BHO,neighbor,False,
2025-03-26 15:00:00,36.8,957.4,12,AWS-BHO-103,Raisen,BHO,neighbor,False,
2025-03-26 16:00:00,36.3,957.0,12,AWS-BHO-103,Raisen,BHO,neighbor,False,
2025-03-26 17:00:00,34.4,956.9,32,AWS-BHO-103,Raisen,BHO,neighbor,False,
2025-03-26 18:00:00,30.9,956.6,20,AWS-BHO-103,Raisen,BHO,neighbor,False,
2025-03-26 19:00:00,29.1,956.7,21,AWS-BHO-103,Raisen,BHO,neighbor,False,
2025-03-26 20:00:00,27.7,957.3,22,AWS-BHO-103,Raisen,BHO,neighbor,False,
2025-03-26 21:00:00,25.9,957.8,25,AWS-BHO-103,Raisen,BHO,neighbor,False,
2025-03-26 22:00:00,24.9,957.9,28,AWS-BHO-103,Raisen,BHO,neighbor,False,
2025-03-26 23:00:00,24.9,957.7,27,AWS-BHO-103,Raisen,BHO,neighbor,False,
2025-03-27 00:00:00,23.8,957.6,28,AWS-BHO-103,Raisen,BHO,neighbor,False,
2025-03-27 01:00:00,22.8,957.1,30,AWS-BHO-103,Raisen,BHO,neighbor,False,
2025-03-27 02:00:00,22.7,956.3,30,AWS-BHO-103,Raisen,BHO,neighbor,False,
2025-03-27 03:00:00,22.7,956.6,30,AWS-BHO-103,Raisen,BHO,neighbor,False,
2025-03-27 04:00:00,21.0,956.9,33,AWS-BHO-103,Raisen,BHO,neighbor,False,
2025-03-27 05:00:00,20.9,957.3,33,AWS-BHO-103,Raisen,BHO,neighbor,False,
2025-03-27 06:00:00,20.7,958.2,38,AWS-BHO-103,Raisen,BHO,neighbor,False,
2025-03-27 07:00:00,23.9,959.2,33,AWS-BHO-103,Raisen,BHO,neighbor,False,
2025-03-27 08:00:00,27.8,960.5,27,AWS-BHO-103,Raisen,BHO,neighbor,False,
2025-03-27 09:00:00,31.3,961.0,22,AWS-BHO-103,Raisen,BHO,neighbor,False,
2025-03-27 10:00:00,34.7,961.3,18,AWS-BHO-103,Raisen,BHO,neighbor,False,
2025-03-27 11:00:00,36.7,960.5,14,AWS-BHO-103,Raisen,BHO,neighbor,False,
2025-03-27 12:00:00,37.6,959.5,13,AWS-BHO-103,Raisen,BHO,neighbor,False,
2025-03-27 13:00:00,37.9,958.7,13,AWS-BHO-103,Raisen,BHO,neighbor,False,
2025-03-27 14:00:00,37.6,957.8,13,AWS-BHO-103,Raisen,BHO,neighbor,False,
2025-03-27 15:00:00,37.4,957.2,13,AWS-BHO-103,Raisen,BHO,neighbor,False,
2025-03-27 16:00:00,36.4,956.7,14,AWS-BHO-103,Raisen,BHO,neighbor,False,
2025-03-27 17:00:00,34.9,956.4,16,AWS-BHO-103,Raisen,BHO,neighbor,False,
2025-03-27 18:00:00,31.8,955.8,18,AWS-BHO-103,Raisen,BHO,neighbor,False,
2025-03-27 19:00:00,29.7,956.1,20,AWS-BHO-103,Raisen,BHO,neighbor,False,
2025-03-27 20:00:00,29.1,957.2,22,AWS-BHO-103,Raisen,BHO,neighbor,False,
2025-03-27 21:00:00,27.2,958.0,25,AWS-BHO-103,Raisen,BHO,neighbor,False,
2025-03-27 22:00:00,27.4,958.2,25,AWS-BHO-103,Raisen,BHO,neighbor,False,
2025-03-27 23:00:00,25.9,958.2,27,AWS-BHO-103,Raisen,BHO,neighbor,False,
2025-03-28 00:00:00,24.5,957.7,29,AWS-BHO-103,Raisen,BHO,neighbor,False,
2025-03-28 01:00:00,24.4,957.5,29,AWS-BHO-103,Raisen,BHO,neighbor,False,
2025-03-28 02:00:00,24.3,957.2,30,AWS-BHO-103,Raisen,BHO,neighbor,False,
2025-03-28 03:00:00,24.4,957.3,31,AWS-BHO-103,Raisen,BHO,neighbor,False,
2025-03-28 04:00:00,24.3,957.7,36,AWS-BHO-103,Raisen,BHO,neighbor,False,
2025-03-28 05:00:00,23.8,958.5,39,AWS-BHO-103,Raisen,BHO,neighbor,False,
2025-03-28 06:00:00,24.1,959.4,40,AWS-BHO-103,Raisen,BHO,neighbor,False,
2025-03-28 07:00:00,25.5,960.3,36,AWS-BHO-103,Raisen,BHO,neighbor,False,
2025-03-28 08:00:00,28.1,961.7,29,AWS-BHO-103,Raisen,BHO,neighbor,False,
2025-03-28 09:00:00,30.6,962.2,22,AWS-BHO-103,Raisen,BHO,neighbor,False,
2025-03-28 10:00:00,32.6,962.6,17,AWS-BHO-103,Raisen,BHO,neighbor,False,
2025-03-28 11:00:00,34.0,962.0,15,AWS-BHO-103,Raisen,BHO,neighbor,False,
2025-03-28 12:00:00,35.0,961.3,15,AWS-BHO-103,Raisen,BHO,neighbor,False,
2025-03-28 13:00:00,35.7,960.2,15,AWS-BHO-103,Raisen,BHO,neighbor,False,
2025-03-28 14:00:00,35.8,959.0,15,AWS-BHO-103,Raisen,BHO,neighbor,False,
2025-03-28 15:00:00,35.6,958.1,16,AWS-BHO-103,Raisen,BHO,neighbor,False,
2025-03-28 16:00:00,34.9,958.0,16,AWS-BHO-103,Raisen,BHO,neighbor,False,
2025-03-28 17:00:00,33.6,958.0,19,AWS-BHO-103,Raisen,BHO,neighbor,False,
2025-03-28 18:00:00,30.1,958.0,22,AWS-BHO-103,Raisen,BHO,neighbor,False,
2025-03-28 19:00:00,28.8,958.3,23,AWS-BHO-103,Raisen,BHO,neighbor,False,
2025-03-28 20:00:00,28.2,959.6,22,AWS-BHO-103,Raisen,BHO,neighbor,False,
2025-03-28 21:00:00,27.3,960.1,20,AWS-BHO-103,Raisen,BHO,neighbor,False,
2025-03-28 22:00:00,26.4,960.6,18,AWS-BHO-103,Raisen,BHO,neighbor,False,
2025-03-28 23:00:00,25.1,960.4,17,AWS-BHO-103,Raisen,BHO,neighbor,False,
2025-03-29 00:00:00,23.9,959.9,18,AWS-BHO-103,Raisen,BHO,neighbor,False,
2025-03-29 01:00:00,23.3,959.3,18,AWS-BHO-103,Raisen,BHO,neighbor,False,
2025-03-29 02:00:00,22.6,958.8,16,AWS-BHO-103,Raisen,BHO,neighbor,False,
2025-03-29 03:00:00,21.9,958.3,14,AWS-BHO-103,Raisen,BHO,neighbor,False,
2025-03-29 04:00:00,21.1,958.5,14,AWS-BHO-103,Raisen,BHO,neighbor,False,
2025-03-29 05:00:00,20.1,958.8,15,AWS-BHO-103,Raisen,BHO,neighbor,False,
2025-03-29 06:00:00,19.4,959.9,17,AWS-BHO-103,Raisen,BHO,neighbor,False,
2025-03-29 07:00:00,21.0,961.0,18,AWS-BHO-103,Raisen,BHO,neighbor,False,
2025-03-29 08:00:00,23.4,962.3,16,AWS-BHO-103,Raisen,BHO,neighbor,False,
2025-03-29 09:00:00,26.0,963.1,16,AWS-BHO-103,Raisen,BHO,neighbor,False,
2025-03-29 10:00:00,28.5,963.2,14,AWS-BHO-103,Raisen,BHO,neighbor,False,
2025-03-29 11:00:00,30.5,962.7,12,AWS-BHO-103,Raisen,BHO,neighbor,False,
2025-03-29 12:00:00,32.0,961.8,11,AWS-BHO-103,Raisen,BHO,neighbor,False,
2025-03-29 13:00:00,33.2,960.7,10,AWS-BHO-103,Raisen,BHO,neighbor,False,
2025-03-29 14:00:00,33.8,959.8,10,AWS-BHO-103,Raisen,BHO,neighbor,False,
2025-03-29 15:00:00,33.8,959.0,10,AWS-BHO-103,Raisen,BHO,neighbor,False,
2025-03-29 16:00:00,33.3,958.9,10,AWS-BHO-103,Raisen,BHO,neighbor,False,
2025-03-29 17:00:00,31.8,958.5,17,AWS-BHO-103,Raisen,BHO,neighbor,False,
2025-03-29 18:00:00,29.2,958.8,16,AWS-BHO-103,Raisen,BHO,neighbor,False,
2025-03-29 19:00:00,26.4,959.1,17,AWS-BHO-103,Raisen,BHO,neighbor,False,
2025-03-29 20:00:00,25.4,959.8,12,AWS-BHO-103,Raisen,BHO,neighbor,False,
2025-03-29 21:00:00,24.2,960.5,11,AWS-BHO-103,Raisen,BHO,neighbor,False,
2025-03-29 22:00:00,23.5,960.8,11,AWS-BHO-103,Raisen,BHO,neighbor,False,
2025-03-29 23:00:00,22.6,960.5,11,AWS-BHO-103,Raisen,BHO,neighbor,False,
2025-03-30 00:00:00,21.2,959.9,13,AWS-BHO-103,Raisen,BHO,neighbor,False,
2025-03-30 01:00:00,19.8,959.2,14,AWS-BHO-103,Raisen,BHO,neighbor,False,
2025-03-30 02:00:00,18.8,958.6,16,AWS-BHO-103,Raisen,BHO,neighbor,False,
2025-03-30 03:00:00,18.7,958.2,16,AWS-BHO-103,Raisen,BHO,neighbor,False,
2025-03-30 04:00:00,18.4,958.3,17,AWS-BHO-103,Raisen,BHO,neighbor,False,
2025-03-30 05:00:00,18.0,958.9,18,AWS-BHO-103,Raisen,BHO,neighbor,False,
2025-03-30 06:00:00,18.2,960.0,22,AWS-BHO-103,Raisen,BHO,neighbor,False,
2025-03-30 07:00:00,20.5,961.4,24,AWS-BHO-103,Raisen,BHO,neighbor,False,
2025-03-30 08:00:00,24.1,963.0,22,AWS-BHO-103,Raisen,BHO,neighbor,False,
2025-03-30 09:00:00,27.6,963.7,17,AWS-BHO-103,Raisen,BHO,neighbor,False,
2025-03-30 10:00:00,30.3,963.9,13,AWS-BHO-103,Raisen,BHO,neighbor,False,
2025-03-30 11:00:00,32.2,963.7,12,AWS-BHO-103,Raisen,BHO,neighbor,False,
2025-03-30 12:00:00,33.7,962.7,10,AWS-BHO-103,Raisen,BHO,neighbor,False,
2025-03-30 13:00:00,34.7,961.7,10,AWS-BHO-103,Raisen,BHO,neighbor,False,
2025-03-30 14:00:00,35.3,960.5,10,AWS-BHO-103,Raisen,BHO,neighbor,False,
2025-03-30 15:00:00,35.3,959.9,10,AWS-BHO-103,Raisen,BHO,neighbor,False,
2025-03-30 16:00:00,34.9,959.5,10,AWS-BHO-103,Raisen,BHO,neighbor,False,
2025-03-30 17:00:00,33.3,959.4,17,AWS-BHO-103,Raisen,BHO,neighbor,False,
2025-03-30 18:00:00,29.1,959.3,17,AWS-BHO-103,Raisen,BHO,neighbor,False,
2025-03-30 19:00:00,27.6,959.7,19,AWS-BHO-103,Raisen,BHO,neighbor,False,
2025-03-30 20:00:00,26.3,960.2,19,AWS-BHO-103,Raisen,BHO,neighbor,False,
2025-03-30 21:00:00,26.0,960.8,17,AWS-BHO-103,Raisen,BHO,neighbor,False,
2025-03-30 22:00:00,25.3,960.9,17,AWS-BHO-103,Raisen,BHO,neighbor,False,
2025-03-30 23:00:00,24.0,961.0,19,AWS-BHO-103,Raisen,BHO,neighbor,False,
2025-03-31 00:00:00,22.9,960.4,23,AWS-BHO-103,Raisen,BHO,neighbor,False,
2025-03-31 01:00:00,22.1,959.8,25,AWS-BHO-103,Raisen,BHO,neighbor,False,
2025-03-31 02:00:00,20.8,959.1,28,AWS-BHO-103,Raisen,BHO,neighbor,False,
2025-03-31 03:00:00,20.3,958.9,30,AWS-BHO-103,Raisen,BHO,neighbor,False,
2025-03-31 04:00:00,20.2,959.2,31,AWS-BHO-103,Raisen,BHO,neighbor,False,
2025-03-31 05:00:00,19.6,959.4,32,AWS-BHO-103,Raisen,BHO,neighbor,False,
2025-03-31 06:00:00,20.4,960.6,35,AWS-BHO-103,Raisen,BHO,neighbor,False,
2025-03-31 07:00:00,23.2,961.9,28,AWS-BHO-103,Raisen,BHO,neighbor,False,
2025-03-31 08:00:00,26.1,963.3,22,AWS-BHO-103,Raisen,BHO,neighbor,False,
2025-03-31 09:00:00,28.5,963.6,19,AWS-BHO-103,Raisen,BHO,neighbor,False,
2025-03-31 10:00:00,31.8,963.7,14,AWS-BHO-103,Raisen,BHO,neighbor,False,
2025-03-31 11:00:00,34.3,963.1,12,AWS-BHO-103,Raisen,BHO,neighbor,False,
2025-03-31 12:00:00,35.7,962.4,11,AWS-BHO-103,Raisen,BHO,neighbor,False,
2025-03-31 13:00:00,36.5,961.1,11,AWS-BHO-103,Raisen,BHO,neighbor,False,
2025-03-31 14:00:00,36.9,960.1,11,AWS-BHO-103,Raisen,BHO,neighbor,False,
2025-03-31 15:00:00,36.9,959.0,11,AWS-BHO-103,Raisen,BHO,neighbor,False,
2025-03-31 16:00:00,36.5,958.8,11,AWS-BHO-103,Raisen,BHO,neighbor,False,
2025-03-31 17:00:00,35.0,958.4,12,AWS-BHO-103,Raisen,BHO,neighbor,False,
2025-03-31 18:00:00,31.4,958.6,13,AWS-BHO-103,Raisen,BHO,neighbor,False,
2025-03-31 19:00:00,29.4,958.9,15,AWS-BHO-103,Raisen,BHO,neighbor,False,
2025-03-31 20:00:00,28.4,959.7,15,AWS-BHO-103,Raisen,BHO,neighbor,False,
2025-03-31 21:00:00,27.8,960.3,18,AWS-BHO-103,Raisen,BHO,neighbor,False,
2025-03-31 22:00:00,26.0,960.2,21,AWS-BHO-103,Raisen,BHO,neighbor,False,
2025-03-31 23:00:00,25.1,959.3,22,AWS-BHO-103,Raisen,BHO,neighbor,False,
