timestamp,temperature_c,pressure_hpa,humidity_pct,station_id,station_name,cluster_id,role,is_anomaly,fault_type
2025-01-01 00:00:00,11.3,1008.9,94,AWS-VAR-052,Varanasi,VAR,center,False,
2025-01-01 01:00:00,10.9,1008.4,94,AWS-VAR-052,Varanasi,VAR,center,False,
2025-01-01 02:00:00,10.5,1008.1,95,AWS-VAR-052,Varanasi,VAR,center,False,
2025-01-01 03:00:00,10.1,1007.6,96,AWS-VAR-052,Varanasi,VAR,center,False,
2025-01-01 04:00:00,9.8,1007.6,97,AWS-VAR-052,Varanasi,VAR,center,False,
2025-01-01 05:00:00,9.5,1007.6,98,AWS-VAR-052,Varanasi,VAR,center,False,
2025-01-01 06:00:00,9.9,1009.3,99,AWS-VAR-052,Varanasi,VAR,center,False,
2025-01-01 07:00:00,10.3,1009.9,98,AWS-VAR-052,Varanasi,VAR,center,False,
2025-01-01 08:00:00,12.0,1010.6,92,AWS-VAR-052,Varanasi,VAR,center,False,
2025-01-01 09:00:00,13.9,1010.9,81,AWS-VAR-052,Varanasi,VAR,center,False,
2025-01-01 10:00:00,15.4,1010.6,69,AWS-VAR-052,Varanasi,VAR,center,False,
2025-01-01 11:00:00,16.3,1009.9,66,AWS-VAR-052,Varanasi,VAR,center,False,
2025-01-01 12:00:00,17.1,1008.7,63,AWS-VAR-052,Varanasi,VAR,center,False,
2025-01-01 13:00:00,17.8,1007.3,62,AWS-VAR-052,Varanasi,VAR,center,False,
2025-01-01 14:00:00,18.1,1006.3,62,AWS-VAR-052,Varanasi,VAR,center,False,
2025-01-01 15:00:00,17.9,1006.1,63,AWS-VAR-052,Varanasi,VAR,center,False,
2025-01-01 16:00:00,17.1,1006.0,69,AWS-VAR-052,Varanasi,VAR,center,False,
2025-01-01 17:00:00,15.5,1006.1,77,AWS-VAR-052,Varanasi,VAR,center,False,
2025-01-01 18:00:00,13.1,1007.8,85,AWS-VAR-052,Varanasi,VAR,center,False,
2025-01-01 19:00:00,12.6,1008.1,87,AWS-VAR-052,Varanasi,VAR,center,False,
2025-01-01 20:00:00,12.2,1008.7,87,AWS-VAR-052,Varanasi,VAR,center,False,
2025-01-01 21:00:00,11.6,1008.6,89,AWS-VAR-052,Varanasi,VAR,center,False,
2025-01-01 22:00:00,11.0,1008.4,91,AWS-VAR-052,Varanasi,VAR,center,False,
2025-01-01 23:00:00,10.8,1008.2,91,AWS-VAR-052,Varanasi,VAR,center,False,
2025-01-02 00:00:00,10.4,1007.9,92,AWS-VAR-052,Varanasi,VAR,center,False,
2025-01-02 01:00:00,10.1,1007.4,93,AWS-VAR-052,Varanasi,VAR,center,False,
2025-01-02 02:00:00,9.8,1006.9,94,AWS-VAR-052,Varanasi,VAR,center,False,
2025-01-02 03:00:00,9.7,1006.4,95,AWS-VAR-052,Varanasi,VAR,center,False,
2025-01-02 04:00:00,9.6,1006.6,96,AWS-VAR-052,Varanasi,VAR,center,False,
2025-01-02 05:00:00,9.5,1006.9,96,AWS-VAR-052,Varanasi,VAR,center,False,
2025-01-02 06:00:00,9.5,1008.6,97,AWS-VAR-052,Varanasi,VAR,center,False,
2025-01-02 07:00:00,9.6,1009.4,98,AWS-VAR-052,Varanasi,VAR,center,False,
2025-01-02 08:00:00,11.1,1010.1,94,AWS-VAR-052,Varanasi,VAR,center,False,
2025-01-02 09:00:00,13.1,1010.5,87,AWS-VAR-052,Varanasi,VAR,center,False,
2025-01-02 10:00:00,15.0,1010.2,78,AWS-VAR-052,Varanasi,VAR,center,False,
2025-01-02 11:00:00,16.8,1009.5,68,AWS-VAR-052,Varanasi,VAR,center,False,
2025-01-02 12:00:00,17.4,1008.6,65,AWS-VAR-052,Varanasi,VAR,center,False,
2025-01-02 13:00:00,18.5,1007.5,60,AWS-VAR-052,Varanasi,VAR,center,False,
2025-01-02 14:00:00,18.7,1006.7,61,AWS-VAR-052,Varanasi,VAR,center,False,
2025-01-02 15:00:00,18.5,1006.2,63,AWS-VAR-052,Varanasi,VAR,center,False,
2025-01-02 16:00:00,17.7,1006.5,69,AWS-VAR-052,Varanasi,VAR,center,False,
2025-01-02 17:00:00,16.2,1006.7,77,AWS-VAR-052,Varanasi,VAR,center,False,
2025-01-02 18:00:00,14.9,1007.9,79,AWS-VAR-052,Varanasi,VAR,center,False,
2025-01-02 19:00:00,14.4,1008.4,81,AWS-VAR-052,Varanasi,VAR,center,False,
2025-01-02 20:00:00,13.7,1008.8,85,AWS-VAR-052,Varanasi,VAR,center,False,
2025-01-02 21:00:00,13.1,1008.9,88,AWS-VAR-052,Varanasi,VAR,center,False,
2025-01-02 22:00:00,12.5,1008.8,90,AWS-VAR-052,Varanasi,VAR,center,False,
2025-01-02 23:00:00,12.0,1008.3,91,AWS-VAR-052,Varanasi,VAR,center,False,
2025-01-03 00:00:00,11.5,1007.8,93,AWS-VAR-052,Varanasi,VAR,center,False,
2025-01-03 01:00:00,10.9,1007.5,94,AWS-VAR-052,Varanasi,VAR,center,False,
2025-01-03 02:00:00,10.3,1007.2,96,AWS-VAR-052,Varanasi,VAR,center,False,
2025-01-03 03:00:00,9.7,1006.9,98,AWS-VAR-052,Varanasi,VAR,center,False,
2025-01-03 04:00:00,9.4,1007.1,99,AWS-VAR-052,Varanasi,VAR,center,False,
2025-01-03 05:00:00,9.4,1007.5,98,AWS-VAR-052,Varanasi,VAR,center,False,
2025-01-03 06:00:00,8.8,1008.9,100,AWS-VAR-052,Varanasi,VAR,center,False,
2025-01-03 07:00:00,9.1,1009.4,100,AWS-VAR-052,Varanasi,VAR,center,False,
2025-01-03 08:00:00,10.5,1010.2,98,AWS-VAR-052,Varanasi,VAR,center,False,
2025-01-03 09:00:00,12.8,1010.4,93,AWS-VAR-052,Varanasi,VAR,center,False,
2025-01-03 10:00:00,15.5,1010.2,81,AWS-VAR-052,Varanasi,VAR,center,False,
2025-01-03 11:00:00,17.3,1009.1,73,AWS-VAR-052,Varanasi,VAR,center,False,
2025-01-03 12:00:00,18.5,1007.8,69,AWS-VAR-052,Varanasi,VAR,center,False,
2025-01-03 13:00:00,19.3,1006.7,67,AWS-VAR-052,Varanasi,VAR,center,False,
2025-01-03 14:00:00,19.7,1006.0,66,AWS-VAR-052,Varanasi,VAR,center,False,
2025-01-03 15:00:00,19.7,1005.7,67,AWS-VAR-052,Varanasi,VAR,center,False,
2025-01-03 16:00:00,18.8,1005.6,75,AWS-VAR-052,Varanasi,VAR,center,False,
2025-01-03 17:00:00,16.7,1005.6,82,AWS-VAR-052,Varanasi,VAR,center,False,
2025-01-03 18:00:00,14.4,1006.9,90,AWS-VAR-052,Varanasi,VAR,center,False,
2025-01-03 19:00:00,13.6,1007.2,92,AWS-VAR-052,Varanasi,VAR,center,False,
2025-01-03 20:00:00,12.9,1007.3,93,AWS-VAR-052,Varanasi,VAR,center,False,
2025-01-03 21:00:00,12.4,1007.2,94,AWS-VAR-052,Varanasi,VAR,center,False,
2025-01-03 22:00:00,12.0,1007.3,95,AWS-VAR-052,Varanasi,VAR,center,False,
2025-01-03 23:00:00,11.2,1007.1,98,AWS-VAR-052,Varanasi,VAR,center,False,
2025-01-04 00:00:00,10.6,1006.7,99,AWS-VAR-052,Varanasi,VAR,center,False,
2025-01-04 01:00:00,10.2,1006.2,100,AWS-VAR-052,Varanasi,VAR,center,False,
2025-01-04 02:00:00,9.9,1005.7,100,AWS-VAR-052,Varanasi,VAR,center,False,
2025-01-04 03:00:00,9.6,1005.4,100,AWS-VAR-052,Varanasi,VAR,center,False,
2025-01-04 04:00:00,9.4,1005.5,100,AWS-VAR-052,Varanasi,VAR,center,False,
2025-01-04 05:00:00,9.1,1005.9,100,AWS-VAR-052,Varanasi,VAR,center,False,
2025-01-04 06:00:00,10.0,1007.2,98,AWS-VAR-052,Varanasi,VAR,center,False,
2025-01-04 07:00:00,9.8,1007.9,100,AWS-VAR-052,Varanasi,VAR,center,False,
2025-01-04 08:00:00,10.7,1008.8,98,AWS-VAR-052,Varanasi,VAR,center,False,
2025-01-04 09:00:00,12.4,1009.3,97,AWS-VAR-052,Varanasi,VAR,center,False,
2025-01-04 10:00:00,13.8,1009.1,93,AWS-VAR-052,Varanasi,VAR,center,False,
2025-01-04 11:00:00,16.3,1008.3,82,AWS-VAR-052,Varanasi,VAR,center,False,
2025-01-04 12:00:00,17.8,1007.1,73,AWS-VAR-052,Varanasi,VAR,center,False,
2025-01-04 13:00:00,18.5,1005.7,71,AWS-VAR-052,Varanasi,VAR,center,False,
2025-01-04 14:00:00,18.8,1004.8,70,AWS-VAR-052,Varanasi,VAR,center,False,
2025-01-04 15:00:00,18.8,1004.4,69,AWS-VAR-052,Varanasi,VAR,center,False,
2025-01-04 16:00:00,18.2,1004.3,76,AWS-VAR-052,Varanasi,VAR,center,False,
2025-01-04 17:00:00,16.3,1004.7,82,AWS-VAR-052,Varanasi,VAR,center,False,
2025-01-04 18:00:00,13.7,1006.2,89,AWS-VAR-052,Varanasi,VAR,center,False,
2025-01-04 19:00:00,12.5,1006.7,92,AWS-VAR-052,Varanasi,VAR,center,False,
2025-01-04 20:00:00,11.8,1007.2,93,AWS-VAR-052,Varanasi,VAR,center,False,
2025-01-04 21:00:00,11.4,1007.3,93,AWS-VAR-052,Varanasi,VAR,center,False,
2025-01-04 22:00:00,10.9,1007.3,94,AWS-VAR-052,Varanasi,VAR,center,False,
2025-01-04 23:00:00,10.5,1007.1,95,AWS-VAR-052,Varanasi,VAR,center,False,
2025-01-05 00:00:00,9.9,1006.5,99,AWS-VAR-052,Varanasi,VAR,center,False,
2025-01-05 01:00:00,9.5,1006.2,100,AWS-VAR-052,Varanasi,VAR,center,False,
2025-01-05 02:00:00,9.2,1005.7,100,AWS-VAR-052,Varanasi,VAR,center,False,
2025-01-05 03:00:00,9.4,1005.6,100,AWS-VAR-052,Varanasi,VAR,center,False,
2025-01-05 04:00:00,9.6,1005.4,100,AWS-VAR-052,Varanasi,VAR,center,False,
2025-01-05 05:00:00,9.5,1005.8,100,AWS-VAR-052,Varanasi,VAR,center,False,
2025-01-05 06:00:00,9.8,1007.3,98,AWS-VAR-052,Varanasi,VAR,center,False,
2025-01-05 07:00:00,10.0,1008.1,99,AWS-VAR-052,Varanasi,VAR,center,False,
2025-01-05 08:00:00,10.7,1009.0,98,AWS-VAR-052,Varanasi,VAR,center,False,
2025-01-05 09:00:00,11.7,1009.7,96,AWS-VAR-052,Varanasi,VAR,center,False,
2025-01-05 10:00:00,14.0,1009.3,87,AWS-VAR-052,Varanasi,VAR,center,False,
2025-01-05 11:00:00,16.4,1008.4,81,AWS-VAR-052,Varanasi,VAR,center,False,
2025-01-05 12:00:00,17.7,1007.2,77,AWS-VAR-052,Varanasi,VAR,center,False,
2025-01-05 13:00:00,18.8,1006.0,74,AWS-VAR-052,Varanasi,VAR,center,False,
2025-01-05 14:00:00,19.1,1005.3,73,AWS-VAR-052,Varanasi,VAR,center,False,
2025-01-05 15:00:00,19.1,1004.9,73,AWS-VAR-052,Varanasi,VAR,center,False,
2025-01-05 16:00:00,18.3,1004.7,77,AWS-VAR-052,Varanasi,VAR,center,False,
2025-01-05 17:00:00,17.0,1004.9,83,AWS-VAR-052,Varanasi,VAR,center,False,
2025-01-05 18:00:00,15.0,1006.2,92,AWS-VAR-052,Varanasi,VAR,center,False,
2025-01-05 19:00:00,14.5,1006.6,93,AWS-VAR-052,Varanasi,VAR,center,False,
2025-01-05 20:00:00,14.3,1007.0,93,AWS-VAR-052,Varanasi,VAR,center,False,
2025-01-05 21:00:00,14.0,1007.1,94,AWS-VAR-052,Varanasi,VAR,center,False,
2025-01-05 22:00:00,13.8,1006.6,94,AWS-VAR-052,Varanasi,VAR,center,False,
2025-01-05 23:00:00,13.7,1006.1,96,AWS-VAR-052,Varanasi,VAR,center,False,
2025-01-06 00:00:00,13.5,1005.5,96,AWS-VAR-052,Varanasi,VAR,center,False,
2025-01-06 01:00:00,13.1,1005.6,97,AWS-VAR-052,Varanasi,VAR,center,False,
2025-01-06 02:00:00,12.9,1005.2,97,AWS-VAR-052,Varanasi,VAR,center,False,
2025-01-06 03:00:00,12.9,1004.6,97,AWS-VAR-052,Varanasi,VAR,center,False,
2025-01-06 04:00:00,12.8,1004.7,97,AWS-VAR-052,Varanasi,VAR,center,False,
2025-01-06 05:00:00,12.9,1005.0,96,AWS-VAR-052,Varanasi,VAR,center,False,
2025-01-06 06:00:00,12.1,1005.9,99,AWS-VAR-052,Varanasi,VAR,center,False,
2025-01-06 07:00:00,12.5,1006.6,99,AWS-VAR-052,Varanasi,VAR,center,False,
2025-01-06 08:00:00,13.7,1007.1,96,AWS-VAR-052,Varanasi,VAR,center,False,
2025-01-06 09:00:00,15.7,1007.9,90,AWS-VAR-052,Varanasi,VAR,center,False,
2025-01-06 10:00:00,17.6,1007.7,84,AWS-VAR-052,Varanasi,VAR,center,False,
2025-01-06 11:00:00,19.4,1006.8,79,AWS-VAR-052,Varanasi,VAR,center,False,
2025-01-06 12:00:00,20.8,1005.5,76,AWS-VAR-052,Varanasi,VAR,center,False,
2025-01-06 13:00:00,21.8,1004.2,73,AWS-VAR-052,Varanasi,VAR,center,False,
2025-01-06 14:00:00,22.4,1003.5,71,AWS-VAR-052,Varanasi,VAR,center,False,
2025-01-06 15:00:00,22.4,1003.2,71,AWS-VAR-052,Varanasi,VAR,center,False,
2025-01-06 16:00:00,21.4,1002.8,80,AWS-VAR-052,Varanasi,VAR,center,False,
2025-01-06 17:00:00,19.0,1002.8,88,AWS-VAR-052,Varanasi,VAR,center,False,
2025-01-06 18:00:00,16.9,1003.5,93,AWS-VAR-052,Varanasi,VAR,center,False,
2025-01-06 19:00:00,16.1,1004.2,94,AWS-VAR-052,Varanasi,VAR,center,False,
2025-01-06 20:00:00,15.7,1004.7,95,AWS-VAR-052,Varanasi,VAR,center,False,
2025-01-06 21:00:00,15.2,1005.2,93,AWS-VAR-052,Varanasi,VAR,center,False,
2025-01-06 22:00:00,14.9,1005.4,93,AWS-VAR-052,Varanasi,VAR,center,False,
2025-01-06 23:00:00,14.3,1005.4,94,AWS-VAR-052,Varanasi,VAR,center,False,
2025-01-07 00:00:00,13.8,1005.1,95,AWS-VAR-052,Varanasi,VAR,center,False,
2025-01-07 01:00:00,13.2,1004.9,97,AWS-VAR-052,Varanasi,VAR,center,False,
2025-01-07 02:00:00,12.8,1005.0,98,AWS-VAR-052,Varanasi,VAR,center,False,
2025-01-07 03:00:00,12.5,1004.9,98,AWS-VAR-052,Varanasi,VAR,center,False,
2025-01-07 04:00:00,12.2,1005.0,99,AWS-VAR-052,Varanasi,VAR,center,False,
2025-01-07 05:00:00,12.0,1005.6,99,AWS-VAR-052,Varanasi,VAR,center,False,
2025-01-07 06:00:00,12.7,1006.9,100,AWS-VAR-052,Varanasi,VAR,center,False,
2025-01-07 07:00:00,13.0,1007.6,98,AWS-VAR-052,Varanasi,VAR,center,False,
2025-01-07 08:00:00,13.5,1008.4,96,AWS-VAR-052,Varanasi,VAR,center,False,
2025-01-07 09:00:00,14.2,1009.0,93,AWS-VAR-052,Varanasi,VAR,center,False,
2025-01-07 10:00:00,15.6,1008.6,86,AWS-VAR-052,Varanasi,VAR,center,False,
2025-01-07 11:00:00,16.6,1007.8,82,AWS-VAR-052,Varanasi,VAR,center,False,
2025-01-07 12:00:00,17.9,1006.5,74,AWS-VAR-052,Varanasi,VAR,center,False,
2025-01-07 13:00:00,18.8,1005.3,68,AWS-VAR-052,Varanasi,VAR,center,False,
2025-01-07 14:00:00,19.2,1004.4,65,AWS-VAR-052,Varanasi,VAR,center,False,
2025-01-07 15:00:00,18.8,1003.8,66,AWS-VAR-052,Varanasi,VAR,center,False,
2025-01-07 16:00:00,17.8,1003.7,73,AWS-VAR-052,Varanasi,VAR,center,False,
2025-01-07 17:00:00,16.3,1003.8,80,AWS-VAR-052,Varanasi,VAR,center,False,
2025-01-07 18:00:00,15.1,1005.9,80,AWS-VAR-052,Varanasi,VAR,center,False,
2025-01-07 19:00:00,14.9,1006.5,81,AWS-VAR-052,Varanasi,VAR,center,False,
2025-01-07 20:00:00,14.3,1006.6,83,AWS-VAR-052,Varanasi,VAR,center,False,
2025-01-07 21:00:00,13.4,1006.5,87,AWS-VAR-052,Varanasi,VAR,center,False,
2025-01-07 22:00:00,12.8,1006.4,90,AWS-VAR-052,Varanasi,VAR,center,False,
2025-01-07 23:00:00,12.2,1005.8,93,AWS-VAR-052,Varanasi,VAR,center,False,
2025-01-08 00:00:00,11.6,1005.5,95,AWS-VAR-052,Varanasi,VAR,center,False,
2025-01-08 01:00:00,11.1,1005.1,96,AWS-VAR-052,Varanasi,VAR,center,False,
2025-01-08 02:00:00,10.8,1004.6,97,AWS-VAR-052,Varanasi,VAR,center,False,
2025-01-08 03:00:00,10.7,1004.7,97,AWS-VAR-052,Varanasi,VAR,center,False,
2025-01-08 04:00:00,11.2,1004.9,96,AWS-VAR-052,Varanasi,VAR,center,False,
2025-01-08 05:00:00,11.7,1005.2,95,AWS-VAR-052,Varanasi,VAR,center,False,
2025-01-08 06:00:00,11.8,1006.6,89,AWS-VAR-052,Varanasi,VAR,center,False,
2025-01-08 07:00:00,11.6,1007.4,86,AWS-VAR-052,Varanasi,VAR,center,False,
2025-01-08 08:00:00,12.8,1008.6,75,AWS-VAR-052,Varanasi,VAR,center,False,
2025-01-08 09:00:00,14.0,1009.4,69,AWS-VAR-052,Varanasi,VAR,center,False,
2025-01-08 10:00:00,15.0,1009.3,68,AWS-VAR-052,Varanasi,VAR,center,False,
2025-01-08 11:00:00,16.0,1008.7,66,AWS-VAR-052,Varanasi,VAR,center,False,
2025-01-08 12:00:00,16.6,1007.5,65,AWS-VAR-052,Varanasi,VAR,center,False,
2025-01-08 13:00:00,17.2,1006.4,64,AWS-VAR-052,Varanasi,VAR,center,False,
2025-01-08 14:00:00,17.4,1005.6,64,AWS-VAR-052,Varanasi,VAR,center,False,
2025-01-08 15:00:00,17.2,1005.3,64,AWS-VAR-052,Varanasi,VAR,center,False,
2025-01-08 16:00:00,16.4,1005.4,67,AWS-VAR-052,Varanasi,VAR,center,False,
2025-01-08 17:00:00,14.6,1005.7,72,AWS-VAR-052,Varanasi,VAR,center,False,
2025-01-08 18:00:00,13.6,1006.7,78,AWS-VAR-052,Varanasi,VAR,center,False,
2025-01-08 19:00:00,12.9,1007.3,79,AWS-VAR-052,Varanasi,VAR,center,False,
2025-01-08 20:00:00,12.5,1007.7,81,AWS-VAR-052,Varanasi,VAR,center,False,
2025-01-08 21:00:00,12.2,1008.1,82,AWS-VAR-052,Varanasi,VAR,center,False,
2025-01-08 22:00:00,11.4,1008.1,86,AWS-VAR-052,Varanasi,VAR,center,False,
2025-01-08 23:00:00,10.9,1007.8,88,AWS-VAR-052,Varanasi,VAR,center,False,
2025-01-09 00:00:00,11.0,1007.5,89,AWS-VAR-052,Varanasi,VAR,center,False,
2025-01-09 01:00:00,10.7,1007.3,91,AWS-VAR-052,Varanasi,VAR,center,False,
2025-01-09 02:00:00,10.3,1007.2,93,AWS-VAR-052,Varanasi,VAR,center,False,
2025-01-09 03:00:00,10.2,1007.1,93,AWS-VAR-052,Varanasi,VAR,center,False,
2025-01-09 04:00:00,10.0,1007.2,93,AWS-VAR-052,Varanasi,VAR,center,False,
2025-01-09 05:00:00,9.8,1007.6,93,AWS-VAR-052,Varanasi,VAR,center,False,
2025-01-09 06:00:00,10.2,1008.7,93,AWS-VAR-052,Varanasi,VAR,center,False,
2025-01-09 07:00:00,10.4,1009.7,93,AWS-VAR-052,Varanasi,VAR,center,False,
2025-01-09 08:00:00,12.4,1010.9,88,AWS-VAR-052,Varanasi,VAR,center,False,
2025-01-09 09:00:00,15.0,1011.5,77,AWS-VAR-052,Varanasi,VAR,center,False,
2025-01-09 10:00:00,16.8,1011.2,68,AWS-VAR-052,Varanasi,VAR,center,False,
2025-01-09 11:00:00,17.9,1010.2,63,AWS-VAR-052,Varanasi,VAR,center,False,
2025-01-09 12:00:00,18.9,1008.9,57,AWS-VAR-052,Varanasi,VAR,center,False,
2025-01-09 13:00:00,19.2,1007.9,57,AWS-VAR-052,Varanasi,VAR,center,False,
2025-01-09 14:00:00,19.4,1007.3,57,AWS-VAR-052,Varanasi,VAR,center,False,
2025-01-09 15:00:00,19.3,1006.9,57,AWS-VAR-052,Varanasi,VAR,center,False,
2025-01-09 16:00:00,18.8,1006.9,62,AWS-VAR-052,Varanasi,VAR,center,False,
2025-01-09 17:00:00,16.5,1007.0,73,AWS-VAR-052,Varanasi,VAR,center,False,
2025-01-09 18:00:00,14.9,1008.1,83,AWS-VAR-052,Varanasi,VAR,center,False,
2025-01-09 19:00:00,14.5,1008.8,82,AWS-VAR-052,Varanasi,VAR,center,False,
2025-01-09 20:00:00,13.6,1009.7,83,AWS-VAR-052,Varanasi,VAR,center,False,
2025-01-09 21:00:00,13.1,1010.3,84,AWS-VAR-052,Varanasi,VAR,center,False,
2025-01-09 22:00:00,12.9,1010.4,84,AWS-VAR-052,Varanasi,VAR,center,False,
2025-01-09 23:00:00,12.3,1010.3,87,AWS-VAR-052,Varanasi,VAR,center,False,
2025-01-10 00:00:00,11.4,1009.9,92,AWS-VAR-052,Varanasi,VAR,center,False,
2025-01-10 01:00:00,10.9,1009.7,94,AWS-VAR-052,Varanasi,VAR,center,False,
2025-01-10 02:00:00,10.7,1009.5,94,AWS-VAR-052,Varanasi,VAR,center,False,
2025-01-10 03:00:00,10.2,1009.3,95,AWS-VAR-052,Varanasi,VAR,center,False,
2025-01-10 04:00:00,10.2,1009.4,94,AWS-VAR-052,Varanasi,VAR,center,False,
2025-01-10 05:00:00,9.8,1009.7,95,AWS-VAR-052,Varanasi,VAR,center,False,
2025-01-10 06:00:00,9.1,1010.8,98,AWS-VAR-052,Varanasi,VAR,center,False,
2025-01-10 07:00:00,9.5,1011.7,99,AWS-VAR-052,Varanasi,VAR,center,False,
2025-01-10 08:00:00,11.5,1012.4,97,AWS-VAR-052,Varanasi,VAR,center,False,
2025-01-10 09:00:00,14.8,1013.0,81,AWS-VAR-052,Varanasi,VAR,center,False,
2025-01-10 10:00:00,17.2,1012.7,71,AWS-VAR-052,Varanasi,VAR,center,False,
2025-01-10 11:00:00,18.4,1011.9,63,AWS-VAR-052,Varanasi,VAR,center,False,
2025-01-10 12:00:00,19.1,1010.8,61,AWS-VAR-052,Varanasi,VAR,center,False,
2025-01-10 13:00:00,19.4,1009.7,60,AWS-VAR-052,Varanasi,VAR,center,False,
2025-01-10 14:00:00,19.6,1008.9,60,AWS-VAR-052,Varanasi,VAR,center,False,
2025-01-10 15:00:00,19.4,1008.6,61,AWS-VAR-052,Varanasi,VAR,center,False,
2025-01-10 16:00:00,18.5,1008.5,69,AWS-VAR-052,Varanasi,VAR,center,False,
2025-01-10 17:00:00,16.3,1008.4,78,AWS-VAR-052,Varanasi,VAR,center,False,
2025-01-10 18:00:00,15.6,1008.6,82,AWS-VAR-052,Varanasi,VAR,center,False,
2025-01-10 19:00:00,14.5,1009.0,84,AWS-VAR-052,Varanasi,VAR,center,False,
2025-01-10 20:00:00,13.9,1009.4,85,AWS-VAR-052,Varanasi,VAR,center,False,
2025-01-10 21:00:00,13.4,1009.9,87,AWS-VAR-052,Varanasi,VAR,center,False,
2025-01-10 22:00:00,12.6,1010.0,90,AWS-VAR-052,Varanasi,VAR,center,False,
2025-01-10 23:00:00,11.7,1009.8,93,AWS-VAR-052,Varanasi,VAR,center,False,
2025-01-11 00:00:00,10.9,1009.5,96,AWS-VAR-052,Varanasi,VAR,center,False,
2025-01-11 01:00:00,10.5,1009.3,98,AWS-VAR-052,Varanasi,VAR,center,False,
2025-01-11 02:00:00,10.4,1008.9,98,AWS-VAR-052,Varanasi,VAR,center,False,
2025-01-11 03:00:00,10.0,1008.9,100,AWS-VAR-052,Varanasi,VAR,center,False,
2025-01-11 04:00:00,9.3,1009.0,100,AWS-VAR-052,Varanasi,VAR,center,False,
2025-01-11 05:00:00,8.6,1009.5,100,AWS-VAR-052,Varanasi,VAR,center,False,
2025-01-11 06:00:00,7.7,1010.3,100,AWS-VAR-052,Varanasi,VAR,center,False,
2025-01-11 07:00:00,8.7,1010.9,99,AWS-VAR-052,Varanasi,VAR,center,False,
2025-01-11 08:00:00,10.5,1012.1,98,AWS-VAR-052,Varanasi,VAR,center,False,
2025-01-11 09:00:00,12.3,1012.6,96,AWS-VAR-052,Varanasi,VAR,center,False,
2025-01-11 10:00:00,14.8,1012.3,90,AWS-VAR-052,Varanasi,VAR,center,False,
2025-01-11 11:00:00,17.7,1010.9,76,AWS-VAR-052,Varanasi,VAR,center,False,
2025-01-11 12:00:00,19.3,1009.7,66,AWS-VAR-052,Varanasi,VAR,center,False,
2025-01-11 13:00:00,20.2,1008.4,62,AWS-VAR-052,Varanasi,VAR,center,False,
2025-01-11 14:00:00,20.7,1007.5,59,AWS-VAR-052,Varanasi,VAR,center,False,
2025-01-11 15:00:00,20.7,1006.9,58,AWS-VAR-052,Varanasi,VAR,center,False,
2025-01-11 16:00:00,19.5,1006.6,69,AWS-VAR-052,Varanasi,VAR,center,False,
2025-01-11 17:00:00,17.3,1006.7,79,AWS-VAR-052,Varanasi,VAR,center,False,
2025-01-11 18:00:00,16.6,1006.6,82,AWS-VAR-052,Varanasi,VAR,center,False,
2025-01-11 19:00:00,15.7,1007.1,84,AWS-VAR-052,Varanasi,VAR,center,False,
2025-01-11 20:00:00,15.1,1007.7,85,AWS-VAR-052,Varanasi,VAR,center,False,
2025-01-11 21:00:00,14.5,1008.2,87,AWS-VAR-052,Varanasi,VAR,center,False,
2025-01-11 22:00:00,13.9,1008.6,89,AWS-VAR-052,Varanasi,VAR,center,False,
2025-01-11 23:00:00,13.4,1008.5,91,AWS-VAR-052,Varanasi,VAR,center,False,
2025-01-12 00:00:00,13.1,1008.3,92,AWS-VAR-052,Varanasi,VAR,center,False,
2025-01-12 01:00:00,12.9,1008.1,92,AWS-VAR-052,Varanasi,VAR,center,False,
2025-01-12 02:00:00,12.7,1008.0,91,AWS-VAR-052,Varanasi,VAR,center,False,
2025-01-12 03:00:00,12.4,1007.5,92,AWS-VAR-052,Varanasi,VAR,center,False,
2025-01-12 04:00:00,12.3,1007.4,92,AWS-VAR-052,Varanasi,VAR,center,False,
2025-01-12 05:00:00,12.3,1007.3,92,AWS-VAR-052,Varanasi,VAR,center,False,
2025-01-12 06:00:00,12.6,1008.1,92,AWS-VAR-052,Varanasi,VAR,center,False,
2025-01-12 07:00:00,13.1,1008.7,92,AWS-VAR-052,Varanasi,VAR,center,False,
2025-01-12 08:00:00,14.9,1009.4,88,AWS-VAR-052,Varanasi,VAR,center,False,
2025-01-12 09:00:00,17.2,1009.8,82,AWS-VAR-052,Varanasi,VAR,center,False,
2025-01-12 10:00:00,19.6,1009.6,75,AWS-VAR-052,Varanasi,VAR,center,False,
2025-01-12 11:00:00,21.7,1008.3,67,AWS-VAR-052,Varanasi,VAR,center,False,
2025-01-12 12:00:00,23.2,1007.3,62,AWS-VAR-052,Varanasi,VAR,center,False,
2025-01-12 13:00:00,23.8,1006.3,61,AWS-VAR-052,Varanasi,VAR,center,False,
2025-01-12 14:00:00,23.5,1005.6,64,AWS-VAR-052,Varanasi,VAR,center,False,
2025-01-12 15:00:00,22.7,1005.5,67,AWS-VAR-052,Varanasi,VAR,center,False,
2025-01-12 16:00:00,21.1,1006.0,77,AWS-VAR-052,Varanasi,VAR,center,False,
2025-01-12 17:00:00,19.4,1006.7,84,AWS-VAR-052,Varanasi,VAR,center,False,
2025-01-12 18:00:00,17.7,1007.1,89,AWS-VAR-052,Varanasi,VAR,center,False,
2025-01-12 19:00:00,17.4,1007.2,90,AWS-VAR-052,Varanasi,VAR,center,False,
2025-01-12 20:00:00,17.1,1008.0,92,AWS-VAR-052,Varanasi,VAR,center,False,
2025-01-12 21:00:00,16.9,1007.9,94,AWS-VAR-052,Varanasi,VAR,center,False,
2025-01-12 22:00:00,16.1,1008.1,95,AWS-VAR-052,Varanasi,VAR,center,False,
2025-01-12 23:00:00,15.3,1007.9,97,AWS-VAR-052,Varanasi,VAR,center,False,
2025-01-13 00:00:00,14.7,1007.4,97,AWS-VAR-052,Varanasi,VAR,center,False,
2025-01-13 01:00:00,14.1,1007.2,98,AWS-VAR-052,Varanasi,VAR,center,False,
2025-01-13 02:00:00,13.4,1006.7,99,AWS-VAR-052,Varanasi,VAR,center,False,
2025-01-13 03:00:00,12.9,1006.7,100,AWS-VAR-052,Varanasi,VAR,center,False,
2025-01-13 04:00:00,12.5,1006.8,100,AWS-VAR-052,Varanasi,VAR,center,False,
2025-01-13 05:00:00,12.3,1007.2,100,AWS-VAR-052,Varanasi,VAR,center,False,
2025-01-13 06:00:00,13.1,1008.2,99,AWS-VAR-052,Varanasi,VAR,center,False,
2025-01-13 07:00:00,13.2,1008.9,98,AWS-VAR-052,Varanasi,VAR,center,False,
2025-01-13 08:00:00,13.4,1009.5,97,AWS-VAR-052,Varanasi,VAR,center,False,
2025-01-13 09:00:00,14.7,1010.0,91,AWS-VAR-052,Varanasi,VAR,center,False,
2025-01-13 10:00:00,17.0,1009.5,82,AWS-VAR-052,Varanasi,VAR,center,False,
2025-01-13 11:00:00,18.8,1008.6,75,AWS-VAR-052,Varanasi,VAR,center,False,
2025-01-13 12:00:00,19.9,1007.3,70,AWS-VAR-052,Varanasi,VAR,center,False,
2025-01-13 13:00:00,20.6,1006.0,67,AWS-VAR-052,Varanasi,VAR,center,False,
2025-01-13 14:00:00,20.9,1005.3,67,AWS-VAR-052,Varanasi,VAR,center,False,
2025-01-13 15:00:00,20.7,1005.1,69,AWS-VAR-052,Varanasi,VAR,center,False,
2025-01-13 16:00:00,19.9,1005.2,74,AWS-VAR-052,Varanasi,VAR,center,False,
2025-01-13 17:00:00,18.3,1005.6,81,AWS-VAR-052,Varanasi,VAR,center,False,
2025-01-13 18:00:00,17.2,1006.5,86,AWS-VAR-052,Varanasi,VAR,center,False,
2025-01-13 19:00:00,16.7,1007.0,87,AWS-VAR-052,Varanasi,VAR,center,False,
2025-01-13 20:00:00,16.4,1007.4,87,AWS-VAR-052,Varanasi,VAR,center,False,
2025-01-13 21:00:00,15.7,1007.7,89,AWS-VAR-052,Varanasi,VAR,center,False,
2025-01-13 22:00:00,15.1,1007.8,91,AWS-VAR-052,Varanasi,VAR,center,False,
2025-01-13 23:00:00,14.6,1007.7,92,AWS-VAR-052,Varanasi,VAR,center,False,
2025-01-14 00:00:00,13.7,1007.5,94,AWS-VAR-052,Varanasi,VAR,center,False,
2025-01-14 01:00:00,12.9,1007.6,96,AWS-VAR-052,Varanasi,VAR,center,False,
2025-01-14 02:00:00,12.5,1007.3,96,AWS-VAR-052,Varanasi,VAR,center,False,
2025-01-14 03:00:00,12.0,1007.1,97,AWS-VAR-052,Varanasi,VAR,center,False,
2025-01-14 04:00:00,11.7,1007.3,98,AWS-VAR-052,Varanasi,VAR,center,False,
2025-01-14 05:00:00,11.4,1008.0,97,AWS-VAR-052,Varanasi,VAR,center,False,
2025-01-14 06:00:00,12.2,1009.1,99,AWS-VAR-052,Varanasi,VAR,center,False,
2025-01-14 07:00:00,12.1,1010.1,99,AWS-VAR-052,Varanasi,VAR,center,False,
2025-01-14 08:00:00,12.9,1011.2,97,AWS-VAR-052,Varanasi,VAR,center,False,
2025-01-14 09:00:00,14.9,1012.1,90,AWS-VAR-052,Varanasi,VAR,center,False,
2025-01-14 10:00:00,17.3,1012.4,83,AWS-VAR-052,Varanasi,VAR,center,False,
2025-01-14 11:00:00,19.3,1011.6,74,AWS-VAR-052,Varanasi,VAR,center,False,
2025-01-14 12:00:00,20.4,1010.1,64,AWS-VAR-052,Varanasi,VAR,center,False,
2025-01-14 13:00:00,21.0,1008.9,59,AWS-VAR-052,Varanasi,VAR,center,False,
2025-01-14 14:00:00,21.2,1008.0,57,AWS-VAR-052,Varanasi,VAR,center,False,
2025-01-14 15:00:00,21.0,1007.8,57,AWS-VAR-052,Varanasi,VAR,center,False,
2025-01-14 16:00:00,20.3,1007.7,64,AWS-VAR-052,Varanasi,VAR,center,False,
2025-01-14 17:00:00,18.3,1008.2,74,AWS-VAR-052,Varanasi,VAR,center,False,
2025-01-14 18:00:00,16.4,1009.2,78,AWS-VAR-052,Varanasi,VAR,center,False,
2025-01-14 19:00:00,15.8,1009.8,79,AWS-VAR-052,Varanasi,VAR,center,False,
2025-01-14 20:00:00,14.9,1010.2,82,AWS-VAR-052,Varanasi,VAR,center,False,
2025-01-14 21:00:00,13.7,1010.5,87,AWS-VAR-052,Varanasi,VAR,center,False,
2025-01-14 22:00:00,12.8,1010.5,91,AWS-VAR-052,Varanasi,VAR,center,False,
2025-01-14 23:00:00,12.0,1010.4,94,AWS-VAR-052,Varanasi,VAR,center,False,
2025-01-15 00:00:00,11.6,1010.0,97,AWS-VAR-052,Varanasi,VAR,center,False,
2025-01-15 01:00:00,11.4,1010.0,98,AWS-VAR-052,Varanasi,VAR,center,False,
2025-01-15 02:00:00,11.0,1009.4,100,AWS-VAR-052,Varanasi,VAR,center,False,
2025-01-15 03:00:00,10.7,1009.4,100,AWS-VAR-052,Varanasi,VAR,center,False,
2025-01-15 04:00:00,10.2,1009.6,100,AWS-VAR-052,Varanasi,VAR,center,False,
2025-01-15 05:00:00,9.2,1010.2,100,AWS-VAR-052,Varanasi,VAR,center,False,
2025-01-15 06:00:00,10.5,1011.5,100,AWS-VAR-052,Varanasi,VAR,center,False,
2025-01-15 07:00:00,10.9,1012.2,99,AWS-VAR-052,Varanasi,VAR,center,False,
2025-01-15 08:00:00,12.2,1013.1,99,AWS-VAR-052,Varanasi,VAR,center,False,
2025-01-15 09:00:00,14.4,1013.6,97,AWS-VAR-052,Varanasi,VAR,center,False,
2025-01-15 10:00:00,16.9,1013.2,85,AWS-VAR-052,Varanasi,VAR,center,False,
2025-01-15 11:00:00,19.2,1011.8,71,AWS-VAR-052,Varanasi,VAR,center,False,
2025-01-15 12:00:00,20.3,1010.1,63,AWS-VAR-052,Varanasi,VAR,center,False,
2025-01-15 13:00:00,20.9,1009.0,59,AWS-VAR-052,Varanasi,VAR,center,False,
2025-01-15 14:00:00,21.1,1008.4,56,AWS-VAR-052,Varanasi,VAR,center,False,
2025-01-15 15:00:00,20.9,1007.9,57,AWS-VAR-052,Varanasi,VAR,center,False,
2025-01-15 16:00:00,19.9,1007.6,66,AWS-VAR-052,Varanasi,VAR,center,False,
2025-01-15 17:00:00,17.4,1007.7,78,AWS-VAR-052,Varanasi,VAR,center,False,
2025-01-15 18:00:00,15.3,1009.6,81,AWS-VAR-052,Varanasi,VAR,center,False,
2025-01-15 19:00:00,14.2,1009.7,84,AWS-VAR-052,Varanasi,VAR,center,False,
2025-01-15 20:00:00,13.1,1010.0,86,AWS-VAR-052,Varanasi,VAR,center,False,
2025-01-15 21:00:00,12.5,1009.8,86,AWS-VAR-052,Varanasi,VAR,center,False,
2025-01-15 22:00:00,12.0,1010.0,88,AWS-VAR-052,Varanasi,VAR,center,False,
2025-01-15 23:00:00,11.4,1009.5,92,AWS-VAR-052,Varanasi,VAR,center,False,
2025-01-16 00:00:00,11.0,1009.2,94,AWS-VAR-052,Varanasi,VAR,center,False,
2025-01-16 01:00:00,10.7,1009.1,96,AWS-VAR-052,Varanasi,VAR,center,False,
2025-01-16 02:00:00,10.4,1008.7,97,AWS-VAR-052,Varanasi,VAR,center,False,
2025-01-16 03:00:00,10.1,1008.4,97,AWS-VAR-052,Varanasi,VAR,center,False,
2025-01-16 04:00:00,9.9,1008.2,98,AWS-VAR-052,Varanasi,VAR,center,False,
2025-01-16 05:00:00,9.5,1008.5,100,AWS-VAR-052,Varanasi,VAR,center,False,
2025-01-16 06:00:00,9.9,1009.8,100,AWS-VAR-052,Varanasi,VAR,center,False,
2025-01-16 07:00:00,10.1,1010.6,100,AWS-VAR-052,Varanasi,VAR,center,False,
2025-01-16 08:00:00,11.4,1011.3,99,AWS-VAR-052,Varanasi,VAR,center,False,
2025-01-16 09:00:00,13.5,1012.3,94,AWS-VAR-052,Varanasi,VAR,center,False,
2025-01-16 10:00:00,16.2,1012.1,81,AWS-VAR-052,Varanasi,VAR,center,False,
2025-01-16 11:00:00,17.8,1010.9,71,AWS-VAR-052,Varanasi,VAR,center,False,
2025-01-16 12:00:00,19.0,1009.5,64,AWS-VAR-052,Varanasi,VAR,center,False,
2025-01-16 13:00:00,19.8,1008.6,62,AWS-VAR-052,Varanasi,VAR,center,False,
2025-01-16 14:00:00,20.2,1008.0,61,AWS-VAR-052,Varanasi,VAR,center,False,
2025-01-16 15:00:00,20.1,1007.8,61,AWS-VAR-052,Varanasi,VAR,center,False,
2025-01-16 16:00:00,19.3,1008.0,68,AWS-VAR-052,Varanasi,VAR,center,False,
2025-01-16 17:00:00,17.4,1008.4,76,AWS-VAR-052,Varanasi,VAR,center,False,
2025-01-16 18:00:00,15.9,1009.9,82,AWS-VAR-052,Varanasi,VAR,center,False,
2025-01-16 19:00:00,15.1,1010.3,82,AWS-VAR-052,Varanasi,VAR,center,False,
2025-01-16 20:00:00,14.5,1010.3,85,AWS-VAR-052,Varanasi,VAR,center,False,
2025-01-16 21:00:00,14.0,1010.5,88,AWS-VAR-052,Varanasi,VAR,center,False,
2025-01-16 22:00:00,13.6,1010.7,90,AWS-VAR-052,Varanasi,VAR,center,False,
2025-01-16 23:00:00,13.0,1010.4,92,AWS-VAR-052,Varanasi,VAR,center,False,
2025-01-17 00:00:00,12.2,1010.1,94,AWS-VAR-052,Varanasi,VAR,center,False,
2025-01-17 01:00:00,11.9,1009.8,95,AWS-VAR-052,Varanasi,VAR,center,False,
2025-01-17 02:00:00,11.4,1009.2,97,AWS-VAR-052,Varanasi,VAR,center,False,
2025-01-17 03:00:00,11.2,1008.6,97,AWS-VAR-052,Varanasi,VAR,center,False,
2025-01-17 04:00:00,11.0,1008.5,98,AWS-VAR-052,Varanasi,VAR,center,False,
2025-01-17 05:00:00,11.0,1009.0,98,AWS-VAR-052,Varanasi,VAR,center,False,
2025-01-17 06:00:00,11.3,1010.1,99,AWS-VAR-052,Varanasi,VAR,center,False,
2025-01-17 07:00:00,11.8,1011.0,98,AWS-VAR-052,Varanasi,VAR,center,False,
2025-01-17 08:00:00,13.2,1011.0,94,AWS-VAR-052,Varanasi,VAR,center,False,
2025-01-17 09:00:00,15.0,1011.3,88,AWS-VAR-052,Varanasi,VAR,center,False,
2025-01-17 10:00:00,16.8,1011.2,81,AWS-VAR-052,Varanasi,VAR,center,False,
2025-01-17 11:00:00,18.5,1010.1,76,AWS-VAR-052,Varanasi,VAR,center,False,
2025-01-17 12:00:00,19.8,1008.9,68,AWS-VAR-052,Varanasi,VAR,center,False,
2025-01-17 13:00:00,20.6,1007.7,63,AWS-VAR-052,Varanasi,VAR,center,False,
2025-01-17 14:00:00,21.1,1006.7,58,AWS-VAR-052,Varanasi,VAR,center,False,
2025-01-17 15:00:00,21.1,1006.3,58,AWS-VAR-052,Varanasi,VAR,center,False,
2025-01-17 16:00:00,20.1,1006.4,68,AWS-VAR-052,Varanasi,VAR,center,False,
2025-01-17 17:00:00,18.1,1006.5,77,AWS-VAR-052,Varanasi,VAR,center,False,
2025-01-17 18:00:00,16.9,1007.1,78,AWS-VAR-052,Varanasi,VAR,center,False,
2025-01-17 19:00:00,16.4,1007.5,79,AWS-VAR-052,Varanasi,VAR,center,False,
2025-01-17 20:00:00,15.7,1008.2,82,AWS-VAR-052,Varanasi,VAR,center,False,
2025-01-17 21:00:00,14.9,1008.5,84,AWS-VAR-052,Varanasi,VAR,center,False,
2025-01-17 22:00:00,14.3,1008.9,86,AWS-VAR-052,Varanasi,VAR,center,False,
2025-01-17 23:00:00,13.7,1008.7,87,AWS-VAR-052,Varanasi,VAR,center,False,
2025-01-18 00:00:00,13.2,1008.3,88,AWS-VAR-052,Varanasi,VAR,center,False,
2025-01-18 01:00:00,12.7,1008.0,90,AWS-VAR-052,Varanasi,VAR,center,False,
2025-01-18 02:00:00,12.3,1007.6,91,AWS-VAR-052,Varanasi,VAR,center,False,
2025-01-18 03:00:00,12.0,1007.4,92,AWS-VAR-052,Varanasi,VAR,center,False,
2025-01-18 04:00:00,11.7,1007.5,93,AWS-VAR-052,Varanasi,VAR,center,False,
2025-01-18 05:00:00,11.3,1007.5,94,AWS-VAR-052,Varanasi,VAR,center,False,
2025-01-18 06:00:00,11.2,1008.3,96,AWS-VAR-052,Varanasi,VAR,center,False,
2025-01-18 07:00:00,11.3,1009.2,97,AWS-VAR-052,Varanasi,VAR,center,False,
2025-01-18 08:00:00,13.1,1010.2,93,AWS-VAR-052,Varanasi,VAR,center,False,
2025-01-18 09:00:00,15.5,1011.0,86,AWS-VAR-052,Varanasi,VAR,center,False,
2025-01-18 10:00:00,17.7,1011.0,76,AWS-VAR-052,Varanasi,VAR,center,False,
2025-01-18 11:00:00,19.3,1010.1,67,AWS-VAR-052,Varanasi,VAR,center,False,
2025-01-18 12:00:00,20.2,1008.8,62,AWS-VAR-052,Varanasi,VAR,center,False,
2025-01-18 13:00:00,20.8,1007.4,60,AWS-VAR-052,Varanasi,VAR,center,False,
2025-01-18 14:00:00,20.9,1006.4,59,AWS-VAR-052,Varanasi,VAR,center,False,
2025-01-18 15:00:00,20.6,1005.9,60,AWS-VAR-052,Varanasi,VAR,center,False,
2025-01-18 16:00:00,19.6,1005.9,67,AWS-VAR-052,Varanasi,VAR,center,False,
2025-01-18 17:00:00,17.7,1005.8,76,AWS-VAR-052,Varanasi,VAR,center,False,
2025-01-18 18:00:00,16.9,1006.6,77,AWS-VAR-052,Varanasi,VAR,center,False,
2025-01-18 19:00:00,16.1,1007.1,77,AWS-VAR-052,Varanasi,VAR,center,False,
2025-01-18 20:00:00,15.5,1007.3,79,AWS-VAR-052,Varanasi,VAR,center,False,
2025-01-18 21:00:00,14.6,1007.4,82,AWS-VAR-052,Varanasi,VAR,center,False,
2025-01-18 22:00:00,13.9,1007.5,85,AWS-VAR-052,Varanasi,VAR,center,False,
2025-01-18 23:00:00,13.1,1007.4,88,AWS-VAR-052,Varanasi,VAR,center,False,
2025-01-19 00:00:00,12.4,1007.0,90,AWS-VAR-052,Varanasi,VAR,center,False,
2025-01-19 01:00:00,12.0,1006.9,91,AWS-VAR-052,Varanasi,VAR,center,False,
2025-01-19 02:00:00,11.4,1006.4,92,AWS-VAR-052,Varanasi,VAR,center,False,
2025-01-19 03:00:00,10.8,1006.3,94,AWS-VAR-052,Varanasi,VAR,center,False,
2025-01-19 04:00:00,10.5,1006.3,94,AWS-VAR-052,Varanasi,VAR,center,False,
2025-01-19 05:00:00,10.3,1006.8,94,AWS-VAR-052,Varanasi,VAR,center,False,
2025-01-19 06:00:00,9.9,1007.9,96,AWS-VAR-052,Varanasi,VAR,center,False,
2025-01-19 07:00:00,10.1,1008.7,97,AWS-VAR-052,Varanasi,VAR,center,False,
2025-01-19 08:00:00,11.9,1009.4,94,AWS-VAR-052,Varanasi,VAR,center,False,
2025-01-19 09:00:00,14.2,1009.6,86,AWS-VAR-052,Varanasi,VAR,center,False,
2025-01-19 10:00:00,16.5,1009.4,77,AWS-VAR-052,Varanasi,VAR,center,False,
2025-01-19 11:00:00,18.3,1008.6,70,AWS-VAR-052,Varanasi,VAR,center,False,
2025-01-19 12:00:00,19.5,1007.4,65,AWS-VAR-052,Varanasi,VAR,center,False,
2025-01-19 13:00:00,20.3,1006.2,59,AWS-VAR-052,Varanasi,VAR,center,False,
2025-01-19 14:00:00,20.6,1005.2,56,AWS-VAR-052,Varanasi,VAR,center,False,
2025-01-19 15:00:00,20.3,1004.6,55,AWS-VAR-052,Varanasi,VAR,center,False,
2025-01-19 16:00:00,19.4,1004.3,62,AWS-VAR-052,Varanasi,VAR,center,False,
2025-01-19 17:00:00,17.7,1004.0,70,AWS-VAR-052,Varanasi,VAR,center,False,
2025-01-19 18:00:00,16.3,1004.7,74,AWS-VAR-052,Varanasi,VAR,center,False,
2025-01-19 19:00:00,15.7,1005.1,75,AWS-VAR-052,Varanasi,VAR,center,False,
2025-01-19 20:00:00,15.3,1005.4,74,AWS-VAR-052,Varanasi,VAR,center,False,
2025-01-19 21:00:00,15.0,1005.6,74,AWS-VAR-052,Varanasi,VAR,center,False,
2025-01-19 22:00:00,14.6,1005.5,77,AWS-VAR-052,Varanasi,VAR,center,False,
2025-01-19 23:00:00,14.2,1005.1,80,AWS-VAR-052,Varanasi,VAR,center,False,
2025-01-20 00:00:00,13.9,1004.6,82,AWS-VAR-052,Varanasi,VAR,center,False,
2025-01-20 01:00:00,13.6,1004.2,83,AWS-VAR-052,Varanasi,VAR,center,False,
2025-01-20 02:00:00,13.4,1003.8,85,AWS-VAR-052,Varanasi,VAR,center,False,
2025-01-20 03:00:00,13.2,1003.5,87,AWS-VAR-052,Varanasi,VAR,center,False,
2025-01-20 04:00:00,13.1,1003.1,88,AWS-VAR-052,Varanasi,VAR,center,False,
2025-01-20 05:00:00,13.0,1003.5,89,AWS-VAR-052,Varanasi,VAR,center,False,
2025-01-20 06:00:00,12.4,1004.5,91,AWS-VAR-052,Varanasi,VAR,center,False,
2025-01-20 07:00:00,13.1,1005.3,90,AWS-VAR-052,Varanasi,VAR,center,False,
2025-01-20 08:00:00,15.0,1005.9,86,AWS-VAR-052,Varanasi,VAR,center,False,
2025-01-20 09:00:00,17.5,1006.6,80,AWS-VAR-052,Varanasi,VAR,center,False,
2025-01-20 10:00:00,19.8,1006.5,75,AWS-VAR-052,Varanasi,VAR,center,False,
2025-01-20 11:00:00,21.6,1005.7,71,AWS-VAR-052,Varanasi,VAR,center,False,
2025-01-20 12:00:00,22.9,1004.7,67,AWS-VAR-052,Varanasi,VAR,center,False,
2025-01-20 13:00:00,23.8,1003.7,65,AWS-VAR-052,Varanasi,VAR,center,False,
2025-01-20 14:00:00,24.1,1002.8,63,AWS-VAR-052,Varanasi,VAR,center,False,
2025-01-20 15:00:00,24.0,1002.2,63,AWS-VAR-052,Varanasi,VAR,center,False,
2025-01-20 16:00:00,23.0,1002.1,69,AWS-VAR-052,Varanasi,VAR,center,False,
2025-01-20 17:00:00,21.0,1002.1,75,AWS-VAR-052,Varanasi,VAR,center,False,
2025-01-20 18:00:00,20.2,1002.6,78,AWS-VAR-052,Varanasi,VAR,center,False,
2025-01-20 19:00:00,19.4,1003.1,80,AWS-VAR-052,Varanasi,VAR,center,False,
2025-01-20 20:00:00,18.9,1003.5,80,AWS-VAR-052,Varanasi,VAR,center,False,
2025-01-20 21:00:00,18.4,1003.7,79,AWS-VAR-052,Varanasi,VAR,center,False,
2025-01-20 22:00:00,18.0,1003.7,79,AWS-VAR-052,Varanasi,VAR,center,False,
2025-01-20 23:00:00,17.4,1003.3,80,AWS-VAR-052,Varanasi,VAR,center,False,
2025-01-21 00:00:00,16.8,1002.9,82,AWS-VAR-052,Varanasi,VAR,center,False,
2025-01-21 01:00:00,16.1,1002.6,85,AWS-VAR-052,Varanasi,VAR,center,False,
2025-01-21 02:00:00,15.6,1002.2,88,AWS-VAR-052,Varanasi,VAR,center,False,
2025-01-21 03:00:00,15.2,1002.1,92,AWS-VAR-052,Varanasi,VAR,center,False,
2025-01-21 04:00:00,15.1,1002.1,93,AWS-VAR-052,Varanasi,VAR,center,False,
2025-01-21 05:00:00,14.9,1002.2,94,AWS-VAR-052,Varanasi,VAR,center,False,
2025-01-21 06:00:00,14.1,1003.5,96,AWS-VAR-052,Varanasi,VAR,center,False,
2025-01-21 07:00:00,14.4,1004.1,96,AWS-VAR-052,Varanasi,VAR,center,False,
2025-01-21 08:00:00,16.0,1004.9,93,AWS-VAR-052,Varanasi,VAR,center,False,
2025-01-21 09:00:00,18.0,1005.7,85,AWS-VAR-052,Varanasi,VAR,center,False,
2025-01-21 10:00:00,19.9,1005.6,77,AWS-VAR-052,Varanasi,VAR,center,False,
2025-01-21 11:00:00,21.5,1004.8,70,AWS-VAR-052,Varanasi,VAR,center,False,
2025-01-21 12:00:00,22.7,1003.5,65,AWS-VAR-052,Varanasi,VAR,center,False,
2025-01-21 13:00:00,23.6,1002.4,63,AWS-VAR-052,Varanasi,VAR,center,False,
2025-01-21 14:00:00,23.9,1001.8,61,AWS-VAR-052,Varanasi,VAR,center,False,
2025-01-21 15:00:00,23.7,1001.5,60,AWS-VAR-052,Varanasi,VAR,center,False,
2025-01-21 16:00:00,22.7,1001.5,65,AWS-VAR-052,Varanasi,VAR,center,False,
2025-01-21 17:00:00,20.8,1001.3,69,AWS-VAR-052,Varanasi,VAR,center,False,
2025-01-21 18:00:00,19.9,1002.1,72,AWS-VAR-052,Varanasi,VAR,center,False,
2025-01-21 19:00:00,19.1,1002.7,74,AWS-VAR-052,Varanasi,VAR,center,False,
2025-01-21 20:00:00,18.3,1003.4,77,AWS-VAR-052,Varanasi,VAR,center,False,
2025-01-21 21:00:00,17.6,1003.7,81,AWS-VAR-052,Varanasi,VAR,center,False,
2025-01-21 22:00:00,17.1,1003.8,85,AWS-VAR-052,Varanasi,VAR,center,False,
2025-01-21 23:00:00,16.7,1003.5,87,AWS-VAR-052,Varanasi,VAR,center,False,
2025-01-22 00:00:00,16.1,1003.2,89,AWS-VAR-052,Varanasi,VAR,center,False,
2025-01-22 01:00:00,15.6,1002.9,90,AWS-VAR-052,Varanasi,VAR,center,False,
2025-01-22 02:00:00,15.0,1002.5,92,AWS-VAR-052,Varanasi,VAR,center,False,
2025-01-22 03:00:00,14.4,1002.5,93,AWS-VAR-052,Varanasi,VAR,center,False,
2025-01-22 04:00:00,14.0,1002.5,94,AWS-VAR-052,Varanasi,VAR,center,False,
2025-01-22 05:00:00,13.6,1003.0,94,AWS-VAR-052,Varanasi,VAR,center,False,
2025-01-22 06:00:00,13.3,1004.1,96,AWS-VAR-052,Varanasi,VAR,center,False,
2025-01-22 07:00:00,13.5,1004.6,97,AWS-VAR-052,Varanasi,VAR,center,False,
2025-01-22 08:00:00,15.3,1005.6,93,AWS-VAR-052,Varanasi,VAR,center,False,
2025-01-22 09:00:00,17.7,1006.3,86,AWS-VAR-052,Varanasi,VAR,center,False,
2025-01-22 10:00:00,20.0,1006.1,76,AWS-VAR-052,Varanasi,VAR,center,False,
2025-01-22 11:00:00,22.0,1005.4,67,AWS-VAR-052,Varanasi,VAR,center,False,
2025-01-22 12:00:00,23.3,1004.2,59,AWS-VAR-052,Varanasi,VAR,center,False,
2025-01-22 13:00:00,24.1,1003.1,54,AWS-VAR-052,Varanasi,VAR,center,False,
2025-01-22 14:00:00,24.3,1002.4,52,AWS-VAR-052,Varanasi,VAR,center,False,
2025-01-22 15:00:00,24.1,1001.9,55,AWS-VAR-052,Varanasi,VAR,center,False,
2025-01-22 16:00:00,23.0,1001.8,67,AWS-VAR-052,Varanasi,VAR,center,False,
2025-01-22 17:00:00,20.7,1001.7,74,AWS-VAR-052,Varanasi,VAR,center,False,
2025-01-22 18:00:00,19.0,1002.7,82,AWS-VAR-052,Varanasi,VAR,center,False,
2025-01-22 19:00:00,17.9,1003.3,86,AWS-VAR-052,Varanasi,VAR,center,False,
2025-01-22 20:00:00,17.3,1003.9,86,AWS-VAR-052,Varanasi,VAR,center,False,
2025-01-22 21:00:00,16.8,1004.3,86,AWS-VAR-052,Varanasi,VAR,center,False,
2025-01-22 22:00:00,16.0,1004.5,89,AWS-VAR-052,Varanasi,VAR,center,False,
2025-01-22 23:00:00,15.1,1004.3,92,AWS-VAR-052,Varanasi,VAR,center,False,
2025-01-23 00:00:00,14.4,1004.1,93,AWS-VAR-052,Varanasi,VAR,center,False,
2025-01-23 01:00:00,13.8,1003.9,95,AWS-VAR-052,Varanasi,VAR,center,False,
2025-01-23 02:00:00,13.1,1003.3,98,AWS-VAR-052,Varanasi,VAR,center,False,
2025-01-23 03:00:00,12.5,1002.9,99,AWS-VAR-052,Varanasi,VAR,center,False,
2025-01-23 04:00:00,12.2,1002.9,100,AWS-VAR-052,Varanasi,VAR,center,False,
2025-01-23 05:00:00,11.9,1003.4,100,AWS-VAR-052,Varanasi,VAR,center,False,
2025-01-23 06:00:00,11.6,1004.5,100,AWS-VAR-052,Varanasi,VAR,center,False,
2025-01-23 07:00:00,12.2,1005.1,99,AWS-VAR-052,Varanasi,VAR,center,False,
2025-01-23 08:00:00,14.3,1006.1,99,AWS-VAR-052,Varanasi,VAR,center,False,
2025-01-23 09:00:00,17.0,1006.6,96,AWS-VAR-052,Varanasi,VAR,center,False,
2025-01-23 10:00:00,20.6,1006.7,78,AWS-VAR-052,Varanasi,VAR,center,False,
2025-01-23 11:00:00,22.7,1005.8,64,AWS-VAR-052,Varanasi,VAR,center,False,
2025-01-23 12:00:00,24.0,1004.4,57,AWS-VAR-052,Varanasi,VAR,center,False,
2025-01-23 13:00:00,24.7,1003.3,55,AWS-VAR-052,Varanasi,VAR,center,False,
2025-01-23 14:00:00,24.9,1002.5,55,AWS-VAR-052,Varanasi,VAR,center,False,
2025-01-23 15:00:00,24.6,1002.2,58,AWS-VAR-052,Varanasi,VAR,center,False,
2025-01-23 16:00:00,23.6,1002.0,67,AWS-VAR-052,Varanasi,VAR,center,False,
2025-01-23 17:00:00,21.3,1002.3,77,AWS-VAR-052,Varanasi,VAR,center,False,
2025-01-23 18:00:00,19.6,1003.2,82,AWS-VAR-052,Varanasi,VAR,center,False,
2025-01-23 19:00:00,18.3,1003.9,87,AWS-VAR-052,Varanasi,VAR,center,False,
2025-01-23 20:00:00,17.4,1004.2,89,AWS-VAR-052,Varanasi,VAR,center,False,
2025-01-23 21:00:00,16.5,1004.5,91,AWS-VAR-052,Varanasi,VAR,center,False,
2025-01-23 22:00:00,15.9,1004.4,92,AWS-VAR-052,Varanasi,VAR,center,False,
2025-01-23 23:00:00,15.8,1003.9,92,AWS-VAR-052,Varanasi,VAR,center,False,
2025-01-24 00:00:00,15.1,1003.7,93,AWS-VAR-052,Varanasi,VAR,center,False,
2025-01-24 01:00:00,14.5,1003.6,96,AWS-VAR-052,Varanasi,VAR,center,False,
2025-01-24 02:00:00,14.6,1003.2,96,AWS-VAR-052,Varanasi,VAR,center,False,
2025-01-24 03:00:00,14.5,1003.1,96,AWS-VAR-052,Varanasi,VAR,center,False,
2025-01-24 04:00:00,14.0,1003.0,97,AWS-VAR-052,Varanasi,VAR,center,False,
2025-01-24 05:00:00,14.0,1003.4,96,AWS-VAR-052,Varanasi,VAR,center,False,
2025-01-24 06:00:00,14.5,1004.0,97,AWS-VAR-052,Varanasi,VAR,center,False,
2025-01-24 07:00:00,14.9,1004.7,95,AWS-VAR-052,Varanasi,VAR,center,False,
2025-01-24 08:00:00,16.5,1005.5,91,AWS-VAR-052,Varanasi,VAR,center,False,
2025-01-24 09:00:00,18.6,1006.2,81,AWS-VAR-052,Varanasi,VAR,center,False,
2025-01-24 10:00:00,20.6,1006.2,72,AWS-VAR-052,Varanasi,VAR,center,False,
2025-01-24 11:00:00,21.9,1005.4,66,AWS-VAR-052,Varanasi,VAR,center,False,
2025-01-24 12:00:00,22.9,1004.3,62,AWS-VAR-052,Varanasi,VAR,center,False,
2025-01-24 13:00:00,23.6,1003.2,60,AWS-VAR-052,Varanasi,VAR,center,False,
2025-01-24 14:00:00,23.9,1002.7,60,AWS-VAR-052,Varanasi,VAR,center,False,
2025-01-24 15:00:00,23.7,1002.3,60,AWS-VAR-052,Varanasi,VAR,center,False,
2025-01-24 16:00:00,22.9,1002.3,62,AWS-VAR-052,Varanasi,VAR,center,False,
2025-01-24 17:00:00,20.9,1002.5,70,AWS-VAR-052,Varanasi,VAR,center,False,
2025-01-24 18:00:00,19.7,1003.8,74,AWS-VAR-052,Varanasi,VAR,center,False,
2025-01-24 19:00:00,18.9,1004.5,71,AWS-VAR-052,Varanasi,VAR,center,False,
2025-01-24 20:00:00,18.1,1005.0,68,AWS-VAR-052,Varanasi,VAR,center,False,
2025-01-24 21:00:00,17.1,1005.2,67,AWS-VAR-052,Varanasi,VAR,center,False,
2025-01-24 22:00:00,16.2,1005.2,67,AWS-VAR-052,Varanasi,VAR,center,False,
2025-01-24 23:00:00,15.4,1004.8,68,AWS-VAR-052,Varanasi,VAR,center,False,
2025-01-25 00:00:00,14.6,1004.6,71,AWS-VAR-052,Varanasi,VAR,center,False,
2025-01-25 01:00:00,13.9,1004.4,73,AWS-VAR-052,Varanasi,VAR,center,False,
2025-01-25 02:00:00,13.1,1004.0,76,AWS-VAR-052,Varanasi,VAR,center,False,
2025-01-25 03:00:00,12.6,1003.9,77,AWS-VAR-052,Varanasi,VAR,center,False,
2025-01-25 04:00:00,12.2,1003.9,78,AWS-VAR-052,Varanasi,VAR,center,False,
2025-01-25 05:00:00,11.7,1004.3,80,AWS-VAR-052,Varanasi,VAR,center,False,
2025-01-25 06:00:00,11.7,1005.4,85,AWS-VAR-052,Varanasi,VAR,center,False,
2025-01-25 07:00:00,12.0,1006.1,84,AWS-VAR-052,Varanasi,VAR,center,False,
2025-01-25 08:00:00,13.9,1006.8,80,AWS-VAR-052,Varanasi,VAR,center,False,
2025-01-25 09:00:00,16.3,1007.4,71,AWS-VAR-052,Varanasi,VAR,center,False,
2025-01-25 10:00:00,18.5,1007.5,63,AWS-VAR-052,Varanasi,VAR,center,False,
2025-01-25 11:00:00,20.2,1006.9,55,AWS-VAR-052,Varanasi,VAR,center,False,
2025-01-25 12:00:00,21.2,1005.7,50,AWS-VAR-052,Varanasi,VAR,center,False,
2025-01-25 13:00:00,21.9,1004.7,47,AWS-VAR-052,Varanasi,VAR,center,False,
2025-01-25 14:00:00,22.1,1004.0,46,AWS-VAR-052,Varanasi,VAR,center,False,
2025-01-25 15:00:00,21.8,1003.6,47,AWS-VAR-052,Varanasi,VAR,center,False,
2025-01-25 16:00:00,20.7,1003.6,54,AWS-VAR-052,Varanasi,VAR,center,False,
2025-01-25 17:00:00,18.6,1003.6,58,AWS-VAR-052,Varanasi,VAR,center,False,
2025-01-25 18:00:00,18.2,1004.1,53,AWS-VAR-052,Varanasi,VAR,center,False,
2025-01-25 19:00:00,17.3,1004.7,56,AWS-VAR-052,Varanasi,VAR,center,False,
2025-01-25 20:00:00,16.3,1005.1,62,AWS-VAR-052,Varanasi,VAR,center,False,
2025-01-25 21:00:00,15.7,1005.3,63,AWS-VAR-052,Varanasi,VAR,center,False,
2025-01-25 22:00:00,15.1,1005.5,64,AWS-VAR-052,Varanasi,VAR,center,False,
2025-01-25 23:00:00,14.2,1005.3,65,AWS-VAR-052,Varanasi,VAR,center,False,
2025-01-26 00:00:00,13.3,1005.0,68,AWS-VAR-052,Varanasi,VAR,center,False,
2025-01-26 01:00:00,12.7,1004.6,71,AWS-VAR-052,Varanasi,VAR,center,False,
2025-01-26 02:00:00,11.9,1004.6,74,AWS-VAR-052,Varanasi,VAR,center,False,
2025-01-26 03:00:00,11.4,1004.4,76,AWS-VAR-052,Varanasi,VAR,center,False,
2025-01-26 04:00:00,10.9,1004.3,79,AWS-VAR-052,Varanasi,VAR,center,False,
2025-01-26 05:00:00,10.3,1004.8,81,AWS-VAR-052,Varanasi,VAR,center,False,
2025-01-26 06:00:00,10.3,1006.0,87,AWS-VAR-052,Varanasi,VAR,center,False,
2025-01-26 07:00:00,10.6,1006.6,87,AWS-VAR-052,Varanasi,VAR,center,False,
2025-01-26 08:00:00,12.9,1007.7,82,AWS-VAR-052,Varanasi,VAR,center,False,
2025-01-26 09:00:00,15.6,1008.3,72,AWS-VAR-052,Varanasi,VAR,center,False,
2025-01-26 10:00:00,18.0,1008.4,63,AWS-VAR-052,Varanasi,VAR,center,False,
2025-01-26 11:00:00,19.8,1007.4,57,AWS-VAR-052,Varanasi,VAR,center,False,
2025-01-26 12:00:00,21.0,1006.1,51,AWS-VAR-052,Varanasi,VAR,center,False,
2025-01-26 13:00:00,21.7,1005.0,46,AWS-VAR-052,Varanasi,VAR,center,False,
2025-01-26 14:00:00,21.9,1004.1,44,AWS-VAR-052,Varanasi,VAR,center,False,
2025-01-26 15:00:00,21.6,1003.5,43,AWS-VAR-052,Varanasi,VAR,center,False,
2025-01-26 16:00:00,20.6,1003.3,51,AWS-VAR-052,Varanasi,VAR,center,False,
2025-01-26 17:00:00,18.6,1003.2,59,AWS-VAR-052,Varanasi,VAR,center,False,
2025-01-26 18:00:00,17.9,1003.2,58,AWS-VAR-052,Varanasi,VAR,center,False,
2025-01-26 19:00:00,16.4,1003.9,66,AWS-VAR-052,Varanasi,VAR,center,False,
2025-01-26 20:00:00,15.6,1003.9,68,AWS-VAR-052,Varanasi,VAR,center,False,
2025-01-26 21:00:00,14.8,1004.4,74,AWS-VAR-052,Varanasi,VAR,center,False,
2025-01-26 22:00:00,13.9,1004.4,79,AWS-VAR-052,Varanasi,VAR,center,False,
2025-01-26 23:00:00,13.3,1004.2,80,AWS-VAR-052,Varanasi,VAR,center,False,
2025-01-27 00:00:00,12.5,1003.7,82,AWS-VAR-052,Varanasi,VAR,center,False,
2025-01-27 01:00:00,11.8,1003.5,84,AWS-VAR-052,Varanasi,VAR,center,False,
2025-01-27 02:00:00,11.2,1003.0,87,AWS-VAR-052,Varanasi,VAR,center,False,
2025-01-27 03:00:00,10.8,1002.8,87,AWS-VAR-052,Varanasi,VAR,center,False,
2025-01-27 04:00:00,10.4,1002.8,88,AWS-VAR-052,Varanasi,VAR,center,False,
2025-01-27 05:00:00,10.1,1003.1,89,AWS-VAR-052,Varanasi,VAR,center,False,
2025-01-27 06:00:00,10.2,1003.8,92,AWS-VAR-052,Varanasi,VAR,center,False,
2025-01-27 07:00:00,10.4,1004.7,92,AWS-VAR-052,Varanasi,VAR,center,False,
2025-01-27 08:00:00,12.6,1005.3,86,AWS-VAR-052,Varanasi,VAR,center,False,
2025-01-27 09:00:00,15.5,1006.1,76,AWS-VAR-052,Varanasi,VAR,center,False,
2025-01-27 10:00:00,18.1,1006.3,67,AWS-VAR-052,Varanasi,VAR,center,False,
2025-01-27 11:00:00,19.9,1005.4,59,AWS-VAR-052,Varanasi,VAR,center,False,
2025-01-27 12:00:00,20.9,1003.9,53,AWS-VAR-052,Varanasi,VAR,center,False,
2025-01-27 13:00:00,21.5,1002.8,50,AWS-VAR-052,Varanasi,VAR,center,False,
2025-01-27 14:00:00,21.7,1001.7,49,AWS-VAR-052,Varanasi,VAR,center,False,
2025-01-27 15:00:00,21.5,1001.2,50,AWS-VAR-052,Varanasi,VAR,center,False,
2025-01-27 16:00:00,20.7,1001.0,56,AWS-VAR-052,Varanasi,VAR,center,False,
2025-01-27 17:00:00,18.6,1001.2,69,AWS-VAR-052,Varanasi,VAR,center,False,
2025-01-27 18:00:00,17.7,1001.1,73,AWS-VAR-052,Varanasi,VAR,center,False,
2025-01-27 19:00:00,16.8,1001.7,75,AWS-VAR-052,Varanasi,VAR,center,False,
2025-01-27 20:00:00,16.1,1002.3,72,AWS-VAR-052,Varanasi,VAR,center,False,
2025-01-27 21:00:00,15.4,1002.8,70,AWS-VAR-052,Varanasi,VAR,center,False,
2025-01-27 22:00:00,14.6,1002.9,73,AWS-VAR-052,Varanasi,VAR,center,False,
2025-01-27 23:00:00,13.8,1002.6,77,AWS-VAR-052,Varanasi,VAR,center,False,
2025-01-28 00:00:00,13.0,1002.3,80,AWS-VAR-052,Varanasi,VAR,center,False,
2025-01-28 01:00:00,12.3,1002.1,83,AWS-VAR-052,Varanasi,VAR,center,False,
2025-01-28 02:00:00,11.7,1001.8,86,AWS-VAR-052,Varanasi,VAR,center,False,
2025-01-28 03:00:00,11.2,1001.5,87,AWS-VAR-052,Varanasi,VAR,center,False,
2025-01-28 04:00:00,10.6,1001.4,90,AWS-VAR-052,Varanasi,VAR,center,False,
2025-01-28 05:00:00,10.1,1001.9,91,AWS-VAR-052,Varanasi,VAR,center,False,
2025-01-28 06:00:00,10.0,1003.3,93,AWS-VAR-052,Varanasi,VAR,center,False,
2025-01-28 07:00:00,10.3,1004.4,93,AWS-VAR-052,Varanasi,VAR,center,False,
2025-01-28 08:00:00,12.6,1005.5,86,AWS-VAR-052,Varanasi,VAR,center,False,
2025-01-28 09:00:00,15.5,1006.5,76,AWS-VAR-052,Varanasi,VAR,center,False,
2025-01-28 10:00:00,18.1,1006.7,66,AWS-VAR-052,Varanasi,VAR,center,False,
2025-01-28 11:00:00,19.9,1005.8,58,AWS-VAR-052,Varanasi,VAR,center,False,
2025-01-28 12:00:00,20.9,1004.5,52,AWS-VAR-052,Varanasi,VAR,center,False,
2025-01-28 13:00:00,21.5,1003.5,50,AWS-VAR-052,Varanasi,VAR,center,False,
2025-01-28 14:00:00,21.7,1002.9,49,AWS-VAR-052,Varanasi,VAR,center,False,
2025-01-28 15:00:00,21.6,1002.4,49,AWS-VAR-052,Varanasi,VAR,center,False,
2025-01-28 16:00:00,20.9,1002.4,54,AWS-VAR-052,Varanasi,VAR,center,False,
2025-01-28 17:00:00,18.6,1002.6,68,AWS-VAR-052,Varanasi,VAR,center,False,
2025-01-28 18:00:00,17.7,1002.9,73,AWS-VAR-052,Varanasi,VAR,center,False,
2025-01-28 19:00:00,17.6,1003.8,69,AWS-VAR-052,Varanasi,VAR,center,False,
2025-01-28 20:00:00,16.1,1004.7,74,AWS-VAR-052,Varanasi,VAR,center,False,
2025-01-28 21:00:00,15.0,1005.3,81,AWS-VAR-052,Varanasi,VAR,center,False,
2025-01-28 22:00:00,14.4,1005.8,81,AWS-VAR-052,Varanasi,VAR,center,False,
2025-01-28 23:00:00,13.7,1005.8,83,AWS-VAR-052,Varanasi,VAR,center,False,
2025-01-29 00:00:00,12.9,1005.5,86,AWS-VAR-052,Varanasi,VAR,center,False,
2025-01-29 01:00:00,11.8,1005.4,92,AWS-VAR-052,Varanasi,VAR,center,False,
2025-01-29 02:00:00,11.9,1005.1,92,AWS-VAR-052,Varanasi,VAR,center,False,
2025-01-29 03:00:00,11.9,1004.8,89,AWS-VAR-052,Varanasi,VAR,center,False,
2025-01-29 04:00:00,11.9,1004.6,88,AWS-VAR-052,Varanasi,VAR,center,False,
2025-01-29 05:00:00,11.3,1005.0,89,AWS-VAR-052,Varanasi,VAR,center,False,
2025-01-29 06:00:00,11.4,1006.0,91,AWS-VAR-052,Varanasi,VAR,center,False,
2025-01-29 07:00:00,12.6,1007.0,87,AWS-VAR-052,Varanasi,VAR,center,False,
2025-01-29 08:00:00,14.4,1008.3,82,AWS-VAR-052,Varanasi,VAR,center,False,
2025-01-29 09:00:00,17.5,1009.0,73,AWS-VAR-052,Varanasi,VAR,center,False,
2025-01-29 10:00:00,17.5,1009.2,73,AWS-VAR-052,Varanasi,VAR,center,False,
2025-01-29 11:00:00,19.1,1008.2,68,AWS-VAR-052,Varanasi,VAR,center,False,
2025-01-29 12:00:00,21.3,1006.9,55,AWS-VAR-052,Varanasi,VAR,center,False,
2025-01-29 13:00:00,22.1,1005.4,51,AWS-VAR-052,Varanasi,VAR,center,False,
2025-01-29 14:00:00,22.4,1004.4,48,AWS-VAR-052,Varanasi,VAR,center,False,
2025-01-29 15:00:00,22.3,1003.8,48,AWS-VAR-052,Varanasi,VAR,center,False,
2025-01-29 16:00:00,21.6,1003.1,54,AWS-VAR-052,Varanasi,VAR,center,False,
2025-01-29 17:00:00,19.4,1003.1,69,AWS-VAR-052,Varanasi,VAR,center,False,
2025-01-29 18:00:00,18.2,1003.1,76,AWS-VAR-052,Varanasi,VAR,center,False,
2025-01-29 19:00:00,16.8,1003.6,81,AWS-VAR-052,Varanasi,VAR,center,False,
2025-01-29 20:00:00,15.7,1004.0,85,AWS-VAR-052,Varanasi,VAR,center,False,
2025-01-29 21:00:00,15.0,1004.2,88,AWS-VAR-052,Varanasi,VAR,center,False,
2025-01-29 22:00:00,14.3,1004.2,90,AWS-VAR-052,Varanasi,VAR,center,False,
2025-01-29 23:00:00,13.4,1003.7,93,AWS-VAR-052,Varanasi,VAR,center,False,
2025-01-30 00:00:00,12.8,1003.3,94,AWS-VAR-052,Varanasi,VAR,center,False,
2025-01-30 01:00:00,12.5,1002.8,95,AWS-VAR-052,Varanasi,VAR,center,False,
2025-01-30 02:00:00,12.2,1002.0,95,AWS-VAR-052,Varanasi,VAR,center,False,
2025-01-30 03:00:00,11.9,1001.7,96,AWS-VAR-052,Varanasi,VAR,center,False,
2025-01-30 04:00:00,11.4,1001.3,98,AWS-VAR-052,Varanasi,VAR,center,False,
2025-01-30 05:00:00,10.7,1001.3,100,AWS-VAR-052,Varanasi,VAR,center,False,
2025-01-30 06:00:00,8.7,1002.3,100,AWS-VAR-052,Varanasi,VAR,center,False,
2025-01-30 07:00:00,9.0,1003.3,99,AWS-VAR-052,Varanasi,VAR,center,False,
2025-01-30 08:00:00,11.4,1004.2,96,AWS-VAR-052,Varanasi,VAR,center,False,
2025-01-30 09:00:00,14.5,1004.6,96,AWS-VAR-052,Varanasi,VAR,center,False,
2025-01-30 10:00:00,18.4,1004.5,78,AWS-VAR-052,Varanasi,VAR,center,False,
2025-01-30 11:00:00,21.1,1003.8,65,AWS-VAR-052,Varanasi,VAR,center,False,
2025-01-30 12:00:00,22.9,1002.6,56,AWS-VAR-052,Varanasi,VAR,center,False,
2025-01-30 13:00:00,24.1,1001.1,49,AWS-VAR-052,Varanasi,VAR,center,False,
2025-01-30 14:00:00,24.6,1000.2,45,AWS-VAR-052,Varanasi,VAR,center,False,
2025-01-30 15:00:00,24.4,999.5,46,AWS-VAR-052,Varanasi,VAR,center,False,
2025-01-30 16:00:00,23.6,999.3,57,AWS-VAR-052,Varanasi,VAR,center,False,
2025-01-30 17:00:00,21.5,999.5,63,AWS-VAR-052,Varanasi,VAR,center,False,
2025-01-30 18:00:00,19.5,999.7,71,AWS-VAR-052,Varanasi,VAR,center,False,
2025-01-30 19:00:00,18.3,1000.1,73,AWS-VAR-052,Varanasi,VAR,center,False,
2025-01-30 20:00:00,17.0,1000.5,78,AWS-VAR-052,Varanasi,VAR,center,False,
2025-01-30 21:00:00,16.0,1000.9,81,AWS-VAR-052,Varanasi,VAR,center,False,
2025-01-30 22:00:00,15.5,1001.0,83,AWS-VAR-052,Varanasi,VAR,center,False,
2025-01-30 23:00:00,14.8,1000.6,86,AWS-VAR-052,Varanasi,VAR,center,False,
2025-01-31 00:00:00,14.1,1000.2,89,AWS-VAR-052,Varanasi,VAR,center,False,
2025-01-31 01:00:00,13.5,1000.0,91,AWS-VAR-052,Varanasi,VAR,center,False,
2025-01-31 02:00:00,13.0,999.8,94,AWS-VAR-052,Varanasi,VAR,center,False,
2025-01-31 03:00:00,12.8,999.9,93,AWS-VAR-052,Varanasi,VAR,center,False,
2025-01-31 04:00:00,12.9,999.8,92,AWS-VAR-052,Varanasi,VAR,center,False,
2025-01-31 05:00:00,13.1,1000.0,91,AWS-VAR-052,Varanasi,VAR,center,False,
2025-01-31 06:00:00,12.1,1001.1,93,AWS-VAR-052,Varanasi,VAR,center,False,
2025-01-31 07:00:00,12.7,1002.1,93,AWS-VAR-052,Varanasi,VAR,center,False,
2025-01-31 08:00:00,15.5,1003.0,85,AWS-VAR-052,Varanasi,VAR,center,False,
2025-01-31 09:00:00,19.2,1004.1,73,AWS-VAR-052,Varanasi,VAR,center,False,
2025-01-31 10:00:00,21.9,1004.2,62,AWS-VAR-052,Varanasi,VAR,center,False,
2025-01-31 11:00:00,23.8,1003.5,54,AWS-VAR-052,Varanasi,VAR,center,False,
2025-01-31 12:00:00,25.3,1002.7,48,AWS-VAR-052,Varanasi,VAR,center,False,
2025-01-31 13:00:00,26.3,1001.6,42,AWS-VAR-052,Varanasi,VAR,center,False,
2025-01-31 14:00:00,26.8,1000.9,39,AWS-VAR-052,Varanasi,VAR,center,False,
2025-01-31 15:00:00,26.6,1000.4,38,AWS-VAR-052,Varanasi,VAR,center,False,
2025-01-31 16:00:00,25.5,1000.4,49,AWS-VAR-052,Varanasi,VAR,center,False,
2025-01-31 17:00:00,22.8,1000.6,60,AWS-VAR-052,Varanasi,VAR,center,False,
2025-01-31 18:00:00,21.8,1000.9,62,AWS-VAR-052,Varanasi,VAR,center,False,
2025-01-31 19:00:00,20.3,1001.4,68,AWS-VAR-052,Varanasi,VAR,center,False,
2025-01-31 20:00:00,19.2,1002.2,73,AWS-VAR-052,Varanasi,VAR,center,False,
2025-01-31 21:00:00,18.4,1002.8,78,AWS-VAR-052,Varanasi,VAR,center,False,
2025-01-31 22:00:00,17.6,1003.0,82,AWS-VAR-052,Varanasi,VAR,center,False,
2025-01-31 23:00:00,17.2,1002.8,84,AWS-VAR-052,Varanasi,VAR,center,False,
2025-02-01 00:00:00,16.8,1002.4,85,AWS-VAR-052,Varanasi,VAR,center,False,
2025-02-01 01:00:00,16.3,1002.1,87,AWS-VAR-052,Varanasi,VAR,center,False,
2025-02-01 02:00:00,15.9,1001.8,88,AWS-VAR-052,Varanasi,VAR,center,False,
2025-02-01 03:00:00,15.3,1001.6,89,AWS-VAR-052,Varanasi,VAR,center,False,
2025-02-01 04:00:00,15.1,1001.3,89,AWS-VAR-052,Varanasi,VAR,center,False,
2025-02-01 05:00:00,15.0,1001.5,90,AWS-VAR-052,Varanasi,VAR,center,False,
2025-02-01 06:00:00,14.3,1002.6,93,AWS-VAR-052,Varanasi,VAR,center,False,
2025-02-01 07:00:00,15.0,1003.5,91,AWS-VAR-052,Varanasi,VAR,center,False,
2025-02-01 08:00:00,17.5,1004.3,83,AWS-VAR-052,Varanasi,VAR,center,False,
2025-02-01 09:00:00,20.6,1005.4,72,AWS-VAR-052,Varanasi,VAR,center,False,
2025-02-01 10:00:00,23.1,1005.4,61,AWS-VAR-052,Varanasi,VAR,center,False,
2025-02-01 11:00:00,25.1,1004.6,52,AWS-VAR-052,Varanasi,VAR,center,False,
2025-02-01 12:00:00,26.4,1003.7,48,AWS-VAR-052,Varanasi,VAR,center,False,
2025-02-01 13:00:00,27.0,1002.6,46,AWS-VAR-052,Varanasi,VAR,center,False,
2025-02-01 14:00:00,27.1,1001.9,46,AWS-VAR-052,Varanasi,VAR,center,False,
2025-02-01 15:00:00,26.8,1001.7,46,AWS-VAR-052,Varanasi,VAR,center,False,
2025-02-01 16:00:00,26.0,1001.8,51,AWS-VAR-052,Varanasi,VAR,center,False,
2025-02-01 17:00:00,23.9,1001.9,61,AWS-VAR-052,Varanasi,VAR,center,False,
2025-02-01 18:00:00,22.6,1002.1,65,AWS-VAR-052,Varanasi,VAR,center,False,
2025-02-01 19:00:00,21.5,1002.6,70,AWS-VAR-052,Varanasi,VAR,center,False,
2025-02-01 20:00:00,20.3,1003.0,76,AWS-VAR-052,Varanasi,VAR,center,False,
2025-02-01 21:00:00,19.6,1003.4,78,AWS-VAR-052,Varanasi,VAR,center,False,
2025-02-01 22:00:00,18.4,1003.2,83,AWS-VAR-052,Varanasi,VAR,center,False,
2025-02-01 23:00:00,17.5,1003.0,87,AWS-VAR-052,Varanasi,VAR,center,False,
2025-02-02 00:00:00,17.1,1002.9,89,AWS-VAR-052,Varanasi,VAR,center,False,
2025-02-02 01:00:00,17.0,1002.6,88,AWS-VAR-052,Varanasi,VAR,center,False,
2025-02-02 02:00:00,16.6,1002.1,89,AWS-VAR-052,Varanasi,VAR,center,False,
2025-02-02 03:00:00,16.1,1002.1,90,AWS-VAR-052,Varanasi,VAR,center,False,
2025-02-02 04:00:00,15.6,1002.0,90,AWS-VAR-052,Varanasi,VAR,center,False,
2025-02-02 05:00:00,15.2,1002.2,90,AWS-VAR-052,Varanasi,VAR,center,False,
2025-02-02 06:00:00,15.0,1003.5,92,AWS-VAR-052,Varanasi,VAR,center,False,
2025-02-02 07:00:00,15.5,1004.6,91,AWS-VAR-052,Varanasi,VAR,center,False,
2025-02-02 08:00:00,17.7,1005.5,83,AWS-VAR-052,Varanasi,VAR,center,False,
2025-02-02 09:00:00,21.0,1006.3,71,AWS-VAR-052,Varanasi,VAR,center,False,
2025-02-02 10:00:00,23.6,1006.4,58,AWS-VAR-052,Varanasi,VAR,center,False,
2025-02-02 11:00:00,25.5,1005.6,47,AWS-VAR-052,Varanasi,VAR,center,False,
2025-02-02 12:00:00,26.8,1004.4,41,AWS-VAR-052,Varanasi,VAR,center,False,
2025-02-02 13:00:00,27.6,1003.3,38,AWS-VAR-052,Varanasi,VAR,center,False,
2025-02-02 14:00:00,27.8,1002.4,37,AWS-VAR-052,Varanasi,VAR,center,False,
2025-02-02 15:00:00,27.5,1002.0,38,AWS-VAR-052,Varanasi,VAR,center,False,
2025-02-02 16:00:00,26.6,1002.0,43,AWS-VAR-052,Varanasi,VAR,center,False,
2025-02-02 17:00:00,23.9,1002.1,63,AWS-VAR-052,Varanasi,VAR,center,False,
2025-02-02 18:00:00,23.1,1002.2,58,AWS-VAR-052,Varanasi,VAR,center,False,
2025-02-02 19:00:00,22.5,1002.7,55,AWS-VAR-052,Varanasi,VAR,center,False,
2025-02-02 20:00:00,21.4,1003.2,62,AWS-VAR-052,Varanasi,VAR,center,False,
2025-02-02 21:00:00,20.4,1003.6,66,AWS-VAR-052,Varanasi,VAR,center,False,
2025-02-02 22:00:00,19.2,1003.9,67,AWS-VAR-052,Varanasi,VAR,center,False,
2025-02-02 23:00:00,18.3,1003.5,68,AWS-VAR-052,Varanasi,VAR,center,False,
2025-02-03 00:00:00,17.7,1003.2,69,AWS-VAR-052,Varanasi,VAR,center,False,
2025-02-03 01:00:00,17.3,1002.8,71,AWS-VAR-052,Varanasi,VAR,center,False,
2025-02-03 02:00:00,16.6,1002.5,74,AWS-VAR-052,Varanasi,VAR,center,False,
2025-02-03 03:00:00,16.0,1002.4,77,AWS-VAR-052,Varanasi,VAR,center,False,
2025-02-03 04:00:00,15.5,1002.3,79,AWS-VAR-052,Varanasi,VAR,center,False,
2025-02-03 05:00:00,15.0,1002.5,82,AWS-VAR-052,Varanasi,VAR,center,False,
2025-02-03 06:00:00,15.0,1003.7,87,AWS-VAR-052,Varanasi,VAR,center,False,
2025-02-03 07:00:00,15.1,1004.6,87,AWS-VAR-052,Varanasi,VAR,center,False,
2025-02-03 08:00:00,17.3,1005.6,78,AWS-VAR-052,Varanasi,VAR,center,False,
2025-02-03 09:00:00,19.8,1006.7,68,AWS-VAR-052,Varanasi,VAR,center,False,
2025-02-03 10:00:00,22.1,1007.1,59,AWS-VAR-052,Varanasi,VAR,center,False,
2025-02-03 11:00:00,23.9,1006.3,52,AWS-VAR-052,Varanasi,VAR,center,False,
2025-02-03 12:00:00,25.1,1005.0,45,AWS-VAR-052,Varanasi,VAR,center,False,
2025-02-03 13:00:00,25.9,1003.8,41,AWS-VAR-052,Varanasi,VAR,center,False,
2025-02-03 14:00:00,26.3,1002.9,40,AWS-VAR-052,Varanasi,VAR,center,False,
2025-02-03 15:00:00,26.1,1002.6,41,AWS-VAR-052,Varanasi,VAR,center,False,
2025-02-03 16:00:00,25.6,1002.6,43,AWS-VAR-052,Varanasi,VAR,center,False,
2025-02-03 17:00:00,23.2,1002.7,62,AWS-VAR-052,Varanasi,VAR,center,False,
2025-02-03 18:00:00,22.1,1003.7,68,AWS-VAR-052,Varanasi,VAR,center,False,
2025-02-03 19:00:00,21.0,1004.2,70,AWS-VAR-052,Varanasi,VAR,center,False,
2025-02-03 20:00:00,20.2,1005.2,67,AWS-VAR-052,Varanasi,VAR,center,False,
2025-02-03 21:00:00,20.2,1005.7,58,AWS-VAR-052,Varanasi,VAR,center,False,
2025-02-03 22:00:00,19.7,1005.5,56,AWS-VAR-052,Varanasi,VAR,center,False,
2025-02-03 23:00:00,18.6,1005.4,60,AWS-VAR-052,Varanasi,VAR,center,False,
2025-02-04 00:00:00,17.3,1005.1,68,AWS-VAR-052,Varanasi,VAR,center,False,
2025-02-04 01:00:00,16.7,1004.8,70,AWS-VAR-052,Varanasi,VAR,center,False,
2025-02-04 02:00:00,16.0,1004.0,73,AWS-VAR-052,Varanasi,VAR,center,False,
2025-02-04 03:00:00,15.4,1003.6,76,AWS-VAR-052,Varanasi,VAR,center,False,
2025-02-04 04:00:00,14.5,1003.4,81,AWS-VAR-052,Varanasi,VAR,center,False,
2025-02-04 05:00:00,13.9,1003.6,84,AWS-VAR-052,Varanasi,VAR,center,False,
2025-02-04 06:00:00,14.0,1004.7,84,AWS-VAR-052,Varanasi,VAR,center,False,
2025-02-04 07:00:00,14.7,1005.6,80,AWS-VAR-052,Varanasi,VAR,center,False,
2025-02-04 08:00:00,17.7,1006.5,68,AWS-VAR-052,Varanasi,VAR,center,False,
2025-02-04 09:00:00,20.7,1007.2,58,AWS-VAR-052,Varanasi,VAR,center,False,
2025-02-04 10:00:00,23.2,1007.4,50,AWS-VAR-052,Varanasi,VAR,center,False,
2025-02-04 11:00:00,25.1,1006.4,45,AWS-VAR-052,Varanasi,VAR,center,False,
2025-02-04 12:00:00,26.7,1005.2,37,AWS-VAR-052,Varanasi,VAR,center,False,
2025-02-04 13:00:00,27.7,1003.8,31,AWS-VAR-052,Varanasi,VAR,center,False,
2025-02-04 14:00:00,28.0,1002.8,30,AWS-VAR-052,Varanasi,VAR,center,False,
2025-02-04 15:00:00,27.8,1002.2,31,AWS-VAR-052,Varanasi,VAR,center,False,
2025-02-04 16:00:00,26.9,1002.1,34,AWS-VAR-052,Varanasi,VAR,center,False,
2025-02-04 17:00:00,24.6,1002.1,45,AWS-VAR-052,Varanasi,VAR,center,False,
2025-02-04 18:00:00,23.4,1002.0,60,AWS-VAR-052,Varanasi,VAR,center,False,
2025-02-04 19:00:00,22.2,1002.6,63,AWS-VAR-052,Varanasi,VAR,center,False,
2025-02-04 20:00:00,21.6,1002.8,64,AWS-VAR-052,Varanasi,VAR,center,False,
2025-02-04 21:00:00,21.1,1003.0,64,AWS-VAR-052,Varanasi,VAR,center,False,
2025-02-04 22:00:00,20.9,1002.9,60,AWS-VAR-052,Varanasi,VAR,center,False,
2025-02-04 23:00:00,19.9,1002.3,62,AWS-VAR-052,Varanasi,VAR,center,False,
2025-02-05 00:00:00,19.1,1001.8,67,AWS-VAR-052,Varanasi,VAR,center,False,
2025-02-05 01:00:00,18.5,1001.8,69,AWS-VAR-052,Varanasi,VAR,center,False,
2025-02-05 02:00:00,17.5,1001.6,75,AWS-VAR-052,Varanasi,VAR,center,False,
2025-02-05 03:00:00,17.2,1001.4,77,AWS-VAR-052,Varanasi,VAR,center,False,
2025-02-05 04:00:00,17.2,1001.2,76,AWS-VAR-052,Varanasi,VAR,center,False,
2025-02-05 05:00:00,17.2,1001.6,76,AWS-VAR-052,Varanasi,VAR,center,False,
2025-02-05 06:00:00,17.1,1002.4,79,AWS-VAR-052,Varanasi,VAR,center,False,
2025-02-05 07:00:00,17.4,1003.1,77,AWS-VAR-052,Varanasi,VAR,center,False,
2025-02-05 08:00:00,19.6,1003.9,70,AWS-VAR-052,Varanasi,VAR,center,False,
2025-02-05 09:00:00,22.6,1004.6,61,AWS-VAR-052,Varanasi,VAR,center,False,
2025-02-05 10:00:00,25.4,1004.6,53,AWS-VAR-052,Varanasi,VAR,center,False,
2025-02-05 11:00:00,27.6,1003.9,45,AWS-VAR-052,Varanasi,VAR,center,False,
2025-02-05 12:00:00,29.1,1002.7,39,AWS-VAR-052,Varanasi,VAR,center,False,
2025-02-05 13:00:00,29.8,1001.7,37,AWS-VAR-052,Varanasi,VAR,center,False,
2025-02-05 14:00:00,29.7,1000.9,37,AWS-VAR-052,Varanasi,VAR,center,False,
2025-02-05 15:00:00,29.2,1000.6,39,AWS-VAR-052,Varanasi,VAR,center,False,
2025-02-05 16:00:00,28.3,1000.6,41,AWS-VAR-052,Varanasi,VAR,center,False,
2025-02-05 17:00:00,26.5,1001.0,47,AWS-VAR-052,Varanasi,VAR,center,False,
2025-02-05 18:00:00,24.7,1001.8,53,AWS-VAR-052,Varanasi,VAR,center,False,
2025-02-05 19:00:00,23.5,1002.5,58,AWS-VAR-052,Varanasi,VAR,center,False,
2025-02-05 20:00:00,23.1,1003.3,59,AWS-VAR-052,Varanasi,VAR,center,False,
2025-02-05 21:00:00,22.4,1003.9,62,AWS-VAR-052,Varanasi,VAR,center,False,
2025-02-05 22:00:00,21.7,1004.2,66,AWS-VAR-052,Varanasi,VAR,center,False,
2025-02-05 23:00:00,20.9,1004.0,67,AWS-VAR-052,Varanasi,VAR,center,False,
2025-02-06 00:00:00,19.9,1003.9,65,AWS-VAR-052,Varanasi,VAR,center,False,
2025-02-06 01:00:00,18.9,1003.9,63,AWS-VAR-052,Varanasi,VAR,center,False,
2025-02-06 02:00:00,17.8,1003.5,59,AWS-VAR-052,Varanasi,VAR,center,False,
2025-02-06 03:00:00,16.7,1003.6,56,AWS-VAR-052,Varanasi,VAR,center,False,
2025-02-06 04:00:00,15.7,1003.6,55,AWS-VAR-052,Varanasi,VAR,center,False,
2025-02-06 05:00:00,14.8,1004.1,57,AWS-VAR-052,Varanasi,VAR,center,False,
2025-02-06 06:00:00,13.8,1005.2,69,AWS-VAR-052,Varanasi,VAR,center,False,
2025-02-06 07:00:00,13.8,1006.0,69,AWS-VAR-052,Varanasi,VAR,center,False,
2025-02-06 08:00:00,15.5,1006.8,62,AWS-VAR-052,Varanasi,VAR,center,False,
2025-02-06 09:00:00,17.5,1007.5,54,AWS-VAR-052,Varanasi,VAR,center,False,
2025-02-06 10:00:00,19.5,1007.4,48,AWS-VAR-052,Varanasi,VAR,center,False,
2025-02-06 11:00:00,21.4,1006.8,42,AWS-VAR-052,Varanasi,VAR,center,False,
2025-02-06 12:00:00,23.0,1005.5,37,AWS-VAR-052,Varanasi,VAR,center,False,
2025-02-06 13:00:00,24.4,1004.3,29,AWS-VAR-052,Varanasi,VAR,center,False,
2025-02-06 14:00:00,25.4,1003.5,23,AWS-VAR-052,Varanasi,VAR,center,False,
2025-02-06 15:00:00,25.4,1002.8,21,AWS-VAR-052,Varanasi,VAR,center,False,
2025-02-06 16:00:00,24.6,1002.5,23,AWS-VAR-052,Varanasi,VAR,center,False,
2025-02-06 17:00:00,22.3,1002.8,31,AWS-VAR-052,Varanasi,VAR,center,False,
2025-02-06 18:00:00,20.7,1003.7,36,AWS-VAR-052,Varanasi,VAR,center,False,
2025-02-06 19:00:00,19.9,1004.5,35,AWS-VAR-052,Varanasi,VAR,center,False,
2025-02-06 20:00:00,19.0,1005.1,35,AWS-VAR-052,Varanasi,VAR,center,False,
2025-02-06 21:00:00,17.6,1005.7,39,AWS-VAR-052,Varanasi,VAR,center,False,
2025-02-06 22:00:00,16.5,1006.0,42,AWS-VAR-052,Varanasi,VAR,center,False,
2025-02-06 23:00:00,15.8,1006.0,44,AWS-VAR-052,Varanasi,VAR,center,False,
2025-02-07 00:00:00,15.1,1005.6,47,AWS-VAR-052,Varanasi,VAR,center,False,
2025-02-07 01:00:00,14.6,1005.3,50,AWS-VAR-052,Varanasi,VAR,center,False,
2025-02-07 02:00:00,14.2,1004.7,51,AWS-VAR-052,Varanasi,VAR,center,False,
2025-02-07 03:00:00,13.8,1004.5,52,AWS-VAR-052,Varanasi,VAR,center,False,
2025-02-07 04:00:00,13.2,1004.5,53,AWS-VAR-052,Varanasi,VAR,center,False,
2025-02-07 05:00:00,12.8,1004.9,54,AWS-VAR-052,Varanasi,VAR,center,False,
2025-02-07 06:00:00,12.4,1006.1,65,AWS-VAR-052,Varanasi,VAR,center,False,
2025-02-07 07:00:00,12.6,1006.6,66,AWS-VAR-052,Varanasi,VAR,center,False,
2025-02-07 08:00:00,14.5,1007.6,61,AWS-VAR-052,Varanasi,VAR,center,False,
2025-02-07 09:00:00,16.9,1008.3,53,AWS-VAR-052,Varanasi,VAR,center,False,
2025-02-07 10:00:00,19.2,1008.3,47,AWS-VAR-052,Varanasi,VAR,center,False,
2025-02-07 11:00:00,21.2,1007.6,41,AWS-VAR-052,Varanasi,VAR,center,False,
2025-02-07 12:00:00,22.7,1006.3,36,AWS-VAR-052,Varanasi,VAR,center,False,
2025-02-07 13:00:00,23.9,1005.1,31,AWS-VAR-052,Varanasi,VAR,center,False,
2025-02-07 14:00:00,24.5,1004.1,27,AWS-VAR-052,Varanasi,VAR,center,False,
2025-02-07 15:00:00,24.6,1003.7,25,AWS-VAR-052,Varanasi,VAR,center,False,
2025-02-07 16:00:00,23.9,1003.6,26,AWS-VAR-052,Varanasi,VAR,center,False,
2025-02-07 17:00:00,21.8,1003.7,34,AWS-VAR-052,Varanasi,VAR,center,False,
2025-02-07 18:00:00,20.4,1004.2,37,AWS-VAR-052,Varanasi,VAR,center,False,
2025-02-07 19:00:00,19.4,1005.0,39,AWS-VAR-052,Varanasi,VAR,center,False,
2025-02-07 20:00:00,18.5,1005.7,42,AWS-VAR-052,Varanasi,VAR,center,False,
2025-02-07 21:00:00,17.9,1006.2,44,AWS-VAR-052,Varanasi,VAR,center,False,
2025-02-07 22:00:00,17.0,1006.4,47,AWS-VAR-052,Varanasi,VAR,center,False,
2025-02-07 23:00:00,16.1,1006.0,51,AWS-VAR-052,Varanasi,VAR,center,False,
2025-02-08 00:00:00,15.2,1005.3,54,AWS-VAR-052,Varanasi,VAR,center,False,
2025-02-08 01:00:00,14.5,1004.8,56,AWS-VAR-052,Varanasi,VAR,center,False,
2025-02-08 02:00:00,13.9,1004.1,58,AWS-VAR-052,Varanasi,VAR,center,False,
2025-02-08 03:00:00,13.4,1003.8,60,AWS-VAR-052,Varanasi,VAR,center,False,
2025-02-08 04:00:00,12.8,1003.6,62,AWS-VAR-052,Varanasi,VAR,center,False,
2025-02-08 05:00:00,12.3,1004.2,64,AWS-VAR-052,Varanasi,VAR,center,False,
2025-02-08 06:00:00,11.9,1005.6,73,AWS-VAR-052,Varanasi,VAR,center,False,
2025-02-08 07:00:00,12.4,1006.4,70,AWS-VAR-052,Varanasi,VAR,center,False,
2025-02-08 08:00:00,14.5,1007.4,62,AWS-VAR-052,Varanasi,VAR,center,False,
2025-02-08 09:00:00,17.2,1008.3,53,AWS-VAR-052,Varanasi,VAR,center,False,
2025-02-08 10:00:00,19.6,1008.5,45,AWS-VAR-052,Varanasi,VAR,center,False,
2025-02-08 11:00:00,21.5,1007.8,39,AWS-VAR-052,Varanasi,VAR,center,False,
2025-02-08 12:00:00,23.0,1006.6,35,AWS-VAR-052,Varanasi,VAR,center,False,
2025-02-08 13:00:00,23.9,1005.3,32,AWS-VAR-052,Varanasi,VAR,center,False,
2025-02-08 14:00:00,24.2,1004.3,32,AWS-VAR-052,Varanasi,VAR,center,False,
2025-02-08 15:00:00,24.1,1003.7,33,AWS-VAR-052,Varanasi,VAR,center,False,
2025-02-08 16:00:00,23.5,1003.7,34,AWS-VAR-052,Varanasi,VAR,center,False,
2025-02-08 17:00:00,21.7,1003.9,41,AWS-VAR-052,Varanasi,VAR,center,False,
2025-02-08 18:00:00,21.0,1004.2,41,AWS-VAR-052,Varanasi,VAR,center,False,
2025-02-08 19:00:00,20.4,1004.8,41,AWS-VAR-052,Varanasi,VAR,center,False,
2025-02-08 20:00:00,19.2,1005.3,46,AWS-VAR-052,Varanasi,VAR,center,False,
2025-02-08 21:00:00,18.2,1005.8,51,AWS-VAR-052,Varanasi,VAR,center,False,
2025-02-08 22:00:00,17.7,1006.1,52,AWS-VAR-052,Varanasi,VAR,center,False,
2025-02-08 23:00:00,17.1,1005.8,50,AWS-VAR-052,Varanasi,VAR,center,False,
2025-02-09 00:00:00,16.2,1005.3,52,AWS-VAR-052,Varanasi,VAR,center,False,
2025-02-09 01:00:00,15.4,1004.7,55,AWS-VAR-052,Varanasi,VAR,center,False,
2025-02-09 02:00:00,14.8,1004.1,58,AWS-VAR-052,Varanasi,VAR,center,False,
2025-02-09 03:00:00,14.1,1003.8,62,AWS-VAR-052,Varanasi,VAR,center,False,
2025-02-09 04:00:00,13.5,1003.7,64,AWS-VAR-052,Varanasi,VAR,center,False,
2025-02-09 05:00:00,13.0,1003.9,67,AWS-VAR-052,Varanasi,VAR,center,False,
2025-02-09 06:00:00,12.8,1004.9,73,AWS-VAR-052,Varanasi,VAR,center,False,
2025-02-09 07:00:00,13.2,1005.5,71,AWS-VAR-052,Varanasi,VAR,center,False,
2025-02-09 08:00:00,15.6,1006.5,64,AWS-VAR-052,Varanasi,VAR,center,False,
2025-02-09 09:00:00,18.5,1007.2,54,AWS-VAR-052,Varanasi,VAR,center,False,
2025-02-09 10:00:00,21.2,1006.9,46,AWS-VAR-052,Varanasi,VAR,center,False,
2025-02-09 11:00:00,23.4,1006.3,41,AWS-VAR-052,Varanasi,VAR,center,False,
2025-02-09 12:00:00,25.1,1005.0,36,AWS-VAR-052,Varanasi,VAR,center,False,
2025-02-09 13:00:00,26.1,1003.7,33,AWS-VAR-052,Varanasi,VAR,center,False,
2025-02-09 14:00:00,26.6,1002.7,30,AWS-VAR-052,Varanasi,VAR,center,False,
2025-02-09 15:00:00,26.6,1002.1,30,AWS-VAR-052,Varanasi,VAR,center,False,
2025-02-09 16:00:00,26.1,1002.0,30,AWS-VAR-052,Varanasi,VAR,center,False,
2025-02-09 17:00:00,23.9,1002.1,42,AWS-VAR-052,Varanasi,VAR,center,False,
2025-02-09 18:00:00,22.7,1002.7,48,AWS-VAR-052,Varanasi,VAR,center,False,
2025-02-09 19:00:00,21.5,1003.2,49,AWS-VAR-052,Varanasi,VAR,center,False,
2025-02-09 20:00:00,20.8,1003.8,47,AWS-VAR-052,Varanasi,VAR,center,False,
2025-02-09 21:00:00,19.8,1004.4,47,AWS-VAR-052,Varanasi,VAR,center,False,
2025-02-09 22:00:00,18.3,1004.3,52,AWS-VAR-052,Varanasi,VAR,center,False,
2025-02-09 23:00:00,17.5,1003.8,56,AWS-VAR-052,Varanasi,VAR,center,False,
2025-02-10 00:00:00,16.7,1003.4,61,AWS-VAR-052,Varanasi,VAR,center,False,
2025-02-10 01:00:00,15.9,1002.9,64,AWS-VAR-052,Varanasi,VAR,center,False,
2025-02-10 02:00:00,15.4,1002.4,66,AWS-VAR-052,Varanasi,VAR,center,False,
2025-02-10 03:00:00,14.7,1002.3,68,AWS-VAR-052,Varanasi,VAR,center,False,
2025-02-10 04:00:00,14.2,1002.5,70,AWS-VAR-052,Varanasi,VAR,center,False,
2025-02-10 05:00:00,13.8,1003.0,73,AWS-VAR-052,Varanasi,VAR,center,False,
2025-02-10 06:00:00,13.3,1004.4,80,AWS-VAR-052,Varanasi,VAR,center,False,
2025-02-10 07:00:00,14.0,1005.0,77,AWS-VAR-052,Varanasi,VAR,center,False,
2025-02-10 08:00:00,17.1,1006.0,65,AWS-VAR-052,Varanasi,VAR,center,False,
2025-02-10 09:00:00,20.7,1007.0,52,AWS-VAR-052,Varanasi,VAR,center,False,
2025-02-10 10:00:00,23.7,1007.2,43,AWS-VAR-052,Varanasi,VAR,center,False,
2025-02-10 11:00:00,25.8,1006.5,36,AWS-VAR-052,Varanasi,VAR,center,False,
2025-02-10 12:00:00,27.2,1005.4,32,AWS-VAR-052,Varanasi,VAR,center,False,
2025-02-10 13:00:00,28.1,1004.1,29,AWS-VAR-052,Varanasi,VAR,center,False,
2025-02-10 14:00:00,28.6,1003.0,27,AWS-VAR-052,Varanasi,VAR,center,False,
2025-02-10 15:00:00,28.5,1002.4,27,AWS-VAR-052,Varanasi,VAR,center,False,
2025-02-10 16:00:00,27.8,1002.3,29,AWS-VAR-052,Varanasi,VAR,center,False,
2025-02-10 17:00:00,25.2,1002.2,44,AWS-VAR-052,Varanasi,VAR,center,False,
2025-02-10 18:00:00,23.4,1002.5,52,AWS-VAR-052,Varanasi,VAR,center,False,
2025-02-10 19:00:00,22.3,1003.2,56,AWS-VAR-052,Varanasi,VAR,center,False,
2025-02-10 20:00:00,21.4,1003.7,58,AWS-VAR-052,Varanasi,VAR,center,False,
2025-02-10 21:00:00,20.1,1004.1,63,AWS-VAR-052,Varanasi,VAR,center,False,
2025-02-10 22:00:00,18.9,1004.1,66,AWS-VAR-052,Varanasi,VAR,center,False,
2025-02-10 23:00:00,19.0,1003.8,61,AWS-VAR-052,Varanasi,VAR,center,False,
2025-02-11 00:00:00,18.3,1003.2,60,AWS-VAR-052,Varanasi,VAR,center,False,
2025-02-11 01:00:00,17.4,1002.5,60,AWS-VAR-052,Varanasi,VAR,center,False,
2025-02-11 02:00:00,16.8,1002.1,60,AWS-VAR-052,Varanasi,VAR,center,False,
2025-02-11 03:00:00,16.0,1001.8,62,AWS-VAR-052,Varanasi,VAR,center,False,
2025-02-11 04:00:00,15.3,1001.9,65,AWS-VAR-052,Varanasi,VAR,center,False,
2025-02-11 05:00:00,14.8,1002.4,68,AWS-VAR-052,Varanasi,VAR,center,False,
2025-02-11 06:00:00,14.6,1003.5,75,AWS-VAR-052,Varanasi,VAR,center,False,
2025-02-11 07:00:00,15.3,1004.1,73,AWS-VAR-052,Varanasi,VAR,center,False,
2025-02-11 08:00:00,18.1,1005.0,65,AWS-VAR-052,Varanasi,VAR,center,False,
2025-02-11 09:00:00,21.4,1005.4,55,AWS-VAR-052,Varanasi,VAR,center,False,
2025-02-11 10:00:00,24.5,1005.5,45,AWS-VAR-052,Varanasi,VAR,center,False,
2025-02-11 11:00:00,26.6,1004.7,37,AWS-VAR-052,Varanasi,VAR,center,False,
2025-02-11 12:00:00,28.1,1003.8,31,AWS-VAR-052,Varanasi,VAR,center,False,
2025-02-11 13:00:00,29.0,1002.8,27,AWS-VAR-052,Varanasi,VAR,center,False,
2025-02-11 14:00:00,29.4,1001.9,26,AWS-VAR-052,Varanasi,VAR,center,False,
2025-02-11 15:00:00,29.6,1001.2,22,AWS-VAR-052,Varanasi,VAR,center,False,
2025-02-11 16:00:00,29.0,1001.1,23,AWS-VAR-052,Varanasi,VAR,center,False,
2025-02-11 17:00:00,26.7,1001.1,32,AWS-VAR-052,Varanasi,VAR,center,False,
2025-02-11 18:00:00,24.8,1001.7,38,AWS-VAR-052,Varanasi,VAR,center,False,
2025-02-11 19:00:00,24.1,1002.2,36,AWS-VAR-052,Varanasi,VAR,center,False,
2025-02-11 20:00:00,23.3,1002.7,37,AWS-VAR-052,Varanasi,VAR,center,False,
2025-02-11 21:00:00,22.3,1002.9,40,AWS-VAR-052,Varanasi,VAR,center,False,
2025-02-11 22:00:00,21.1,1003.2,43,AWS-VAR-052,Varanasi,VAR,center,False,
2025-02-11 23:00:00,20.3,1003.0,45,AWS-VAR-052,Varanasi,VAR,center,False,
2025-02-12 00:00:00,19.8,1002.5,46,AWS-VAR-052,Varanasi,VAR,center,False,
2025-02-12 01:00:00,19.0,1002.0,49,AWS-VAR-052,Varanasi,VAR,center,False,
2025-02-12 02:00:00,17.9,1001.4,53,AWS-VAR-052,Varanasi,VAR,center,False,
2025-02-12 03:00:00,17.0,1001.1,58,AWS-VAR-052,Varanasi,VAR,center,False,
2025-02-12 04:00:00,16.4,1001.3,64,AWS-VAR-052,Varanasi,VAR,center,False,
2025-02-12 05:00:00,15.8,1002.2,69,AWS-VAR-052,Varanasi,VAR,center,False,
2025-02-12 06:00:00,15.7,1002.9,82,AWS-VAR-052,Varanasi,VAR,center,False,
2025-02-12 07:00:00,16.2,1003.4,81,AWS-VAR-052,Varanasi,VAR,center,False,
2025-02-12 08:00:00,18.9,1004.5,70,AWS-VAR-052,Varanasi,VAR,center,False,
2025-02-12 09:00:00,22.1,1005.2,58,AWS-VAR-052,Varanasi,VAR,center,False,
2025-02-12 10:00:00,25.1,1005.4,48,AWS-VAR-052,Varanasi,VAR,center,False,
2025-02-12 11:00:00,27.3,1004.6,42,AWS-VAR-052,Varanasi,VAR,center,False,
2025-02-12 12:00:00,28.9,1003.5,36,AWS-VAR-052,Varanasi,VAR,center,False,
2025-02-12 13:00:00,29.7,1002.2,32,AWS-VAR-052,Varanasi,VAR,center,False,
2025-02-12 14:00:00,30.1,1001.3,28,AWS-VAR-052,Varanasi,VAR,center,False,
2025-02-12 15:00:00,29.8,1000.8,27,AWS-VAR-052,Varanasi,VAR,center,False,
2025-02-12 16:00:00,29.5,1000.6,26,AWS-VAR-052,Varanasi,VAR,center,False,
2025-02-12 17:00:00,27.2,1000.6,35,AWS-VAR-052,Varanasi,VAR,center,False,
2025-02-12 18:00:00,25.0,1001.3,44,AWS-VAR-052,Varanasi,VAR,center,False,
2025-02-12 19:00:00,24.5,1001.8,35,AWS-VAR-052,Varanasi,VAR,center,False,
2025-02-12 20:00:00,23.4,1002.3,35,AWS-VAR-052,Varanasi,VAR,center,False,
2025-02-12 21:00:00,22.5,1002.8,38,AWS-VAR-052,Varanasi,VAR,center,False,
2025-02-12 22:00:00,21.8,1003.4,43,AWS-VAR-052,Varanasi,VAR,center,False,
2025-02-12 23:00:00,21.1,1003.2,48,AWS-VAR-052,Varanasi,VAR,center,False,
2025-02-13 00:00:00,20.3,1002.8,51,AWS-VAR-052,Varanasi,VAR,center,False,
2025-02-13 01:00:00,19.4,1002.7,52,AWS-VAR-052,Varanasi,VAR,center,False,
2025-02-13 02:00:00,18.6,1002.5,51,AWS-VAR-052,Varanasi,VAR,center,False,
2025-02-13 03:00:00,17.7,1002.1,53,AWS-VAR-052,Varanasi,VAR,center,False,
2025-02-13 04:00:00,16.8,1002.5,53,AWS-VAR-052,Varanasi,VAR,center,False,
2025-02-13 05:00:00,16.0,1002.9,56,AWS-VAR-052,Varanasi,VAR,center,False,
2025-02-13 06:00:00,14.7,1004.1,70,AWS-VAR-052,Varanasi,VAR,center,False,
2025-02-13 07:00:00,15.1,1004.8,66,AWS-VAR-052,Varanasi,VAR,center,False,
2025-02-13 08:00:00,17.2,1005.6,59,AWS-VAR-052,Varanasi,VAR,center,False,
2025-02-13 09:00:00,19.7,1006.4,49,AWS-VAR-052,Varanasi,VAR,center,False,
2025-02-13 10:00:00,21.7,1006.0,41,AWS-VAR-052,Varanasi,VAR,center,False,
2025-02-13 11:00:00,23.4,1005.5,35,AWS-VAR-052,Varanasi,VAR,center,False,
2025-02-13 12:00:00,24.8,1004.3,29,AWS-VAR-052,Varanasi,VAR,center,False,
2025-02-13 13:00:00,25.8,1003.1,25,AWS-VAR-052,Varanasi,VAR,center,False,
2025-02-13 14:00:00,26.1,1001.9,24,AWS-VAR-052,Varanasi,VAR,center,False,
2025-02-13 15:00:00,26.2,1001.2,23,AWS-VAR-052,Varanasi,VAR,center,False,
2025-02-13 16:00:00,25.6,1000.9,24,AWS-VAR-052,Varanasi,VAR,center,False,
2025-02-13 17:00:00,23.9,1001.2,29,AWS-VAR-052,Varanasi,VAR,center,False,
2025-02-13 18:00:00,21.8,1002.3,39,AWS-VAR-052,Varanasi,VAR,center,False,
2025-02-13 19:00:00,20.5,1002.9,43,AWS-VAR-052,Varanasi,VAR,center,False,
2025-02-13 20:00:00,19.6,1003.5,49,AWS-VAR-052,Varanasi,VAR,center,False,
2025-02-13 21:00:00,19.2,1004.0,49,AWS-VAR-052,Varanasi,VAR,center,False,
2025-02-13 22:00:00,18.7,1004.2,49,AWS-VAR-052,Varanasi,VAR,center,False,
2025-02-13 23:00:00,18.0,1003.7,51,AWS-VAR-052,Varanasi,VAR,center,False,
2025-02-14 00:00:00,17.3,1003.1,54,AWS-VAR-052,Varanasi,VAR,center,False,
2025-02-14 01:00:00,16.8,1002.7,55,AWS-VAR-052,Varanasi,VAR,center,False,
2025-02-14 02:00:00,16.4,1002.2,55,AWS-VAR-052,Varanasi,VAR,center,False,
2025-02-14 03:00:00,16.0,1002.0,55,AWS-VAR-052,Varanasi,VAR,center,False,
2025-02-14 04:00:00,15.4,1002.0,55,AWS-VAR-052,Varanasi,VAR,center,False,
2025-02-14 05:00:00,14.9,1002.2,55,AWS-VAR-052,Varanasi,VAR,center,False,
2025-02-14 06:00:00,13.6,1003.6,66,AWS-VAR-052,Varanasi,VAR,center,False,
2025-02-14 07:00:00,14.3,1004.5,62,AWS-VAR-052,Varanasi,VAR,center,False,
2025-02-14 08:00:00,16.6,1005.2,54,AWS-VAR-052,Varanasi,VAR,center,False,
2025-02-14 09:00:00,19.3,1005.4,45,AWS-VAR-052,Varanasi,VAR,center,False,
2025-02-14 10:00:00,21.7,1005.0,37,AWS-VAR-052,Varanasi,VAR,center,False,
2025-02-14 11:00:00,23.7,1004.2,31,AWS-VAR-052,Varanasi,VAR,center,False,
2025-02-14 12:00:00,25.2,1003.0,28,AWS-VAR-052,Varanasi,VAR,center,False,
2025-02-14 13:00:00,26.8,1001.7,20,AWS-VAR-052,Varanasi,VAR,center,False,
2025-02-14 14:00:00,27.3,1000.7,19,AWS-VAR-052,Varanasi,VAR,center,False,
2025-02-14 15:00:00,27.3,1000.2,18,AWS-VAR-052,Varanasi,VAR,center,False,
2025-02-14 16:00:00,26.5,1000.0,20,AWS-VAR-052,Varanasi,VAR,center,False,
2025-02-14 17:00:00,24.9,1000.3,24,AWS-VAR-052,Varanasi,VAR,center,False,
2025-02-14 18:00:00,22.7,1000.9,32,AWS-VAR-052,Varanasi,VAR,center,False,
2025-02-14 19:00:00,21.4,1001.4,39,AWS-VAR-052,Varanasi,VAR,center,False,
2025-02-14 20:00:00,20.8,1002.1,42,AWS-VAR-052,Varanasi,VAR,center,False,
2025-02-14 21:00:00,20.4,1002.4,41,AWS-VAR-052,Varanasi,VAR,center,False,
2025-02-14 22:00:00,19.9,1002.6,42,AWS-VAR-052,Varanasi,VAR,center,False,
2025-02-14 23:00:00,19.3,1002.5,43,AWS-VAR-052,Varanasi,VAR,center,False,
2025-02-15 00:00:00,18.5,1002.0,45,AWS-VAR-052,Varanasi,VAR,center,False,
2025-02-15 01:00:00,17.9,1001.5,47,AWS-VAR-052,Varanasi,VAR,center,False,
2025-02-15 02:00:00,17.4,1000.9,48,AWS-VAR-052,Varanasi,VAR,center,False,
2025-02-15 03:00:00,16.8,1000.6,50,AWS-VAR-052,Varanasi,VAR,center,False,
2025-02-15 04:00:00,16.2,1000.8,53,AWS-VAR-052,Varanasi,VAR,center,False,
2025-02-15 05:00:00,15.7,1001.0,55,AWS-VAR-052,Varanasi,VAR,center,False,
2025-02-15 06:00:00,14.8,1002.4,64,AWS-VAR-052,Varanasi,VAR,center,False,
2025-02-15 07:00:00,15.6,1003.4,61,AWS-VAR-052,Varanasi,VAR,center,False,
2025-02-15 08:00:00,18.5,1004.1,53,AWS-VAR-052,Varanasi,VAR,center,False,
2025-02-15 09:00:00,21.8,1004.8,45,AWS-VAR-052,Varanasi,VAR,center,False,
2025-02-15 10:00:00,24.7,1004.4,36,AWS-VAR-052,Varanasi,VAR,center,False,
2025-02-15 11:00:00,26.6,1003.6,28,AWS-VAR-052,Varanasi,VAR,center,False,
2025-02-15 12:00:00,27.9,1002.6,24,AWS-VAR-052,Varanasi,VAR,center,False,
2025-02-15 13:00:00,28.5,1001.6,23,AWS-VAR-052,Varanasi,VAR,center,False,
2025-02-15 14:00:00,28.7,1000.6,23,AWS-VAR-052,Varanasi,VAR,center,False,
2025-02-15 15:00:00,28.5,999.8,24,AWS-VAR-052,Varanasi,VAR,center,False,
2025-02-15 16:00:00,28.1,999.9,26,AWS-VAR-052,Varanasi,VAR,center,False,
2025-02-15 17:00:00,26.6,999.9,37,AWS-VAR-052,Varanasi,VAR,center,False,
2025-02-15 18:00:00,25.0,1000.5,34,AWS-VAR-052,Varanasi,VAR,center,False,
2025-02-15 19:00:00,22.6,1000.7,47,AWS-VAR-052,Varanasi,VAR,center,False,
2025-02-15 20:00:00,21.1,1001.4,53,AWS-VAR-052,Varanasi,VAR,center,False,
2025-02-15 21:00:00,19.8,1002.0,60,AWS-VAR-052,Varanasi,VAR,center,False,
2025-02-15 22:00:00,18.7,1002.4,66,AWS-VAR-052,Varanasi,VAR,center,False,
2025-02-15 23:00:00,18.9,1001.5,64,AWS-VAR-052,Varanasi,VAR,center,False,
2025-02-16 00:00:00,18.8,1001.1,64,AWS-VAR-052,Varanasi,VAR,center,False,
2025-02-16 01:00:00,17.9,1000.4,68,AWS-VAR-052,Varanasi,VAR,center,False,
2025-02-16 02:00:00,17.2,1000.0,71,AWS-VAR-052,Varanasi,VAR,center,False,
2025-02-16 03:00:00,16.9,999.8,72,AWS-VAR-052,Varanasi,VAR,center,False,
2025-02-16 04:00:00,16.6,1000.2,73,AWS-VAR-052,Varanasi,VAR,center,False,
2025-02-16 05:00:00,16.3,1000.7,73,AWS-VAR-052,Varanasi,VAR,center,False,
2025-02-16 06:00:00,15.9,1001.9,77,AWS-VAR-052,Varanasi,VAR,center,False,
2025-02-16 07:00:00,16.8,1002.5,72,AWS-VAR-052,Varanasi,VAR,center,False,
2025-02-16 08:00:00,19.3,1003.4,62,AWS-VAR-052,Varanasi,VAR,center,False,
2025-02-16 09:00:00,22.3,1004.2,51,AWS-VAR-052,Varanasi,VAR,center,False,
2025-02-16 10:00:00,25.0,1004.0,43,AWS-VAR-052,Varanasi,VAR,center,False,
2025-02-16 11:00:00,27.0,1003.3,37,AWS-VAR-052,Varanasi,VAR,center,False,
2025-02-16 12:00:00,28.3,1002.2,34,AWS-VAR-052,Varanasi,VAR,center,False,
2025-02-16 13:00:00,29.1,1001.0,34,AWS-VAR-052,Varanasi,VAR,center,False,
2025-02-16 14:00:00,29.4,1000.0,33,AWS-VAR-052,Varanasi,VAR,center,False,
2025-02-16 15:00:00,29.2,999.9,34,AWS-VAR-052,Varanasi,VAR,center,False,
2025-02-16 16:00:00,28.5,1000.2,35,AWS-VAR-052,Varanasi,VAR,center,False,
2025-02-16 17:00:00,27.0,1000.6,40,AWS-VAR-052,Varanasi,VAR,center,False,
2025-02-16 18:00:00,25.2,1001.4,47,AWS-VAR-052,Varanasi,VAR,center,False,
2025-02-16 19:00:00,23.7,1002.2,54,AWS-VAR-052,Varanasi,VAR,center,False,
2025-02-16 20:00:00,22.1,1003.2,61,AWS-VAR-052,Varanasi,VAR,center,False,
2025-02-16 21:00:00,21.1,1003.7,65,AWS-VAR-052,Varanasi,VAR,center,False,
2025-02-16 22:00:00,20.4,1004.0,68,AWS-VAR-052,Varanasi,VAR,center,False,
2025-02-16 23:00:00,19.6,1004.0,70,AWS-VAR-052,Varanasi,VAR,center,False,
2025-02-17 00:00:00,19.1,1004.1,71,AWS-VAR-052,Varanasi,VAR,center,False,
2025-02-17 01:00:00,18.2,1004.5,74,AWS-VAR-052,Varanasi,VAR,center,False,
2025-02-17 02:00:00,17.8,1003.8,76,AWS-VAR-052,Varanasi,VAR,center,False,
2025-02-17 03:00:00,17.9,1003.7,75,AWS-VAR-052,Varanasi,VAR,center,False,
2025-02-17 04:00:00,17.9,1003.6,75,AWS-VAR-052,Varanasi,VAR,center,False,
2025-02-17 05:00:00,17.7,1003.9,75,AWS-VAR-052,Varanasi,VAR,center,False,
2025-02-17 06:00:00,17.9,1004.8,76,AWS-VAR-052,Varanasi,VAR,center,False,
2025-02-17 07:00:00,18.4,1005.8,74,AWS-VAR-052,Varanasi,VAR,center,False,
2025-02-17 08:00:00,20.7,1006.6,64,AWS-VAR-052,Varanasi,VAR,center,False,
2025-02-17 09:00:00,23.4,1007.3,54,AWS-VAR-052,Varanasi,VAR,center,False,
2025-02-17 10:00:00,25.9,1007.0,46,AWS-VAR-052,Varanasi,VAR,center,False,
2025-02-17 11:00:00,27.7,1006.5,38,AWS-VAR-052,Varanasi,VAR,center,False,
2025-02-17 12:00:00,28.7,1005.5,35,AWS-VAR-052,Varanasi,VAR,center,False,
2025-02-17 13:00:00,29.3,1004.6,32,AWS-VAR-052,Varanasi,VAR,center,False,
2025-02-17 14:00:00,29.5,1003.7,31,AWS-VAR-052,Varanasi,VAR,center,False,
2025-02-17 15:00:00,29.4,1003.1,31,AWS-VAR-052,Varanasi,VAR,center,False,
2025-02-17 16:00:00,28.7,1003.1,33,AWS-VAR-052,Varanasi,VAR,center,False,
2025-02-17 17:00:00,27.0,1003.3,38,AWS-VAR-052,Varanasi,VAR,center,False,
2025-02-17 18:00:00,25.2,1003.8,43,AWS-VAR-052,Varanasi,VAR,center,False,
2025-02-17 19:00:00,24.0,1004.6,48,AWS-VAR-052,Varanasi,VAR,center,False,
2025-02-17 20:00:00,22.9,1005.3,54,AWS-VAR-052,Varanasi,VAR,center,False,
2025-02-17 21:00:00,21.9,1005.6,57,AWS-VAR-052,Varanasi,VAR,center,False,
2025-02-17 22:00:00,21.2,1005.7,59,AWS-VAR-052,Varanasi,VAR,center,False,
2025-02-17 23:00:00,20.6,1005.3,62,AWS-VAR-052,Varanasi,VAR,center,False,
2025-02-18 00:00:00,19.9,1004.5,66,AWS-VAR-052,Varanasi,VAR,center,False,
2025-02-18 01:00:00,18.6,1003.9,72,AWS-VAR-052,Varanasi,VAR,center,False,
2025-02-18 02:00:00,17.9,1003.3,75,AWS-VAR-052,Varanasi,VAR,center,False,
2025-02-18 03:00:00,17.9,1003.0,74,AWS-VAR-052,Varanasi,VAR,center,False,
2025-02-18 04:00:00,17.6,1003.2,75,AWS-VAR-052,Varanasi,VAR,center,False,
2025-02-18 05:00:00,16.8,1003.5,80,AWS-VAR-052,Varanasi,VAR,center,False,
2025-02-18 06:00:00,16.5,1005.0,85,AWS-VAR-052,Varanasi,VAR,center,False,
2025-02-18 07:00:00,17.5,1006.0,80,AWS-VAR-052,Varanasi,VAR,center,False,
2025-02-18 08:00:00,20.3,1006.7,68,AWS-VAR-052,Varanasi,VAR,center,False,
2025-02-18 09:00:00,23.7,1007.0,54,AWS-VAR-052,Varanasi,VAR,center,False,
2025-02-18 10:00:00,26.1,1007.2,44,AWS-VAR-052,Varanasi,VAR,center,False,
2025-02-18 11:00:00,27.4,1006.2,38,AWS-VAR-052,Varanasi,VAR,center,False,
2025-02-18 12:00:00,28.5,1005.0,34,AWS-VAR-052,Varanasi,VAR,center,False,
2025-02-18 13:00:00,29.2,1003.9,30,AWS-VAR-052,Varanasi,VAR,center,False,
2025-02-18 14:00:00,29.6,1002.8,28,AWS-VAR-052,Varanasi,VAR,center,False,
2025-02-18 15:00:00,29.5,1002.3,29,AWS-VAR-052,Varanasi,VAR,center,False,
2025-02-18 16:00:00,28.9,1002.3,31,AWS-VAR-052,Varanasi,VAR,center,False,
2025-02-18 17:00:00,27.8,1002.4,35,AWS-VAR-052,Varanasi,VAR,center,False,
2025-02-18 18:00:00,25.9,1002.5,45,AWS-VAR-052,Varanasi,VAR,center,False,
2025-02-18 19:00:00,24.9,1003.0,49,AWS-VAR-052,Varanasi,VAR,center,False,
2025-02-18 20:00:00,24.2,1003.3,51,AWS-VAR-052,Varanasi,VAR,center,False,
2025-02-18 21:00:00,24.1,1004.1,46,AWS-VAR-052,Varanasi,VAR,center,False,
2025-02-18 22:00:00,22.6,1004.7,51,AWS-VAR-052,Varanasi,VAR,center,False,
2025-02-18 23:00:00,21.3,1004.6,58,AWS-VAR-052,Varanasi,VAR,center,False,
2025-02-19 00:00:00,20.4,1003.8,62,AWS-VAR-052,Varanasi,VAR,center,False,
2025-02-19 01:00:00,19.8,1003.3,65,AWS-VAR-052,Varanasi,VAR,center,False,
2025-02-19 02:00:00,18.7,1002.9,70,AWS-VAR-052,Varanasi,VAR,center,False,
2025-02-19 03:00:00,18.3,1002.5,71,AWS-VAR-052,Varanasi,VAR,center,False,
2025-02-19 04:00:00,18.0,1002.5,72,AWS-VAR-052,Varanasi,VAR,center,False,
2025-02-19 05:00:00,17.6,1002.8,74,AWS-VAR-052,Varanasi,VAR,center,False,
2025-02-19 06:00:00,17.5,1004.1,80,AWS-VAR-052,Varanasi,VAR,center,False,
2025-02-19 07:00:00,18.4,1004.6,76,AWS-VAR-052,Varanasi,VAR,center,False,
2025-02-19 08:00:00,21.5,1005.7,63,AWS-VAR-052,Varanasi,VAR,center,False,
2025-02-19 09:00:00,24.5,1006.2,49,AWS-VAR-052,Varanasi,VAR,center,False,
2025-02-19 10:00:00,26.3,1005.8,39,AWS-VAR-052,Varanasi,VAR,center,False,
2025-02-19 11:00:00,27.7,1005.2,34,AWS-VAR-052,Varanasi,VAR,center,False,
2025-02-19 12:00:00,28.6,1004.1,31,AWS-VAR-052,Varanasi,VAR,center,False,
2025-02-19 13:00:00,29.1,1002.4,31,AWS-VAR-052,Varanasi,VAR,center,False,
2025-02-19 14:00:00,29.4,1001.2,29,AWS-VAR-052,Varanasi,VAR,center,False,
2025-02-19 15:00:00,29.3,1000.6,28,AWS-VAR-052,Varanasi,VAR,center,False,
2025-02-19 16:00:00,28.7,1000.5,28,AWS-VAR-052,Varanasi,VAR,center,False,
2025-02-19 17:00:00,27.3,1000.8,31,AWS-VAR-052,Varanasi,VAR,center,False,
2025-02-19 18:00:00,26.0,1001.8,36,AWS-VAR-052,Varanasi,VAR,center,False,
2025-02-19 19:00:00,25.2,1002.6,38,AWS-VAR-052,Varanasi,VAR,center,False,
2025-02-19 20:00:00,24.4,1003.0,42,AWS-VAR-052,Varanasi,VAR,center,False,
2025-02-19 21:00:00,23.4,1003.1,45,AWS-VAR-052,Varanasi,VAR,center,False,
2025-02-19 22:00:00,22.1,1003.5,50,AWS-VAR-052,Varanasi,VAR,center,False,
2025-02-19 23:00:00,21.1,1003.5,54,AWS-VAR-052,Varanasi,VAR,center,False,
2025-02-20 00:00:00,20.2,1003.4,59,AWS-VAR-052,Varanasi,VAR,center,False,
2025-02-20 01:00:00,19.8,1003.1,60,AWS-VAR-052,Varanasi,VAR,center,False,
2025-02-20 02:00:00,19.5,1002.6,60,AWS-VAR-052,Varanasi,VAR,center,False,
2025-02-20 03:00:00,19.2,1002.5,61,AWS-VAR-052,Varanasi,VAR,center,False,
2025-02-20 04:00:00,18.5,1002.7,63,AWS-VAR-052,Varanasi,VAR,center,False,
2025-02-20 05:00:00,18.1,1003.2,65,AWS-VAR-052,Varanasi,VAR,center,False,
2025-02-20 06:00:00,18.3,1004.2,68,AWS-VAR-052,Varanasi,VAR,center,False,
2025-02-20 07:00:00,19.4,1005.2,64,AWS-VAR-052,Varanasi,VAR,center,False,
2025-02-20 08:00:00,22.0,1006.2,54,AWS-VAR-052,Varanasi,VAR,center,False,
2025-02-20 09:00:00,24.6,1006.9,46,AWS-VAR-052,Varanasi,VAR,center,False,
2025-02-20 10:00:00,26.7,1006.6,41,AWS-VAR-052,Varanasi,VAR,center,False,
2025-02-20 11:00:00,28.3,1006.0,35,AWS-VAR-052,Varanasi,VAR,center,False,
2025-02-20 12:00:00,29.4,1005.0,32,AWS-VAR-052,Varanasi,VAR,center,False,
2025-02-20 13:00:00,29.9,1003.7,30,AWS-VAR-052,Varanasi,VAR,center,False,
2025-02-20 14:00:00,30.1,1002.7,30,AWS-VAR-052,Varanasi,VAR,center,False,
2025-02-20 15:00:00,29.7,1002.4,31,AWS-VAR-052,Varanasi,VAR,center,False,
2025-02-20 16:00:00,29.1,1002.4,32,AWS-VAR-052,Varanasi,VAR,center,False,
2025-02-20 17:00:00,28.0,1002.8,35,AWS-VAR-052,Varanasi,VAR,center,False,
2025-02-20 18:00:00,26.0,1003.8,44,AWS-VAR-052,Varanasi,VAR,center,False,
2025-02-20 19:00:00,24.8,1004.6,48,AWS-VAR-052,Varanasi,VAR,center,False,
2025-02-20 20:00:00,23.9,1005.2,52,AWS-VAR-052,Varanasi,VAR,center,False,
2025-02-20 21:00:00,22.9,1005.6,56,AWS-VAR-052,Varanasi,VAR,center,False,
2025-02-20 22:00:00,22.1,1005.9,59,AWS-VAR-052,Varanasi,VAR,center,False,
2025-02-20 23:00:00,21.2,1005.7,62,AWS-VAR-052,Varanasi,VAR,center,False,
2025-02-21 00:00:00,20.6,1005.2,65,AWS-VAR-052,Varanasi,VAR,center,False,
2025-02-21 01:00:00,20.0,1004.7,66,AWS-VAR-052,Varanasi,VAR,center,False,
2025-02-21 02:00:00,19.3,1004.5,69,AWS-VAR-052,Varanasi,VAR,center,False,
2025-02-21 03:00:00,18.9,1004.4,70,AWS-VAR-052,Varanasi,VAR,center,False,
2025-02-21 04:00:00,18.6,1004.4,72,AWS-VAR-052,Varanasi,VAR,center,False,
2025-02-21 05:00:00,18.4,1005.0,73,AWS-VAR-052,Varanasi,VAR,center,False,
2025-02-21 06:00:00,18.5,1005.9,79,AWS-VAR-052,Varanasi,VAR,center,False,
2025-02-21 07:00:00,19.3,1006.8,75,AWS-VAR-052,Varanasi,VAR,center,False,
2025-02-21 08:00:00,22.0,1007.6,64,AWS-VAR-052,Varanasi,VAR,center,False,
2025-02-21 09:00:00,24.9,1008.2,55,AWS-VAR-052,Varanasi,VAR,center,False,
2025-02-21 10:00:00,27.4,1007.8,48,AWS-VAR-052,Varanasi,VAR,center,False,
2025-02-21 11:00:00,29.3,1007.2,40,AWS-VAR-052,Varanasi,VAR,center,False,
2025-02-21 12:00:00,30.5,1005.9,33,AWS-VAR-052,Varanasi,VAR,center,False,
2025-02-21 13:00:00,31.0,1004.5,29,AWS-VAR-052,Varanasi,VAR,center,False,
2025-02-21 14:00:00,31.0,1003.5,28,AWS-VAR-052,Varanasi,VAR,center,False,
2025-02-21 15:00:00,30.8,1002.8,27,AWS-VAR-052,Varanasi,VAR,center,False,
2025-02-21 16:00:00,30.3,1002.6,27,AWS-VAR-052,Varanasi,VAR,center,False,
2025-02-21 17:00:00,28.8,1002.9,31,AWS-VAR-052,Varanasi,VAR,center,False,
2025-02-21 18:00:00,27.3,1003.3,36,AWS-VAR-052,Varanasi,VAR,center,False,
2025-02-21 19:00:00,26.1,1004.0,39,AWS-VAR-052,Varanasi,VAR,center,False,
2025-02-21 20:00:00,25.3,1004.6,40,AWS-VAR-052,Varanasi,VAR,center,False,
2025-02-21 21:00:00,24.1,1004.8,43,AWS-VAR-052,Varanasi,VAR,center,False,
2025-02-21 22:00:00,23.3,1004.8,48,AWS-VAR-052,Varanasi,VAR,center,False,
2025-02-21 23:00:00,22.0,1004.3,55,AWS-VAR-052,Varanasi,VAR,center,False,
2025-02-22 00:00:00,21.3,1004.2,56,AWS-VAR-052,Varanasi,VAR,center,False,
2025-02-22 01:00:00,20.1,1004.0,64,AWS-VAR-052,Varanasi,VAR,center,False,
2025-02-22 02:00:00,19.9,1003.7,64,AWS-VAR-052,Varanasi,VAR,center,False,
2025-02-22 03:00:00,19.1,1003.4,66,AWS-VAR-052,Varanasi,VAR,center,False,
2025-02-22 04:00:00,18.5,1003.5,70,AWS-VAR-052,Varanasi,VAR,center,False,
2025-02-22 05:00:00,17.8,1004.0,73,AWS-VAR-052,Varanasi,VAR,center,False,
2025-02-22 06:00:00,18.3,1005.0,78,AWS-VAR-052,Varanasi,VAR,center,False,
2025-02-22 07:00:00,19.2,1005.8,74,AWS-VAR-052,Varanasi,VAR,center,False,
2025-02-22 08:00:00,22.4,1006.8,61,AWS-VAR-052,Varanasi,VAR,center,False,
2025-02-22 09:00:00,25.6,1007.4,48,AWS-VAR-052,Varanasi,VAR,center,False,
2025-02-22 10:00:00,27.7,1007.5,41,AWS-VAR-052,Varanasi,VAR,center,False,
2025-02-22 11:00:00,29.1,1006.9,36,AWS-VAR-052,Varanasi,VAR,center,False,
2025-02-22 12:00:00,29.9,1005.9,33,AWS-VAR-052,Varanasi,VAR,center,False,
2025-02-22 13:00:00,30.0,1004.9,33,AWS-VAR-052,Varanasi,VAR,center,False,
2025-02-22 14:00:00,30.0,1003.9,33,AWS-VAR-052,Varanasi,VAR,center,False,
2025-02-22 15:00:00,29.5,1003.4,32,AWS-VAR-052,Varanasi,VAR,center,False,
2025-02-22 16:00:00,29.2,1003.2,32,AWS-VAR-052,Varanasi,VAR,center,False,
2025-02-22 17:00:00,28.4,1003.3,34,AWS-VAR-052,Varanasi,VAR,center,False,
2025-02-22 18:00:00,26.6,1004.3,41,AWS-VAR-052,Varanasi,VAR,center,False,
2025-02-22 19:00:00,25.2,1005.2,45,AWS-VAR-052,Varanasi,VAR,center,False,
2025-02-22 20:00:00,24.0,1006.0,49,AWS-VAR-052,Varanasi,VAR,center,False,
2025-02-22 21:00:00,23.1,1006.6,51,AWS-VAR-052,Varanasi,VAR,center,False,
2025-02-22 22:00:00,22.1,1006.8,53,AWS-VAR-052,Varanasi,VAR,center,False,
2025-02-22 23:00:00,21.2,1006.9,55,AWS-VAR-052,Varanasi,VAR,center,False,
2025-02-23 00:00:00,20.6,1006.7,56,AWS-VAR-052,Varanasi,VAR,center,False,
2025-02-23 01:00:00,19.8,1006.4,57,AWS-VAR-052,Varanasi,VAR,center,False,
2025-02-23 02:00:00,18.9,1005.9,61,AWS-VAR-052,Varanasi,VAR,center,False,
2025-02-23 03:00:00,18.0,1005.6,65,AWS-VAR-052,Varanasi,VAR,center,False,
2025-02-23 04:00:00,17.3,1005.8,68,AWS-VAR-052,Varanasi,VAR,center,False,
2025-02-23 05:00:00,16.9,1006.3,70,AWS-VAR-052,Varanasi,VAR,center,False,
2025-02-23 06:00:00,17.4,1007.3,74,AWS-VAR-052,Varanasi,VAR,center,False,
2025-02-23 07:00:00,18.1,1008.4,70,AWS-VAR-052,Varanasi,VAR,center,False,
2025-02-23 08:00:00,20.5,1009.3,61,AWS-VAR-052,Varanasi,VAR,center,False,
2025-02-23 09:00:00,23.1,1009.6,52,AWS-VAR-052,Varanasi,VAR,center,False,
2025-02-23 10:00:00,25.1,1009.5,44,AWS-VAR-052,Varanasi,VAR,center,False,
2025-02-23 11:00:00,26.6,1008.7,37,AWS-VAR-052,Varanasi,VAR,center,False,
2025-02-23 12:00:00,27.6,1007.5,32,AWS-VAR-052,Varanasi,VAR,center,False,
2025-02-23 13:00:00,28.2,1006.4,30,AWS-VAR-052,Varanasi,VAR,center,False,
2025-02-23 14:00:00,28.3,1005.3,29,AWS-VAR-052,Varanasi,VAR,center,False,
2025-02-23 15:00:00,28.3,1004.6,27,AWS-VAR-052,Varanasi,VAR,center,False,
2025-02-23 16:00:00,28.0,1004.3,27,AWS-VAR-052,Varanasi,VAR,center,False,
2025-02-23 17:00:00,26.6,1004.8,29,AWS-VAR-052,Varanasi,VAR,center,False,
2025-02-23 18:00:00,24.8,1005.7,35,AWS-VAR-052,Varanasi,VAR,center,False,
2025-02-23 19:00:00,23.9,1006.8,37,AWS-VAR-052,Varanasi,VAR,center,False,
2025-02-23 20:00:00,23.0,1007.4,39,AWS-VAR-052,Varanasi,VAR,center,False,
2025-02-23 21:00:00,21.9,1007.9,42,AWS-VAR-052,Varanasi,VAR,center,False,
2025-02-23 22:00:00,20.4,1008.2,51,AWS-VAR-052,Varanasi,VAR,center,False,
2025-02-23 23:00:00,19.3,1008.1,53,AWS-VAR-052,Varanasi,VAR,center,False,
2025-02-24 00:00:00,18.7,1008.0,54,AWS-VAR-052,Varanasi,VAR,center,False,
2025-02-24 01:00:00,18.4,1007.6,54,AWS-VAR-052,Varanasi,VAR,center,False,
2025-02-24 02:00:00,17.6,1007.2,56,AWS-VAR-052,Varanasi,VAR,center,False,
2025-02-24 03:00:00,16.9,1006.9,60,AWS-VAR-052,Varanasi,VAR,center,False,
2025-02-24 04:00:00,16.0,1006.8,65,AWS-VAR-052,Varanasi,VAR,center,False,
2025-02-24 05:00:00,15.5,1007.4,71,AWS-VAR-052,Varanasi,VAR,center,False,
2025-02-24 06:00:00,15.6,1008.6,77,AWS-VAR-052,Varanasi,VAR,center,False,
2025-02-24 07:00:00,17.1,1009.3,70,AWS-VAR-052,Varanasi,VAR,center,False,
2025-02-24 08:00:00,20.8,1010.4,55,AWS-VAR-052,Varanasi,VAR,center,False,
2025-02-24 09:00:00,24.2,1011.1,44,AWS-VAR-052,Varanasi,VAR,center,False,
2025-02-24 10:00:00,26.0,1010.7,38,AWS-VAR-052,Varanasi,VAR,center,False,
2025-02-24 11:00:00,27.3,1010.2,33,AWS-VAR-052,Varanasi,VAR,center,False,
2025-02-24 12:00:00,28.1,1008.8,30,AWS-VAR-052,Varanasi,VAR,center,False,
2025-02-24 13:00:00,28.6,1007.4,27,AWS-VAR-052,Varanasi,VAR,center,False,
2025-02-24 14:00:00,28.6,1006.1,26,AWS-VAR-052,Varanasi,VAR,center,False,
2025-02-24 15:00:00,28.4,1005.3,28,AWS-VAR-052,Varanasi,VAR,center,False,
2025-02-24 16:00:00,27.9,1005.2,29,AWS-VAR-052,Varanasi,VAR,center,False,
2025-02-24 17:00:00,26.9,1005.6,31,AWS-VAR-052,Varanasi,VAR,center,False,
2025-02-24 18:00:00,24.7,1006.5,38,AWS-VAR-052,Varanasi,VAR,center,False,
2025-02-24 19:00:00,23.8,1007.3,40,AWS-VAR-052,Varanasi,VAR,center,False,
2025-02-24 20:00:00,23.0,1007.9,42,AWS-VAR-052,Varanasi,VAR,center,False,
2025-02-24 21:00:00,21.6,1008.5,47,AWS-VAR-052,Varanasi,VAR,center,False,
2025-02-24 22:00:00,21.0,1009.0,47,AWS-VAR-052,Varanasi,VAR,center,False,
2025-02-24 23:00:00,20.2,1008.6,52,AWS-VAR-052,Varanasi,VAR,center,False,
2025-02-25 00:00:00,19.0,1008.1,56,AWS-VAR-052,Varanasi,VAR,center,False,
2025-02-25 01:00:00,18.3,1007.6,58,AWS-VAR-052,Varanasi,VAR,center,False,
2025-02-25 02:00:00,17.8,1007.0,60,AWS-VAR-052,Varanasi,VAR,center,False,
2025-02-25 03:00:00,17.0,1006.8,64,AWS-VAR-052,Varanasi,VAR,center,False,
2025-02-25 04:00:00,16.4,1006.6,69,AWS-VAR-052,Varanasi,VAR,center,False,
2025-02-25 05:00:00,16.0,1007.3,71,AWS-VAR-052,Varanasi,VAR,center,False,
2025-02-25 06:00:00,16.4,1008.5,78,AWS-VAR-052,Varanasi,VAR,center,False,
2025-02-25 07:00:00,17.4,1009.3,72,AWS-VAR-052,Varanasi,VAR,center,False,
2025-02-25 08:00:00,20.6,1010.2,58,AWS-VAR-052,Varanasi,VAR,center,False,
2025-02-25 09:00:00,23.2,1010.9,47,AWS-VAR-052,Varanasi,VAR,center,False,
2025-02-25 10:00:00,26.0,1011.0,36,AWS-VAR-052,Varanasi,VAR,center,False,
2025-02-25 11:00:00,27.4,1010.8,30,AWS-VAR-052,Varanasi,VAR,center,False,
2025-02-25 12:00:00,27.8,1009.7,29,AWS-VAR-052,Varanasi,VAR,center,False,
2025-02-25 13:00:00,28.2,1008.6,28,AWS-VAR-052,Varanasi,VAR,center,False,
2025-02-25 14:00:00,28.6,1007.4,26,AWS-VAR-052,Varanasi,VAR,center,False,
2025-02-25 15:00:00,28.4,1007.2,26,AWS-VAR-052,Varanasi,VAR,center,False,
2025-02-25 16:00:00,27.9,1007.2,26,AWS-VAR-052,Varanasi,VAR,center,False,
2025-02-25 17:00:00,26.7,1007.4,29,AWS-VAR-052,Varanasi,VAR,center,False,
2025-02-25 18:00:00,24.6,1008.6,39,AWS-VAR-052,Varanasi,VAR,center,False,
2025-02-25 19:00:00,23.8,1009.5,40,AWS-VAR-052,Varanasi,VAR,center,False,
2025-02-25 20:00:00,22.5,1010.1,43,AWS-VAR-052,Varanasi,VAR,center,False,
2025-02-25 21:00:00,21.1,1010.4,47,AWS-VAR-052,Varanasi,VAR,center,False,
2025-02-25 22:00:00,20.1,1010.4,51,AWS-VAR-052,Varanasi,VAR,center,False,
2025-02-25 23:00:00,19.4,1009.9,55,AWS-VAR-052,Varanasi,VAR,center,False,
2025-02-26 00:00:00,18.5,1009.7,60,AWS-VAR-052,Varanasi,VAR,center,False,
2025-02-26 01:00:00,17.5,1009.0,65,AWS-VAR-052,Varanasi,VAR,center,False,
2025-02-26 02:00:00,17.1,1008.1,68,AWS-VAR-052,Varanasi,VAR,center,False,
2025-02-26 03:00:00,16.3,1007.9,72,AWS-VAR-052,Varanasi,VAR,center,False,
2025-02-26 04:00:00,15.8,1007.9,74,AWS-VAR-052,Varanasi,VAR,center,False,
2025-02-26 05:00:00,15.5,1008.4,76,AWS-VAR-052,Varanasi,VAR,center,False,
2025-02-26 06:00:00,15.2,1010.0,83,AWS-VAR-052,Varanasi,VAR,center,False,
2025-02-26 07:00:00,16.5,1011.0,78,AWS-VAR-052,Varanasi,VAR,center,False,
2025-02-26 08:00:00,19.8,1012.0,62,AWS-VAR-052,Varanasi,VAR,center,False,
2025-02-26 09:00:00,22.9,1012.4,49,AWS-VAR-052,Varanasi,VAR,center,False,
2025-02-26 10:00:00,25.0,1012.4,40,AWS-VAR-052,Varanasi,VAR,center,False,
2025-02-26 11:00:00,26.4,1010.9,35,AWS-VAR-052,Varanasi,VAR,center,False,
2025-02-26 12:00:00,27.7,1009.9,31,AWS-VAR-052,Varanasi,VAR,center,False,
2025-02-26 13:00:00,28.4,1007.9,29,AWS-VAR-052,Varanasi,VAR,center,False,
2025-02-26 14:00:00,28.9,1006.8,28,AWS-VAR-052,Varanasi,VAR,center,False,
2025-02-26 15:00:00,28.4,1006.3,28,AWS-VAR-052,Varanasi,VAR,center,False,
2025-02-26 16:00:00,28.0,1006.0,27,AWS-VAR-052,Varanasi,VAR,center,False,
2025-02-26 17:00:00,27.0,1005.8,28,AWS-VAR-052,Varanasi,VAR,center,False,
2025-02-26 18:00:00,25.0,1006.4,34,AWS-VAR-052,Varanasi,VAR,center,False,
2025-02-26 19:00:00,24.3,1007.3,36,AWS-VAR-052,Varanasi,VAR,center,False,
2025-02-26 20:00:00,22.6,1007.9,45,AWS-VAR-052,Varanasi,VAR,center,False,
2025-02-26 21:00:00,22.0,1008.4,51,AWS-VAR-052,Varanasi,VAR,center,False,
2025-02-26 22:00:00,21.3,1008.9,54,AWS-VAR-052,Varanasi,VAR,center,False,
2025-02-26 23:00:00,20.1,1008.4,60,AWS-VAR-052,Varanasi,VAR,center,False,
2025-02-27 00:00:00,19.4,1007.8,62,AWS-VAR-052,Varanasi,VAR,center,False,
2025-02-27 01:00:00,18.8,1007.1,65,AWS-VAR-052,Varanasi,VAR,center,False,
2025-02-27 02:00:00,18.4,1006.3,66,AWS-VAR-052,Varanasi,VAR,center,False,
2025-02-27 03:00:00,18.1,1005.8,66,AWS-VAR-052,Varanasi,VAR,center,False,
2025-02-27 04:00:00,17.7,1005.6,66,AWS-VAR-052,Varanasi,VAR,center,False,
2025-02-27 05:00:00,17.7,1005.9,65,AWS-VAR-052,Varanasi,VAR,center,False,
2025-02-27 06:00:00,17.4,1006.9,70,AWS-VAR-052,Varanasi,VAR,center,False,
2025-02-27 07:00:00,18.6,1007.6,64,AWS-VAR-052,Varanasi,VAR,center,False,
2025-02-27 08:00:00,22.1,1008.4,52,AWS-VAR-052,Varanasi,VAR,center,False,
2025-02-27 09:00:00,25.6,1009.1,39,AWS-VAR-052,Varanasi,VAR,center,False,
2025-02-27 10:00:00,27.9,1008.7,34,AWS-VAR-052,Varanasi,VAR,center,False,
2025-02-27 11:00:00,29.5,1007.7,32,AWS-VAR-052,Varanasi,VAR,center,False,
2025-02-27 12:00:00,30.4,1006.4,30,AWS-VAR-052,Varanasi,VAR,center,False,
2025-02-27 13:00:00,30.6,1004.9,30,AWS-VAR-052,Varanasi,VAR,center,False,
2025-02-27 14:00:00,31.2,1003.6,29,AWS-VAR-052,Varanasi,VAR,center,False,
2025-02-27 15:00:00,31.2,1002.8,28,AWS-VAR-052,Varanasi,VAR,center,False,
2025-02-27 16:00:00,30.7,1003.0,29,AWS-VAR-052,Varanasi,VAR,center,False,
2025-02-27 17:00:00,29.3,1003.4,32,AWS-VAR-052,Varanasi,VAR,center,False,
2025-02-27 18:00:00,27.1,1003.9,41,AWS-VAR-052,Varanasi,VAR,center,False,
2025-02-27 19:00:00,26.0,1004.7,44,AWS-VAR-052,Varanasi,VAR,center,False,
2025-02-27 20:00:00,24.7,1005.3,51,AWS-VAR-052,Varanasi,VAR,center,False,
2025-02-27 21:00:00,24.2,1005.6,52,AWS-VAR-052,Varanasi,VAR,center,False,
2025-02-27 22:00:00,22.9,1005.5,58,AWS-VAR-052,Varanasi,VAR,center,False,
2025-02-27 23:00:00,21.9,1005.0,61,AWS-VAR-052,Varanasi,VAR,center,False,
2025-02-28 00:00:00,21.0,1004.5,67,AWS-VAR-052,Varanasi,VAR,center,False,
2025-02-28 01:00:00,20.3,1003.7,69,AWS-VAR-052,Varanasi,VAR,center,False,
2025-02-28 02:00:00,20.5,1002.8,67,AWS-VAR-052,Varanasi,VAR,center,False,
2025-02-28 03:00:00,20.3,1002.1,66,AWS-VAR-052,Varanasi,VAR,center,False,
2025-02-28 04:00:00,19.5,1002.2,67,AWS-VAR-052,Varanasi,VAR,center,False,
2025-02-28 05:00:00,19.0,1002.4,68,AWS-VAR-052,Varanasi,VAR,center,False,
2025-02-28 06:00:00,19.2,1003.3,69,AWS-VAR-052,Varanasi,VAR,center,False,
2025-02-28 07:00:00,20.2,1004.3,65,AWS-VAR-052,Varanasi,VAR,center,False,
2025-02-28 08:00:00,22.4,1005.5,57,AWS-VAR-052,Varanasi,VAR,center,False,
2025-02-28 09:00:00,25.4,1005.9,48,AWS-VAR-052,Varanasi,VAR,center,False,
2025-02-28 10:00:00,27.1,1006.0,43,AWS-VAR-052,Varanasi,VAR,center,False,
2025-02-28 11:00:00,29.4,1005.3,37,AWS-VAR-052,Varanasi,VAR,center,False,
2025-02-28 12:00:00,30.8,1003.9,32,AWS-VAR-052,Varanasi,VAR,center,False,
2025-02-28 13:00:00,31.8,1002.2,30,AWS-VAR-052,Varanasi,VAR,center,False,
2025-02-28 14:00:00,32.3,1000.8,30,AWS-VAR-052,Varanasi,VAR,center,False,
2025-02-28 15:00:00,32.1,1000.1,31,AWS-VAR-052,Varanasi,VAR,center,False,
2025-02-28 16:00:00,31.1,1000.1,34,AWS-VAR-052,Varanasi,VAR,center,False,
2025-02-28 17:00:00,29.4,1000.3,40,AWS-VAR-052,Varanasi,VAR,center,False,
2025-02-28 18:00:00,27.5,1002.2,48,AWS-VAR-052,Varanasi,VAR,center,False,
2025-02-28 19:00:00,26.4,1002.7,52,AWS-VAR-052,Varanasi,VAR,center,False,
2025-02-28 20:00:00,25.3,1003.5,57,AWS-VAR-052,Varanasi,VAR,center,False,
2025-02-28 21:00:00,24.4,1003.9,60,AWS-VAR-052,Varanasi,VAR,center,False,
2025-02-28 22:00:00,23.9,1003.9,61,AWS-VAR-052,Varanasi,VAR,center,False,
2025-02-28 23:00:00,23.6,1002.9,62,AWS-VAR-052,Varanasi,VAR,center,False,
2025-03-01 00:00:00,22.9,1002.2,66,AWS-VAR-052,Varanasi,VAR,center,False,
2025-03-01 01:00:00,22.6,1001.5,68,AWS-VAR-052,Varanasi,VAR,center,False,
2025-03-01 02:00:00,22.2,1000.6,70,AWS-VAR-052,Varanasi,VAR,center,False,
2025-03-01 03:00:00,21.8,1000.0,71,AWS-VAR-052,Varanasi,VAR,center,False,
2025-03-01 04:00:00,20.5,1001.5,78,AWS-VAR-052,Varanasi,VAR,center,False,
2025-03-01 05:00:00,20.0,1001.3,82,AWS-VAR-052,Varanasi,VAR,center,False,
2025-03-01 06:00:00,19.8,1002.0,88,AWS-VAR-052,Varanasi,VAR,center,False,
2025-03-01 07:00:00,20.6,1003.2,84,AWS-VAR-052,Varanasi,VAR,center,False,
2025-03-01 08:00:00,21.6,1003.9,79,AWS-VAR-052,Varanasi,VAR,center,False,
2025-03-01 09:00:00,24.9,1003.6,67,AWS-VAR-052,Varanasi,VAR,center,False,
2025-03-01 10:00:00,27.5,1003.6,56,AWS-VAR-052,Varanasi,VAR,center,False,
2025-03-01 11:00:00,29.1,1003.2,50,AWS-VAR-052,Varanasi,VAR,center,False,
2025-03-01 12:00:00,29.6,1001.9,48,AWS-VAR-052,Varanasi,VAR,center,False,
2025-03-01 13:00:00,30.0,1000.9,47,AWS-VAR-052,Varanasi,VAR,center,False,
2025-03-01 14:00:00,29.7,999.8,45,AWS-VAR-052,Varanasi,VAR,center,False,
2025-03-01 15:00:00,30.0,999.5,43,AWS-VAR-052,Varanasi,VAR,center,False,
2025-03-01 16:00:00,29.4,999.7,45,AWS-VAR-052,Varanasi,VAR,center,False,
2025-03-01 17:00:00,27.6,1000.3,52,AWS-VAR-052,Varanasi,VAR,center,False,
2025-03-01 18:00:00,26.8,1000.9,54,AWS-VAR-052,Varanasi,VAR,center,False,
2025-03-01 19:00:00,25.3,1001.8,57,AWS-VAR-052,Varanasi,VAR,center,False,
2025-03-01 20:00:00,24.2,1002.3,61,AWS-VAR-052,Varanasi,VAR,center,False,
2025-03-01 21:00:00,23.2,1002.5,64,AWS-VAR-052,Varanasi,VAR,center,False,
2025-03-01 22:00:00,22.1,1002.3,71,AWS-VAR-052,Varanasi,VAR,center,False,
2025-03-01 23:00:00,21.7,1001.6,75,AWS-VAR-052,Varanasi,VAR,center,False,
2025-03-02 00:00:00,20.7,1001.0,77,AWS-VAR-052,Varanasi,VAR,center,False,
2025-03-02 01:00:00,20.3,1000.5,78,AWS-VAR-052,Varanasi,VAR,center,False,
2025-03-02 02:00:00,19.7,999.9,81,AWS-VAR-052,Varanasi,VAR,center,False,
2025-03-02 03:00:00,19.3,999.4,82,AWS-VAR-052,Varanasi,VAR,center,False,
2025-03-02 04:00:00,18.8,999.3,84,AWS-VAR-052,Varanasi,VAR,center,False,
2025-03-02 05:00:00,18.4,999.8,85,AWS-VAR-052,Varanasi,VAR,center,False,
2025-03-02 06:00:00,18.7,1000.8,89,AWS-VAR-052,Varanasi,VAR,center,False,
2025-03-02 07:00:00,19.8,1001.5,84,AWS-VAR-052,Varanasi,VAR,center,False,
2025-03-02 08:00:00,22.5,1002.2,72,AWS-VAR-052,Varanasi,VAR,center,False,
2025-03-02 09:00:00,25.5,1002.7,60,AWS-VAR-052,Varanasi,VAR,center,False,
2025-03-02 10:00:00,27.9,1002.5,50,AWS-VAR-052,Varanasi,VAR,center,False,
2025-03-02 11:00:00,29.6,1001.8,43,AWS-VAR-052,Varanasi,VAR,center,False,
2025-03-02 12:00:00,31.1,1000.5,35,AWS-VAR-052,Varanasi,VAR,center,False,
2025-03-02 13:00:00,32.0,999.1,30,AWS-VAR-052,Varanasi,VAR,center,False,
2025-03-02 14:00:00,32.1,998.0,28,AWS-VAR-052,Varanasi,VAR,center,False,
2025-03-02 15:00:00,32.3,997.5,27,AWS-VAR-052,Varanasi,VAR,center,False,
2025-03-02 16:00:00,31.8,997.4,27,AWS-VAR-052,Varanasi,VAR,center,False,
2025-03-02 17:00:00,30.3,997.8,30,AWS-VAR-052,Varanasi,VAR,center,False,
2025-03-02 18:00:00,28.2,998.6,37,AWS-VAR-052,Varanasi,VAR,center,False,
2025-03-02 19:00:00,26.9,999.4,41,AWS-VAR-052,Varanasi,VAR,center,False,
2025-03-02 20:00:00,26.1,1000.1,42,AWS-VAR-052,Varanasi,VAR,center,False,
2025-03-02 21:00:00,25.1,1000.5,44,AWS-VAR-052,Varanasi,VAR,center,False,
2025-03-02 22:00:00,24.3,1000.8,46,AWS-VAR-052,Varanasi,VAR,center,False,
2025-03-02 23:00:00,23.4,1000.6,48,AWS-VAR-052,Varanasi,VAR,center,False,
2025-03-03 00:00:00,22.7,1000.5,50,AWS-VAR-052,Varanasi,VAR,center,False,
2025-03-03 01:00:00,21.9,1000.6,53,AWS-VAR-052,Varanasi,VAR,center,False,
2025-03-03 02:00:00,21.2,1000.1,56,AWS-VAR-052,Varanasi,VAR,center,False,
2025-03-03 03:00:00,20.6,1000.2,57,AWS-VAR-052,Varanasi,VAR,center,False,
2025-03-03 04:00:00,19.7,1000.8,61,AWS-VAR-052,Varanasi,VAR,center,False,
2025-03-03 05:00:00,19.1,1001.6,63,AWS-VAR-052,Varanasi,VAR,center,False,
2025-03-03 06:00:00,19.0,1002.6,71,AWS-VAR-052,Varanasi,VAR,center,False,
2025-03-03 07:00:00,19.8,1003.6,69,AWS-VAR-052,Varanasi,VAR,center,False,
2025-03-03 08:00:00,22.3,1004.4,58,AWS-VAR-052,Varanasi,VAR,center,False,
2025-03-03 09:00:00,24.7,1004.8,45,AWS-VAR-052,Varanasi,VAR,center,False,
2025-03-03 10:00:00,26.8,1004.8,37,AWS-VAR-052,Varanasi,VAR,center,False,
2025-03-03 11:00:00,28.5,1004.1,33,AWS-VAR-052,Varanasi,VAR,center,False,
2025-03-03 12:00:00,29.6,1002.5,30,AWS-VAR-052,Varanasi,VAR,center,False,
2025-03-03 13:00:00,30.4,1001.3,26,AWS-VAR-052,Varanasi,VAR,center,False,
2025-03-03 14:00:00,31.2,1000.2,20,AWS-VAR-052,Varanasi,VAR,center,False,
2025-03-03 15:00:00,31.1,999.2,19,AWS-VAR-052,Varanasi,VAR,center,False,
2025-03-03 16:00:00,30.5,999.4,19,AWS-VAR-052,Varanasi,VAR,center,False,
2025-03-03 17:00:00,28.8,999.6,23,AWS-VAR-052,Varanasi,VAR,center,False,
2025-03-03 18:00:00,27.1,1000.3,29,AWS-VAR-052,Varanasi,VAR,center,False,
2025-03-03 19:00:00,26.0,1000.7,32,AWS-VAR-052,Varanasi,VAR,center,False,
2025-03-03 20:00:00,24.5,1001.3,36,AWS-VAR-052,Varanasi,VAR,center,False,
2025-03-03 21:00:00,23.2,1001.7,41,AWS-VAR-052,Varanasi,VAR,center,False,
2025-03-03 22:00:00,22.6,1001.9,44,AWS-VAR-052,Varanasi,VAR,center,False,
2025-03-03 23:00:00,22.2,1001.5,46,AWS-VAR-052,Varanasi,VAR,center,False,
2025-03-04 00:00:00,21.6,1001.3,49,AWS-VAR-052,Varanasi,VAR,center,False,
2025-03-04 01:00:00,20.9,1000.7,53,AWS-VAR-052,Varanasi,VAR,center,False,
2025-03-04 02:00:00,20.2,999.9,57,AWS-VAR-052,Varanasi,VAR,center,False,
2025-03-04 03:00:00,19.7,999.5,60,AWS-VAR-052,Varanasi,VAR,center,False,
2025-03-04 04:00:00,19.2,999.6,62,AWS-VAR-052,Varanasi,VAR,center,False,
2025-03-04 05:00:00,18.6,1000.1,65,AWS-VAR-052,Varanasi,VAR,center,False,
2025-03-04 06:00:00,18.4,1001.1,70,AWS-VAR-052,Varanasi,VAR,center,False,
2025-03-04 07:00:00,19.7,1002.0,66,AWS-VAR-052,Varanasi,VAR,center,False,
2025-03-04 08:00:00,22.7,1002.6,55,AWS-VAR-052,Varanasi,VAR,center,False,
2025-03-04 09:00:00,25.6,1003.3,47,AWS-VAR-052,Varanasi,VAR,center,False,
2025-03-04 10:00:00,28.1,1003.5,41,AWS-VAR-052,Varanasi,VAR,center,False,
2025-03-04 11:00:00,30.0,1003.0,36,AWS-VAR-052,Varanasi,VAR,center,False,
2025-03-04 12:00:00,31.3,1001.8,31,AWS-VAR-052,Varanasi,VAR,center,False,
2025-03-04 13:00:00,31.9,1000.7,30,AWS-VAR-052,Varanasi,VAR,center,False,
2025-03-04 14:00:00,31.9,1000.0,32,AWS-VAR-052,Varanasi,VAR,center,False,
2025-03-04 15:00:00,32.2,999.1,30,AWS-VAR-052,Varanasi,VAR,center,False,
2025-03-04 16:00:00,31.3,999.0,28,AWS-VAR-052,Varanasi,VAR,center,False,
2025-03-04 17:00:00,30.0,999.0,30,AWS-VAR-052,Varanasi,VAR,center,False,
2025-03-04 18:00:00,28.0,1000.3,32,AWS-VAR-052,Varanasi,VAR,center,False,
2025-03-04 19:00:00,27.2,1001.3,30,AWS-VAR-052,Varanasi,VAR,center,False,
2025-03-04 20:00:00,26.2,1001.9,32,AWS-VAR-052,Varanasi,VAR,center,False,
2025-03-04 21:00:00,24.6,1002.3,36,AWS-VAR-052,Varanasi,VAR,center,False,
2025-03-04 22:00:00,23.3,1002.3,40,AWS-VAR-052,Varanasi,VAR,center,False,
2025-03-04 23:00:00,22.5,1002.1,42,AWS-VAR-052,Varanasi,VAR,center,False,
2025-03-05 00:00:00,22.0,1001.6,41,AWS-VAR-052,Varanasi,VAR,center,False,
2025-03-05 01:00:00,21.2,1001.2,38,AWS-VAR-052,Varanasi,VAR,center,False,
2025-03-05 02:00:00,20.5,1000.7,35,AWS-VAR-052,Varanasi,VAR,center,False,
2025-03-05 03:00:00,19.8,1000.5,33,AWS-VAR-052,Varanasi,VAR,center,False,
2025-03-05 04:00:00,19.2,1000.8,34,AWS-VAR-052,Varanasi,VAR,center,False,
2025-03-05 05:00:00,18.4,1001.2,38,AWS-VAR-052,Varanasi,VAR,center,False,
2025-03-05 06:00:00,17.6,1002.3,58,AWS-VAR-052,Varanasi,VAR,center,False,
2025-03-05 07:00:00,18.4,1003.0,59,AWS-VAR-052,Varanasi,VAR,center,False,
2025-03-05 08:00:00,20.1,1003.6,55,AWS-VAR-052,Varanasi,VAR,center,False,
2025-03-05 09:00:00,21.7,1003.8,49,AWS-VAR-052,Varanasi,VAR,center,False,
2025-03-05 10:00:00,23.3,1003.7,39,AWS-VAR-052,Varanasi,VAR,center,False,
2025-03-05 11:00:00,24.6,1002.7,31,AWS-VAR-052,Varanasi,VAR,center,False,
2025-03-05 12:00:00,25.8,1001.6,25,AWS-VAR-052,Varanasi,VAR,center,False,
2025-03-05 13:00:00,26.6,1000.4,21,AWS-VAR-052,Varanasi,VAR,center,False,
2025-03-05 14:00:00,27.0,999.6,19,AWS-VAR-052,Varanasi,VAR,center,False,
2025-03-05 15:00:00,26.7,999.0,20,AWS-VAR-052,Varanasi,VAR,center,False,
2025-03-05 16:00:00,26.1,999.1,20,AWS-VAR-052,Varanasi,VAR,center,False,
2025-03-05 17:00:00,24.8,999.2,23,AWS-VAR-052,Varanasi,VAR,center,False,
2025-03-05 18:00:00,23.4,1000.3,27,AWS-VAR-052,Varanasi,VAR,center,False,
2025-03-05 19:00:00,22.4,1001.0,29,AWS-VAR-052,Varanasi,VAR,center,False,
2025-03-05 20:00:00,21.1,1001.7,32,AWS-VAR-052,Varanasi,VAR,center,False,
2025-03-05 21:00:00,20.0,1002.1,37,AWS-VAR-052,Varanasi,VAR,center,False,
2025-03-05 22:00:00,19.3,1002.2,40,AWS-VAR-052,Varanasi,VAR,center,False,
2025-03-05 23:00:00,18.6,1002.1,41,AWS-VAR-052,Varanasi,VAR,center,False,
2025-03-06 00:00:00,18.0,1001.9,43,AWS-VAR-052,Varanasi,VAR,center,False,
2025-03-06 01:00:00,17.4,1001.7,44,AWS-VAR-052,Varanasi,VAR,center,False,
2025-03-06 02:00:00,16.9,1001.2,45,AWS-VAR-052,Varanasi,VAR,center,False,
2025-03-06 03:00:00,16.5,1001.0,44,AWS-VAR-052,Varanasi,VAR,center,False,
2025-03-06 04:00:00,16.1,1001.2,43,AWS-VAR-052,Varanasi,VAR,center,False,
2025-03-06 05:00:00,15.7,1001.4,44,AWS-VAR-052,Varanasi,VAR,center,False,
2025-03-06 06:00:00,14.8,1002.3,55,AWS-VAR-052,Varanasi,VAR,center,False,
2025-03-06 07:00:00,15.9,1003.3,53,AWS-VAR-052,Varanasi,VAR,center,False,
2025-03-06 08:00:00,18.2,1004.0,46,AWS-VAR-052,Varanasi,VAR,center,False,
2025-03-06 09:00:00,20.6,1004.7,38,AWS-VAR-052,Varanasi,VAR,center,False,
2025-03-06 10:00:00,22.6,1005.0,32,AWS-VAR-052,Varanasi,VAR,center,False,
2025-03-06 11:00:00,24.1,1004.5,28,AWS-VAR-052,Varanasi,VAR,center,False,
2025-03-06 12:00:00,25.3,1003.7,27,AWS-VAR-052,Varanasi,VAR,center,False,
2025-03-06 13:00:00,26.3,1002.9,25,AWS-VAR-052,Varanasi,VAR,center,False,
2025-03-06 14:00:00,26.9,1002.3,23,AWS-VAR-052,Varanasi,VAR,center,False,
2025-03-06 15:00:00,27.0,1001.5,22,AWS-VAR-052,Varanasi,VAR,center,False,
2025-03-06 16:00:00,26.6,1001.2,22,AWS-VAR-052,Varanasi,VAR,center,False,
2025-03-06 17:00:00,25.5,1001.4,24,AWS-VAR-052,Varanasi,VAR,center,False,
2025-03-06 18:00:00,24.4,1001.9,27,AWS-VAR-052,Varanasi,VAR,center,False,
2025-03-06 19:00:00,22.8,1002.6,32,AWS-VAR-052,Varanasi,VAR,center,False,
2025-03-06 20:00:00,21.3,1003.3,37,AWS-VAR-052,Varanasi,VAR,center,False,
2025-03-06 21:00:00,20.4,1003.6,39,AWS-VAR-052,Varanasi,VAR,center,False,
2025-03-06 22:00:00,19.4,1003.2,41,AWS-VAR-052,Varanasi,VAR,center,False,
2025-03-06 23:00:00,18.1,1002.5,45,AWS-VAR-052,Varanasi,VAR,center,False,
2025-03-07 00:00:00,17.4,1002.1,48,AWS-VAR-052,Varanasi,VAR,center,False,
2025-03-07 01:00:00,16.8,1001.6,49,AWS-VAR-052,Varanasi,VAR,center,False,
2025-03-07 02:00:00,16.3,1001.1,50,AWS-VAR-052,Varanasi,VAR,center,False,
2025-03-07 03:00:00,15.7,1000.8,52,AWS-VAR-052,Varanasi,VAR,center,False,
2025-03-07 04:00:00,15.1,1001.0,54,AWS-VAR-052,Varanasi,VAR,center,False,
2025-03-07 05:00:00,14.6,1000.9,57,AWS-VAR-052,Varanasi,VAR,center,False,
2025-03-07 06:00:00,14.5,1001.2,66,AWS-VAR-052,Varanasi,VAR,center,False,
2025-03-07 07:00:00,16.0,1001.9,62,AWS-VAR-052,Varanasi,VAR,center,False,
2025-03-07 08:00:00,19.4,1002.9,51,AWS-VAR-052,Varanasi,VAR,center,False,
2025-03-07 09:00:00,23.0,1003.2,40,AWS-VAR-052,Varanasi,VAR,center,False,
2025-03-07 10:00:00,25.9,1003.1,31,AWS-VAR-052,Varanasi,VAR,center,False,
2025-03-07 11:00:00,27.8,1002.3,25,AWS-VAR-052,Varanasi,VAR,center,False,
2025-03-07 12:00:00,28.9,1001.3,22,AWS-VAR-052,Varanasi,VAR,center,False,
2025-03-07 13:00:00,29.7,1000.0,21,AWS-VAR-052,Varanasi,VAR,center,False,
2025-03-07 14:00:00,30.2,999.2,19,AWS-VAR-052,Varanasi,VAR,center,False,
2025-03-07 15:00:00,30.2,998.7,17,AWS-VAR-052,Varanasi,VAR,center,False,
2025-03-07 16:00:00,29.6,998.2,17,AWS-VAR-052,Varanasi,VAR,center,False,
2025-03-07 17:00:00,28.3,998.4,20,AWS-VAR-052,Varanasi,VAR,center,False,
2025-03-07 18:00:00,25.5,998.5,30,AWS-VAR-052,Varanasi,VAR,center,False,
2025-03-07 19:00:00,24.6,999.4,33,AWS-VAR-052,Varanasi,VAR,center,False,
2025-03-07 20:00:00,23.7,999.9,38,AWS-VAR-052,Varanasi,VAR,center,False,
2025-03-07 21:00:00,21.7,1000.3,44,AWS-VAR-052,Varanasi,VAR,center,False,
2025-03-07 22:00:00,20.5,1000.1,48,AWS-VAR-052,Varanasi,VAR,center,False,
2025-03-07 23:00:00,20.3,999.8,49,AWS-VAR-052,Varanasi,VAR,center,False,
2025-03-08 00:00:00,19.3,999.6,51,AWS-VAR-052,Varanasi,VAR,center,False,
2025-03-08 01:00:00,18.6,999.1,54,AWS-VAR-052,Varanasi,VAR,center,False,
2025-03-08 02:00:00,17.5,998.5,57,AWS-VAR-052,Varanasi,VAR,center,False,
2025-03-08 03:00:00,17.0,997.9,61,AWS-VAR-052,Varanasi,VAR,center,False,
2025-03-08 04:00:00,16.8,997.9,64,AWS-VAR-052,Varanasi,VAR,center,False,
2025-03-08 05:00:00,16.2,998.3,66,AWS-VAR-052,Varanasi,VAR,center,False,
2025-03-08 06:00:00,16.4,998.9,69,AWS-VAR-052,Varanasi,VAR,center,False,
2025-03-08 07:00:00,17.9,999.7,62,AWS-VAR-052,Varanasi,VAR,center,False,
2025-03-08 08:00:00,21.6,1000.6,49,AWS-VAR-052,Varanasi,VAR,center,False,
2025-03-08 09:00:00,25.3,1001.1,37,AWS-VAR-052,Varanasi,VAR,center,False,
2025-03-08 10:00:00,27.9,1001.1,30,AWS-VAR-052,Varanasi,VAR,center,False,
2025-03-08 11:00:00,29.6,1000.5,24,AWS-VAR-052,Varanasi,VAR,center,False,
2025-03-08 12:00:00,30.7,999.7,21,AWS-VAR-052,Varanasi,VAR,center,False,
2025-03-08 13:00:00,31.2,998.7,21,AWS-VAR-052,Varanasi,VAR,center,False,
2025-03-08 14:00:00,31.2,997.8,21,AWS-VAR-052,Varanasi,VAR,center,False,
2025-03-08 15:00:00,31.2,997.2,20,AWS-VAR-052,Varanasi,VAR,center,False,
2025-03-08 16:00:00,31.2,997.1,18,AWS-VAR-052,Varanasi,VAR,center,False,
2025-03-08 17:00:00,30.0,997.5,21,AWS-VAR-052,Varanasi,VAR,center,False,
2025-03-08 18:00:00,27.4,998.5,28,AWS-VAR-052,Varanasi,VAR,center,False,
2025-03-08 19:00:00,25.6,999.2,30,AWS-VAR-052,Varanasi,VAR,center,False,
2025-03-08 20:00:00,24.3,1000.3,31,AWS-VAR-052,Varanasi,VAR,center,False,
2025-03-08 21:00:00,22.4,1001.0,37,AWS-VAR-052,Varanasi,VAR,center,False,
2025-03-08 22:00:00,21.9,1001.3,38,AWS-VAR-052,Varanasi,VAR,center,False,
2025-03-08 23:00:00,21.6,1001.3,44,AWS-VAR-052,Varanasi,VAR,center,False,
2025-03-09 00:00:00,20.2,1001.3,51,AWS-VAR-052,Varanasi,VAR,center,False,
2025-03-09 01:00:00,19.0,1000.9,57,AWS-VAR-052,Varanasi,VAR,center,False,
2025-03-09 02:00:00,18.7,1000.8,60,AWS-VAR-052,Varanasi,VAR,center,False,
2025-03-09 03:00:00,18.1,1000.8,63,AWS-VAR-052,Varanasi,VAR,center,False,
2025-03-09 04:00:00,17.9,1000.8,62,AWS-VAR-052,Varanasi,VAR,center,False,
2025-03-09 05:00:00,17.8,1001.5,60,AWS-VAR-052,Varanasi,VAR,center,False,
2025-03-09 06:00:00,17.9,1002.0,64,AWS-VAR-052,Varanasi,VAR,center,False,
2025-03-09 07:00:00,19.5,1003.3,56,AWS-VAR-052,Varanasi,VAR,center,False,
2025-03-09 08:00:00,23.3,1004.3,45,AWS-VAR-052,Varanasi,VAR,center,False,
2025-03-09 09:00:00,26.9,1004.9,34,AWS-VAR-052,Varanasi,VAR,center,False,
2025-03-09 10:00:00,29.7,1005.4,24,AWS-VAR-052,Varanasi,VAR,center,False,
2025-03-09 11:00:00,31.0,1005.0,20,AWS-VAR-052,Varanasi,VAR,center,False,
2025-03-09 12:00:00,31.8,1004.1,19,AWS-VAR-052,Varanasi,VAR,center,False,
2025-03-09 13:00:00,32.2,1003.1,18,AWS-VAR-052,Varanasi,VAR,center,False,
2025-03-09 14:00:00,32.2,1002.4,19,AWS-VAR-052,Varanasi,VAR,center,False,
2025-03-09 15:00:00,31.7,1002.0,20,AWS-VAR-052,Varanasi,VAR,center,False,
2025-03-09 16:00:00,30.9,1001.9,21,AWS-VAR-052,Varanasi,VAR,center,False,
2025-03-09 17:00:00,29.5,1002.3,24,AWS-VAR-052,Varanasi,VAR,center,False,
2025-03-09 18:00:00,27.5,1003.1,31,AWS-VAR-052,Varanasi,VAR,center,False,
2025-03-09 19:00:00,25.7,1004.0,36,AWS-VAR-052,Varanasi,VAR,center,False,
2025-03-09 20:00:00,24.2,1004.8,39,AWS-VAR-052,Varanasi,VAR,center,False,
2025-03-09 21:00:00,23.6,1005.4,40,AWS-VAR-052,Varanasi,VAR,center,False,
2025-03-09 22:00:00,23.0,1006.0,42,AWS-VAR-052,Varanasi,VAR,center,False,
2025-03-09 23:00:00,22.1,1005.9,46,AWS-VAR-052,Varanasi,VAR,center,False,
2025-03-10 00:00:00,21.0,1006.1,51,AWS-VAR-052,Varanasi,VAR,center,False,
2025-03-10 01:00:00,20.1,1005.6,54,AWS-VAR-052,Varanasi,VAR,center,False,
2025-03-10 02:00:00,19.5,1005.2,56,AWS-VAR-052,Varanasi,VAR,center,False,
2025-03-10 03:00:00,19.3,1004.8,55,AWS-VAR-052,Varanasi,VAR,center,False,
2025-03-10 04:00:00,19.0,1004.8,56,AWS-VAR-052,Varanasi,VAR,center,False,
2025-03-10 05:00:00,18.7,1005.1,58,AWS-VAR-052,Varanasi,VAR,center,False,
2025-03-10 06:00:00,18.8,1006.5,63,AWS-VAR-052,Varanasi,VAR,center,False,
2025-03-10 07:00:00,20.2,1007.3,58,AWS-VAR-052,Varanasi,VAR,center,False,
2025-03-10 08:00:00,23.1,1008.2,48,AWS-VAR-052,Varanasi,VAR,center,False,
2025-03-10 09:00:00,26.1,1008.7,40,AWS-VAR-052,Varanasi,VAR,center,False,
2025-03-10 10:00:00,28.9,1008.8,33,AWS-VAR-052,Varanasi,VAR,center,False,
2025-03-10 11:00:00,30.8,1008.0,26,AWS-VAR-052,Varanasi,VAR,center,False,
2025-03-10 12:00:00,31.7,1006.5,24,AWS-VAR-052,Varanasi,VAR,center,False,
2025-03-10 13:00:00,32.1,1005.5,23,AWS-VAR-052,Varanasi,VAR,center,False,
2025-03-10 14:00:00,32.1,1004.3,23,AWS-VAR-052,Varanasi,VAR,center,False,
2025-03-10 15:00:00,31.8,1003.6,22,AWS-VAR-052,Varanasi,VAR,center,False,
2025-03-10 16:00:00,31.3,1003.4,23,AWS-VAR-052,Varanasi,VAR,center,False,
2025-03-10 17:00:00,29.7,1003.9,28,AWS-VAR-052,Varanasi,VAR,center,False,
2025-03-10 18:00:00,28.0,1004.4,32,AWS-VAR-052,Varanasi,VAR,center,False,
2025-03-10 19:00:00,26.5,1004.8,36,AWS-VAR-052,Varanasi,VAR,center,False,
2025-03-10 20:00:00,25.3,1005.5,41,AWS-VAR-052,Varanasi,VAR,center,False,
2025-03-10 21:00:00,24.4,1005.5,47,AWS-VAR-052,Varanasi,VAR,center,False,
2025-03-10 22:00:00,23.3,1005.4,51,AWS-VAR-052,Varanasi,VAR,center,False,
2025-03-10 23:00:00,22.5,1005.2,54,AWS-VAR-052,Varanasi,VAR,center,False,
2025-03-11 00:00:00,21.9,1005.0,58,AWS-VAR-052,Varanasi,VAR,center,False,
2025-03-11 01:00:00,20.9,1004.6,59,AWS-VAR-052,Varanasi,VAR,center,False,
2025-03-11 02:00:00,20.1,1003.8,63,AWS-VAR-052,Varanasi,VAR,center,False,
2025-03-11 03:00:00,19.7,1003.3,64,AWS-VAR-052,Varanasi,VAR,center,False,
2025-03-11 04:00:00,19.6,1003.5,64,AWS-VAR-052,Varanasi,VAR,center,False,
2025-03-11 05:00:00,19.5,1003.9,64,AWS-VAR-052,Varanasi,VAR,center,False,
2025-03-11 06:00:00,19.3,1005.1,70,AWS-VAR-052,Varanasi,VAR,center,False,
2025-03-11 07:00:00,20.8,1005.7,63,AWS-VAR-052,Varanasi,VAR,center,False,
2025-03-11 08:00:00,24.4,1006.6,51,AWS-VAR-052,Varanasi,VAR,center,False,
2025-03-11 09:00:00,28.1,1007.1,38,AWS-VAR-052,Varanasi,VAR,center,False,
2025-03-11 10:00:00,30.2,1006.6,32,AWS-VAR-052,Varanasi,VAR,center,False,
2025-03-11 11:00:00,31.6,1005.6,28,AWS-VAR-052,Varanasi,VAR,center,False,
2025-03-11 12:00:00,32.6,1004.2,26,AWS-VAR-052,Varanasi,VAR,center,False,
2025-03-11 13:00:00,33.2,1002.8,25,AWS-VAR-052,Varanasi,VAR,center,False,
2025-03-11 14:00:00,33.3,1001.8,25,AWS-VAR-052,Varanasi,VAR,center,False,
2025-03-11 15:00:00,33.2,1001.0,25,AWS-VAR-052,Varanasi,VAR,center,False,
2025-03-11 16:00:00,32.9,1000.6,25,AWS-VAR-052,Varanasi,VAR,center,False,
2025-03-11 17:00:00,32.3,1000.7,25,AWS-VAR-052,Varanasi,VAR,center,False,
2025-03-11 18:00:00,29.9,1000.9,32,AWS-VAR-052,Varanasi,VAR,center,False,
2025-03-11 19:00:00,28.7,1001.5,36,AWS-VAR-052,Varanasi,VAR,center,False,
2025-03-11 20:00:00,27.4,1001.7,42,AWS-VAR-052,Varanasi,VAR,center,False,
2025-03-11 21:00:00,26.6,1002.0,43,AWS-VAR-052,Varanasi,VAR,center,False,
2025-03-11 22:00:00,25.5,1001.9,45,AWS-VAR-052,Varanasi,VAR,center,False,
2025-03-11 23:00:00,24.7,1001.0,46,AWS-VAR-052,Varanasi,VAR,center,False,
2025-03-12 00:00:00,23.9,1000.5,46,AWS-VAR-052,Varanasi,VAR,center,False,
2025-03-12 01:00:00,23.3,999.5,48,AWS-VAR-052,Varanasi,VAR,center,False,
2025-03-12 02:00:00,22.8,998.9,50,AWS-VAR-052,Varanasi,VAR,center,False,
2025-03-12 03:00:00,22.5,998.3,51,AWS-VAR-052,Varanasi,VAR,center,False,
2025-03-12 04:00:00,22.2,998.2,52,AWS-VAR-052,Varanasi,VAR,center,False,
2025-03-12 05:00:00,21.8,998.7,52,AWS-VAR-052,Varanasi,VAR,center,False,
2025-03-12 06:00:00,21.2,999.9,58,AWS-VAR-052,Varanasi,VAR,center,False,
2025-03-12 07:00:00,22.9,1000.4,53,AWS-VAR-052,Varanasi,VAR,center,False,
2025-03-12 08:00:00,25.9,1001.2,45,AWS-VAR-052,Varanasi,VAR,center,False,
2025-03-12 09:00:00,29.2,1001.6,36,AWS-VAR-052,Varanasi,VAR,center,False,
2025-03-12 10:00:00,31.8,1001.3,31,AWS-VAR-052,Varanasi,VAR,center,False,
2025-03-12 11:00:00,33.6,1000.3,27,AWS-VAR-052,Varanasi,VAR,center,False,
2025-03-12 12:00:00,34.8,998.9,25,AWS-VAR-052,Varanasi,VAR,center,False,
2025-03-12 13:00:00,35.5,997.6,24,AWS-VAR-052,Varanasi,VAR,center,False,
2025-03-12 14:00:00,35.9,996.4,22,AWS-VAR-052,Varanasi,VAR,center,False,
2025-03-12 15:00:00,36.3,995.5,19,AWS-VAR-052,Varanasi,VAR,center,False,
2025-03-12 16:00:00,35.9,995.2,19,AWS-VAR-052,Varanasi,VAR,center,False,
2025-03-12 17:00:00,34.2,995.4,22,AWS-VAR-052,Varanasi,VAR,center,False,
2025-03-12 18:00:00,32.3,996.0,26,AWS-VAR-052,Varanasi,VAR,center,False,
2025-03-12 19:00:00,30.7,996.4,29,AWS-VAR-052,Varanasi,VAR,center,False,
2025-03-12 20:00:00,29.4,997.2,32,AWS-VAR-052,Varanasi,VAR,center,False,
2025-03-12 21:00:00,28.4,997.6,34,AWS-VAR-052,Varanasi,VAR,center,False,
2025-03-12 22:00:00,27.8,997.9,35,AWS-VAR-052,Varanasi,VAR,center,False,
2025-03-12 23:00:00,27.2,997.5,36,AWS-VAR-052,Varanasi,VAR,center,False,
2025-03-13 00:00:00,26.4,997.2,38,AWS-VAR-052,Varanasi,VAR,center,False,
2025-03-13 01:00:00,25.0,997.0,42,AWS-VAR-052,Varanasi,VAR,center,False,
2025-03-13 02:00:00,23.9,996.9,47,AWS-VAR-052,Varanasi,VAR,center,False,
2025-03-13 03:00:00,23.2,996.6,50,AWS-VAR-052,Varanasi,VAR,center,False,
2025-03-13 04:00:00,22.7,996.7,51,AWS-VAR-052,Varanasi,VAR,center,False,
2025-03-13 05:00:00,22.2,997.2,51,AWS-VAR-052,Varanasi,VAR,center,False,
2025-03-13 06:00:00,21.8,998.4,62,AWS-VAR-052,Varanasi,VAR,center,False,
2025-03-13 07:00:00,23.4,999.2,57,AWS-VAR-052,Varanasi,VAR,center,False,
2025-03-13 08:00:00,26.6,1000.1,48,AWS-VAR-052,Varanasi,VAR,center,False,
2025-03-13 09:00:00,29.6,1000.6,41,AWS-VAR-052,Varanasi,VAR,center,False,
2025-03-13 10:00:00,32.0,1000.4,35,AWS-VAR-052,Varanasi,VAR,center,False,
2025-03-13 11:00:00,33.7,999.7,30,AWS-VAR-052,Varanasi,VAR,center,False,
2025-03-13 12:00:00,34.9,998.4,27,AWS-VAR-052,Varanasi,VAR,center,False,
2025-03-13 13:00:00,35.6,996.9,25,AWS-VAR-052,Varanasi,VAR,center,False,
2025-03-13 14:00:00,35.6,995.9,22,AWS-VAR-052,Varanasi,VAR,center,False,
2025-03-13 15:00:00,34.8,995.8,21,AWS-VAR-052,Varanasi,VAR,center,False,
2025-03-13 16:00:00,33.6,995.7,24,AWS-VAR-052,Varanasi,VAR,center,False,
2025-03-13 17:00:00,32.5,995.5,26,AWS-VAR-052,Varanasi,VAR,center,False,
2025-03-13 18:00:00,31.2,995.6,27,AWS-VAR-052,Varanasi,VAR,center,False,
2025-03-13 19:00:00,29.7,996.6,31,AWS-VAR-052,Varanasi,VAR,center,False,
2025-03-13 20:00:00,28.6,997.5,35,AWS-VAR-052,Varanasi,VAR,center,False,
2025-03-13 21:00:00,27.9,997.8,37,AWS-VAR-052,Varanasi,VAR,center,False,
2025-03-13 22:00:00,27.4,997.8,38,AWS-VAR-052,Varanasi,VAR,center,False,
2025-03-13 23:00:00,26.3,997.6,42,AWS-VAR-052,Varanasi,VAR,center,False,
2025-03-14 00:00:00,25.5,997.3,43,AWS-VAR-052,Varanasi,VAR,center,False,
2025-03-14 01:00:00,24.4,997.1,47,AWS-VAR-052,Varanasi,VAR,center,False,
2025-03-14 02:00:00,23.2,996.7,54,AWS-VAR-052,Varanasi,VAR,center,False,
2025-03-14 03:00:00,22.6,996.2,53,AWS-VAR-052,Varanasi,VAR,center,False,
2025-03-14 04:00:00,22.4,996.7,54,AWS-VAR-052,Varanasi,VAR,center,False,
2025-03-14 05:00:00,22.5,997.7,53,AWS-VAR-052,Varanasi,VAR,center,False,
2025-03-14 06:00:00,22.3,998.6,64,AWS-VAR-052,Varanasi,VAR,center,False,
2025-03-14 07:00:00,24.2,1000.0,57,AWS-VAR-052,Varanasi,VAR,center,False,
2025-03-14 08:00:00,27.9,1001.0,46,AWS-VAR-052,Varanasi,VAR,center,False,
2025-03-14 09:00:00,31.6,1001.5,36,AWS-VAR-052,Varanasi,VAR,center,False,
2025-03-14 10:00:00,33.9,1001.2,28,AWS-VAR-052,Varanasi,VAR,center,False,
2025-03-14 11:00:00,35.3,1000.9,25,AWS-VAR-052,Varanasi,VAR,center,False,
2025-03-14 12:00:00,36.3,999.8,22,AWS-VAR-052,Varanasi,VAR,center,False,
2025-03-14 13:00:00,36.7,998.8,21,AWS-VAR-052,Varanasi,VAR,center,False,
2025-03-14 14:00:00,36.6,997.9,19,AWS-VAR-052,Varanasi,VAR,center,False,
2025-03-14 15:00:00,36.1,997.0,20,AWS-VAR-052,Varanasi,VAR,center,False,
2025-03-14 16:00:00,35.2,996.9,23,AWS-VAR-052,Varanasi,VAR,center,False,
2025-03-14 17:00:00,33.9,997.0,26,AWS-VAR-052,Varanasi,VAR,center,False,
2025-03-14 18:00:00,31.8,997.9,31,AWS-VAR-052,Varanasi,VAR,center,False,
2025-03-14 19:00:00,30.4,998.4,34,AWS-VAR-052,Varanasi,VAR,center,False,
2025-03-14 20:00:00,29.2,998.8,37,AWS-VAR-052,Varanasi,VAR,center,False,
2025-03-14 21:00:00,28.4,999.6,39,AWS-VAR-052,Varanasi,VAR,center,False,
2025-03-14 22:00:00,27.2,999.9,43,AWS-VAR-052,Varanasi,VAR,center,False,
2025-03-14 23:00:00,26.5,999.4,48,AWS-VAR-052,Varanasi,VAR,center,False,
2025-03-15 00:00:00,25.4,999.3,47,AWS-VAR-052,Varanasi,VAR,center,False,
2025-03-15 01:00:00,24.4,998.9,51,AWS-VAR-052,Varanasi,VAR,center,False,
2025-03-15 02:00:00,23.4,998.2,55,AWS-VAR-052,Varanasi,VAR,center,False,
2025-03-15 03:00:00,23.5,998.3,54,AWS-VAR-052,Varanasi,VAR,center,False,
2025-03-15 04:00:00,23.1,998.3,55,AWS-VAR-052,Varanasi,VAR,center,False,
2025-03-15 05:00:00,22.4,999.1,57,AWS-VAR-052,Varanasi,VAR,center,False,
2025-03-15 06:00:00,22.6,999.9,65,AWS-VAR-052,Varanasi,VAR,center,False,
2025-03-15 07:00:00,24.4,1001.0,58,AWS-VAR-052,Varanasi,VAR,center,False,
2025-03-15 08:00:00,28.3,1001.7,46,AWS-VAR-052,Varanasi,VAR,center,False,
2025-03-15 09:00:00,32.0,1002.3,35,AWS-VAR-052,Varanasi,VAR,center,False,
2025-03-15 10:00:00,34.4,1002.0,28,AWS-VAR-052,Varanasi,VAR,center,False,
2025-03-15 11:00:00,36.0,1001.6,24,AWS-VAR-052,Varanasi,VAR,center,False,
2025-03-15 12:00:00,37.3,1000.4,22,AWS-VAR-052,Varanasi,VAR,center,False,
2025-03-15 13:00:00,38.4,999.4,19,AWS-VAR-052,Varanasi,VAR,center,False,
2025-03-15 14:00:00,38.8,998.6,14,AWS-VAR-052,Varanasi,VAR,center,False,
2025-03-15 15:00:00,38.4,998.0,15,AWS-VAR-052,Varanasi,VAR,center,False,
2025-03-15 16:00:00,38.3,997.9,14,AWS-VAR-052,Varanasi,VAR,center,False,
2025-03-15 17:00:00,35.9,998.1,19,AWS-VAR-052,Varanasi,VAR,center,False,
2025-03-15 18:00:00,33.4,999.2,29,AWS-VAR-052,Varanasi,VAR,center,False,
2025-03-15 19:00:00,31.3,1000.0,37,AWS-VAR-052,Varanasi,VAR,center,False,
2025-03-15 20:00:00,29.9,1001.0,42,AWS-VAR-052,Varanasi,VAR,center,False,
2025-03-15 21:00:00,29.4,1001.5,42,AWS-VAR-052,Varanasi,VAR,center,False,
2025-03-15 22:00:00,28.7,1001.4,42,AWS-VAR-052,Varanasi,VAR,center,False,
2025-03-15 23:00:00,27.7,1000.9,44,AWS-VAR-052,Varanasi,VAR,center,False,
2025-03-16 00:00:00,26.3,1000.4,50,AWS-VAR-052,Varanasi,VAR,center,False,
2025-03-16 01:00:00,25.8,1000.0,51,AWS-VAR-052,Varanasi,VAR,center,False,
2025-03-16 02:00:00,25.8,999.6,53,AWS-VAR-052,Varanasi,VAR,center,False,
2025-03-16 03:00:00,25.5,999.2,55,AWS-VAR-052,Varanasi,VAR,center,False,
2025-03-16 04:00:00,25.0,999.4,56,AWS-VAR-052,Varanasi,VAR,center,False,
2025-03-16 05:00:00,24.8,999.8,57,AWS-VAR-052,Varanasi,VAR,center,False,
2025-03-16 06:00:00,24.5,1000.1,68,AWS-VAR-052,Varanasi,VAR,center,False,
2025-03-16 07:00:00,26.0,1001.5,62,AWS-VAR-052,Varanasi,VAR,center,False,
2025-03-16 08:00:00,29.3,1001.8,50,AWS-VAR-052,Varanasi,VAR,center,False,
2025-03-16 09:00:00,32.7,1002.2,41,AWS-VAR-052,Varanasi,VAR,center,False,
2025-03-16 10:00:00,33.8,1002.3,37,AWS-VAR-052,Varanasi,VAR,center,False,
2025-03-16 11:00:00,35.0,1002.1,26,AWS-VAR-052,Varanasi,VAR,center,False,
2025-03-16 12:00:00,33.2,1001.9,30,AWS-VAR-052,Varanasi,VAR,center,False,
2025-03-16 13:00:00,33.4,1001.2,27,AWS-VAR-052,Varanasi,VAR,center,False,
2025-03-16 14:00:00,33.9,999.8,27,AWS-VAR-052,Varanasi,VAR,center,False,
2025-03-16 15:00:00,33.4,998.8,30,AWS-VAR-052,Varanasi,VAR,center,False,
2025-03-16 16:00:00,32.8,998.4,31,AWS-VAR-052,Varanasi,VAR,center,False,
2025-03-16 17:00:00,31.7,998.5,32,AWS-VAR-052,Varanasi,VAR,center,False,
2025-03-16 18:00:00,31.7,998.3,30,AWS-VAR-052,Varanasi,VAR,center,False,
2025-03-16 19:00:00,31.3,998.5,30,AWS-VAR-052,Varanasi,VAR,center,False,
2025-03-16 20:00:00,30.5,998.9,32,AWS-VAR-052,Varanasi,VAR,center,False,
2025-03-16 21:00:00,30.0,999.1,34,AWS-VAR-052,Varanasi,VAR,center,False,
2025-03-16 22:00:00,29.5,999.3,35,AWS-VAR-052,Varanasi,VAR,center,False,
2025-03-16 23:00:00,28.2,999.1,37,AWS-VAR-052,Varanasi,VAR,center,False,
2025-03-17 00:00:00,27.0,998.8,39,AWS-VAR-052,Varanasi,VAR,center,False,
2025-03-17 01:00:00,25.9,998.8,41,AWS-VAR-052,Varanasi,VAR,center,False,
2025-03-17 02:00:00,24.8,999.0,45,AWS-VAR-052,Varanasi,VAR,center,False,
2025-03-17 03:00:00,23.6,998.8,51,AWS-VAR-052,Varanasi,VAR,center,False,
2025-03-17 04:00:00,23.0,998.6,53,AWS-VAR-052,Varanasi,VAR,center,False,
2025-03-17 05:00:00,22.7,999.0,53,AWS-VAR-052,Varanasi,VAR,center,False,
2025-03-17 06:00:00,23.3,999.1,65,AWS-VAR-052,Varanasi,VAR,center,False,
2025-03-17 07:00:00,25.2,1000.4,58,AWS-VAR-052,Varanasi,VAR,center,False,
2025-03-17 08:00:00,27.8,1001.9,47,AWS-VAR-052,Varanasi,VAR,center,False,
2025-03-17 09:00:00,29.5,1002.6,40,AWS-VAR-052,Varanasi,VAR,center,False,
2025-03-17 10:00:00,31.0,1002.8,35,AWS-VAR-052,Varanasi,VAR,center,False,
2025-03-17 11:00:00,32.3,1002.4,29,AWS-VAR-052,Varanasi,VAR,center,False,
2025-03-17 12:00:00,33.2,1001.2,26,AWS-VAR-052,Varanasi,VAR,center,False,
2025-03-17 13:00:00,33.8,1000.1,25,AWS-VAR-052,Varanasi,VAR,center,False,
2025-03-17 14:00:00,34.1,998.8,25,AWS-VAR-052,Varanasi,VAR,center,False,
2025-03-17 15:00:00,33.7,998.2,24,AWS-VAR-052,Varanasi,VAR,center,False,
2025-03-17 16:00:00,33.3,998.1,24,AWS-VAR-052,Varanasi,VAR,center,False,
2025-03-17 17:00:00,32.3,998.6,26,AWS-VAR-052,Varanasi,VAR,center,False,
2025-03-17 18:00:00,30.5,999.7,27,AWS-VAR-052,Varanasi,VAR,center,False,
2025-03-17 19:00:00,29.2,1000.5,29,AWS-VAR-052,Varanasi,VAR,center,False,
2025-03-17 20:00:00,28.5,1001.5,29,AWS-VAR-052,Varanasi,VAR,center,False,
2025-03-17 21:00:00,27.6,1001.9,29,AWS-VAR-052,Varanasi,VAR,center,False,
2025-03-17 22:00:00,26.9,1002.4,29,AWS-VAR-052,Varanasi,VAR,center,False,
2025-03-17 23:00:00,25.8,1002.3,30,AWS-VAR-052,Varanasi,VAR,center,False,
2025-03-18 00:00:00,24.6,1002.0,33,AWS-VAR-052,Varanasi,VAR,center,False,
2025-03-18 01:00:00,23.7,1001.3,34,AWS-VAR-052,Varanasi,VAR,center,False,
2025-03-18 02:00:00,22.8,1000.7,36,AWS-VAR-052,Varanasi,VAR,center,False,
2025-03-18 03:00:00,21.8,1000.6,39,AWS-VAR-052,Varanasi,VAR,center,False,
2025-03-18 04:00:00,21.0,1000.9,41,AWS-VAR-052,Varanasi,VAR,center,False,
2025-03-18 05:00:00,20.5,1001.2,43,AWS-VAR-052,Varanasi,VAR,center,False,
2025-03-18 06:00:00,20.1,1002.1,53,AWS-VAR-052,Varanasi,VAR,center,False,
2025-03-18 07:00:00,21.8,1002.8,49,AWS-VAR-052,Varanasi,VAR,center,False,
2025-03-18 08:00:00,24.8,1003.5,41,AWS-VAR-052,Varanasi,VAR,center,False,
2025-03-18 09:00:00,27.6,1003.7,35,AWS-VAR-052,Varanasi,VAR,center,False,
2025-03-18 10:00:00,29.9,1003.5,27,AWS-VAR-052,Varanasi,VAR,center,False,
2025-03-18 11:00:00,31.3,1002.9,24,AWS-VAR-052,Varanasi,VAR,center,False,
2025-03-18 12:00:00,32.3,1001.9,21,AWS-VAR-052,Varanasi,VAR,center,False,
2025-03-18 13:00:00,32.8,1000.7,19,AWS-VAR-052,Varanasi,VAR,center,False,
2025-03-18 14:00:00,33.1,999.7,17,AWS-VAR-052,Varanasi,VAR,center,False,
2025-03-18 15:00:00,32.9,999.4,16,AWS-VAR-052,Varanasi,VAR,center,False,
2025-03-18 16:00:00,32.2,999.5,17,AWS-VAR-052,Varanasi,VAR,center,False,
2025-03-18 17:00:00,31.1,1000.0,18,AWS-VAR-052,Varanasi,VAR,center,False,
2025-03-18 18:00:00,29.1,1000.7,22,AWS-VAR-052,Varanasi,VAR,center,False,
2025-03-18 19:00:00,27.4,1001.4,26,AWS-VAR-052,Varanasi,VAR,center,False,
2025-03-18 20:00:00,26.4,1002.2,28,AWS-VAR-052,Varanasi,VAR,center,False,
2025-03-18 21:00:00,25.3,1002.7,30,AWS-VAR-052,Varanasi,VAR,center,False,
2025-03-18 22:00:00,24.5,1003.2,32,AWS-VAR-052,Varanasi,VAR,center,False,
2025-03-18 23:00:00,23.7,1003.0,32,AWS-VAR-052,Varanasi,VAR,center,False,
2025-03-19 00:00:00,22.6,1002.9,34,AWS-VAR-052,Varanasi,VAR,center,False,
2025-03-19 01:00:00,21.7,1002.2,37,AWS-VAR-052,Varanasi,VAR,center,False,
2025-03-19 02:00:00,21.1,1001.6,39,AWS-VAR-052,Varanasi,VAR,center,False,
2025-03-19 03:00:00,20.5,1001.5,41,AWS-VAR-052,Varanasi,VAR,center,False,
2025-03-19 04:00:00,19.8,1001.9,44,AWS-VAR-052,Varanasi,VAR,center,False,
2025-03-19 05:00:00,19.0,1002.6,49,AWS-VAR-052,Varanasi,VAR,center,False,
2025-03-19 06:00:00,19.0,1003.8,57,AWS-VAR-052,Varanasi,VAR,center,False,
2025-03-19 07:00:00,21.2,1004.6,50,AWS-VAR-052,Varanasi,VAR,center,False,
2025-03-19 08:00:00,25.0,1005.2,39,AWS-VAR-052,Varanasi,VAR,center,False,
2025-03-19 09:00:00,28.1,1005.5,30,AWS-VAR-052,Varanasi,VAR,center,False,
2025-03-19 10:00:00,30.2,1005.7,24,AWS-VAR-052,Varanasi,VAR,center,False,
2025-03-19 11:00:00,31.6,1004.9,21,AWS-VAR-052,Varanasi,VAR,center,False,
2025-03-19 12:00:00,32.8,1004.1,19,AWS-VAR-052,Varanasi,VAR,center,False,
2025-03-19 13:00:00,33.6,1003.1,19,AWS-VAR-052,Varanasi,VAR,center,False,
2025-03-19 14:00:00,33.8,1002.4,19,AWS-VAR-052,Varanasi,VAR,center,False,
2025-03-19 15:00:00,33.6,1001.8,19,AWS-VAR-052,Varanasi,VAR,center,False,
2025-03-19 16:00:00,33.3,1001.3,20,AWS-VAR-052,Varanasi,VAR,center,False,
2025-03-19 17:00:00,32.5,1001.3,21,AWS-VAR-052,Varanasi,VAR,center,False,
2025-03-19 18:00:00,30.7,1001.9,24,AWS-VAR-052,Varanasi,VAR,center,False,
2025-03-19 19:00:00,29.4,1002.8,27,AWS-VAR-052,Varanasi,VAR,center,False,
2025-03-19 20:00:00,28.4,1003.5,30,AWS-VAR-052,Varanasi,VAR,center,False,
2025-03-19 21:00:00,27.5,1004.1,33,AWS-VAR-052,Varanasi,VAR,center,False,
2025-03-19 22:00:00,26.9,1003.9,32,AWS-VAR-052,Varanasi,VAR,center,False,
2025-03-19 23:00:00,25.9,1004.1,33,AWS-VAR-052,Varanasi,VAR,center,False,
2025-03-20 00:00:00,24.8,1004.2,36,AWS-VAR-052,Varanasi,VAR,center,False,
2025-03-20 01:00:00,24.1,1003.9,40,AWS-VAR-052,Varanasi,VAR,center,False,
2025-03-20 02:00:00,23.0,1003.9,43,AWS-VAR-052,Varanasi,VAR,center,False,
2025-03-20 03:00:00,22.8,1003.6,45,AWS-VAR-052,Varanasi,VAR,center,False,
2025-03-20 04:00:00,21.9,1003.8,48,AWS-VAR-052,Varanasi,VAR,center,False,
2025-03-20 05:00:00,21.9,1004.0,50,AWS-VAR-052,Varanasi,VAR,center,False,
2025-03-20 06:00:00,22.0,1005.2,61,AWS-VAR-052,Varanasi,VAR,center,False,
2025-03-20 07:00:00,23.7,1005.8,54,AWS-VAR-052,Varanasi,VAR,center,False,
2025-03-20 08:00:00,26.6,1006.2,45,AWS-VAR-052,Varanasi,VAR,center,False,
2025-03-20 09:00:00,29.8,1006.7,36,AWS-VAR-052,Varanasi,VAR,center,False,
2025-03-20 10:00:00,30.4,1007.3,33,AWS-VAR-052,Varanasi,VAR,center,False,
2025-03-20 11:00:00,33.0,1006.2,26,AWS-VAR-052,Varanasi,VAR,center,False,
2025-03-20 12:00:00,34.0,1005.0,27,AWS-VAR-052,Varanasi,VAR,center,False,
2025-03-20 13:00:00,34.3,1003.6,27,AWS-VAR-052,Varanasi,VAR,center,False,
2025-03-20 14:00:00,34.3,1002.2,27,AWS-VAR-052,Varanasi,VAR,center,False,
2025-03-20 15:00:00,33.2,1001.4,31,AWS-VAR-052,Varanasi,VAR,center,False,
2025-03-20 16:00:00,30.0,1001.4,42,AWS-VAR-052,Varanasi,VAR,center,False,
2025-03-20 17:00:00,29.1,1001.3,44,AWS-VAR-052,Varanasi,VAR,center,False,
2025-03-20 18:00:00,29.3,1001.9,45,AWS-VAR-052,Varanasi,VAR,center,False,
2025-03-20 19:00:00,28.3,1003.0,48,AWS-VAR-052,Varanasi,VAR,center,False,
2025-03-20 20:00:00,27.6,1003.7,50,AWS-VAR-052,Varanasi,VAR,center,False,
2025-03-20 21:00:00,26.7,1004.4,53,AWS-VAR-052,Varanasi,VAR,center,False,
2025-03-20 22:00:00,26.0,1004.5,59,AWS-VAR-052,Varanasi,VAR,center,False,
2025-03-20 23:00:00,24.8,1004.0,67,AWS-VAR-052,Varanasi,VAR,center,False,
2025-03-21 00:00:00,24.4,1003.7,68,AWS-VAR-052,Varanasi,VAR,center,False,
2025-03-21 01:00:00,24.1,1003.2,68,AWS-VAR-052,Varanasi,VAR,center,False,
2025-03-21 02:00:00,23.7,1002.8,69,AWS-VAR-052,Varanasi,VAR,center,False,
2025-03-21 03:00:00,23.3,1002.9,71,AWS-VAR-052,Varanasi,VAR,center,False,
2025-03-21 04:00:00,23.0,1003.5,71,AWS-VAR-052,Varanasi,VAR,center,False,
2025-03-21 05:00:00,23.2,1003.5,69,AWS-VAR-052,Varanasi,VAR,center,False,
2025-03-21 06:00:00,23.3,1004.6,74,AWS-VAR-052,Varanasi,VAR,center,False,
2025-03-21 07:00:00,24.3,1005.3,70,AWS-VAR-052,Varanasi,VAR,center,False,
2025-03-21 08:00:00,26.7,1006.3,59,AWS-VAR-052,Varanasi,VAR,center,False,
2025-03-21 09:00:00,27.1,1006.4,57,AWS-VAR-052,Varanasi,VAR,center,False,
2025-03-21 10:00:00,30.6,1006.1,44,AWS-VAR-052,Varanasi,VAR,center,False,
2025-03-21 11:00:00,31.5,1004.8,38,AWS-VAR-052,Varanasi,VAR,center,False,
2025-03-21 12:00:00,33.4,1003.6,30,AWS-VAR-052,Varanasi,VAR,center,False,
2025-03-21 13:00:00,31.7,1002.8,35,AWS-VAR-052,Varanasi,VAR,center,False,
2025-03-21 14:00:00,32.5,1001.5,30,AWS-VAR-052,Varanasi,VAR,center,False,
2025-03-21 15:00:00,30.3,1001.3,40,AWS-VAR-052,Varanasi,VAR,center,False,
2025-03-21 16:00:00,30.2,1000.6,42,AWS-VAR-052,Varanasi,VAR,center,False,
2025-03-21 17:00:00,29.4,1000.9,45,AWS-VAR-052,Varanasi,VAR,center,False,
2025-03-21 18:00:00,30.0,1000.8,34,AWS-VAR-052,Varanasi,VAR,center,False,
2025-03-21 19:00:00,28.7,1001.4,39,AWS-VAR-052,Varanasi,VAR,center,False,
2025-03-21 20:00:00,27.7,1002.4,44,AWS-VAR-052,Varanasi,VAR,center,False,
2025-03-21 21:00:00,26.7,1002.7,48,AWS-VAR-052,Varanasi,VAR,center,False,
2025-03-21 22:00:00,25.2,1002.8,56,AWS-VAR-052,Varanasi,VAR,center,False,
2025-03-21 23:00:00,23.9,1002.5,64,AWS-VAR-052,Varanasi,VAR,center,False,
2025-03-22 00:00:00,22.9,1002.3,69,AWS-VAR-052,Varanasi,VAR,center,False,
2025-03-22 01:00:00,22.2,1002.0,72,AWS-VAR-052,Varanasi,VAR,center,False,
2025-03-22 02:00:00,21.6,1001.7,75,AWS-VAR-052,Varanasi,VAR,center,False,
2025-03-22 03:00:00,21.1,1001.7,77,AWS-VAR-052,Varanasi,VAR,center,False,
2025-03-22 04:00:00,20.6,1001.9,79,AWS-VAR-052,Varanasi,VAR,center,False,
2025-03-22 05:00:00,20.1,1002.4,82,AWS-VAR-052,Varanasi,VAR,center,False,
2025-03-22 06:00:00,19.7,1003.2,84,AWS-VAR-052,Varanasi,VAR,center,False,
2025-03-22 07:00:00,21.6,1004.4,74,AWS-VAR-052,Varanasi,VAR,center,False,
2025-03-22 08:00:00,24.6,1005.2,61,AWS-VAR-052,Varanasi,VAR,center,False,
2025-03-22 09:00:00,28.0,1005.4,42,AWS-VAR-052,Varanasi,VAR,center,False,
2025-03-22 10:00:00,30.7,1005.3,30,AWS-VAR-052,Varanasi,VAR,center,False,
2025-03-22 11:00:00,32.9,1004.6,21,AWS-VAR-052,Varanasi,VAR,center,False,
2025-03-22 12:00:00,34.2,1003.3,15,AWS-VAR-052,Varanasi,VAR,center,False,
2025-03-22 13:00:00,34.4,1002.1,14,AWS-VAR-052,Varanasi,VAR,center,False,
2025-03-22 14:00:00,34.5,1001.2,14,AWS-VAR-052,Varanasi,VAR,center,False,
2025-03-22 15:00:00,34.3,1001.0,14,AWS-VAR-052,Varanasi,VAR,center,False,
2025-03-22 16:00:00,33.5,1000.9,15,AWS-VAR-052,Varanasi,VAR,center,False,
2025-03-22 17:00:00,32.2,1001.3,14,AWS-VAR-052,Varanasi,VAR,center,False,
2025-03-22 18:00:00,29.2,1002.5,17,AWS-VAR-052,Varanasi,VAR,center,False,
2025-03-22 19:00:00,28.0,1003.3,24,AWS-VAR-052,Varanasi,VAR,center,False,
2025-03-22 20:00:00,26.9,1004.0,24,AWS-VAR-052,Varanasi,VAR,center,False,
2025-03-22 21:00:00,26.6,1004.2,24,AWS-VAR-052,Varanasi,VAR,center,False,
2025-03-22 22:00:00,25.2,1004.1,26,AWS-VAR-052,Varanasi,VAR,center,False,
2025-03-22 23:00:00,24.4,1004.7,27,AWS-VAR-052,Varanasi,VAR,center,False,
2025-03-23 00:00:00,24.0,1005.1,29,AWS-VAR-052,Varanasi,VAR,center,False,
2025-03-23 01:00:00,22.8,1003.9,36,AWS-VAR-052,Varanasi,VAR,center,False,
2025-03-23 02:00:00,22.5,1003.0,38,AWS-VAR-052,Varanasi,VAR,center,False,
2025-03-23 03:00:00,21.8,1002.6,41,AWS-VAR-052,Varanasi,VAR,center,False,
2025-03-23 04:00:00,21.7,1002.9,43,AWS-VAR-052,Varanasi,VAR,center,False,
2025-03-23 05:00:00,20.8,1003.6,46,AWS-VAR-052,Varanasi,VAR,center,False,
2025-03-23 06:00:00,21.7,1004.9,50,AWS-VAR-052,Varanasi,VAR,center,False,
2025-03-23 07:00:00,23.1,1006.2,46,AWS-VAR-052,Varanasi,VAR,center,False,
2025-03-23 08:00:00,25.9,1006.7,38,AWS-VAR-052,Varanasi,VAR,center,False,
2025-03-23 09:00:00,28.8,1006.8,28,AWS-VAR-052,Varanasi,VAR,center,False,
2025-03-23 10:00:00,31.1,1006.5,22,AWS-VAR-052,Varanasi,VAR,center,False,
2025-03-23 11:00:00,32.5,1005.6,18,AWS-VAR-052,Varanasi,VAR,center,False,
2025-03-23 12:00:00,33.4,1004.5,17,AWS-VAR-052,Varanasi,VAR,center,False,
2025-03-23 13:00:00,33.6,1003.1,16,AWS-VAR-052,Varanasi,VAR,center,False,
2025-03-23 14:00:00,33.6,1002.1,16,AWS-VAR-052,Varanasi,VAR,center,False,
2025-03-23 15:00:00,33.1,1001.7,17,AWS-VAR-052,Varanasi,VAR,center,False,
2025-03-23 16:00:00,32.5,1001.7,18,AWS-VAR-052,Varanasi,VAR,center,False,
2025-03-23 17:00:00,31.5,1002.0,19,AWS-VAR-052,Varanasi,VAR,center,False,
2025-03-23 18:00:00,29.3,1003.0,25,AWS-VAR-052,Varanasi,VAR,center,False,
2025-03-23 19:00:00,27.9,1003.6,29,AWS-VAR-052,Varanasi,VAR,center,False,
2025-03-23 20:00:00,26.5,1004.7,35,AWS-VAR-052,Varanasi,VAR,center,False,
2025-03-23 21:00:00,26.0,1004.9,35,AWS-VAR-052,Varanasi,VAR,center,False,
2025-03-23 22:00:00,25.3,1004.7,38,AWS-VAR-052,Varanasi,VAR,center,False,
2025-03-23 23:00:00,23.7,1004.7,45,AWS-VAR-052,Varanasi,VAR,center,False,
2025-03-24 00:00:00,22.8,1004.6,50,AWS-VAR-052,Varanasi,VAR,center,False,
2025-03-24 01:00:00,22.3,1004.1,52,AWS-VAR-052,Varanasi,VAR,center,False,
2025-03-24 02:00:00,21.7,1003.6,53,AWS-VAR-052,Varanasi,VAR,center,False,
2025-03-24 03:00:00,21.2,1003.5,53,AWS-VAR-052,Varanasi,VAR,center,False,
2025-03-24 04:00:00,20.4,1003.6,55,AWS-VAR-052,Varanasi,VAR,center,False,
2025-03-24 05:00:00,19.9,1004.4,58,AWS-VAR-052,Varanasi,VAR,center,False,
2025-03-24 06:00:00,20.7,1005.3,63,AWS-VAR-052,Varanasi,VAR,center,False,
2025-03-24 07:00:00,22.9,1006.4,55,AWS-VAR-052,Varanasi,VAR,center,False,
2025-03-24 08:00:00,26.5,1007.3,43,AWS-VAR-052,Varanasi,VAR,center,False,
2025-03-24 09:00:00,29.6,1007.3,34,AWS-VAR-052,Varanasi,VAR,center,False,
2025-03-24 10:00:00,31.9,1006.8,26,AWS-VAR-052,Varanasi,VAR,center,False,
2025-03-24 11:00:00,33.2,1005.8,21,AWS-VAR-052,Varanasi,VAR,center,False,
2025-03-24 12:00:00,34.1,1004.5,19,AWS-VAR-052,Varanasi,VAR,center,False,
2025-03-24 13:00:00,34.7,1003.0,18,AWS-VAR-052,Varanasi,VAR,center,False,
2025-03-24 14:00:00,34.8,1001.8,18,AWS-VAR-052,Varanasi,VAR,center,False,
2025-03-24 15:00:00,34.5,1001.1,19,AWS-VAR-052,Varanasi,VAR,center,False,
2025-03-24 16:00:00,33.7,1001.1,20,AWS-VAR-052,Varanasi,VAR,center,False,
2025-03-24 17:00:00,32.5,1001.2,21,AWS-VAR-052,Varanasi,VAR,center,False,
2025-03-24 18:00:00,30.6,1001.9,24,AWS-VAR-052,Varanasi,VAR,center,False,
2025-03-24 19:00:00,29.1,1002.7,29,AWS-VAR-052,Varanasi,VAR,center,False,
2025-03-24 20:00:00,28.1,1003.4,34,AWS-VAR-052,Varanasi,VAR,center,False,
2025-03-24 21:00:00,27.1,1004.0,37,AWS-VAR-052,Varanasi,VAR,center,False,
2025-03-24 22:00:00,26.4,1003.5,39,AWS-VAR-052,Varanasi,VAR,center,False,
2025-03-24 23:00:00,25.8,1002.9,41,AWS-VAR-052,Varanasi,VAR,center,False,
2025-03-25 00:00:00,24.5,1002.1,45,AWS-VAR-052,Varanasi,VAR,center,False,
2025-03-25 01:00:00,23.3,1001.8,49,AWS-VAR-052,Varanasi,VAR,center,False,
2025-03-25 02:00:00,22.4,1001.1,52,AWS-VAR-052,Varanasi,VAR,center,False,
2025-03-25 03:00:00,22.3,1000.6,51,AWS-VAR-052,Varanasi,VAR,center,False,
2025-03-25 04:00:00,21.8,1000.5,53,AWS-VAR-052,Varanasi,VAR,center,False,
2025-03-25 05:00:00,20.6,1000.7,58,AWS-VAR-052,Varanasi,VAR,center,False,
2025-03-25 06:00:00,21.0,1001.3,60,AWS-VAR-052,Varanasi,VAR,center,False,
2025-03-25 07:00:00,23.2,1002.1,53,AWS-VAR-052,Varanasi,VAR,center,False,
2025-03-25 08:00:00,26.8,1002.7,41,AWS-VAR-052,Varanasi,VAR,center,False,
2025-03-25 09:00:00,30.5,1002.8,31,AWS-VAR-052,Varanasi,VAR,center,False,
2025-03-25 10:00:00,32.9,1002.4,23,AWS-VAR-052,Varanasi,VAR,center,False,
2025-03-25 11:00:00,34.1,1001.4,19,AWS-VAR-052,Varanasi,VAR,center,False,
2025-03-25 12:00:00,34.9,1000.2,18,AWS-VAR-052,Varanasi,VAR,center,False,
2025-03-25 13:00:00,35.2,998.9,17,AWS-VAR-052,Varanasi,VAR,center,False,
2025-03-25 14:00:00,35.2,997.6,18,AWS-VAR-052,Varanasi,VAR,center,False,
2025-03-25 15:00:00,34.9,997.0,19,AWS-VAR-052,Varanasi,VAR,center,False,
2025-03-25 16:00:00,34.4,996.8,19,AWS-VAR-052,Varanasi,VAR,center,False,
2025-03-25 17:00:00,33.6,996.8,20,AWS-VAR-052,Varanasi,VAR,center,False,
2025-03-25 18:00:00,31.4,997.2,26,AWS-VAR-052,Varanasi,VAR,center,False,
2025-03-25 19:00:00,30.0,997.9,30,AWS-VAR-052,Varanasi,VAR,center,False,
2025-03-25 20:00:00,29.2,998.5,30,AWS-VAR-052,Varanasi,VAR,center,False,
2025-03-25 21:00:00,28.0,998.9,32,AWS-VAR-052,Varanasi,VAR,center,False,
2025-03-25 22:00:00,27.2,998.7,33,AWS-VAR-052,Varanasi,VAR,center,False,
2025-03-25 23:00:00,25.3,998.1,39,AWS-VAR-052,Varanasi,VAR,center,False,
2025-03-26 00:00:00,24.5,997.7,40,AWS-VAR-052,Varanasi,VAR,center,False,
2025-03-26 01:00:00,24.0,997.1,40,AWS-VAR-052,Varanasi,VAR,center,False,
2025-03-26 02:00:00,23.0,996.6,43,AWS-VAR-052,Varanasi,VAR,center,False,
2025-03-26 03:00:00,22.3,996.0,45,AWS-VAR-052,Varanasi,VAR,center,False,
2025-03-26 04:00:00,21.8,996.2,48,AWS-VAR-052,Varanasi,VAR,center,False,
2025-03-26 05:00:00,21.6,996.6,50,AWS-VAR-052,Varanasi,VAR,center,False,
2025-03-26 06:00:00,22.3,997.5,52,AWS-VAR-052,Varanasi,VAR,center,False,
2025-03-26 07:00:00,24.7,998.5,45,AWS-VAR-052,Varanasi,VAR,center,False,
2025-03-26 08:00:00,28.6,999.3,35,AWS-VAR-052,Varanasi,VAR,center,False,
2025-03-26 09:00:00,32.3,999.7,25,AWS-VAR-052,Varanasi,VAR,center,False,
2025-03-26 10:00:00,34.6,999.5,20,AWS-VAR-052,Varanasi,VAR,center,False,
2025-03-26 11:00:00,35.8,998.8,18,AWS-VAR-052,Varanasi,VAR,center,False,
2025-03-26 12:00:00,36.7,998.0,17,AWS-VAR-052,Varanasi,VAR,center,False,
2025-03-26 13:00:00,37.2,996.7,16,AWS-VAR-052,Varanasi,VAR,center,False,
2025-03-26 14:00:00,37.7,995.7,15,AWS-VAR-052,Varanasi,VAR,center,False,
2025-03-26 15:00:00,37.5,995.0,15,AWS-VAR-052,Varanasi,VAR,center,False,
2025-03-26 16:00:00,36.7,994.9,16,AWS-VAR-052,Varanasi,VAR,center,False,
2025-03-26 17:00:00,36.1,994.8,15,AWS-VAR-052,Varanasi,VAR,center,False,
2025-03-26 18:00:00,33.9,995.2,18,AWS-VAR-052,Varanasi,VAR,center,False,
2025-03-26 19:00:00,32.5,995.6,19,AWS-VAR-052,Varanasi,VAR,center,False,
2025-03-26 20:00:00,31.0,996.4,22,AWS-VAR-052,Varanasi,VAR,center,False,
2025-03-26 21:00:00,29.3,996.7,24,AWS-VAR-052,Varanasi,VAR,center,False,
2025-03-26 22:00:00,28.5,996.9,25,AWS-VAR-052,Varanasi,VAR,center,False,
2025-03-26 23:00:00,28.5,996.5,25,AWS-VAR-052,Varanasi,VAR,center,False,
2025-03-27 00:00:00,27.1,996.2,28,AWS-VAR-052,Varanasi,VAR,center,False,
2025-03-27 01:00:00,26.0,995.6,30,AWS-VAR-052,Varanasi,VAR,center,False,
2025-03-27 02:00:00,25.1,994.8,33,AWS-VAR-052,Varanasi,VAR,center,False,
2025-03-27 03:00:00,24.1,994.7,36,AWS-VAR-052,Varanasi,VAR,center,False,
2025-03-27 04:00:00,23.5,994.9,38,AWS-VAR-052,Varanasi,VAR,center,False,
2025-03-27 05:00:00,23.0,995.5,39,AWS-VAR-052,Varanasi,VAR,center,False,
2025-03-27 06:00:00,23.6,996.3,41,AWS-VAR-052,Varanasi,VAR,center,False,
2025-03-27 07:00:00,25.9,997.0,36,AWS-VAR-052,Varanasi,VAR,center,False,
2025-03-27 08:00:00,29.3,997.7,30,AWS-VAR-052,Varanasi,VAR,center,False,
2025-03-27 09:00:00,32.8,997.8,24,AWS-VAR-052,Varanasi,VAR,center,False,
2025-03-27 10:00:00,35.7,997.7,20,AWS-VAR-052,Varanasi,VAR,center,False,
2025-03-27 11:00:00,37.6,996.9,17,AWS-VAR-052,Varanasi,VAR,center,False,
2025-03-27 12:00:00,38.6,995.7,15,AWS-VAR-052,Varanasi,VAR,center,False,
2025-03-27 13:00:00,39.9,994.4,11,AWS-VAR-052,Varanasi,VAR,center,False,
2025-03-27 14:00:00,39.6,993.5,12,AWS-VAR-052,Varanasi,VAR,center,False,
2025-03-27 15:00:00,39.5,992.9,12,AWS-VAR-052,Varanasi,VAR,center,False,
2025-03-27 16:00:00,38.9,992.7,12,AWS-VAR-052,Varanasi,VAR,center,False,
2025-03-27 17:00:00,37.5,992.8,13,AWS-VAR-052,Varanasi,VAR,center,False,
2025-03-27 18:00:00,35.2,993.0,15,AWS-VAR-052,Varanasi,VAR,center,False,
2025-03-27 19:00:00,33.7,993.6,17,AWS-VAR-052,Varanasi,VAR,center,False,
2025-03-27 20:00:00,31.8,994.4,20,AWS-VAR-052,Varanasi,VAR,center,False,
2025-03-27 21:00:00,30.4,995.2,23,AWS-VAR-052,Varanasi,VAR,center,False,
2025-03-27 22:00:00,29.5,995.4,24,AWS-VAR-052,Varanasi,VAR,center,False,
2025-03-27 23:00:00,28.8,995.0,25,AWS-VAR-052,Varanasi,VAR,center,False,
2025-03-28 00:00:00,27.9,994.8,28,AWS-VAR-052,Varanasi,VAR,center,False,
2025-03-28 01:00:00,26.9,994.5,30,AWS-VAR-052,Varanasi,VAR,center,False,
2025-03-28 02:00:00,26.5,993.9,31,AWS-VAR-052,Varanasi,VAR,center,False,
2025-03-28 03:00:00,25.8,993.8,32,AWS-VAR-052,Varanasi,VAR,center,False,
2025-03-28 04:00:00,25.0,994.3,34,AWS-VAR-052,Varanasi,VAR,center,False,
2025-03-28 05:00:00,24.3,995.0,37,AWS-VAR-052,Varanasi,VAR,center,False,
2025-03-28 06:00:00,24.7,996.1,39,AWS-VAR-052,Varanasi,VAR,center,False,
2025-03-28 07:00:00,26.9,997.2,36,AWS-VAR-052,Varanasi,VAR,center,False,
2025-03-28 08:00:00,30.3,997.9,30,AWS-VAR-052,Varanasi,VAR,center,False,
2025-03-28 09:00:00,33.6,998.4,25,AWS-VAR-052,Varanasi,VAR,center,False,
2025-03-28 10:00:00,35.9,998.3,22,AWS-VAR-052,Varanasi,VAR,center,False,
2025-03-28 11:00:00,37.5,997.7,20,AWS-VAR-052,Varanasi,VAR,center,False,
2025-03-28 12:00:00,38.5,996.9,17,AWS-VAR-052,Varanasi,VAR,center,False,
2025-03-28 13:00:00,38.9,995.8,17,AWS-VAR-052,Varanasi,VAR,center,False,
2025-03-28 14:00:00,38.9,994.6,17,AWS-VAR-052,Varanasi,VAR,center,False,
2025-03-28 15:00:00,38.7,993.8,17,AWS-VAR-052,Varanasi,VAR,center,False,
2025-03-28 16:00:00,38.1,993.9,17,AWS-VAR-052,Varanasi,VAR,center,False,
2025-03-28 17:00:00,36.9,994.0,18,AWS-VAR-052,Varanasi,VAR,center,False,
2025-03-28 18:00:00,34.8,994.1,20,AWS-VAR-052,Varanasi,VAR,center,False,
2025-03-28 19:00:00,33.2,994.9,23,AWS-VAR-052,Varanasi,VAR,center,False,
2025-03-28 20:00:00,31.8,995.9,25,AWS-VAR-052,Varanasi,VAR,center,False,
2025-03-28 21:00:00,30.3,996.4,27,AWS-VAR-052,Varanasi,VAR,center,False,
2025-03-28 22:00:00,29.1,996.7,29,AWS-VAR-052,Varanasi,VAR,center,False,
2025-03-28 23:00:00,28.8,996.7,28,AWS-VAR-052,Varanasi,VAR,center,False,
2025-03-29 00:00:00,28.4,996.3,25,AWS-VAR-052,Varanasi,VAR,center,False,
2025-03-29 01:00:00,27.9,995.8,23,AWS-VAR-052,Varanasi,VAR,center,False,
2025-03-29 02:00:00,26.7,995.6,24,AWS-VAR-052,Varanasi,VAR,center,False,
2025-03-29 03:00:00,25.5,995.4,24,AWS-VAR-052,Varanasi,VAR,center,False,
2025-03-29 04:00:00,24.4,995.9,24,AWS-VAR-052,Varanasi,VAR,center,False,
2025-03-29 05:00:00,23.2,996.8,25,AWS-VAR-052,Varanasi,VAR,center,False,
2025-03-29 06:00:00,21.9,998.2,30,AWS-VAR-052,Varanasi,VAR,center,False,
2025-03-29 07:00:00,23.3,999.3,28,AWS-VAR-052,Varanasi,VAR,center,False,
2025-03-29 08:00:00,25.4,1000.3,25,AWS-VAR-052,Varanasi,VAR,center,False,
2025-03-29 09:00:00,27.6,1000.7,22,AWS-VAR-052,Varanasi,VAR,center,False,
2025-03-29 10:00:00,29.9,1000.5,18,AWS-VAR-052,Varanasi,VAR,center,False,
2025-03-29 11:00:00,31.7,999.8,15,AWS-VAR-052,Varanasi,VAR,center,False,
2025-03-29 12:00:00,33.2,998.7,12,AWS-VAR-052,Varanasi,VAR,center,False,
2025-03-29 13:00:00,34.1,997.7,11,AWS-VAR-052,Varanasi,VAR,center,False,
2025-03-29 14:00:00,34.6,996.7,10,AWS-VAR-052,Varanasi,VAR,center,False,
2025-03-29 15:00:00,34.5,996.1,10,AWS-VAR-052,Varanasi,VAR,center,False,
2025-03-29 16:00:00,33.9,995.9,11,AWS-VAR-052,Varanasi,VAR,center,False,
2025-03-29 17:00:00,32.6,996.0,12,AWS-VAR-052,Varanasi,VAR,center,False,
2025-03-29 18:00:00,30.3,996.5,15,AWS-VAR-052,Varanasi,VAR,center,False,
2025-03-29 19:00:00,29.1,997.2,16,AWS-VAR-052,Varanasi,VAR,center,False,
2025-03-29 20:00:00,28.4,998.3,15,AWS-VAR-052,Varanasi,VAR,center,False,
2025-03-29 21:00:00,27.4,999.1,16,AWS-VAR-052,Varanasi,VAR,center,False,
2025-03-29 22:00:00,26.4,999.5,17,AWS-VAR-052,Varanasi,VAR,center,False,
2025-03-29 23:00:00,25.2,999.4,19,AWS-VAR-052,Varanasi,VAR,center,False,
2025-03-30 00:00:00,24.0,999.0,21,AWS-VAR-052,Varanasi,VAR,center,False,
2025-03-30 01:00:00,23.0,998.1,23,AWS-VAR-052,Varanasi,VAR,center,False,
2025-03-30 02:00:00,22.1,997.7,25,AWS-VAR-052,Varanasi,VAR,center,False,
2025-03-30 03:00:00,21.3,997.7,27,AWS-VAR-052,Varanasi,VAR,center,False,
2025-03-30 04:00:00,20.6,998.1,29,AWS-VAR-052,Varanasi,VAR,center,False,
2025-03-30 05:00:00,19.9,998.8,31,AWS-VAR-052,Varanasi,VAR,center,False,
2025-03-30 06:00:00,19.9,1000.1,34,AWS-VAR-052,Varanasi,VAR,center,False,
2025-03-30 07:00:00,21.8,1001.0,31,AWS-VAR-052,Varanasi,VAR,center,False,
2025-03-30 08:00:00,24.8,1001.9,26,AWS-VAR-052,Varanasi,VAR,center,False,
2025-03-30 09:00:00,27.6,1002.4,22,AWS-VAR-052,Varanasi,VAR,center,False,
2025-03-30 10:00:00,30.1,1002.7,19,AWS-VAR-052,Varanasi,VAR,center,False,
2025-03-30 11:00:00,31.9,1002.3,15,AWS-VAR-052,Varanasi,VAR,center,False,
2025-03-30 12:00:00,33.2,1001.3,14,AWS-VAR-052,Varanasi,VAR,center,False,
2025-03-30 13:00:00,34.1,1000.4,13,AWS-VAR-052,Varanasi,VAR,center,False,
2025-03-30 14:00:00,34.6,999.0,12,AWS-VAR-052,Varanasi,VAR,center,False,
2025-03-30 15:00:00,34.8,998.3,11,AWS-VAR-052,Varanasi,VAR,center,False,
2025-03-30 16:00:00,34.4,998.0,11,AWS-VAR-052,Varanasi,VAR,center,False,
2025-03-30 17:00:00,33.4,997.9,11,AWS-VAR-052,Varanasi,VAR,center,False,
2025-03-30 18:00:00,30.5,998.0,17,AWS-VAR-052,Varanasi,VAR,center,False,
2025-03-30 19:00:00,28.7,998.7,20,AWS-VAR-052,Varanasi,VAR,center,False,
2025-03-30 20:00:00,28.1,999.6,21,AWS-VAR-052,Varanasi,VAR,center,False,
2025-03-30 21:00:00,27.0,1000.4,24,AWS-VAR-052,Varanasi,VAR,center,False,
2025-03-30 22:00:00,25.9,1000.5,24,AWS-VAR-052,Varanasi,VAR,center,False,
2025-03-30 23:00:00,24.9,1000.6,24,AWS-VAR-052,Varanasi,VAR,center,False,
2025-03-31 00:00:00,23.8,1000.1,25,AWS-VAR-052,Varanasi,VAR,center,False,
2025-03-31 01:00:00,22.9,999.4,27,AWS-VAR-052,Varanasi,VAR,center,False,
2025-03-31 02:00:00,22.0,999.0,29,AWS-VAR-052,Varanasi,VAR,center,False,
2025-03-31 03:00:00,21.1,999.0,32,AWS-VAR-052,Varanasi,VAR,center,False,
2025-03-31 04:00:00,20.4,999.1,35,AWS-VAR-052,Varanasi,VAR,center,False,
2025-03-31 05:00:00,19.8,999.7,38,AWS-VAR-052,Varanasi,VAR,center,False,
2025-03-31 06:00:00,20.1,1000.9,39,AWS-VAR-052,Varanasi,VAR,center,False,
2025-03-31 07:00:00,22.4,1001.8,36,AWS-VAR-052,Varanasi,VAR,center,False,
2025-03-31 08:00:00,26.0,1002.4,28,AWS-VAR-052,Varanasi,VAR,center,False,
2025-03-31 09:00:00,29.8,1002.6,21,AWS-VAR-052,Varanasi,VAR,center,False,
2025-03-31 10:00:00,32.5,1002.5,17,AWS-VAR-052,Varanasi,VAR,center,False,
2025-03-31 11:00:00,34.2,1001.7,14,AWS-VAR-052,Varanasi,VAR,center,False,
2025-03-31 12:00:00,35.4,1000.8,13,AWS-VAR-052,Varanasi,VAR,center,False,
2025-03-31 13:00:00,36.2,999.5,12,AWS-VAR-052,Varanasi,VAR,center,False,
2025-03-31 14:00:00,36.5,998.2,11,AWS-VAR-052,Varanasi,VAR,center,False,
2025-03-31 15:00:00,36.4,997.5,11,AWS-VAR-052,Varanasi,VAR,center,False,
2025-03-31 16:00:00,35.8,997.2,11,AWS-VAR-052,Varanasi,VAR,center,False,
2025-03-31 17:00:00,34.8,997.1,11,AWS-VAR-052,Varanasi,VAR,center,False,
2025-03-31 18:00:00,32.2,997.0,17,AWS-VAR-052,Varanasi,VAR,center,False,
2025-03-31 19:00:00,31.2,997.8,21,AWS-VAR-052,Varanasi,VAR,center,False,
2025-03-31 20:00:00,29.7,998.5,19,AWS-VAR-052,Varanasi,VAR,center,False,
2025-03-31 21:00:00,28.2,999.0,20,AWS-VAR-052,Varanasi,VAR,center,False,
2025-03-31 22:00:00,27.4,999.1,20,AWS-VAR-052,Varanasi,VAR,center,False,
2025-03-31 23:00:00,26.5,998.6,20,AWS-VAR-052,Varanasi,VAR,center,False,
