timestamp,temperature_c,pressure_hpa,humidity_pct,station_id,station_name,cluster_id,role,is_anomaly,fault_type
2025-01-01 00:00:00,15.0,1016.0,81.0,AWS-KOL-101,Howrah,KOL,neighbor,False,
2025-01-01 01:00:00,14.8,1015.5,81.0,AWS-KOL-101,Howrah,KOL,neighbor,False,
2025-01-01 02:00:00,14.2,1014.9,84.0,AWS-KOL-101,Howrah,KOL,neighbor,False,
2025-01-01 03:00:00,13.6,1014.7,87.0,AWS-KOL-101,Howrah,KOL,neighbor,False,
2025-01-01 04:00:00,13.0,1014.9,90.0,AWS-KOL-101,Howrah,KOL,neighbor,False,
2025-01-01 05:00:00,12.2,1015.2,92.0,AWS-KOL-101,Howrah,KOL,neighbor,False,
2025-01-01 06:00:00,13.1,1016.4,94.0,AWS-KOL-101,Howrah,KOL,neighbor,False,
2025-01-01 07:00:00,14.4,1017.0,90.0,AWS-KOL-101,Howrah,KOL,neighbor,False,
2025-01-01 08:00:00,16.2,1017.6,82.0,AWS-KOL-101,Howrah,KOL,neighbor,False,
2025-01-01 09:00:00,18.2,1017.7,75.0,AWS-KOL-101,Howrah,KOL,neighbor,False,
2025-01-01 10:00:00,20.1,1017.0,68.0,AWS-KOL-101,Howrah,KOL,neighbor,False,
2025-01-01 11:00:00,21.5,1015.8,62.0,AWS-KOL-101,Howrah,KOL,neighbor,False,
2025-01-01 12:00:00,22.4,1014.5,59.0,AWS-KOL-101,Howrah,KOL,neighbor,False,
2025-01-01 13:00:00,22.8,1013.3,57.0,AWS-KOL-101,Howrah,KOL,neighbor,False,
2025-01-01 14:00:00,22.8,1012.4,57.0,AWS-KOL-101,Howrah,KOL,neighbor,False,
2025-01-01 15:00:00,22.4,1012.1,57.0,AWS-KOL-101,Howrah,KOL,neighbor,False,
2025-01-01 16:00:00,21.0,1012.3,64.0,AWS-KOL-101,Howrah,KOL,neighbor,False,
2025-01-01 17:00:00,18.6,1012.6,75.0,AWS-KOL-101,Howrah,KOL,neighbor,False,
2025-01-01 18:00:00,17.7,1013.9,81.0,AWS-KOL-101,Howrah,KOL,neighbor,False,
2025-01-01 19:00:00,16.9,1014.5,84.0,AWS-KOL-101,Howrah,KOL,neighbor,False,
2025-01-01 20:00:00,16.2,1015.3,87.0,AWS-KOL-101,Howrah,KOL,neighbor,False,
2025-01-01 21:00:00,15.5,1015.7,88.0,AWS-KOL-101,Howrah,KOL,neighbor,False,
2025-01-01 22:00:00,14.6,1015.8,91.0,AWS-KOL-101,Howrah,KOL,neighbor,False,
2025-01-01 23:00:00,14.2,1015.7,92.0,AWS-KOL-101,Howrah,KOL,neighbor,False,
2025-01-02 00:00:00,14.3,1015.6,92.0,AWS-KOL-101,Howrah,KOL,neighbor,False,
2025-01-02 01:00:00,13.9,1015.1,92.0,AWS-KOL-101,Howrah,KOL,neighbor,False,
2025-01-02 02:00:00,13.3,1014.6,92.0,AWS-KOL-101,Howrah,KOL,neighbor,False,
2025-01-02 03:00:00,12.7,1014.3,92.0,AWS-KOL-101,Howrah,KOL,neighbor,False,
2025-01-02 04:00:00,12.2,1014.5,92.0,AWS-KOL-101,Howrah,KOL,neighbor,False,
2025-01-02 05:00:00,11.7,1015.0,93.0,AWS-KOL-101,Howrah,KOL,neighbor,False,
2025-01-02 06:00:00,11.7,1016.6,94.0,AWS-KOL-101,Howrah,KOL,neighbor,False,
2025-01-02 07:00:00,12.8,1017.6,89.0,AWS-KOL-101,Howrah,KOL,neighbor,False,
2025-01-02 08:00:00,14.7,1018.2,81.0,AWS-KOL-101,Howrah,KOL,neighbor,False,
2025-01-02 09:00:00,16.8,1018.2,74.0,AWS-KOL-101,Howrah,KOL,neighbor,False,
2025-01-02 10:00:00,18.8,1017.3,65.0,AWS-KOL-101,Howrah,KOL,neighbor,False,
2025-01-02 11:00:00,20.4,1016.4,59.0,AWS-KOL-101,Howrah,KOL,neighbor,False,
2025-01-02 12:00:00,21.4,1015.0,55.0,AWS-KOL-101,Howrah,KOL,neighbor,False,
2025-01-02 13:00:00,22.0,1013.9,53.0,AWS-KOL-101,Howrah,KOL,neighbor,False,
2025-01-02 14:00:00,22.1,1013.3,53.0,AWS-KOL-101,Howrah,KOL,neighbor,False,
2025-01-02 15:00:00,21.7,1013.0,54.0,AWS-KOL-101,Howrah,KOL,neighbor,False,
2025-01-02 16:00:00,20.0,1013.5,63.0,AWS-KOL-101,Howrah,KOL,neighbor,False,
2025-01-02 17:00:00,17.2,1013.8,74.0,AWS-KOL-101,Howrah,KOL,neighbor,False,
2025-01-02 18:00:00,16.5,1014.5,77.0,AWS-KOL-101,Howrah,KOL,neighbor,False,
2025-01-02 19:00:00,15.7,1015.4,80.0,AWS-KOL-101,Howrah,KOL,neighbor,False,
2025-01-02 20:00:00,14.6,1016.2,84.0,AWS-KOL-101,Howrah,KOL,neighbor,False,
2025-01-02 21:00:00,13.5,1016.5,87.0,AWS-KOL-101,Howrah,KOL,neighbor,False,
2025-01-02 22:00:00,13.0,1016.4,88.0,AWS-KOL-101,Howrah,KOL,neighbor,False,
2025-01-02 23:00:00,12.6,1016.1,89.0,AWS-KOL-101,Howrah,KOL,neighbor,False,
2025-01-03 00:00:00,12.7,1015.7,90.0,AWS-KOL-101,Howrah,KOL,neighbor,False,
2025-01-03 01:00:00,12.5,1015.5,88.0,AWS-KOL-101,Howrah,KOL,neighbor,False,
2025-01-03 02:00:00,12.4,1015.3,87.0,AWS-KOL-101,Howrah,KOL,neighbor,False,
2025-01-03 03:00:00,11.9,1014.9,87.0,AWS-KOL-101,Howrah,KOL,neighbor,False,
2025-01-03 04:00:00,11.1,1015.2,90.0,AWS-KOL-101,Howrah,KOL,neighbor,False,
2025-01-03 05:00:00,10.7,1016.0,91.0,AWS-KOL-101,Howrah,KOL,neighbor,False,
2025-01-03 06:00:00,10.7,1016.8,94.0,AWS-KOL-101,Howrah,KOL,neighbor,False,
2025-01-03 07:00:00,12.2,1017.5,89.0,AWS-KOL-101,Howrah,KOL,neighbor,False,
2025-01-03 08:00:00,14.2,1017.9,81.0,AWS-KOL-101,Howrah,KOL,neighbor,False,
2025-01-03 09:00:00,16.5,1018.0,72.0,AWS-KOL-101,Howrah,KOL,neighbor,False,
2025-01-03 10:00:00,18.7,1017.5,66.0,AWS-KOL-101,Howrah,KOL,neighbor,False,
2025-01-03 11:00:00,20.4,1016.5,61.0,AWS-KOL-101,Howrah,KOL,neighbor,False,
2025-01-03 12:00:00,21.4,1014.9,58.0,AWS-KOL-101,Howrah,KOL,neighbor,False,
2025-01-03 13:00:00,22.0,1013.7,58.0,AWS-KOL-101,Howrah,KOL,neighbor,False,
2025-01-03 14:00:00,22.2,1013.0,58.0,AWS-KOL-101,Howrah,KOL,neighbor,False,
2025-01-03 15:00:00,21.8,1012.7,60.0,AWS-KOL-101,Howrah,KOL,neighbor,False,
2025-01-03 16:00:00,20.3,1013.1,68.0,AWS-KOL-101,Howrah,KOL,neighbor,False,
2025-01-03 17:00:00,17.8,1013.5,79.0,AWS-KOL-101,Howrah,KOL,neighbor,False,
2025-01-03 18:00:00,16.7,1014.4,84.0,AWS-KOL-101,Howrah,KOL,neighbor,False,
2025-01-03 19:00:00,16.2,1014.9,85.0,AWS-KOL-101,Howrah,KOL,neighbor,False,
2025-01-03 20:00:00,15.8,1015.3,85.0,AWS-KOL-101,Howrah,KOL,neighbor,True,drift
2025-01-03 21:00:00,29.92666956187898,1015.4,88.0,AWS-KOL-101,Howrah,KOL,neighbor,True,drift
2025-01-03 22:00:00,69.85118763371817,1015.2,91.0,AWS-KOL-101,Howrah,KOL,neighbor,True,drift
2025-01-03 23:00:00,134.02573536924348,1014.7,92.0,AWS-KOL-101,Howrah,KOL,neighbor,True,drift
2025-01-04 00:00:00,221.48544709021735,1014.1,92.0,AWS-KOL-101,Howrah,KOL,neighbor,True,drift
2025-01-04 01:00:00,331.38073224614226,-0.0590139026896572,93.0,AWS-KOL-101,Howrah,KOL,neighbor,True,sensor_fail_low
2025-01-04 02:00:00,462.72356785036095,-0.050952041459871505,95.0,AWS-KOL-101,Howrah,KOL,neighbor,True,sensor_fail_low
2025-01-04 03:00:00,616.024367532968,0.07412862712355715,96.0,AWS-KOL-101,Howrah,KOL,neighbor,True,sensor_fail_low
2025-01-04 04:00:00,790.4597421112232,-0.07338628394409709,96.0,AWS-KOL-101,Howrah,KOL,neighbor,True,sensor_fail_low
2025-01-04 05:00:00,985.6538063799404,1013.7,97.0,AWS-KOL-101,Howrah,KOL,neighbor,True,drift
2025-01-04 06:00:00,1202.16637945424,1015.1,98.0,AWS-KOL-101,Howrah,KOL,neighbor,True,drift
2025-01-04 07:00:00,1440.5850654261117,1015.8,94.0,AWS-KOL-101,Howrah,KOL,neighbor,True,drift
2025-01-04 08:00:00,1699.219684989629,1016.4,86.0,AWS-KOL-101,Howrah,KOL,neighbor,True,drift
2025-01-04 09:00:00,1978.0982140109902,1016.7,79.0,AWS-KOL-101,Howrah,KOL,neighbor,True,drift
2025-01-04 10:00:00,2276.763732152479,1016.1,72.0,AWS-KOL-101,Howrah,KOL,neighbor,True,drift
2025-01-04 11:00:00,2594.9720735551828,1014.9,64.0,AWS-KOL-101,Howrah,KOL,neighbor,True,drift
2025-01-04 12:00:00,2931.489980453881,1013.8,59.0,AWS-KOL-101,Howrah,KOL,neighbor,True,drift
2025-01-04 13:00:00,3287.493626376363,1012.3,55.0,AWS-KOL-101,Howrah,KOL,neighbor,True,drift
2025-01-04 14:00:00,3662.067416926944,1011.5,53.0,AWS-KOL-101,Howrah,KOL,neighbor,True,drift
2025-01-04 15:00:00,4055.7030030335495,1011.3,55.0,AWS-KOL-101,Howrah,KOL,neighbor,True,drift
2025-01-04 16:00:00,4467.498459526472,1011.7,65.0,AWS-KOL-101,Howrah,KOL,neighbor,True,drift
2025-01-04 17:00:00,19.2,1012.3,78.0,AWS-KOL-101,Howrah,KOL,neighbor,False,
2025-01-04 18:00:00,19.0,1013.0,81.0,AWS-KOL-101,Howrah,KOL,neighbor,False,
2025-01-04 19:00:00,18.3,1013.7,83.0,AWS-KOL-101,Howrah,KOL,neighbor,False,
2025-01-04 20:00:00,17.6,1014.2,85.0,AWS-KOL-101,Howrah,KOL,neighbor,False,
2025-01-04 21:00:00,17.3,1014.7,84.0,AWS-KOL-101,Howrah,KOL,neighbor,False,
2025-01-04 22:00:00,16.8,1014.6,86.0,AWS-KOL-101,Howrah,KOL,neighbor,False,
2025-01-04 23:00:00,,1014.2,90.0,AWS-KOL-101,Howrah,KOL,neighbor,True,dropout
2025-01-05 00:00:00,14.7,1013.8,93.0,AWS-KOL-101,Howrah,KOL,neighbor,False,
2025-01-05 01:00:00,14.0,1013.5,95.0,AWS-KOL-101,Howrah,KOL,neighbor,False,
2025-01-05 02:00:00,13.6,1013.2,97.0,AWS-KOL-101,Howrah,KOL,neighbor,False,
2025-01-05 03:00:00,13.4,1012.9,97.0,AWS-KOL-101,Howrah,KOL,neighbor,False,
2025-01-05 04:00:00,13.5,1013.0,97.0,AWS-KOL-101,Howrah,KOL,neighbor,False,
2025-01-05 05:00:00,13.5,1013.7,97.0,AWS-KOL-101,Howrah,KOL,neighbor,False,
2025-01-05 06:00:00,12.9,1014.9,100.0,AWS-KOL-101,Howrah,KOL,neighbor,False,
2025-01-05 07:00:00,15.0,1016.0,97.0,AWS-KOL-101,Howrah,KOL,neighbor,False,
2025-01-05 08:00:00,17.4,1016.8,89.0,AWS-KOL-101,Howrah,KOL,neighbor,False,
2025-01-05 09:00:00,19.7,1017.1,80.0,AWS-KOL-101,Howrah,KOL,neighbor,False,
2025-01-05 10:00:00,21.8,1016.6,74.0,AWS-KOL-101,Howrah,KOL,neighbor,False,
2025-01-05 11:00:00,23.7,1015.4,65.0,AWS-KOL-101,Howrah,KOL,neighbor,False,
2025-01-05 12:00:00,24.3,1014.1,60.0,AWS-KOL-101,Howrah,KOL,neighbor,True,drift
2025-01-05 13:00:00,24.9,1013.2,66.7282395142691,AWS-KOL-101,Howrah,KOL,neighbor,True,drift
2025-01-05 14:00:00,24.9,1012.4,74.45647902853821,AWS-KOL-101,Howrah,KOL,neighbor,True,drift
2025-01-05 15:00:00,24.5,1012.1,87.18471854280733,AWS-KOL-101,Howrah,KOL,neighbor,True,drift
2025-01-05 16:00:00,23.2,1012.3,100.0,AWS-KOL-101,Howrah,KOL,neighbor,True,drift
2025-01-05 17:00:00,21.3,1012.7,100.0,AWS-KOL-101,Howrah,KOL,neighbor,True,drift
2025-01-05 18:00:00,19.8,1013.7,100.0,AWS-KOL-101,Howrah,KOL,neighbor,True,drift
2025-01-05 19:00:00,18.7,1014.4,100.0,AWS-KOL-101,Howrah,KOL,neighbor,True,drift
2025-01-05 20:00:00,18.4,1014.8,100.0,AWS-KOL-101,Howrah,KOL,neighbor,True,drift
2025-01-05 21:00:00,17.9,1015.0,100.0,AWS-KOL-101,Howrah,KOL,neighbor,True,drift
2025-01-05 22:00:00,16.9,1014.6,100.0,AWS-KOL-101,Howrah,KOL,neighbor,True,drift
2025-01-05 23:00:00,16.5,1014.3,100.0,AWS-KOL-101,Howrah,KOL,neighbor,True,drift
2025-01-06 00:00:00,16.2,1013.7,100.0,AWS-KOL-101,Howrah,KOL,neighbor,True,drift
2025-01-06 01:00:00,15.5,1013.4,100.0,AWS-KOL-101,Howrah,KOL,neighbor,True,drift
2025-01-06 02:00:00,14.7,1012.9,100.0,AWS-KOL-101,Howrah,KOL,neighbor,True,drift
2025-01-06 03:00:00,13.7,1012.9,100.0,AWS-KOL-101,Howrah,KOL,neighbor,True,drift
2025-01-06 04:00:00,12.9,1012.9,100.0,AWS-KOL-101,Howrah,KOL,neighbor,True,drift
2025-01-06 05:00:00,12.4,1032.1920986214477,100.0,AWS-KOL-101,Howrah,KOL,neighbor,True,drift
2025-01-06 06:00:00,12.9,1022.2956601183133,100.0,AWS-KOL-101,Howrah,KOL,neighbor,True,drift
2025-01-06 07:00:00,13.7,1018.8003299311216,100.0,AWS-KOL-101,Howrah,KOL,neighbor,True,drift
2025-01-06 08:00:00,15.9,1017.4999865089054,100.0,AWS-KOL-101,Howrah,KOL,neighbor,True,drift
2025-01-06 09:00:00,19.6,1016.2,100.0,AWS-KOL-101,Howrah,KOL,neighbor,True,drift
2025-01-06 10:00:00,22.4,1015.6,100.0,AWS-KOL-101,Howrah,KOL,neighbor,True,drift
2025-01-06 11:00:00,23.7,1014.5,100.0,AWS-KOL-101,Howrah,KOL,neighbor,True,drift
2025-01-06 12:00:00,24.3,1013.3,100.0,AWS-KOL-101,Howrah,KOL,neighbor,True,drift
2025-01-06 13:00:00,24.6,1012.2,100.0,AWS-KOL-101,Howrah,KOL,neighbor,True,drift
2025-01-06 14:00:00,24.6,1011.5,100.0,AWS-KOL-101,Howrah,KOL,neighbor,True,drift
2025-01-06 15:00:00,24.2,1011.3,100.0,AWS-KOL-101,Howrah,KOL,neighbor,True,drift
2025-01-06 16:00:00,22.9,1011.4,100.0,AWS-KOL-101,Howrah,KOL,neighbor,True,drift
2025-01-06 17:00:00,20.9,1011.6,100.0,AWS-KOL-101,Howrah,KOL,neighbor,True,drift
2025-01-06 18:00:00,19.9,1012.2,100.0,AWS-KOL-101,Howrah,KOL,neighbor,True,drift
2025-01-06 19:00:00,18.8,1012.9,100.0,AWS-KOL-101,Howrah,KOL,neighbor,True,drift
2025-01-06 20:00:00,18.4,1013.1,100.0,AWS-KOL-101,Howrah,KOL,neighbor,True,drift
2025-01-06 21:00:00,18.1,1013.4,100.0,AWS-KOL-101,Howrah,KOL,neighbor,True,drift
2025-01-06 22:00:00,16.6,1013.5,100.0,AWS-KOL-101,Howrah,KOL,neighbor,True,drift
2025-01-06 23:00:00,16.2,1013.3,100.0,AWS-KOL-101,Howrah,KOL,neighbor,True,drift
2025-01-07 00:00:00,15.4,1012.9,100.0,AWS-KOL-101,Howrah,KOL,neighbor,True,drift
2025-01-07 01:00:00,15.2,1012.5,100.0,AWS-KOL-101,Howrah,KOL,neighbor,True,drift
2025-01-07 02:00:00,15.0,1012.3,100.0,AWS-KOL-101,Howrah,KOL,neighbor,True,drift
2025-01-07 03:00:00,14.8,1012.1,100.0,AWS-KOL-101,Howrah,KOL,neighbor,True,drift
2025-01-07 04:00:00,14.5,1012.1,100.0,AWS-KOL-101,Howrah,KOL,neighbor,True,drift
2025-01-07 05:00:00,14.3,1012.7,100.0,AWS-KOL-101,Howrah,KOL,neighbor,True,drift
2025-01-07 06:00:00,14.6,1013.7,100.0,AWS-KOL-101,Howrah,KOL,neighbor,True,drift
2025-01-07 07:00:00,16.7,1014.5,100.0,AWS-KOL-101,Howrah,KOL,neighbor,True,drift
2025-01-07 08:00:00,18.9,1015.1,100.0,AWS-KOL-101,Howrah,KOL,neighbor,True,drift
2025-01-07 09:00:00,21.3,1015.3,100.0,AWS-KOL-101,Howrah,KOL,neighbor,True,drift
2025-01-07 10:00:00,23.5,1014.5,100.0,AWS-KOL-101,Howrah,KOL,neighbor,True,drift
2025-01-07 11:00:00,25.1,1013.3,100.0,AWS-KOL-101,Howrah,KOL,neighbor,True,drift
2025-01-07 12:00:00,26.0,1011.9,100.0,AWS-KOL-101,Howrah,KOL,neighbor,True,drift
2025-01-07 13:00:00,26.5,1010.8,50.0,AWS-KOL-101,Howrah,KOL,neighbor,False,
2025-01-07 14:00:00,26.3,1010.0,49.0,AWS-KOL-101,Howrah,KOL,neighbor,False,
2025-01-07 15:00:00,25.8,1009.7,49.0,AWS-KOL-101,Howrah,KOL,neighbor,False,
2025-01-07 16:00:00,24.5,1009.9,65.0,AWS-KOL-101,Howrah,KOL,neighbor,False,
2025-01-07 17:00:00,22.4,1010.3,65.0,AWS-KOL-101,Howrah,KOL,neighbor,False,
2025-01-07 18:00:00,21.4,1010.6,72.0,AWS-KOL-101,Howrah,KOL,neighbor,False,
2025-01-07 19:00:00,20.5,1011.4,76.0,AWS-KOL-101,Howrah,KOL,neighbor,False,
2025-01-07 20:00:00,73.57371096959946,1011.8,79.0,AWS-KOL-101,Howrah,KOL,neighbor,True,spike
2025-01-07 21:00:00,18.3,1012.3,85.0,AWS-KOL-101,Howrah,KOL,neighbor,False,
2025-01-07 22:00:00,17.3,1012.7,89.0,AWS-KOL-101,Howrah,KOL,neighbor,False,
2025-01-07 23:00:00,17.7,1013.0,82.0,AWS-KOL-101,Howrah,KOL,neighbor,False,
2025-01-08 00:00:00,17.6,1013.0,79.0,AWS-KOL-101,Howrah,KOL,neighbor,False,
2025-01-08 01:00:00,17.0,1012.7,81.0,AWS-KOL-101,Howrah,KOL,neighbor,False,
2025-01-08 02:00:00,16.5,1012.4,83.0,AWS-KOL-101,Howrah,KOL,neighbor,False,
2025-01-08 03:00:00,16.4,1012.1,84.0,AWS-KOL-101,Howrah,KOL,neighbor,False,
2025-01-08 04:00:00,16.1,1012.4,85.0,AWS-KOL-101,Howrah,KOL,neighbor,False,
2025-01-08 05:00:00,15.0,1013.1,89.0,AWS-KOL-101,Howrah,KOL,neighbor,False,
2025-01-08 06:00:00,15.0,1013.8,92.0,AWS-KOL-101,Howrah,KOL,neighbor,False,
2025-01-08 07:00:00,16.0,1015.2,86.0,AWS-KOL-101,Howrah,KOL,neighbor,False,
2025-01-08 08:00:00,17.7,1016.4,76.0,AWS-KOL-101,Howrah,KOL,neighbor,False,
2025-01-08 09:00:00,19.2,1016.8,69.0,AWS-KOL-101,Howrah,KOL,neighbor,False,
2025-01-08 10:00:00,20.5,1016.3,65.0,AWS-KOL-101,Howrah,KOL,neighbor,False,
2025-01-08 11:00:00,21.5,1015.3,63.0,AWS-KOL-101,Howrah,KOL,neighbor,False,
2025-01-08 12:00:00,22.4,1014.3,59.0,AWS-KOL-101,Howrah,KOL,neighbor,False,
2025-01-08 13:00:00,22.8,1013.3,56.0,AWS-KOL-101,Howrah,KOL,neighbor,False,
2025-01-08 14:00:00,22.8,1012.7,55.0,AWS-KOL-101,Howrah,KOL,neighbor,False,
2025-01-08 15:00:00,22.3,1012.6,55.0,AWS-KOL-101,Howrah,KOL,neighbor,False,
2025-01-08 16:00:00,21.0,1012.9,62.0,AWS-KOL-101,Howrah,KOL,neighbor,False,
2025-01-08 17:00:00,18.4,1013.3,74.0,AWS-KOL-101,Howrah,KOL,neighbor,False,
2025-01-08 18:00:00,17.6,1014.6,80.0,AWS-KOL-101,Howrah,KOL,neighbor,False,
2025-01-08 19:00:00,17.2,1015.5,81.0,AWS-KOL-101,Howrah,KOL,neighbor,False,
2025-01-08 20:00:00,16.3,1016.1,85.0,AWS-KOL-101,Howrah,KOL,neighbor,False,
2025-01-08 21:00:00,15.9,1016.7,88.0,AWS-KOL-101,Howrah,KOL,neighbor,False,
2025-01-08 22:00:00,15.1,1016.8,90.0,AWS-KOL-101,Howrah,KOL,neighbor,False,
2025-01-08 23:00:00,14.5,1016.5,91.0,AWS-KOL-101,Howrah,KOL,neighbor,False,
2025-01-09 00:00:00,14.0,1016.0,92.0,AWS-KOL-101,Howrah,KOL,neighbor,False,
2025-01-09 01:00:00,13.6,1015.6,93.0,AWS-KOL-101,Howrah,KOL,neighbor,False,
2025-01-09 02:00:00,13.3,1015.4,94.0,AWS-KOL-101,Howrah,KOL,neighbor,False,
2025-01-09 03:00:00,13.2,1015.5,94.0,AWS-KOL-101,Howrah,KOL,neighbor,False,
2025-01-09 04:00:00,13.1,1015.6,94.0,AWS-KOL-101,Howrah,KOL,neighbor,False,
2025-01-09 05:00:00,650.0459542087935,852.2833078065576,41.56420323177893,AWS-KOL-101,Howrah,KOL,neighbor,True,unstructured_anomaly
2025-01-09 06:00:00,645.2266318020578,891.1577618671246,44.10594739005654,AWS-KOL-101,Howrah,KOL,neighbor,True,unstructured_anomaly
2025-01-09 07:00:00,732.0709268840858,875.3416680870957,39.61749838918576,AWS-KOL-101,Howrah,KOL,neighbor,True,unstructured_anomaly
2025-01-09 08:00:00,654.759019578523,859.3249426973401,27.271619369144993,AWS-KOL-101,Howrah,KOL,neighbor,True,unstructured_anomaly
2025-01-09 09:00:00,624.6793789854773,881.790542720011,100.0,AWS-KOL-101,Howrah,KOL,neighbor,True,unstructured_anomaly
2025-01-09 10:00:00,810.0281383879787,872.7964066827558,100.0,AWS-KOL-101,Howrah,KOL,neighbor,True,unstructured_anomaly
2025-01-09 11:00:00,781.5467408403549,855.480614455695,100.0,AWS-KOL-101,Howrah,KOL,neighbor,True,unstructured_anomaly
2025-01-09 12:00:00,735.679858015257,888.6341706282105,0.6991904302590299,AWS-KOL-101,Howrah,KOL,neighbor,True,unstructured_anomaly
2025-01-09 13:00:00,22.6,1015.3,53.0,AWS-KOL-101,Howrah,KOL,neighbor,False,
2025-01-09 14:00:00,22.7,1014.8,53.0,AWS-KOL-101,Howrah,KOL,neighbor,False,
2025-01-09 15:00:00,22.1,1014.7,56.0,AWS-KOL-101,Howrah,KOL,neighbor,False,
2025-01-09 16:00:00,20.8,1015.0,63.0,AWS-KOL-101,Howrah,KOL,neighbor,False,
2025-01-09 17:00:00,18.2,1015.3,75.0,AWS-KOL-101,Howrah,KOL,neighbor,False,
2025-01-09 18:00:00,17.6,1015.8,79.0,AWS-KOL-101,Howrah,KOL,neighbor,False,
2025-01-09 19:00:00,16.6,1016.7,82.0,AWS-KOL-101,Howrah,KOL,neighbor,False,
2025-01-09 20:00:00,16.2,1017.5,81.0,AWS-KOL-101,Howrah,KOL,neighbor,False,
2025-01-09 21:00:00,15.8,1018.3,82.0,AWS-KOL-101,Howrah,KOL,neighbor,False,
2025-01-09 22:00:00,15.2,1018.6,84.0,AWS-KOL-101,Howrah,KOL,neighbor,False,
2025-01-09 23:00:00,14.7,1018.5,86.0,AWS-KOL-101,Howrah,KOL,neighbor,False,
2025-01-10 00:00:00,13.8,1018.2,89.0,AWS-KOL-101,Howrah,KOL,neighbor,False,
2025-01-10 01:00:00,13.4,1017.7,91.0,AWS-KOL-101,Howrah,KOL,neighbor,False,
2025-01-10 02:00:00,13.7,1017.7,91.0,AWS-KOL-101,Howrah,KOL,neighbor,False,
2025-01-10 03:00:00,13.4,1017.7,90.0,AWS-KOL-101,Howrah,KOL,neighbor,False,
2025-01-10 04:00:00,12.9,1018.0,89.0,AWS-KOL-101,Howrah,KOL,neighbor,False,
2025-01-10 05:00:00,12.4,1018.5,91.0,AWS-KOL-101,Howrah,KOL,neighbor,False,
2025-01-10 06:00:00,-31.31884028579699,1019.3,91.0,AWS-KOL-101,Howrah,KOL,neighbor,True,spike
2025-01-10 07:00:00,13.6,1020.3,85.0,AWS-KOL-101,Howrah,KOL,neighbor,False,
2025-01-10 08:00:00,15.8,1021.1,75.0,AWS-KOL-101,Howrah,KOL,neighbor,False,
2025-01-10 09:00:00,18.4,1021.5,64.0,AWS-KOL-101,Howrah,KOL,neighbor,False,
2025-01-10 10:00:00,20.4,1020.7,56.0,AWS-KOL-101,Howrah,KOL,neighbor,False,
2025-01-10 11:00:00,21.7,1019.2,51.0,AWS-KOL-101,Howrah,KOL,neighbor,False,
2025-01-10 12:00:00,22.5,1017.9,49.0,AWS-KOL-101,Howrah,KOL,neighbor,False,
2025-01-10 13:00:00,22.9,1016.9,49.0,AWS-KOL-101,Howrah,KOL,neighbor,False,
2025-01-10 14:00:00,22.8,1016.4,49.0,AWS-KOL-101,Howrah,KOL,neighbor,False,
2025-01-10 15:00:00,22.2,1016.3,50.0,AWS-KOL-101,Howrah,KOL,neighbor,False,
2025-01-10 16:00:00,20.7,1016.6,59.0,AWS-KOL-101,Howrah,KOL,neighbor,False,
2025-01-10 17:00:00,18.1,1016.9,70.0,AWS-KOL-101,Howrah,KOL,neighbor,False,
2025-01-10 18:00:00,17.9,1016.7,72.0,AWS-KOL-101,Howrah,KOL,neighbor,False,
2025-01-10 19:00:00,17.1,1017.2,74.0,AWS-KOL-101,Howrah,KOL,neighbor,False,
2025-01-10 20:00:00,16.5,1017.9,77.0,AWS-KOL-101,Howrah,KOL,neighbor,False,
2025-01-10 21:00:00,15.7,1018.3,80.0,AWS-KOL-101,Howrah,KOL,neighbor,False,
2025-01-10 22:00:00,14.5,1018.3,86.0,AWS-KOL-101,Howrah,KOL,neighbor,False,
2025-01-10 23:00:00,13.3,1018.1,89.0,AWS-KOL-101,Howrah,KOL,neighbor,False,
2025-01-11 00:00:00,12.5,1017.5,91.0,AWS-KOL-101,Howrah,KOL,neighbor,False,
2025-01-11 01:00:00,12.2,1017.3,91.0,AWS-KOL-101,Howrah,KOL,neighbor,False,
2025-01-11 02:00:00,11.7,1017.2,91.0,AWS-KOL-101,Howrah,KOL,neighbor,False,
2025-01-11 03:00:00,11.0,1017.3,92.0,AWS-KOL-101,Howrah,KOL,neighbor,False,
2025-01-11 04:00:00,10.8,1017.6,92.0,AWS-KOL-101,Howrah,KOL,neighbor,False,
2025-01-11 05:00:00,10.3,1018.2,93.0,AWS-KOL-101,Howrah,KOL,neighbor,False,
2025-01-11 06:00:00,10.7,1018.9,94.0,AWS-KOL-101,Howrah,KOL,neighbor,False,
2025-01-11 07:00:00,13.1,1020.0,88.0,AWS-KOL-101,Howrah,KOL,neighbor,False,
2025-01-11 08:00:00,16.0,1020.9,79.0,AWS-KOL-101,Howrah,KOL,neighbor,False,
2025-01-11 09:00:00,19.0,1021.3,71.0,AWS-KOL-101,Howrah,KOL,neighbor,False,
2025-01-11 10:00:00,21.3,1020.4,62.0,AWS-KOL-101,Howrah,KOL,neighbor,False,
2025-01-11 11:00:00,22.6,1018.9,55.0,AWS-KOL-101,Howrah,KOL,neighbor,False,
2025-01-11 12:00:00,23.5,1017.5,52.0,AWS-KOL-101,Howrah,KOL,neighbor,False,
2025-01-11 13:00:00,24.0,1016.4,52.0,AWS-KOL-101,Howrah,KOL,neighbor,False,
2025-01-11 14:00:00,24.1,1015.6,53.0,AWS-KOL-101,Howrah,KOL,neighbor,False,
2025-01-11 15:00:00,23.6,1015.3,55.0,AWS-KOL-101,Howrah,KOL,neighbor,False,
2025-01-11 16:00:00,22.2,1015.4,63.0,AWS-KOL-101,Howrah,KOL,neighbor,False,
2025-01-11 17:00:00,19.7,1015.6,75.0,AWS-KOL-101,Howrah,KOL,neighbor,False,
2025-01-11 18:00:00,18.7,1015.9,78.0,AWS-KOL-101,Howrah,KOL,neighbor,False,
2025-01-11 19:00:00,17.3,1016.5,84.0,AWS-KOL-101,Howrah,KOL,neighbor,False,
2025-01-11 20:00:00,16.6,1017.3,85.0,AWS-KOL-101,Howrah,KOL,neighbor,False,
2025-01-11 21:00:00,16.3,1017.5,86.0,AWS-KOL-101,Howrah,KOL,neighbor,False,
2025-01-11 22:00:00,16.2,1017.9,85.0,AWS-KOL-101,Howrah,KOL,neighbor,True,frozen_value
2025-01-11 23:00:00,15.7,1017.7,84.99163403906003,AWS-KOL-101,Howrah,KOL,neighbor,True,frozen_value
2025-01-12 00:00:00,14.9,1017.2,85.00177768842312,AWS-KOL-101,Howrah,KOL,neighbor,True,frozen_value
2025-01-12 01:00:00,14.4,1017.0,84.95402786706512,AWS-KOL-101,Howrah,KOL,neighbor,True,frozen_value
2025-01-12 02:00:00,13.9,1016.6,84.97095143395504,AWS-KOL-101,Howrah,KOL,neighbor,True,frozen_value
2025-01-12 03:00:00,13.7,1016.2,85.07137878605904,AWS-KOL-101,Howrah,KOL,neighbor,True,frozen_value
2025-01-12 04:00:00,13.2,1016.5,85.1063261297129,AWS-KOL-101,Howrah,KOL,neighbor,True,frozen_value
2025-01-12 05:00:00,12.7,1017.0,85.1171328058982,AWS-KOL-101,Howrah,KOL,neighbor,True,frozen_value
2025-01-12 06:00:00,11.8,1044.9762387315172,85.09585234286564,AWS-KOL-101,Howrah,KOL,neighbor,True,frozen_value
2025-01-12 07:00:00,14.1,1018.9,92.0,AWS-KOL-101,Howrah,KOL,neighbor,False,
2025-01-12 08:00:00,17.4,1019.4,81.0,AWS-KOL-101,Howrah,KOL,neighbor,False,
2025-01-12 09:00:00,20.5,1019.7,70.0,AWS-KOL-101,Howrah,KOL,neighbor,False,
2025-01-12 10:00:00,22.7,1019.0,59.0,AWS-KOL-101,Howrah,KOL,neighbor,False,
2025-01-12 11:00:00,24.1,1017.5,53.0,AWS-KOL-101,Howrah,KOL,neighbor,False,
2025-01-12 12:00:00,25.0,1016.0,49.0,AWS-KOL-101,Howrah,KOL,neighbor,False,
2025-01-12 13:00:00,25.4,1015.1,47.0,AWS-KOL-101,Howrah,KOL,neighbor,False,
2025-01-12 14:00:00,25.3,1014.2,47.0,AWS-KOL-101,Howrah,KOL,neighbor,False,
2025-01-12 15:00:00,24.8,1013.9,49.0,AWS-KOL-101,Howrah,KOL,neighbor,False,
2025-01-12 16:00:00,23.2,1013.9,60.0,AWS-KOL-101,Howrah,KOL,neighbor,False,
2025-01-12 17:00:00,20.4,1014.3,72.0,AWS-KOL-101,Howrah,KOL,neighbor,False,
2025-01-12 18:00:00,19.3,1014.6,80.0,AWS-KOL-101,Howrah,KOL,neighbor,False,
2025-01-12 19:00:00,18.3,1015.4,82.0,AWS-KOL-101,Howrah,KOL,neighbor,False,
2025-01-12 20:00:00,17.8,1015.8,83.0,AWS-KOL-101,Howrah,KOL,neighbor,False,
2025-01-12 21:00:00,16.9,1016.2,85.0,AWS-KOL-101,Howrah,KOL,neighbor,False,
2025-01-12 22:00:00,16.3,1016.2,87.0,AWS-KOL-101,Howrah,KOL,neighbor,False,
2025-01-12 23:00:00,15.9,1015.6,87.0,AWS-KOL-101,Howrah,KOL,neighbor,False,
2025-01-13 00:00:00,15.5,1015.1,89.0,AWS-KOL-101,Howrah,KOL,neighbor,False,
2025-01-13 01:00:00,14.5,1014.7,95.0,AWS-KOL-101,Howrah,KOL,neighbor,False,
2025-01-13 02:00:00,13.8,1014.4,98.0,AWS-KOL-101,Howrah,KOL,neighbor,False,
2025-01-13 03:00:00,13.1,1014.3,100.0,AWS-KOL-101,Howrah,KOL,neighbor,False,
2025-01-13 04:00:00,12.8,1014.5,0.018070087430065454,AWS-KOL-101,Howrah,KOL,neighbor,True,sensor_fail_low
2025-01-13 05:00:00,12.8,1014.9,0.021088045208720485,AWS-KOL-101,Howrah,KOL,neighbor,True,sensor_fail_low
2025-01-13 06:00:00,13.0,1015.4,0.05241528367233925,AWS-KOL-101,Howrah,KOL,neighbor,True,sensor_fail_low
2025-01-13 07:00:00,12.999229515456692,1016.2,-0.008851529899659372,AWS-KOL-101,Howrah,KOL,neighbor,True,sensor_fail_low
2025-01-13 08:00:00,13.003416235215774,1016.7,79.0,AWS-KOL-101,Howrah,KOL,neighbor,True,frozen_value
2025-01-13 09:00:00,13.157548674955924,1016.8,67.0,AWS-KOL-101,Howrah,KOL,neighbor,True,frozen_value
2025-01-13 10:00:00,13.257697609410437,1016.3,56.0,AWS-KOL-101,Howrah,KOL,neighbor,True,frozen_value
2025-01-13 11:00:00,13.3,1015.2,49.0,AWS-KOL-101,Howrah,KOL,neighbor,True,frozen_value
2025-01-13 12:00:00,13.3,1013.7,45.0,AWS-KOL-101,Howrah,KOL,neighbor,True,frozen_value
2025-01-13 13:00:00,13.28542622180328,1012.6,43.0,AWS-KOL-101,Howrah,KOL,neighbor,True,frozen_value
2025-01-13 14:00:00,13.3,1012.0,43.0,AWS-KOL-101,Howrah,KOL,neighbor,True,frozen_value
2025-01-13 15:00:00,26.0,1012.0,46.0,AWS-KOL-101,Howrah,KOL,neighbor,False,
2025-01-13 16:00:00,24.5,1012.3,55.0,AWS-KOL-101,Howrah,KOL,neighbor,False,
2025-01-13 17:00:00,22.0,1012.8,65.0,AWS-KOL-101,Howrah,KOL,neighbor,False,
2025-01-13 18:00:00,21.0,1013.6,66.0,AWS-KOL-101,Howrah,KOL,neighbor,False,
2025-01-13 19:00:00,20.8,1014.3,69.0,AWS-KOL-101,Howrah,KOL,neighbor,False,
2025-01-13 20:00:00,20.1,1014.9,70.0,AWS-KOL-101,Howrah,KOL,neighbor,False,
2025-01-13 21:00:00,19.5,1015.1,72.0,AWS-KOL-101,Howrah,KOL,neighbor,False,
2025-01-13 22:00:00,19.0,1015.3,74.0,AWS-KOL-101,Howrah,KOL,neighbor,False,
2025-01-13 23:00:00,18.8,1015.2,76.0,AWS-KOL-101,Howrah,KOL,neighbor,False,
2025-01-14 00:00:00,17.6,1015.2,82.0,AWS-KOL-101,Howrah,KOL,neighbor,False,
2025-01-14 01:00:00,15.9,1014.9,91.0,AWS-KOL-101,Howrah,KOL,neighbor,False,
2025-01-14 02:00:00,15.3,1015.0,93.0,AWS-KOL-101,Howrah,KOL,neighbor,False,
2025-01-14 03:00:00,14.7,1015.0,93.0,AWS-KOL-101,Howrah,KOL,neighbor,False,
2025-01-14 04:00:00,14.6,1015.3,93.0,AWS-KOL-101,Howrah,KOL,neighbor,False,
2025-01-14 05:00:00,15.0,1016.2,93.0,AWS-KOL-101,Howrah,KOL,neighbor,False,
2025-01-14 06:00:00,15.3,1017.2,93.0,AWS-KOL-101,Howrah,KOL,neighbor,False,
2025-01-14 07:00:00,16.8,1018.4,86.0,AWS-KOL-101,Howrah,KOL,neighbor,False,
2025-01-14 08:00:00,19.1,1019.3,75.0,AWS-KOL-101,Howrah,KOL,neighbor,False,
2025-01-14 09:00:00,21.5,1019.6,66.0,AWS-KOL-101,Howrah,KOL,neighbor,False,
2025-01-14 10:00:00,23.6,1019.4,58.0,AWS-KOL-101,Howrah,KOL,neighbor,False,
2025-01-14 11:00:00,25.0,1018.3,52.0,AWS-KOL-101,Howrah,KOL,neighbor,False,
2025-01-14 12:00:00,25.8,1016.9,50.0,AWS-KOL-101,Howrah,KOL,neighbor,False,
2025-01-14 13:00:00,26.2,1015.7,49.0,AWS-KOL-101,Howrah,KOL,neighbor,False,
2025-01-14 14:00:00,26.2,1014.9,48.0,AWS-KOL-101,Howrah,KOL,neighbor,False,
2025-01-14 15:00:00,25.6,1014.9,49.0,AWS-KOL-101,Howrah,KOL,neighbor,False,
2025-01-14 16:00:00,24.1,1015.2,57.0,AWS-KOL-101,Howrah,KOL,neighbor,False,
2025-01-14 17:00:00,22.1,1016.1,66.0,AWS-KOL-101,Howrah,KOL,neighbor,False,
2025-01-14 18:00:00,21.0,1017.0,72.0,AWS-KOL-101,Howrah,KOL,neighbor,False,
2025-01-14 19:00:00,20.0,1017.8,76.0,AWS-KOL-101,Howrah,KOL,neighbor,False,
2025-01-14 20:00:00,19.1,1018.0,80.0,AWS-KOL-101,Howrah,KOL,neighbor,False,
2025-01-14 21:00:00,18.6,1018.7,81.0,AWS-KOL-101,Howrah,KOL,neighbor,False,
2025-01-14 22:00:00,18.2,1018.6,82.0,AWS-KOL-101,Howrah,KOL,neighbor,False,
2025-01-14 23:00:00,17.6,1018.5,84.0,AWS-KOL-101,Howrah,KOL,neighbor,False,
2025-01-15 00:00:00,16.8,1018.2,87.0,AWS-KOL-101,Howrah,KOL,neighbor,False,
2025-01-15 01:00:00,16.2,1017.6,87.0,AWS-KOL-101,Howrah,KOL,neighbor,False,
2025-01-15 02:00:00,15.5,1017.3,89.0,AWS-KOL-101,Howrah,KOL,neighbor,True,drift
2025-01-15 03:00:00,15.4,1017.1,88.84818914317914,AWS-KOL-101,Howrah,KOL,neighbor,True,drift
2025-01-15 04:00:00,14.9,1017.5,87.39846687207778,AWS-KOL-101,Howrah,KOL,neighbor,True,drift
2025-01-15 05:00:00,14.6,1018.3,83.98289999289642,AWS-KOL-101,Howrah,KOL,neighbor,True,drift
2025-01-15 06:00:00,14.3,1019.4,80.73583401690506,AWS-KOL-101,Howrah,KOL,neighbor,True,drift
2025-01-15 07:00:00,15.5,1020.2,71.73937208059412,AWS-KOL-101,Howrah,KOL,neighbor,True,drift
2025-01-15 08:00:00,17.7,,58.05112181850198,AWS-KOL-101,Howrah,KOL,neighbor,True,dropout
2025-01-15 09:00:00,20.0,1021.1,43.7146823769814,AWS-KOL-101,Howrah,KOL,neighbor,True,drift
2025-01-15 10:00:00,22.2,1020.4,26.76469064443519,AWS-KOL-101,Howrah,KOL,neighbor,True,drift
2025-01-15 11:00:00,23.7,1019.0,8.229612535760708,AWS-KOL-101,Howrah,KOL,neighbor,True,drift
2025-01-15 12:00:00,24.5,1017.4,0.0,AWS-KOL-101,Howrah,KOL,neighbor,True,drift
2025-01-15 13:00:00,24.6,1016.0,0.0,AWS-KOL-101,Howrah,KOL,neighbor,True,drift
2025-01-15 14:00:00,24.4,1015.5,0.0,AWS-KOL-101,Howrah,KOL,neighbor,True,drift
2025-01-15 15:00:00,23.8,1015.1,0.0,AWS-KOL-101,Howrah,KOL,neighbor,True,drift
2025-01-15 16:00:00,22.8,1015.1,0.0,AWS-KOL-101,Howrah,KOL,neighbor,True,drift
2025-01-15 17:00:00,20.6,1015.3,0.0,AWS-KOL-101,Howrah,KOL,neighbor,True,drift
2025-01-15 18:00:00,19.6,1016.4,0.0,AWS-KOL-101,Howrah,KOL,neighbor,True,drift
2025-01-15 19:00:00,18.3,1017.0,0.0,AWS-KOL-101,Howrah,KOL,neighbor,True,drift
2025-01-15 20:00:00,17.6,1017.5,0.0,AWS-KOL-101,Howrah,KOL,neighbor,True,drift
2025-01-15 21:00:00,16.6,1017.7,0.0,AWS-KOL-101,Howrah,KOL,neighbor,True,drift
2025-01-15 22:00:00,16.0,1017.7,0.0,AWS-KOL-101,Howrah,KOL,neighbor,True,drift
2025-01-15 23:00:00,15.3,1017.6,0.0,AWS-KOL-101,Howrah,KOL,neighbor,True,drift
2025-01-16 00:00:00,14.4,1017.3,0.0,AWS-KOL-101,Howrah,KOL,neighbor,True,drift
2025-01-16 01:00:00,13.7,1016.9,0.0,AWS-KOL-101,Howrah,KOL,neighbor,True,drift
2025-01-16 02:00:00,13.4,1016.2,0.0,AWS-KOL-101,Howrah,KOL,neighbor,True,drift
2025-01-16 03:00:00,13.0,1015.8,0.0,AWS-KOL-101,Howrah,KOL,neighbor,True,drift
2025-01-16 04:00:00,12.7,1016.1,0.0,AWS-KOL-101,Howrah,KOL,neighbor,True,drift
2025-01-16 05:00:00,12.5,1016.7,0.0,AWS-KOL-101,Howrah,KOL,neighbor,True,drift
2025-01-16 06:00:00,12.6,1018.3,0.0,AWS-KOL-101,Howrah,KOL,neighbor,True,drift
2025-01-16 07:00:00,14.0,1019.0,0.0,AWS-KOL-101,Howrah,KOL,neighbor,True,drift
2025-01-16 08:00:00,16.4,1019.7,0.0,AWS-KOL-101,Howrah,KOL,neighbor,True,drift
2025-01-16 09:00:00,19.0,1020.0,0.0,AWS-KOL-101,Howrah,KOL,neighbor,True,drift
2025-01-16 10:00:00,21.5,1019.3,0.0,AWS-KOL-101,Howrah,KOL,neighbor,True,drift
2025-01-16 11:00:00,23.3,1018.0,0.0,AWS-KOL-101,Howrah,KOL,neighbor,True,drift
2025-01-16 12:00:00,24.4,1016.4,0.0,AWS-KOL-101,Howrah,KOL,neighbor,True,drift
2025-01-16 13:00:00,24.9,1015.4,0.0,AWS-KOL-101,Howrah,KOL,neighbor,True,drift
2025-01-16 14:00:00,24.8,1014.7,0.0,AWS-KOL-101,Howrah,KOL,neighbor,True,drift
2025-01-16 15:00:00,24.2,1014.6,0.0,AWS-KOL-101,Howrah,KOL,neighbor,True,drift
2025-01-16 16:00:00,22.9,1014.9,0.0,AWS-KOL-101,Howrah,KOL,neighbor,True,drift
2025-01-16 17:00:00,20.8,1015.3,0.0,AWS-KOL-101,Howrah,KOL,neighbor,True,drift
2025-01-16 18:00:00,19.8,1016.1,0.0,AWS-KOL-101,Howrah,KOL,neighbor,True,drift
2025-01-16 19:00:00,18.6,1016.8,0.0,AWS-KOL-101,Howrah,KOL,neighbor,True,drift
2025-01-16 20:00:00,17.7,1017.3,0.0,AWS-KOL-101,Howrah,KOL,neighbor,True,drift
2025-01-16 21:00:00,16.8,1017.7,0.0,AWS-KOL-101,Howrah,KOL,neighbor,True,drift
2025-01-16 22:00:00,16.1,1017.8,81.0,AWS-KOL-101,Howrah,KOL,neighbor,False,
2025-01-16 23:00:00,15.7,1017.6,83.0,AWS-KOL-101,Howrah,KOL,neighbor,False,
2025-01-17 00:00:00,15.0,1017.0,85.0,AWS-KOL-101,Howrah,KOL,neighbor,False,
2025-01-17 01:00:00,14.2,1016.5,89.0,AWS-KOL-101,Howrah,KOL,neighbor,False,
2025-01-17 02:00:00,13.7,1015.9,92.0,AWS-KOL-101,Howrah,KOL,neighbor,False,
2025-01-17 03:00:00,13.8,1015.6,92.0,AWS-KOL-101,Howrah,KOL,neighbor,False,
2025-01-17 04:00:00,13.7,1015.8,94.0,AWS-KOL-101,Howrah,KOL,neighbor,False,
2025-01-17 05:00:00,13.6,1016.3,96.0,AWS-KOL-101,Howrah,KOL,neighbor,False,
2025-01-17 06:00:00,13.8,1017.3,95.0,AWS-KOL-101,Howrah,KOL,neighbor,False,
2025-01-17 07:00:00,-40.03325443065298,1018.2,88.0,AWS-KOL-101,Howrah,KOL,neighbor,True,sensor_fail_low
2025-01-17 08:00:00,-39.96527984060551,1018.4,77.0,AWS-KOL-101,Howrah,KOL,neighbor,True,sensor_fail_low
2025-01-17 09:00:00,-40.02213399556359,1018.4,66.0,AWS-KOL-101,Howrah,KOL,neighbor,True,sensor_fail_low
2025-01-17 10:00:00,-40.02108759480286,1017.7,57.0,AWS-KOL-101,Howrah,KOL,neighbor,True,sensor_fail_low
2025-01-17 11:00:00,-31.414049348662612,1016.4,53.0,AWS-KOL-101,Howrah,KOL,neighbor,True,spike
2025-01-17 12:00:00,24.6,1015.2,49.0,AWS-KOL-101,Howrah,KOL,neighbor,False,
2025-01-17 13:00:00,24.9,1013.9,45.0,AWS-KOL-101,Howrah,KOL,neighbor,False,
2025-01-17 14:00:00,24.9,1013.3,44.0,AWS-KOL-101,Howrah,KOL,neighbor,False,
2025-01-17 15:00:00,24.3,1013.1,45.0,AWS-KOL-101,Howrah,KOL,neighbor,False,
2025-01-17 16:00:00,23.0,1013.5,53.0,AWS-KOL-101,Howrah,KOL,neighbor,False,
2025-01-17 17:00:00,20.8,1013.8,66.0,AWS-KOL-101,Howrah,KOL,neighbor,False,
2025-01-17 18:00:00,19.5,1014.5,74.0,AWS-KOL-101,Howrah,KOL,neighbor,False,
2025-01-17 19:00:00,18.8,1015.1,77.0,AWS-KOL-101,Howrah,KOL,neighbor,False,
2025-01-17 20:00:00,18.3,978.4080392529993,79.0,AWS-KOL-101,Howrah,KOL,neighbor,True,spike
2025-01-17 21:00:00,18.2,1015.9,78.0,AWS-KOL-101,Howrah,KOL,neighbor,False,
2025-01-17 22:00:00,17.9,1016.1,78.0,AWS-KOL-101,Howrah,KOL,neighbor,False,
2025-01-17 23:00:00,-11.373943669167328,1016.0,80.0,AWS-KOL-101,Howrah,KOL,neighbor,True,spike
2025-01-18 00:00:00,2.378042756775381,1015.7,85.0,AWS-KOL-101,Howrah,KOL,neighbor,True,spike
2025-01-18 01:00:00,8.256159060092667,1015.3,91.0,AWS-KOL-101,Howrah,KOL,neighbor,True,spike
2025-01-18 02:00:00,11.679318781732025,1015.0,93.0,AWS-KOL-101,Howrah,KOL,neighbor,True,spike
2025-01-18 03:00:00,13.11178362135,1014.9,93.0,AWS-KOL-101,Howrah,KOL,neighbor,True,spike
2025-01-18 04:00:00,14.3,1015.2,93.0,AWS-KOL-101,Howrah,KOL,neighbor,False,
2025-01-18 05:00:00,13.8,1015.6,93.0,AWS-KOL-101,Howrah,KOL,neighbor,False,
2025-01-18 06:00:00,13.8,1016.8,94.0,AWS-KOL-101,Howrah,KOL,neighbor,False,
2025-01-18 07:00:00,15.2,1017.1,87.0,AWS-KOL-101,Howrah,KOL,neighbor,False,
2025-01-18 08:00:00,17.5,1017.7,76.0,AWS-KOL-101,Howrah,KOL,neighbor,False,
2025-01-18 09:00:00,20.0,1018.0,67.0,AWS-KOL-101,Howrah,KOL,neighbor,False,
2025-01-18 10:00:00,22.1,1017.6,58.0,AWS-KOL-101,Howrah,KOL,neighbor,False,
2025-01-18 11:00:00,23.6,1016.6,52.0,AWS-KOL-101,Howrah,KOL,neighbor,False,
2025-01-18 12:00:00,24.5,1015.0,47.0,AWS-KOL-101,Howrah,KOL,neighbor,False,
2025-01-18 13:00:00,24.8,1013.8,46.0,AWS-KOL-101,Howrah,KOL,neighbor,False,
2025-01-18 14:00:00,24.8,1013.1,48.0,AWS-KOL-101,Howrah,KOL,neighbor,False,
2025-01-18 15:00:00,24.4,1013.0,51.0,AWS-KOL-101,Howrah,KOL,neighbor,False,
2025-01-18 16:00:00,23.3,1013.1,56.0,AWS-KOL-101,Howrah,KOL,neighbor,False,
2025-01-18 17:00:00,20.8,1013.4,69.0,AWS-KOL-101,Howrah,KOL,neighbor,False,
2025-01-18 18:00:00,20.0,1013.9,71.0,AWS-KOL-101,Howrah,KOL,neighbor,False,
2025-01-18 19:00:00,19.4,1014.7,72.0,AWS-KOL-101,Howrah,KOL,neighbor,False,
2025-01-18 20:00:00,19.0,996.804846603748,72.0,AWS-KOL-101,Howrah,KOL,neighbor,True,spike
2025-01-18 21:00:00,18.2,1009.47016231785,75.0,AWS-KOL-101,Howrah,KOL,neighbor,True,spike
2025-01-18 22:00:00,17.4,1013.3956162089544,78.0,AWS-KOL-101,Howrah,KOL,neighbor,True,spike
2025-01-18 23:00:00,16.9,1014.33178130935,80.0,AWS-KOL-101,Howrah,KOL,neighbor,True,spike
2025-01-19 00:00:00,16.4,1014.4210621919759,81.0,AWS-KOL-101,Howrah,KOL,neighbor,True,spike
2025-01-19 01:00:00,14.9,1014.3,89.0,AWS-KOL-101,Howrah,KOL,neighbor,False,
2025-01-19 02:00:00,14.3,1013.9,90.0,AWS-KOL-101,Howrah,KOL,neighbor,False,
2025-01-19 03:00:00,14.3,1013.6,90.0,AWS-KOL-101,Howrah,KOL,neighbor,False,
2025-01-19 04:00:00,14.0,1014.0,91.0,AWS-KOL-101,Howrah,KOL,neighbor,False,
2025-01-19 05:00:00,13.4,1014.8,92.0,AWS-KOL-101,Howrah,KOL,neighbor,False,
2025-01-19 06:00:00,13.6,1016.0,92.0,AWS-KOL-101,Howrah,KOL,neighbor,False,
2025-01-19 07:00:00,15.1,1016.8,86.0,AWS-KOL-101,Howrah,KOL,neighbor,False,
2025-01-19 08:00:00,17.7,1017.7,75.0,AWS-KOL-101,Howrah,KOL,neighbor,False,
2025-01-19 09:00:00,20.5,1017.8,65.0,AWS-KOL-101,Howrah,KOL,neighbor,False,
2025-01-19 10:00:00,22.4,1016.9,55.0,AWS-KOL-101,Howrah,KOL,neighbor,False,
2025-01-19 11:00:00,23.6,1015.9,51.0,AWS-KOL-101,Howrah,KOL,neighbor,False,
2025-01-19 12:00:00,24.4,1014.3,47.0,AWS-KOL-101,Howrah,KOL,neighbor,False,
2025-01-19 13:00:00,24.8,1013.0,45.0,AWS-KOL-101,Howrah,KOL,neighbor,False,
2025-01-19 14:00:00,24.7,1012.1,45.0,AWS-KOL-101,Howrah,KOL,neighbor,False,
2025-01-19 15:00:00,24.2,1011.7,45.0,AWS-KOL-101,Howrah,KOL,neighbor,False,
2025-01-19 16:00:00,23.0,1011.6,50.0,AWS-KOL-101,Howrah,KOL,neighbor,False,
2025-01-19 17:00:00,20.3,1011.5,64.0,AWS-KOL-101,Howrah,KOL,neighbor,False,
2025-01-19 18:00:00,19.6,1011.9,72.0,AWS-KOL-101,Howrah,KOL,neighbor,False,
2025-01-19 19:00:00,18.6,1012.5,76.0,AWS-KOL-101,Howrah,KOL,neighbor,False,
2025-01-19 20:00:00,17.4,1013.0,82.0,AWS-KOL-101,Howrah,KOL,neighbor,False,
2025-01-19 21:00:00,16.7,1013.4,85.0,AWS-KOL-101,Howrah,KOL,neighbor,False,
2025-01-19 22:00:00,16.6,1013.1,84.0,AWS-KOL-101,Howrah,KOL,neighbor,False,
2025-01-19 23:00:00,16.3,1012.9,84.0,AWS-KOL-101,Howrah,KOL,neighbor,False,
2025-01-20 00:00:00,14.6,1012.8,90.0,AWS-KOL-101,Howrah,KOL,neighbor,False,
2025-01-20 01:00:00,13.5,1012.8,90.0,AWS-KOL-101,Howrah,KOL,neighbor,False,
2025-01-20 02:00:00,13.2,1012.5,85.0,AWS-KOL-101,Howrah,KOL,neighbor,False,
2025-01-20 03:00:00,13.2,1012.2,84.0,AWS-KOL-101,Howrah,KOL,neighbor,False,
2025-01-20 04:00:00,12.3,1012.2,88.0,AWS-KOL-101,Howrah,KOL,neighbor,False,
2025-01-20 05:00:00,11.5,1012.7,90.0,AWS-KOL-101,Howrah,KOL,neighbor,False,
2025-01-20 06:00:00,11.8,1013.8,94.0,AWS-KOL-101,Howrah,KOL,neighbor,False,
2025-01-20 07:00:00,13.9,1014.7,86.0,AWS-KOL-101,Howrah,KOL,neighbor,False,
2025-01-20 08:00:00,16.8,1015.1,74.0,AWS-KOL-101,Howrah,KOL,neighbor,False,
2025-01-20 09:00:00,19.6,1015.2,58.0,AWS-KOL-101,Howrah,KOL,neighbor,False,
2025-01-20 10:00:00,21.4,1014.8,47.0,AWS-KOL-101,Howrah,KOL,neighbor,False,
2025-01-20 11:00:00,22.6,1013.8,44.0,AWS-KOL-101,Howrah,KOL,neighbor,False,
2025-01-20 12:00:00,23.4,1012.7,44.0,AWS-KOL-101,Howrah,KOL,neighbor,False,
2025-01-20 13:00:00,23.9,1011.6,46.0,AWS-KOL-101,Howrah,KOL,neighbor,False,
2025-01-20 14:00:00,24.1,1010.5,48.0,AWS-KOL-101,Howrah,KOL,neighbor,False,
2025-01-20 15:00:00,23.9,1010.1,49.0,AWS-KOL-101,Howrah,KOL,neighbor,False,
2025-01-20 16:00:00,22.9,1010.1,54.0,AWS-KOL-101,Howrah,KOL,neighbor,False,
2025-01-20 17:00:00,731.0360382949552,851.7574747082658,17.951917082158822,AWS-KOL-101,Howrah,KOL,neighbor,True,unstructured_anomaly
2025-01-20 18:00:00,730.9305239048434,864.1562472367207,20.87259900755376,AWS-KOL-101,Howrah,KOL,neighbor,True,unstructured_anomaly
2025-01-20 19:00:00,764.8706136575372,841.3838591182715,100.0,AWS-KOL-101,Howrah,KOL,neighbor,True,unstructured_anomaly
2025-01-20 20:00:00,809.9935767324093,869.3851233158197,25.061079842060643,AWS-KOL-101,Howrah,KOL,neighbor,True,unstructured_anomaly
2025-01-20 21:00:00,635.5122284942995,864.5207068448585,30.14027928230859,AWS-KOL-101,Howrah,KOL,neighbor,True,unstructured_anomaly
2025-01-20 22:00:00,-700.2283445758256,1100.0,100.0,AWS-KOL-101,Howrah,KOL,neighbor,True,unstructured_anomaly
2025-01-20 23:00:00,778.7443558778399,844.6444549978135,100.0,AWS-KOL-101,Howrah,KOL,neighbor,True,unstructured_anomaly
2025-01-21 00:00:00,14.6,1011.6,92.0,AWS-KOL-101,Howrah,KOL,neighbor,False,
2025-01-21 01:00:00,14.0,1011.3,93.0,AWS-KOL-101,Howrah,KOL,neighbor,False,
2025-01-21 02:00:00,13.6,1010.9,92.0,AWS-KOL-101,Howrah,KOL,neighbor,False,
2025-01-21 03:00:00,13.3,1010.8,92.0,AWS-KOL-101,Howrah,KOL,neighbor,False,
2025-01-21 04:00:00,13.1,1011.0,91.0,AWS-KOL-101,Howrah,KOL,neighbor,False,
2025-01-21 05:00:00,12.8,1011.5,91.0,AWS-KOL-101,Howrah,KOL,neighbor,False,
2025-01-21 06:00:00,12.7,1012.1,93.0,AWS-KOL-101,Howrah,KOL,neighbor,False,
2025-01-21 07:00:00,14.8,1013.0,85.0,AWS-KOL-101,Howrah,KOL,neighbor,False,
2025-01-21 08:00:00,18.2,1013.9,73.0,AWS-KOL-101,Howrah,KOL,neighbor,False,
2025-01-21 09:00:00,21.5,1014.3,62.0,AWS-KOL-101,Howrah,KOL,neighbor,False,
2025-01-21 10:00:00,23.5,1013.8,57.0,AWS-KOL-101,Howrah,KOL,neighbor,False,
2025-01-21 11:00:00,24.6,1013.0,53.0,AWS-KOL-101,Howrah,KOL,neighbor,False,
2025-01-21 12:00:00,25.3,1011.7,51.0,AWS-KOL-101,Howrah,KOL,neighbor,False,
2025-01-21 13:00:00,25.8,1010.4,49.0,AWS-KOL-101,Howrah,KOL,neighbor,False,
2025-01-21 14:00:00,25.9,1009.6,47.0,AWS-KOL-101,Howrah,KOL,neighbor,False,
2025-01-21 15:00:00,25.5,1009.3,48.0,AWS-KOL-101,Howrah,KOL,neighbor,False,
2025-01-21 16:00:00,24.4,1009.4,52.0,AWS-KOL-101,Howrah,KOL,neighbor,False,
2025-01-21 17:00:00,21.8,1009.9,66.0,AWS-KOL-101,Howrah,KOL,neighbor,False,
2025-01-21 18:00:00,21.5,1010.3,70.0,AWS-KOL-101,Howrah,KOL,neighbor,False,
2025-01-21 19:00:00,20.7,1010.9,73.0,AWS-KOL-101,Howrah,KOL,neighbor,True,drift
2025-01-21 20:00:00,19.5,1008.5152933185818,79.0,AWS-KOL-101,Howrah,KOL,neighbor,True,drift
2025-01-21 21:00:00,18.4,1005.6305866371637,84.0,AWS-KOL-101,Howrah,KOL,neighbor,True,drift
2025-01-21 22:00:00,17.3,1002.7458799557455,89.0,AWS-KOL-101,Howrah,KOL,neighbor,True,drift
2025-01-21 23:00:00,16.7,999.6611732743273,91.0,AWS-KOL-101,Howrah,KOL,neighbor,True,drift
2025-01-22 00:00:00,15.9,996.6764665929092,93.0,AWS-KOL-101,Howrah,KOL,neighbor,True,drift
2025-01-22 01:00:00,15.7,993.5917599114911,92.0,AWS-KOL-101,Howrah,KOL,neighbor,True,drift
2025-01-22 02:00:00,15.1,990.6070532300729,-0.007286088934010536,AWS-KOL-101,Howrah,KOL,neighbor,True,sensor_fail_low
2025-01-22 03:00:00,14.4,987.4223465486547,-0.06589500984642908,AWS-KOL-101,Howrah,KOL,neighbor,True,sensor_fail_low
2025-01-22 04:00:00,14.0,984.6376398672365,-0.039112414853193445,AWS-KOL-101,Howrah,KOL,neighbor,True,sensor_fail_low
2025-01-22 05:00:00,13.8,982.3529331858184,0.02445246875287997,AWS-KOL-101,Howrah,KOL,neighbor,True,sensor_fail_low
2025-01-22 06:00:00,14.2,980.1682265044002,98.0,AWS-KOL-101,Howrah,KOL,neighbor,True,drift
2025-01-22 07:00:00,16.3,977.983519822982,94.0,AWS-KOL-101,Howrah,KOL,neighbor,True,drift
2025-01-22 08:00:00,19.2,975.7988131415639,82.0,AWS-KOL-101,Howrah,KOL,neighbor,True,drift
2025-01-22 09:00:00,22.6,973.2141064601457,71.0,AWS-KOL-101,Howrah,KOL,neighbor,True,drift
2025-01-22 10:00:00,24.8,969.5293997787275,57.0,AWS-KOL-101,Howrah,KOL,neighbor,True,drift
2025-01-22 11:00:00,26.0,965.6446930973093,49.0,AWS-KOL-101,Howrah,KOL,neighbor,True,drift
2025-01-22 12:00:00,26.7,961.2599864158913,44.0,AWS-KOL-101,Howrah,KOL,neighbor,True,drift
2025-01-22 13:00:00,27.0,957.2752797344731,41.0,AWS-KOL-101,Howrah,KOL,neighbor,True,drift
2025-01-22 14:00:00,26.8,953.6905730530549,42.0,AWS-KOL-101,Howrah,KOL,neighbor,True,drift
2025-01-22 15:00:00,26.1,950.5058663716368,46.0,AWS-KOL-101,Howrah,KOL,neighbor,True,drift
2025-01-22 16:00:00,24.7,947.6211596902185,53.0,AWS-KOL-101,Howrah,KOL,neighbor,True,drift
2025-01-22 17:00:00,22.0,944.9364530088004,66.0,AWS-KOL-101,Howrah,KOL,neighbor,True,drift
2025-01-22 18:00:00,21.6,942.3517463273822,68.0,AWS-KOL-101,Howrah,KOL,neighbor,True,drift
2025-01-22 19:00:00,21.2,940.367039645964,68.0,AWS-KOL-101,Howrah,KOL,neighbor,True,drift
2025-01-22 20:00:00,20.4,938.0823329645459,72.0,AWS-KOL-101,Howrah,KOL,neighbor,True,drift
2025-01-22 21:00:00,19.8,935.2976262831277,74.0,AWS-KOL-101,Howrah,KOL,neighbor,True,drift
2025-01-22 22:00:00,19.0,932.3129196017096,76.0,AWS-KOL-101,Howrah,KOL,neighbor,True,drift
2025-01-22 23:00:00,18.3,929.3282129202914,79.0,AWS-KOL-101,Howrah,KOL,neighbor,True,drift
2025-01-23 00:00:00,17.7,926.2435062388732,81.0,AWS-KOL-101,Howrah,KOL,neighbor,True,drift
2025-01-23 01:00:00,16.9,923.0587995574551,86.0,AWS-KOL-101,Howrah,KOL,neighbor,True,drift
2025-01-23 02:00:00,15.2,919.574092876037,93.0,AWS-KOL-101,Howrah,KOL,neighbor,True,drift
2025-01-23 03:00:00,14.1,916.5893861946188,96.0,AWS-KOL-101,Howrah,KOL,neighbor,True,drift
2025-01-23 04:00:00,13.8,913.7046795132006,96.0,AWS-KOL-101,Howrah,KOL,neighbor,True,drift
2025-01-23 05:00:00,13.7,911.3199728317824,96.0,AWS-KOL-101,Howrah,KOL,neighbor,True,drift
2025-01-23 06:00:00,14.1,909.2352661503643,100.0,AWS-KOL-101,Howrah,KOL,neighbor,True,drift
2025-01-23 07:00:00,14.180371116251424,907.0505594689461,96.0,AWS-KOL-101,Howrah,KOL,neighbor,True,drift
2025-01-23 08:00:00,14.222739826110654,904.9658527875279,81.0,AWS-KOL-101,Howrah,KOL,neighbor,True,drift
2025-01-23 09:00:00,14.260445770267642,902.4811461061097,66.0,AWS-KOL-101,Howrah,KOL,neighbor,True,drift
2025-01-23 10:00:00,14.204210175921883,898.9964394246916,57.0,AWS-KOL-101,Howrah,KOL,neighbor,True,drift
2025-01-23 11:00:00,14.202972774617374,1014.4,54.0,AWS-KOL-101,Howrah,KOL,neighbor,True,frozen_value
2025-01-23 12:00:00,14.099849821126233,1012.9,52.0,AWS-KOL-101,Howrah,KOL,neighbor,True,frozen_value
2025-01-23 13:00:00,27.6,1011.8,51.0,AWS-KOL-101,Howrah,KOL,neighbor,False,
2025-01-23 14:00:00,27.7,1011.0,51.0,AWS-KOL-101,Howrah,KOL,neighbor,False,
2025-01-23 15:00:00,27.4,1010.6,52.0,AWS-KOL-101,Howrah,KOL,neighbor,False,
2025-01-23 16:00:00,26.5,1010.4,56.0,AWS-KOL-101,Howrah,KOL,neighbor,False,
2025-01-23 17:00:00,24.1,1010.4,67.0,AWS-KOL-101,Howrah,KOL,neighbor,False,
2025-01-23 18:00:00,22.0,1011.0,75.0,AWS-KOL-101,Howrah,KOL,neighbor,False,
2025-01-23 19:00:00,20.9,1011.8,81.0,AWS-KOL-101,Howrah,KOL,neighbor,False,
2025-01-23 20:00:00,20.2,1012.6,84.0,AWS-KOL-101,Howrah,KOL,neighbor,False,
2025-01-23 21:00:00,20.0,1012.8,84.0,AWS-KOL-101,Howrah,KOL,neighbor,False,
2025-01-23 22:00:00,19.2,1012.8,89.0,AWS-KOL-101,Howrah,KOL,neighbor,False,
2025-01-23 23:00:00,18.6,1012.5,93.0,AWS-KOL-101,Howrah,KOL,neighbor,False,
2025-01-24 00:00:00,17.5,1012.2,95.0,AWS-KOL-101,Howrah,KOL,neighbor,False,
2025-01-24 01:00:00,16.9,1011.8,97.0,AWS-KOL-101,Howrah,KOL,neighbor,False,
2025-01-24 02:00:00,16.1,1011.4,100.0,AWS-KOL-101,Howrah,KOL,neighbor,False,
2025-01-24 03:00:00,15.9,1011.1,100.0,AWS-KOL-101,Howrah,KOL,neighbor,False,
2025-01-24 04:00:00,15.7,1011.4,100.0,AWS-KOL-101,Howrah,KOL,neighbor,False,
2025-01-24 05:00:00,15.7,1011.9,100.0,AWS-KOL-101,Howrah,KOL,neighbor,False,
2025-01-24 06:00:00,15.7,1012.7,98.0,AWS-KOL-101,Howrah,KOL,neighbor,False,
2025-01-24 07:00:00,17.5,1013.2,94.0,AWS-KOL-101,Howrah,KOL,neighbor,False,
2025-01-24 08:00:00,20.1,1013.9,83.0,AWS-KOL-101,Howrah,KOL,neighbor,False,
2025-01-24 09:00:00,22.8,1014.1,71.0,AWS-KOL-101,Howrah,KOL,neighbor,False,
2025-01-24 10:00:00,25.0,1013.6,62.0,AWS-KOL-101,Howrah,KOL,neighbor,False,
2025-01-24 11:00:00,26.3,1012.8,59.0,AWS-KOL-101,Howrah,KOL,neighbor,False,
2025-01-24 12:00:00,27.0,1011.5,59.0,AWS-KOL-101,Howrah,KOL,neighbor,False,
2025-01-24 13:00:00,27.4,1010.6,59.0,AWS-KOL-101,Howrah,KOL,neighbor,False,
2025-01-24 14:00:00,27.6,1009.9,58.0,AWS-KOL-101,Howrah,KOL,neighbor,False,
2025-01-24 15:00:00,27.3,1009.6,59.0,AWS-KOL-101,Howrah,KOL,neighbor,False,
2025-01-24 16:00:00,26.5,1009.7,62.0,AWS-KOL-101,Howrah,KOL,neighbor,False,
2025-01-24 17:00:00,24.2,1010.1,74.0,AWS-KOL-101,Howrah,KOL,neighbor,False,
2025-01-24 18:00:00,21.7,1011.8,78.0,AWS-KOL-101,Howrah,KOL,neighbor,False,
2025-01-24 19:00:00,21.0,1012.3,81.0,AWS-KOL-101,Howrah,KOL,neighbor,False,
2025-01-24 20:00:00,20.6,1012.8,82.0,AWS-KOL-101,Howrah,KOL,neighbor,False,
2025-01-24 21:00:00,20.7,1012.8,83.0,AWS-KOL-101,Howrah,KOL,neighbor,False,
2025-01-24 22:00:00,20.1,1013.1,86.0,AWS-KOL-101,Howrah,KOL,neighbor,False,
2025-01-24 23:00:00,19.3,1012.8,92.0,AWS-KOL-101,Howrah,KOL,neighbor,False,
2025-01-25 00:00:00,18.7,1012.4,94.0,AWS-KOL-101,Howrah,KOL,neighbor,False,
2025-01-25 01:00:00,18.0,1011.9,96.0,AWS-KOL-101,Howrah,KOL,neighbor,False,
2025-01-25 02:00:00,17.3,1011.8,98.0,AWS-KOL-101,Howrah,KOL,neighbor,False,
2025-01-25 03:00:00,17.3,1011.8,98.0,AWS-KOL-101,Howrah,KOL,neighbor,False,
2025-01-25 04:00:00,17.0,1012.0,98.0,AWS-KOL-101,Howrah,KOL,neighbor,False,
2025-01-25 05:00:00,17.6,1012.8,95.0,AWS-KOL-101,Howrah,KOL,neighbor,False,
2025-01-25 06:00:00,18.3,1014.2,94.0,AWS-KOL-101,Howrah,KOL,neighbor,False,
2025-01-25 07:00:00,18.8,1014.9,93.0,AWS-KOL-101,Howrah,KOL,neighbor,False,
2025-01-25 08:00:00,20.4,1015.5,86.0,AWS-KOL-101,Howrah,KOL,neighbor,False,
2025-01-25 09:00:00,22.4,1015.8,75.0,AWS-KOL-101,Howrah,KOL,neighbor,False,
2025-01-25 10:00:00,23.9,1015.3,68.0,AWS-KOL-101,Howrah,KOL,neighbor,False,
2025-01-25 11:00:00,24.3,1014.4,66.0,AWS-KOL-101,Howrah,KOL,neighbor,False,
2025-01-25 12:00:00,24.3,1013.1,66.0,AWS-KOL-101,Howrah,KOL,neighbor,False,
2025-01-25 13:00:00,1497.2828982002627,1009.938929632287,100.0,AWS-KOL-101,Howrah,KOL,neighbor,True,multivariate_inconsistency
2025-01-25 14:00:00,1497.6828982002626,1012.1861464454375,100.0,AWS-KOL-101,Howrah,KOL,neighbor,True,multivariate_inconsistency
2025-01-25 15:00:00,1497.1828982002626,1012.0157536286491,100.0,AWS-KOL-101,Howrah,KOL,neighbor,True,multivariate_inconsistency
2025-01-25 16:00:00,1495.8828982002626,1013.1814976945044,100.0,AWS-KOL-101,Howrah,KOL,neighbor,True,multivariate_inconsistency
2025-01-25 17:00:00,22.4,1011.7,72.0,AWS-KOL-101,Howrah,KOL,neighbor,False,
2025-01-25 18:00:00,20.6,1012.2,78.0,AWS-KOL-101,Howrah,KOL,neighbor,False,
2025-01-25 19:00:00,20.4,1012.7,78.0,AWS-KOL-101,Howrah,KOL,neighbor,False,
2025-01-25 20:00:00,19.3,1013.1,87.0,AWS-KOL-101,Howrah,KOL,neighbor,False,
2025-01-25 21:00:00,18.7,1013.4,90.0,AWS-KOL-101,Howrah,KOL,neighbor,False,
2025-01-25 22:00:00,18.5,1013.6,89.0,AWS-KOL-101,Howrah,KOL,neighbor,False,
2025-01-25 23:00:00,18.2,1013.5,89.0,AWS-KOL-101,Howrah,KOL,neighbor,False,
2025-01-26 00:00:00,17.9,1013.4,90.0,AWS-KOL-101,Howrah,KOL,neighbor,False,
2025-01-26 01:00:00,16.7,1013.3,96.0,AWS-KOL-101,Howrah,KOL,neighbor,False,
2025-01-26 02:00:00,16.2,1013.1,93.0,AWS-KOL-101,Howrah,KOL,neighbor,False,
2025-01-26 03:00:00,15.7,1012.9,91.0,AWS-KOL-101,Howrah,KOL,neighbor,False,
2025-01-26 04:00:00,15.3,1013.1,93.0,AWS-KOL-101,Howrah,KOL,neighbor,False,
2025-01-26 05:00:00,14.8,1013.7,92.0,AWS-KOL-101,Howrah,KOL,neighbor,False,
2025-01-26 06:00:00,14.9,1014.7,88.0,AWS-KOL-101,Howrah,KOL,neighbor,False,
2025-01-26 07:00:00,16.4,1015.4,79.0,AWS-KOL-101,Howrah,KOL,neighbor,False,
2025-01-26 08:00:00,18.7,1016.2,67.0,AWS-KOL-101,Howrah,KOL,neighbor,False,
2025-01-26 09:00:00,21.3,1016.7,56.0,AWS-KOL-101,Howrah,KOL,neighbor,False,
2025-01-26 10:00:00,-741.9300137629892,1100.0,0.0,AWS-KOL-101,Howrah,KOL,neighbor,True,unstructured_anomaly
2025-01-26 11:00:00,725.433140644206,883.433356164971,0.0,AWS-KOL-101,Howrah,KOL,neighbor,True,unstructured_anomaly
2025-01-26 12:00:00,-708.713817757414,1100.0,81.07427519931957,AWS-KOL-101,Howrah,KOL,neighbor,True,unstructured_anomaly
2025-01-26 13:00:00,782.6958829901383,851.4584741635383,83.52408286343206,AWS-KOL-101,Howrah,KOL,neighbor,True,unstructured_anomaly
2025-01-26 14:00:00,722.0224535328343,854.9156600207466,0.0,AWS-KOL-101,Howrah,KOL,neighbor,True,unstructured_anomaly
2025-01-26 15:00:00,650.6187452156056,875.5589762844714,0.0,AWS-KOL-101,Howrah,KOL,neighbor,True,unstructured_anomaly
2025-01-26 16:00:00,-605.0763270665792,1100.0,4.933884170641328,AWS-KOL-101,Howrah,KOL,neighbor,True,unstructured_anomaly
2025-01-26 17:00:00,-593.9549747948812,1100.0,7.160759075720961,AWS-KOL-101,Howrah,KOL,neighbor,True,unstructured_anomaly
2025-01-26 18:00:00,-736.0183856871062,1100.0,18.313202009720236,AWS-KOL-101,Howrah,KOL,neighbor,True,unstructured_anomaly
2025-01-26 19:00:00,-759.9204761616395,1100.0,100.0,AWS-KOL-101,Howrah,KOL,neighbor,True,unstructured_anomaly
2025-01-26 20:00:00,-619.7329165520357,1100.0,100.0,AWS-KOL-101,Howrah,KOL,neighbor,True,unstructured_anomaly
2025-01-26 21:00:00,-796.8066790053202,1100.0,22.725550915502062,AWS-KOL-101,Howrah,KOL,neighbor,True,unstructured_anomaly
2025-01-26 22:00:00,769.7152833172568,883.5268990046841,18.502080592216757,AWS-KOL-101,Howrah,KOL,neighbor,True,unstructured_anomaly
2025-01-26 23:00:00,16.4,1011.9,80.0,AWS-KOL-101,Howrah,KOL,neighbor,False,
2025-01-27 00:00:00,15.8,1011.3,86.0,AWS-KOL-101,Howrah,KOL,neighbor,False,
2025-01-27 01:00:00,14.4,1011.2,90.0,AWS-KOL-101,Howrah,KOL,neighbor,False,
2025-01-27 02:00:00,13.2,1011.2,92.0,AWS-KOL-101,Howrah,KOL,neighbor,False,
2025-01-27 03:00:00,12.3,1011.4,95.0,AWS-KOL-101,Howrah,KOL,neighbor,False,
2025-01-27 04:00:00,11.6,1011.2,3.073708973259997,AWS-KOL-101,Howrah,KOL,neighbor,True,spike
2025-01-27 05:00:00,11.6,1011.5,55.060847703041404,AWS-KOL-101,Howrah,KOL,neighbor,True,spike
2025-01-27 06:00:00,12.1,1012.3,77.50572437253365,AWS-KOL-101,Howrah,KOL,neighbor,True,spike
2025-01-27 07:00:00,14.8,1013.0,77.01317279842068,AWS-KOL-101,Howrah,KOL,neighbor,True,spike
2025-01-27 08:00:00,17.9,1013.7,73.0,AWS-KOL-101,Howrah,KOL,neighbor,False,
2025-01-27 09:00:00,20.8,1014.2,59.0,AWS-KOL-101,Howrah,KOL,neighbor,False,
2025-01-27 10:00:00,22.7,1013.8,45.0,AWS-KOL-101,Howrah,KOL,neighbor,False,
2025-01-27 11:00:00,23.6,1012.7,41.0,AWS-KOL-101,Howrah,KOL,neighbor,False,
2025-01-27 12:00:00,24.2,1011.4,39.0,AWS-KOL-101,Howrah,KOL,neighbor,False,
2025-01-27 13:00:00,24.4,1010.2,40.0,AWS-KOL-101,Howrah,KOL,neighbor,False,
2025-01-27 14:00:00,24.3,1009.5,40.0,AWS-KOL-101,Howrah,KOL,neighbor,False,
2025-01-27 15:00:00,23.8,1009.2,41.0,AWS-KOL-101,Howrah,KOL,neighbor,False,
2025-01-27 16:00:00,22.6,1009.2,46.0,AWS-KOL-101,Howrah,KOL,neighbor,False,
2025-01-27 17:00:00,19.6,1009.6,61.0,AWS-KOL-101,Howrah,KOL,neighbor,False,
2025-01-27 18:00:00,19.1,1009.3,67.0,AWS-KOL-101,Howrah,KOL,neighbor,False,
2025-01-27 19:00:00,18.4,1010.2,69.0,AWS-KOL-101,Howrah,KOL,neighbor,False,
2025-01-27 20:00:00,17.7,1010.6,72.0,AWS-KOL-101,Howrah,KOL,neighbor,False,
2025-01-27 21:00:00,16.5,1011.2,80.0,AWS-KOL-101,Howrah,KOL,neighbor,False,
2025-01-27 22:00:00,15.4,1011.3,84.0,AWS-KOL-101,Howrah,KOL,neighbor,False,
2025-01-27 23:00:00,15.2,1011.1,83.0,AWS-KOL-101,Howrah,KOL,neighbor,False,
2025-01-28 00:00:00,14.5,1011.0,87.0,AWS-KOL-101,Howrah,KOL,neighbor,False,
2025-01-28 01:00:00,14.0,1010.8,90.0,AWS-KOL-101,Howrah,KOL,neighbor,True,drift
2025-01-28 02:00:00,12.286146042166678,1010.6,93.0,AWS-KOL-101,Howrah,KOL,neighbor,True,drift
2025-01-28 03:00:00,10.415890538805076,1010.2,91.0,AWS-KOL-101,Howrah,KOL,neighbor,True,drift
2025-01-28 04:00:00,8.522723869384206,1010.2,90.0,AWS-KOL-101,Howrah,KOL,neighbor,True,drift
2025-01-28 05:00:00,5.689159548825332,1010.8,92.0,AWS-KOL-101,Howrah,KOL,neighbor,True,drift
2025-01-28 06:00:00,3.0626860345076565,1012.1,97.0,AWS-KOL-101,Howrah,KOL,neighbor,True,drift
2025-01-28 07:00:00,2.1752509468289407,1013.3,87.0,AWS-KOL-101,Howrah,KOL,neighbor,True,drift
2025-01-28 08:00:00,2.75025441266472,1014.2,70.0,AWS-KOL-101,Howrah,KOL,neighbor,True,drift
2025-01-28 09:00:00,2.7057930402831865,1015.0,58.0,AWS-KOL-101,Howrah,KOL,neighbor,True,drift
2025-01-28 10:00:00,1.7564031016548824,1015.0,49.0,AWS-KOL-101,Howrah,KOL,neighbor,True,drift
2025-01-28 11:00:00,-0.28590666333907677,1014.0,43.0,AWS-KOL-101,Howrah,KOL,neighbor,True,drift
2025-01-28 12:00:00,-3.3109986147827257,1012.9,42.0,AWS-KOL-101,Howrah,KOL,neighbor,True,drift
2025-01-28 13:00:00,-6.910166210149413,1012.0,43.0,AWS-KOL-101,Howrah,KOL,neighbor,True,drift
2025-01-28 14:00:00,-10.975826491601133,1011.1,44.0,AWS-KOL-101,Howrah,KOL,neighbor,True,drift
2025-01-28 15:00:00,-15.701297793879103,1010.9,46.0,AWS-KOL-101,Howrah,KOL,neighbor,True,drift
2025-01-28 16:00:00,-21.38063451771402,1010.9,51.0,AWS-KOL-101,Howrah,KOL,neighbor,True,drift
2025-01-28 17:00:00,-29.108501412273263,1011.4,67.0,AWS-KOL-101,Howrah,KOL,neighbor,True,drift
2025-01-28 18:00:00,-34.580075992779214,1012.1,74.0,AWS-KOL-101,Howrah,KOL,neighbor,True,drift
2025-01-28 19:00:00,-40.790971482432695,1012.9,81.0,AWS-KOL-101,Howrah,KOL,neighbor,True,drift
2025-01-28 20:00:00,-46.937175042276635,1013.9,89.0,AWS-KOL-101,Howrah,KOL,neighbor,True,drift
2025-01-28 21:00:00,-52.314997598296905,1014.4,93.0,AWS-KOL-101,Howrah,KOL,neighbor,True,drift
2025-01-28 22:00:00,-58.021032608814636,1014.7,95.0,AWS-KOL-101,Howrah,KOL,neighbor,True,drift
2025-01-28 23:00:00,-63.75212182327585,1014.6,94.0,AWS-KOL-101,Howrah,KOL,neighbor,True,drift
2025-01-29 00:00:00,-69.50532657885607,1014.7,94.0,AWS-KOL-101,Howrah,KOL,neighbor,True,drift
2025-01-29 01:00:00,-75.37790353438476,1014.4,94.0,AWS-KOL-101,Howrah,KOL,neighbor,True,drift
2025-01-29 02:00:00,-81.36728399708882,1014.0,94.0,AWS-KOL-101,Howrah,KOL,neighbor,True,drift
2025-01-29 03:00:00,-87.47105618612511,1013.9,94.0,AWS-KOL-101,Howrah,KOL,neighbor,True,drift
2025-01-29 04:00:00,-93.5869499175641,1013.9,94.0,AWS-KOL-101,Howrah,KOL,neighbor,True,drift
2025-01-29 05:00:00,-99.91282330185877,977.5094955423774,94.0,AWS-KOL-101,Howrah,KOL,neighbor,True,drift
2025-01-29 06:00:00,-105.64665112619222,1015.3,95.0,AWS-KOL-101,Howrah,KOL,neighbor,True,drift
2025-01-29 07:00:00,-109.7865146569971,1016.2,88.0,AWS-KOL-101,Howrah,KOL,neighbor,True,drift
2025-01-29 08:00:00,-115.23059264704781,1017.0,83.0,AWS-KOL-101,Howrah,KOL,neighbor,True,drift
2025-01-29 09:00:00,-118.77715337022016,1017.5,71.0,AWS-KOL-101,Howrah,KOL,neighbor,True,drift
2025-01-29 10:00:00,-123.52454753775757,1017.0,66.0,AWS-KOL-101,Howrah,KOL,neighbor,True,drift
2025-01-29 11:00:00,26.0,1016.0,61.0,AWS-KOL-101,Howrah,KOL,neighbor,False,
2025-01-29 12:00:00,27.0,1014.6,57.0,AWS-KOL-101,Howrah,KOL,neighbor,False,
2025-01-29 13:00:00,27.5,1013.3,55.0,AWS-KOL-101,Howrah,KOL,neighbor,False,
2025-01-29 14:00:00,27.6,1012.2,53.0,AWS-KOL-101,Howrah,KOL,neighbor,False,
2025-01-29 15:00:00,27.2,1011.8,54.0,AWS-KOL-101,Howrah,KOL,neighbor,False,
2025-01-29 16:00:00,26.3,1011.4,58.0,AWS-KOL-101,Howrah,KOL,neighbor,False,
2025-01-29 17:00:00,23.4,1011.8,73.0,AWS-KOL-101,Howrah,KOL,neighbor,False,
2025-01-29 18:00:00,22.7,1012.3,82.0,AWS-KOL-101,Howrah,KOL,neighbor,False,
2025-01-29 19:00:00,21.9,1012.8,87.0,AWS-KOL-101,Howrah,KOL,neighbor,True,drift
2025-01-29 20:00:00,21.1,1022.5810947956239,91.0,AWS-KOL-101,Howrah,KOL,neighbor,True,drift
2025-01-29 21:00:00,20.4,1032.2621895912478,93.0,AWS-KOL-101,Howrah,KOL,neighbor,True,drift
2025-01-29 22:00:00,19.9,1041.5432843868714,95.0,AWS-KOL-101,Howrah,KOL,neighbor,True,drift
2025-01-29 23:00:00,19.6,1050.5243791824953,95.0,AWS-KOL-101,Howrah,KOL,neighbor,True,drift
2025-01-30 00:00:00,19.2,1059.3054739781192,96.0,AWS-KOL-101,Howrah,KOL,neighbor,True,drift
2025-01-30 01:00:00,18.8,1067.986568773743,97.0,AWS-KOL-101,Howrah,KOL,neighbor,True,drift
2025-01-30 02:00:00,18.8,1076.6676635693668,97.0,AWS-KOL-101,Howrah,KOL,neighbor,True,drift
2025-01-30 03:00:00,18.9,1085.5487583649908,97.0,AWS-KOL-101,Howrah,KOL,neighbor,True,drift
2025-01-30 04:00:00,18.9,1094.8298531606144,97.0,AWS-KOL-101,Howrah,KOL,neighbor,True,drift
2025-01-30 05:00:00,19.1,1100.0,97.0,AWS-KOL-101,Howrah,KOL,neighbor,True,drift
2025-01-30 06:00:00,19.7,1100.0,97.0,AWS-KOL-101,Howrah,KOL,neighbor,True,drift
2025-01-30 07:00:00,21.3,1100.0,93.0,AWS-KOL-101,Howrah,KOL,neighbor,True,drift
2025-01-30 08:00:00,23.5,1100.0,84.0,AWS-KOL-101,Howrah,KOL,neighbor,True,drift
2025-01-30 09:00:00,25.3,1100.0,73.0,AWS-KOL-101,Howrah,KOL,neighbor,True,drift
2025-01-30 10:00:00,26.7,1100.0,65.0,AWS-KOL-101,Howrah,KOL,neighbor,True,drift
2025-01-30 11:00:00,28.1,1100.0,58.0,AWS-KOL-101,Howrah,KOL,neighbor,True,drift
2025-01-30 12:00:00,29.1,1100.0,53.0,AWS-KOL-101,Howrah,KOL,neighbor,True,drift
2025-01-30 13:00:00,29.4,1100.0,51.0,AWS-KOL-101,Howrah,KOL,neighbor,True,drift
2025-01-30 14:00:00,29.4,1100.0,49.0,AWS-KOL-101,Howrah,KOL,neighbor,True,drift
2025-01-30 15:00:00,28.7,1100.0,51.0,AWS-KOL-101,Howrah,KOL,neighbor,True,drift
2025-01-30 16:00:00,26.2,1100.0,68.0,AWS-KOL-101,Howrah,KOL,neighbor,True,drift
2025-01-30 17:00:00,24.3,1100.0,77.0,AWS-KOL-101,Howrah,KOL,neighbor,True,drift
2025-01-30 18:00:00,23.6,1100.0,83.0,AWS-KOL-101,Howrah,KOL,neighbor,True,drift
2025-01-30 19:00:00,23.0,1100.0,86.0,AWS-KOL-101,Howrah,KOL,neighbor,True,drift
2025-01-30 20:00:00,22.5,1100.0,86.0,AWS-KOL-101,Howrah,KOL,neighbor,True,drift
2025-01-30 21:00:00,22.2,1100.0,87.0,AWS-KOL-101,Howrah,KOL,neighbor,True,drift
2025-01-30 22:00:00,22.0,1100.0,88.0,AWS-KOL-101,Howrah,KOL,neighbor,True,drift
2025-01-30 23:00:00,21.8,1100.0,89.0,AWS-KOL-101,Howrah,KOL,neighbor,True,drift
2025-01-31 00:00:00,21.4,1100.0,92.0,AWS-KOL-101,Howrah,KOL,neighbor,True,drift
2025-01-31 01:00:00,21.1,1008.4,94.0,AWS-KOL-101,Howrah,KOL,neighbor,False,
2025-01-31 02:00:00,20.9,1008.0,95.0,AWS-KOL-101,Howrah,KOL,neighbor,False,
2025-01-31 03:00:00,20.5,1008.2,96.0,AWS-KOL-101,Howrah,KOL,neighbor,False,
2025-01-31 04:00:00,20.0,1008.6,98.0,AWS-KOL-101,Howrah,KOL,neighbor,False,
2025-01-31 05:00:00,19.6,1009.3,98.0,AWS-KOL-101,Howrah,KOL,neighbor,False,
2025-01-31 06:00:00,19.6,1010.5,99.0,AWS-KOL-101,Howrah,KOL,neighbor,False,
2025-01-31 07:00:00,21.2,1011.5,95.0,AWS-KOL-101,Howrah,KOL,neighbor,False,
2025-01-31 08:00:00,22.8,1012.6,87.0,AWS-KOL-101,Howrah,KOL,neighbor,False,
2025-01-31 09:00:00,24.4,1013.2,78.0,AWS-KOL-101,Howrah,KOL,neighbor,False,
2025-01-31 10:00:00,26.3,1013.0,70.0,AWS-KOL-101,Howrah,KOL,neighbor,False,
2025-01-31 11:00:00,28.1,1012.0,60.0,AWS-KOL-101,Howrah,KOL,neighbor,False,
2025-01-31 12:00:00,29.3,1010.8,55.0,AWS-KOL-101,Howrah,KOL,neighbor,False,
2025-01-31 13:00:00,29.7,1009.7,54.0,AWS-KOL-101,Howrah,KOL,neighbor,False,
2025-01-31 14:00:00,29.6,1008.9,55.0,AWS-KOL-101,Howrah,KOL,neighbor,False,
2025-01-31 15:00:00,29.3,1008.6,56.0,AWS-KOL-101,Howrah,KOL,neighbor,False,
2025-01-31 16:00:00,28.6,1008.7,59.0,AWS-KOL-101,Howrah,KOL,neighbor,False,
2025-01-31 17:00:00,26.2,1009.5,73.0,AWS-KOL-101,Howrah,KOL,neighbor,False,
2025-01-31 18:00:00,24.2,1010.3,87.0,AWS-KOL-101,Howrah,KOL,neighbor,True,frozen_value
2025-01-31 19:00:00,24.243814383536968,1010.8,90.0,AWS-KOL-101,Howrah,KOL,neighbor,True,frozen_value
2025-01-31 20:00:00,24.183882182951013,1011.2,93.0,AWS-KOL-101,Howrah,KOL,neighbor,True,frozen_value
2025-01-31 21:00:00,24.204484820234363,1011.7,96.0,AWS-KOL-101,Howrah,KOL,neighbor,True,frozen_value
2025-01-31 22:00:00,24.20587548936327,1011.5,98.0,AWS-KOL-101,Howrah,KOL,neighbor,True,frozen_value
2025-01-31 23:00:00,24.19345207925845,1011.5,98.0,AWS-KOL-101,Howrah,KOL,neighbor,True,frozen_value
2025-02-01 00:00:00,24.228330794932255,1011.0,99.0,AWS-KOL-101,Howrah,KOL,neighbor,True,frozen_value
2025-02-01 01:00:00,24.249344676648732,1010.4,99.0,AWS-KOL-101,Howrah,KOL,neighbor,True,frozen_value
2025-02-01 02:00:00,20.5,1009.6,100.0,AWS-KOL-101,Howrah,KOL,neighbor,False,
2025-02-01 03:00:00,20.5,1009.5,100.0,AWS-KOL-101,Howrah,KOL,neighbor,False,
2025-02-01 04:00:00,20.9,1009.9,100.0,AWS-KOL-101,Howrah,KOL,neighbor,False,
2025-02-01 05:00:00,21.2,1010.5,100.0,AWS-KOL-101,Howrah,KOL,neighbor,False,
2025-02-01 06:00:00,21.9,1011.2,99.0,AWS-KOL-101,Howrah,KOL,neighbor,False,
2025-02-01 07:00:00,22.2,1012.4,98.0,AWS-KOL-101,Howrah,KOL,neighbor,False,
2025-02-01 08:00:00,22.9,1013.4,94.0,AWS-KOL-101,Howrah,KOL,neighbor,False,
2025-02-01 09:00:00,24.1,1014.0,88.0,AWS-KOL-101,Howrah,KOL,neighbor,False,
2025-02-01 10:00:00,25.3,1013.7,81.0,AWS-KOL-101,Howrah,KOL,neighbor,False,
2025-02-01 11:00:00,27.9,1012.8,68.0,AWS-KOL-101,Howrah,KOL,neighbor,False,
2025-02-01 12:00:00,28.7,1011.5,62.0,AWS-KOL-101,Howrah,KOL,neighbor,False,
2025-02-01 13:00:00,29.2,1010.5,59.0,AWS-KOL-101,Howrah,KOL,neighbor,False,
2025-02-01 14:00:00,29.0,1009.7,61.0,AWS-KOL-101,Howrah,KOL,neighbor,False,
2025-02-01 15:00:00,28.8,1009.4,62.0,AWS-KOL-101,Howrah,KOL,neighbor,False,
2025-02-01 16:00:00,28.1,1009.7,64.0,AWS-KOL-101,Howrah,KOL,neighbor,False,
2025-02-01 17:00:00,26.1,1010.2,73.0,AWS-KOL-101,Howrah,KOL,neighbor,False,
2025-02-01 18:00:00,24.6,1010.8,86.0,AWS-KOL-101,Howrah,KOL,neighbor,False,
2025-02-01 19:00:00,23.7,1011.2,90.0,AWS-KOL-101,Howrah,KOL,neighbor,False,
2025-02-01 20:00:00,23.4,1011.9,90.0,AWS-KOL-101,Howrah,KOL,neighbor,False,
2025-02-01 21:00:00,22.7,1012.1,95.0,AWS-KOL-101,Howrah,KOL,neighbor,False,
2025-02-01 22:00:00,22.1,1011.9,98.0,AWS-KOL-101,Howrah,KOL,neighbor,False,
2025-02-01 23:00:00,21.6,1011.6,99.0,AWS-KOL-101,Howrah,KOL,neighbor,False,
2025-02-02 00:00:00,21.2,1011.3,99.0,AWS-KOL-101,Howrah,KOL,neighbor,False,
2025-02-02 01:00:00,20.7,1011.0,99.0,AWS-KOL-101,Howrah,KOL,neighbor,False,
2025-02-02 02:00:00,20.2,1010.5,100.0,AWS-KOL-101,Howrah,KOL,neighbor,False,
2025-02-02 03:00:00,20.2,1010.2,100.0,AWS-KOL-101,Howrah,KOL,neighbor,False,
2025-02-02 04:00:00,20.6,1010.3,100.0,AWS-KOL-101,Howrah,KOL,neighbor,False,
2025-02-02 05:00:00,20.9,1011.0,100.0,AWS-KOL-101,Howrah,KOL,neighbor,False,
2025-02-02 06:00:00,21.3,1011.9,100.0,AWS-KOL-101,Howrah,KOL,neighbor,False,
2025-02-02 07:00:00,21.7,1013.0,99.0,AWS-KOL-101,Howrah,KOL,neighbor,False,
2025-02-02 08:00:00,22.1,1013.9,98.0,AWS-KOL-101,Howrah,KOL,neighbor,False,
2025-02-02 09:00:00,23.6,1014.3,89.0,AWS-KOL-101,Howrah,KOL,neighbor,False,
2025-02-02 10:00:00,25.5,1013.9,79.0,AWS-KOL-101,Howrah,KOL,neighbor,False,
2025-02-02 11:00:00,27.4,1012.8,70.0,AWS-KOL-101,Howrah,KOL,neighbor,False,
2025-02-02 12:00:00,28.3,1011.6,66.0,AWS-KOL-101,Howrah,KOL,neighbor,False,
2025-02-02 13:00:00,28.9,1010.4,64.0,AWS-KOL-101,Howrah,KOL,neighbor,False,
2025-02-02 14:00:00,28.8,1009.6,65.0,AWS-KOL-101,Howrah,KOL,neighbor,False,
2025-02-02 15:00:00,28.6,1009.2,64.0,AWS-KOL-101,Howrah,KOL,neighbor,False,
2025-02-02 16:00:00,27.9,1009.3,67.0,AWS-KOL-101,Howrah,KOL,neighbor,False,
2025-02-02 17:00:00,26.0,1009.7,77.0,AWS-KOL-101,Howrah,KOL,neighbor,False,
2025-02-02 18:00:00,24.2,1010.3,83.0,AWS-KOL-101,Howrah,KOL,neighbor,False,
2025-02-02 19:00:00,23.8,1011.0,84.0,AWS-KOL-101,Howrah,KOL,neighbor,False,
2025-02-02 20:00:00,23.4,1011.5,86.0,AWS-KOL-101,Howrah,KOL,neighbor,False,
2025-02-02 21:00:00,23.0,1011.6,88.0,AWS-KOL-101,Howrah,KOL,neighbor,False,
2025-02-02 22:00:00,22.3,1011.8,91.0,AWS-KOL-101,Howrah,KOL,neighbor,False,
2025-02-02 23:00:00,21.6,1011.6,94.0,AWS-KOL-101,Howrah,KOL,neighbor,False,
2025-02-03 00:00:00,20.7,1011.4,97.0,AWS-KOL-101,Howrah,KOL,neighbor,False,
2025-02-03 01:00:00,20.3,1011.0,99.0,AWS-KOL-101,Howrah,KOL,neighbor,False,
2025-02-03 02:00:00,19.7,1010.6,100.0,AWS-KOL-101,Howrah,KOL,neighbor,False,
2025-02-03 03:00:00,19.8,1010.5,100.0,AWS-KOL-101,Howrah,KOL,neighbor,False,
2025-02-03 04:00:00,19.5,1010.4,100.0,AWS-KOL-101,Howrah,KOL,neighbor,False,
2025-02-03 05:00:00,19.7,1011.0,100.0,AWS-KOL-101,Howrah,KOL,neighbor,False,
2025-02-03 06:00:00,20.5,1012.2,100.0,AWS-KOL-101,Howrah,KOL,neighbor,False,
2025-02-03 07:00:00,21.0,1013.1,99.0,AWS-KOL-101,Howrah,KOL,neighbor,False,
2025-02-03 08:00:00,22.0,1014.2,96.0,AWS-KOL-101,Howrah,KOL,neighbor,False,
2025-02-03 09:00:00,24.2,1015.0,82.0,AWS-KOL-101,Howrah,KOL,neighbor,False,
2025-02-03 10:00:00,26.6,1014.7,66.0,AWS-KOL-101,Howrah,KOL,neighbor,False,
2025-02-03 11:00:00,28.3,1013.5,50.0,AWS-KOL-101,Howrah,KOL,neighbor,False,
2025-02-03 12:00:00,29.3,1012.2,42.0,AWS-KOL-101,Howrah,KOL,neighbor,False,
2025-02-03 13:00:00,29.7,1011.0,38.0,AWS-KOL-101,Howrah,KOL,neighbor,False,
2025-02-03 14:00:00,29.5,1010.2,37.0,AWS-KOL-101,Howrah,KOL,neighbor,False,
2025-02-03 15:00:00,28.9,1010.3,38.0,AWS-KOL-101,Howrah,KOL,neighbor,False,
2025-02-03 16:00:00,27.6,1010.6,42.0,AWS-KOL-101,Howrah,KOL,neighbor,False,
2025-02-03 17:00:00,25.4,1011.2,52.0,AWS-KOL-101,Howrah,KOL,neighbor,False,
2025-02-03 18:00:00,23.9,1012.1,57.0,AWS-KOL-101,Howrah,KOL,neighbor,False,
2025-02-03 19:00:00,22.5,1013.0,65.0,AWS-KOL-101,Howrah,KOL,neighbor,False,
2025-02-03 20:00:00,22.4,1013.6,65.0,AWS-KOL-101,Howrah,KOL,neighbor,False,
2025-02-03 21:00:00,22.6,1013.7,63.0,AWS-KOL-101,Howrah,KOL,neighbor,False,
2025-02-03 22:00:00,22.0,1013.6,66.0,AWS-KOL-101,Howrah,KOL,neighbor,False,
2025-02-03 23:00:00,21.3,1013.8,66.0,AWS-KOL-101,Howrah,KOL,neighbor,False,
2025-02-04 00:00:00,20.4,1013.4,70.0,AWS-KOL-101,Howrah,KOL,neighbor,False,
2025-02-04 01:00:00,19.4,1012.9,75.0,AWS-KOL-101,Howrah,KOL,neighbor,False,
2025-02-04 02:00:00,18.5,1012.4,80.0,AWS-KOL-101,Howrah,KOL,neighbor,False,
2025-02-04 03:00:00,17.7,1012.2,84.0,AWS-KOL-101,Howrah,KOL,neighbor,False,
2025-02-04 04:00:00,17.0,1012.2,87.0,AWS-KOL-101,Howrah,KOL,neighbor,False,
2025-02-04 05:00:00,16.6,1012.6,87.0,AWS-KOL-101,Howrah,KOL,neighbor,False,
2025-02-04 06:00:00,16.7,1013.5,87.0,AWS-KOL-101,Howrah,KOL,neighbor,False,
2025-02-04 07:00:00,18.7,1014.3,75.0,AWS-KOL-101,Howrah,KOL,neighbor,False,
2025-02-04 08:00:00,21.5,1015.0,60.0,AWS-KOL-101,Howrah,KOL,neighbor,False,
2025-02-04 09:00:00,24.0,1015.5,50.0,AWS-KOL-101,Howrah,KOL,neighbor,False,
2025-02-04 10:00:00,25.9,1015.2,46.0,AWS-KOL-101,Howrah,KOL,neighbor,False,
2025-02-04 11:00:00,26.9,1014.1,44.0,AWS-KOL-101,Howrah,KOL,neighbor,False,
2025-02-04 12:00:00,27.5,1012.8,42.0,AWS-KOL-101,Howrah,KOL,neighbor,False,
2025-02-04 13:00:00,27.7,1030.4025416122784,43.0,AWS-KOL-101,Howrah,KOL,neighbor,True,spike
2025-02-04 14:00:00,27.6,1013.6517152663976,44.0,AWS-KOL-101,Howrah,KOL,neighbor,True,spike
2025-02-04 15:00:00,27.0,1010.8633747497304,47.0,AWS-KOL-101,Howrah,KOL,neighbor,True,spike
2025-02-04 16:00:00,26.1,1010.4,52.0,AWS-KOL-101,Howrah,KOL,neighbor,False,
2025-02-04 17:00:00,24.3,1010.7,62.0,AWS-KOL-101,Howrah,KOL,neighbor,False,
2025-02-04 18:00:00,23.5,1010.5,63.0,AWS-KOL-101,Howrah,KOL,neighbor,False,
2025-02-04 19:00:00,23.0,1011.0,64.0,AWS-KOL-101,Howrah,KOL,neighbor,False,
2025-02-04 20:00:00,22.3,1011.5,67.0,AWS-KOL-101,Howrah,KOL,neighbor,False,
2025-02-04 21:00:00,21.3,1011.7,73.0,AWS-KOL-101,Howrah,KOL,neighbor,False,
2025-02-04 22:00:00,20.3,1011.4,80.0,AWS-KOL-101,Howrah,KOL,neighbor,False,
2025-02-04 23:00:00,19.8,1010.9,84.0,AWS-KOL-101,Howrah,KOL,neighbor,False,
2025-02-05 00:00:00,18.9,1010.7,89.0,AWS-KOL-101,Howrah,KOL,neighbor,False,
2025-02-05 01:00:00,18.0,1010.3,92.0,AWS-KOL-101,Howrah,KOL,neighbor,False,
2025-02-05 02:00:00,17.3,1010.1,94.0,AWS-KOL-101,Howrah,KOL,neighbor,False,
2025-02-05 03:00:00,16.5,1010.1,96.0,AWS-KOL-101,Howrah,KOL,neighbor,False,
2025-02-05 04:00:00,16.2,1010.1,95.0,AWS-KOL-101,Howrah,KOL,neighbor,False,
2025-02-05 05:00:00,15.8,1010.7,95.0,AWS-KOL-101,Howrah,KOL,neighbor,False,
2025-02-05 06:00:00,16.5,1011.5,97.0,AWS-KOL-101,Howrah,KOL,neighbor,False,
2025-02-05 07:00:00,18.5,1012.2,87.0,AWS-KOL-101,Howrah,KOL,neighbor,False,
2025-02-05 08:00:00,21.2,1012.9,72.0,AWS-KOL-101,Howrah,KOL,neighbor,False,
2025-02-05 09:00:00,24.4,1013.2,59.0,AWS-KOL-101,Howrah,KOL,neighbor,False,
2025-02-05 10:00:00,27.0,1012.8,45.0,AWS-KOL-101,Howrah,KOL,neighbor,False,
2025-02-05 11:00:00,28.6,1011.8,37.0,AWS-KOL-101,Howrah,KOL,neighbor,False,
2025-02-05 12:00:00,29.2,1010.6,37.0,AWS-KOL-101,Howrah,KOL,neighbor,False,
2025-02-05 13:00:00,29.6,1009.2,37.0,AWS-KOL-101,Howrah,KOL,neighbor,False,
2025-02-05 14:00:00,29.7,1008.4,39.0,AWS-KOL-101,Howrah,KOL,neighbor,False,
2025-02-05 15:00:00,29.2,1008.1,41.0,AWS-KOL-101,Howrah,KOL,neighbor,False,
2025-02-05 16:00:00,28.4,1008.3,44.0,AWS-KOL-101,Howrah,KOL,neighbor,False,
2025-02-05 17:00:00,1349.7026672775185,1007.8996457929888,100.0,AWS-KOL-101,Howrah,KOL,neighbor,True,multivariate_inconsistency
2025-02-05 18:00:00,1348.2026672775185,1009.3121029116461,100.0,AWS-KOL-101,Howrah,KOL,neighbor,True,multivariate_inconsistency
2025-02-05 19:00:00,1347.9026672775185,1009.962366008942,100.0,AWS-KOL-101,Howrah,KOL,neighbor,True,multivariate_inconsistency
2025-02-05 20:00:00,1347.3026672775186,1011.1947640391627,100.0,AWS-KOL-101,Howrah,KOL,neighbor,True,multivariate_inconsistency
2025-02-05 21:00:00,23.5,1010.9,70.0,AWS-KOL-101,Howrah,KOL,neighbor,False,
2025-02-05 22:00:00,22.4,1011.2,82.0,AWS-KOL-101,Howrah,KOL,neighbor,False,
2025-02-05 23:00:00,21.5,1011.1,95.0,AWS-KOL-101,Howrah,KOL,neighbor,False,
2025-02-06 00:00:00,21.0,1010.8,98.0,AWS-KOL-101,Howrah,KOL,neighbor,False,
2025-02-06 01:00:00,20.5,1010.3,98.0,AWS-KOL-101,Howrah,KOL,neighbor,False,
2025-02-06 02:00:00,19.9,1010.0,99.0,AWS-KOL-101,Howrah,KOL,neighbor,False,
2025-02-06 03:00:00,19.8,1009.9,99.0,AWS-KOL-101,Howrah,KOL,neighbor,False,
2025-02-06 04:00:00,19.7,1010.0,99.0,AWS-KOL-101,Howrah,KOL,neighbor,False,
2025-02-06 05:00:00,19.9,1010.8,99.0,AWS-KOL-101,Howrah,KOL,neighbor,False,
2025-02-06 06:00:00,20.0,1011.8,98.0,AWS-KOL-101,Howrah,KOL,neighbor,False,
2025-02-06 07:00:00,21.5,1012.7,82.0,AWS-KOL-101,Howrah,KOL,neighbor,False,
2025-02-06 08:00:00,24.2,1013.5,65.0,AWS-KOL-101,Howrah,KOL,neighbor,False,
2025-02-06 09:00:00,26.6,1014.0,53.0,AWS-KOL-101,Howrah,KOL,neighbor,False,
2025-02-06 10:00:00,27.7,1013.4,50.0,AWS-KOL-101,Howrah,KOL,neighbor,False,
2025-02-06 11:00:00,28.6,1012.7,47.0,AWS-KOL-101,Howrah,KOL,neighbor,False,
2025-02-06 12:00:00,29.1,1011.6,46.0,AWS-KOL-101,Howrah,KOL,neighbor,False,
2025-02-06 13:00:00,29.3,1010.7,45.0,AWS-KOL-101,Howrah,KOL,neighbor,False,
2025-02-06 14:00:00,29.2,1010.0,46.0,AWS-KOL-101,Howrah,KOL,neighbor,False,
2025-02-06 15:00:00,28.7,1009.5,47.0,AWS-KOL-101,Howrah,KOL,neighbor,False,
2025-02-06 16:00:00,27.8,1009.6,49.0,AWS-KOL-101,Howrah,KOL,neighbor,False,
2025-02-06 17:00:00,25.3,1010.0,60.0,AWS-KOL-101,Howrah,KOL,neighbor,False,
2025-02-06 18:00:00,23.9,1010.5,67.0,AWS-KOL-101,Howrah,KOL,neighbor,False,
2025-02-06 19:00:00,23.6,1011.3,70.0,AWS-KOL-101,Howrah,KOL,neighbor,False,
2025-02-06 20:00:00,23.1,1011.9,71.0,AWS-KOL-101,Howrah,KOL,neighbor,False,
2025-02-06 21:00:00,22.6,1012.0,73.0,AWS-KOL-101,Howrah,KOL,neighbor,False,
2025-02-06 22:00:00,21.8,1012.2,76.0,AWS-KOL-101,Howrah,KOL,neighbor,False,
2025-02-06 23:00:00,20.1,1012.3,84.0,AWS-KOL-101,Howrah,KOL,neighbor,False,
2025-02-07 00:00:00,19.7,1012.1,82.0,AWS-KOL-101,Howrah,KOL,neighbor,False,
2025-02-07 01:00:00,19.3,1011.9,64.0,AWS-KOL-101,Howrah,KOL,neighbor,False,
2025-02-07 02:00:00,18.2,1011.7,58.0,AWS-KOL-101,Howrah,KOL,neighbor,False,
2025-02-07 03:00:00,17.4,1011.8,56.0,AWS-KOL-101,Howrah,KOL,neighbor,False,
2025-02-07 04:00:00,16.5,1012.3,56.0,AWS-KOL-101,Howrah,KOL,neighbor,False,
2025-02-07 05:00:00,15.6,1013.0,55.0,AWS-KOL-101,Howrah,KOL,neighbor,False,
2025-02-07 06:00:00,15.7,1014.3,58.0,AWS-KOL-101,Howrah,KOL,neighbor,False,
2025-02-07 07:00:00,17.5,1015.2,52.0,AWS-KOL-101,Howrah,KOL,neighbor,False,
2025-02-07 08:00:00,20.2,1016.3,45.0,AWS-KOL-101,Howrah,KOL,neighbor,False,
2025-02-07 09:00:00,22.2,1016.6,38.0,AWS-KOL-101,Howrah,KOL,neighbor,False,
2025-02-07 10:00:00,23.4,1016.1,36.0,AWS-KOL-101,Howrah,KOL,neighbor,False,
2025-02-07 11:00:00,24.5,1015.5,36.0,AWS-KOL-101,Howrah,KOL,neighbor,False,
2025-02-07 12:00:00,25.4,1014.3,33.0,AWS-KOL-101,Howrah,KOL,neighbor,False,
2025-02-07 13:00:00,25.9,1013.2,33.0,AWS-KOL-101,Howrah,KOL,neighbor,False,
2025-02-07 14:00:00,26.0,1012.2,34.0,AWS-KOL-101,Howrah,KOL,neighbor,False,
2025-02-07 15:00:00,25.6,1011.9,36.0,AWS-KOL-101,Howrah,KOL,neighbor,False,
2025-02-07 16:00:00,24.8,1012.0,38.0,AWS-KOL-101,Howrah,KOL,neighbor,False,
2025-02-07 17:00:00,22.4,1012.2,49.0,AWS-KOL-101,Howrah,KOL,neighbor,False,
2025-02-07 18:00:00,21.8,1012.6,54.0,AWS-KOL-101,Howrah,KOL,neighbor,False,
2025-02-07 19:00:00,21.4,1013.3,49.0,AWS-KOL-101,Howrah,KOL,neighbor,False,
2025-02-07 20:00:00,20.2,1013.7,53.0,AWS-KOL-101,Howrah,KOL,neighbor,False,
2025-02-07 21:00:00,19.6,1014.1,56.0,AWS-KOL-101,Howrah,KOL,neighbor,False,
2025-02-07 22:00:00,19.0,1014.1,62.0,AWS-KOL-101,Howrah,KOL,neighbor,False,
2025-02-07 23:00:00,18.1,1014.0,70.0,AWS-KOL-101,Howrah,KOL,neighbor,False,
2025-02-08 00:00:00,17.2,1013.6,76.0,AWS-KOL-101,Howrah,KOL,neighbor,False,
2025-02-08 01:00:00,15.4,1013.0,81.0,AWS-KOL-101,Howrah,KOL,neighbor,False,
2025-02-08 02:00:00,14.2,1012.6,83.0,AWS-KOL-101,Howrah,KOL,neighbor,False,
2025-02-08 03:00:00,13.6,1012.6,84.0,AWS-KOL-101,Howrah,KOL,neighbor,False,
2025-02-08 04:00:00,13.2,1012.7,87.0,AWS-KOL-101,Howrah,KOL,neighbor,False,
2025-02-08 05:00:00,13.0,1013.4,90.0,AWS-KOL-101,Howrah,KOL,neighbor,True,frozen_value
2025-02-08 06:00:00,13.8,1013.4117474526222,85.0,AWS-KOL-101,Howrah,KOL,neighbor,True,frozen_value
2025-02-08 07:00:00,15.8,1013.4053521773204,74.0,AWS-KOL-101,Howrah,KOL,neighbor,True,frozen_value
2025-02-08 08:00:00,19.0,1013.3368720418507,62.0,AWS-KOL-101,Howrah,KOL,neighbor,True,frozen_value
2025-02-08 09:00:00,22.2,1013.3374817941667,51.0,AWS-KOL-101,Howrah,KOL,neighbor,True,frozen_value
2025-02-08 10:00:00,24.5,1013.3515094610909,35.0,AWS-KOL-101,Howrah,KOL,neighbor,True,frozen_value
2025-02-08 11:00:00,25.6,1013.3425546797182,31.0,AWS-KOL-101,Howrah,KOL,neighbor,True,frozen_value
2025-02-08 12:00:00,26.0,1014.1,30.0,AWS-KOL-101,Howrah,KOL,neighbor,False,
2025-02-08 13:00:00,26.1,1013.0,30.0,AWS-KOL-101,Howrah,KOL,neighbor,False,
2025-02-08 14:00:00,25.7,1012.1,33.0,AWS-KOL-101,Howrah,KOL,neighbor,False,
2025-02-08 15:00:00,25.2,1011.7,34.0,AWS-KOL-101,Howrah,KOL,neighbor,False,
2025-02-08 16:00:00,24.0,1011.7,40.0,AWS-KOL-101,Howrah,KOL,neighbor,False,
2025-02-08 17:00:00,21.5,1012.3,52.0,AWS-KOL-101,Howrah,KOL,neighbor,False,
2025-02-08 18:00:00,20.3,1012.8,58.0,AWS-KOL-101,Howrah,KOL,neighbor,False,
2025-02-08 19:00:00,19.6,1013.3,60.0,AWS-KOL-101,Howrah,KOL,neighbor,False,
2025-02-08 20:00:00,19.5,1013.9,58.0,AWS-KOL-101,Howrah,KOL,neighbor,False,
2025-02-08 21:00:00,19.3,1014.2,57.0,AWS-KOL-101,Howrah,KOL,neighbor,False,
2025-02-08 22:00:00,18.6,1014.5,62.0,AWS-KOL-101,Howrah,KOL,neighbor,False,
2025-02-08 23:00:00,17.9,1014.2,65.0,AWS-KOL-101,Howrah,KOL,neighbor,False,
2025-02-09 00:00:00,1229.557830740676,1013.5218200439165,100.0,AWS-KOL-101,Howrah,KOL,neighbor,True,multivariate_inconsistency
2025-02-09 01:00:00,1228.057830740676,1013.6210573092424,100.0,AWS-KOL-101,Howrah,KOL,neighbor,True,multivariate_inconsistency
2025-02-09 02:00:00,1226.7578307406761,1011.6657184972113,100.0,AWS-KOL-101,Howrah,KOL,neighbor,True,multivariate_inconsistency
2025-02-09 03:00:00,13.4,1012.7,81.0,AWS-KOL-101,Howrah,KOL,neighbor,False,
2025-02-09 04:00:00,12.7,1012.6,86.0,AWS-KOL-101,Howrah,KOL,neighbor,False,
2025-02-09 05:00:00,12.3,1013.0,88.0,AWS-KOL-101,Howrah,KOL,neighbor,False,
2025-02-09 06:00:00,13.0,1013.7,89.0,AWS-KOL-101,Howrah,KOL,neighbor,False,
2025-02-09 07:00:00,15.5,1014.5,77.0,AWS-KOL-101,Howrah,KOL,neighbor,False,
2025-02-09 08:00:00,19.2,1015.5,62.0,AWS-KOL-101,Howrah,KOL,neighbor,False,
2025-02-09 09:00:00,22.6,1015.8,49.0,AWS-KOL-101,Howrah,KOL,neighbor,False,
2025-02-09 10:00:00,24.7,1015.4,40.0,AWS-KOL-101,Howrah,KOL,neighbor,False,
2025-02-09 11:00:00,25.7,1014.4,34.0,AWS-KOL-101,Howrah,KOL,neighbor,False,
2025-02-09 12:00:00,26.3,1013.1,33.0,AWS-KOL-101,Howrah,KOL,neighbor,False,
2025-02-09 13:00:00,697.3821351436355,841.8971281030515,0.0,AWS-KOL-101,Howrah,KOL,neighbor,True,unstructured_anomaly
2025-02-09 14:00:00,789.2202423361696,846.6574407026087,79.16452359610534,AWS-KOL-101,Howrah,KOL,neighbor,True,unstructured_anomaly
2025-02-09 15:00:00,-604.0937480528993,1100.0,88.91058876830678,AWS-KOL-101,Howrah,KOL,neighbor,True,unstructured_anomaly
2025-02-09 16:00:00,-616.3417994318506,1100.0,90.18082587568851,AWS-KOL-101,Howrah,KOL,neighbor,True,unstructured_anomaly
2025-02-09 17:00:00,804.2766657919977,873.5032714222873,0.393568221866083,AWS-KOL-101,Howrah,KOL,neighbor,True,unstructured_anomaly
2025-02-09 18:00:00,804.4623638085885,846.7902852934681,16.048625748811105,AWS-KOL-101,Howrah,KOL,neighbor,True,unstructured_anomaly
2025-02-09 19:00:00,21.1,1012.1,59.0,AWS-KOL-101,Howrah,KOL,neighbor,False,
2025-02-09 20:00:00,20.3,1012.6,61.0,AWS-KOL-101,Howrah,KOL,neighbor,False,
2025-02-09 21:00:00,19.5,1013.2,67.0,AWS-KOL-101,Howrah,KOL,neighbor,False,
2025-02-09 22:00:00,19.0,1013.4,73.0,AWS-KOL-101,Howrah,KOL,neighbor,False,
2025-02-09 23:00:00,17.8,1013.2,83.0,AWS-KOL-101,Howrah,KOL,neighbor,False,
2025-02-10 00:00:00,16.5,1012.9,91.0,AWS-KOL-101,Howrah,KOL,neighbor,False,
2025-02-10 01:00:00,15.7,1012.4,93.0,AWS-KOL-101,Howrah,KOL,neighbor,False,
2025-02-10 02:00:00,15.0,1012.3,95.0,AWS-KOL-101,Howrah,KOL,neighbor,False,
2025-02-10 03:00:00,14.7,1012.0,95.0,AWS-KOL-101,Howrah,KOL,neighbor,False,
2025-02-10 04:00:00,14.5,1012.2,95.0,AWS-KOL-101,Howrah,KOL,neighbor,False,
2025-02-10 05:00:00,14.2,1012.8,96.0,AWS-KOL-101,Howrah,KOL,neighbor,False,
2025-02-10 06:00:00,15.1,1014.1,98.0,AWS-KOL-101,Howrah,KOL,neighbor,True,drift
2025-02-10 07:00:00,58.11510314986159,1015.0,92.0,AWS-KOL-101,Howrah,KOL,neighbor,True,drift
2025-02-10 08:00:00,102.33020629972319,1015.7,75.0,AWS-KOL-101,Howrah,KOL,neighbor,True,drift
2025-02-10 09:00:00,146.14530944958477,1016.2,66.0,AWS-KOL-101,Howrah,KOL,neighbor,True,drift
2025-02-10 10:00:00,188.96041259944636,1015.8,58.0,AWS-KOL-101,Howrah,KOL,neighbor,True,drift
2025-02-10 11:00:00,230.87551574930797,1014.8,55.0,AWS-KOL-101,Howrah,KOL,neighbor,True,drift
2025-02-10 12:00:00,272.3906188991695,1013.5,52.0,AWS-KOL-101,Howrah,KOL,neighbor,True,drift
2025-02-10 13:00:00,313.60572204903116,1012.3,48.0,AWS-KOL-101,Howrah,KOL,neighbor,True,drift
2025-02-10 14:00:00,354.2208251988927,1011.4,47.0,AWS-KOL-101,Howrah,KOL,neighbor,True,drift
2025-02-10 15:00:00,394.6359283487543,1011.0,46.0,AWS-KOL-101,Howrah,KOL,neighbor,True,drift
2025-02-10 16:00:00,434.25103149861593,1011.1,50.0,AWS-KOL-101,Howrah,KOL,neighbor,True,drift
2025-02-10 17:00:00,472.5661346484775,1011.4,62.0,AWS-KOL-101,Howrah,KOL,neighbor,True,drift
2025-02-10 18:00:00,511.18123779833905,1011.6,72.0,AWS-KOL-101,Howrah,KOL,neighbor,True,drift
2025-02-10 19:00:00,551.0963409482007,1012.3,77.0,AWS-KOL-101,Howrah,KOL,neighbor,True,drift
2025-02-10 20:00:00,590.5114440980623,1012.6,85.0,AWS-KOL-101,Howrah,KOL,neighbor,True,drift
2025-02-10 21:00:00,630.4265472479238,1013.1,92.0,AWS-KOL-101,Howrah,KOL,neighbor,True,drift
2025-02-10 22:00:00,670.7416503977854,1013.2,95.0,AWS-KOL-101,Howrah,KOL,neighbor,True,drift
2025-02-10 23:00:00,711.1567535476471,1013.0,96.0,AWS-KOL-101,Howrah,KOL,neighbor,True,drift
2025-02-11 00:00:00,751.6718566975086,1012.5,97.0,AWS-KOL-101,Howrah,KOL,neighbor,True,drift
2025-02-11 01:00:00,792.2869598473702,1011.6,98.0,AWS-KOL-101,Howrah,KOL,neighbor,True,drift
2025-02-11 02:00:00,832.9020629972318,1010.9,98.0,AWS-KOL-101,Howrah,KOL,neighbor,True,drift
2025-02-11 03:00:00,873.4171661470933,1010.6,98.0,AWS-KOL-101,Howrah,KOL,neighbor,True,drift
2025-02-11 04:00:00,913.8322692969549,1010.8,98.0,AWS-KOL-101,Howrah,KOL,neighbor,True,drift
2025-02-11 05:00:00,953.3473724468166,1011.6,99.0,AWS-KOL-101,Howrah,KOL,neighbor,True,drift
2025-02-11 06:00:00,996.1624755966781,1012.4,98.0,AWS-KOL-101,Howrah,KOL,neighbor,True,drift
2025-02-11 07:00:00,1037.1775787465397,1013.1,94.0,AWS-KOL-101,Howrah,KOL,neighbor,True,drift
2025-02-11 08:00:00,1078.8926818964014,1014.0,86.0,AWS-KOL-101,Howrah,KOL,neighbor,True,drift
2025-02-11 09:00:00,1120.7077850462629,1014.7,79.0,AWS-KOL-101,Howrah,KOL,neighbor,True,drift
2025-02-11 10:00:00,1163.3228881961245,1014.4,67.0,AWS-KOL-101,Howrah,KOL,neighbor,True,drift
2025-02-11 11:00:00,1205.537991345986,1013.3,60.0,AWS-KOL-101,Howrah,KOL,neighbor,True,drift
2025-02-11 12:00:00,1247.4530944958476,1012.2,54.0,AWS-KOL-101,Howrah,KOL,neighbor,True,drift
2025-02-11 13:00:00,1288.8681976457094,1011.0,46.0,AWS-KOL-101,Howrah,KOL,neighbor,True,drift
2025-02-11 14:00:00,1329.6833007955709,1010.0,43.0,AWS-KOL-101,Howrah,KOL,neighbor,True,drift
2025-02-11 15:00:00,1369.9984039454323,1009.5,43.0,AWS-KOL-101,Howrah,KOL,neighbor,True,drift
2025-02-11 16:00:00,1409.6135070952942,1009.7,48.0,AWS-KOL-101,Howrah,KOL,neighbor,True,drift
2025-02-11 17:00:00,1447.5286102451557,1010.0,62.0,AWS-KOL-101,Howrah,KOL,neighbor,True,drift
2025-02-11 18:00:00,1486.8437133950172,1010.6,71.0,AWS-KOL-101,Howrah,KOL,neighbor,True,drift
2025-02-11 19:00:00,1526.4588165448788,1011.3,75.0,AWS-KOL-101,Howrah,KOL,neighbor,True,drift
2025-02-11 20:00:00,1566.8739196947404,1011.8,79.0,AWS-KOL-101,Howrah,KOL,neighbor,True,drift
2025-02-11 21:00:00,1606.389022844602,1011.9,94.0,AWS-KOL-101,Howrah,KOL,neighbor,True,drift
2025-02-11 22:00:00,1646.7041259944635,1012.2,96.0,AWS-KOL-101,Howrah,KOL,neighbor,True,drift
2025-02-11 23:00:00,1687.1192291443251,1012.2,97.0,AWS-KOL-101,Howrah,KOL,neighbor,True,drift
2025-02-12 00:00:00,1727.4343322941866,1011.9,98.0,AWS-KOL-101,Howrah,KOL,neighbor,True,drift
2025-02-12 01:00:00,1767.6494354440485,1011.0,98.0,AWS-KOL-101,Howrah,KOL,neighbor,True,drift
2025-02-12 02:00:00,1807.46453859391,1010.4,98.0,AWS-KOL-101,Howrah,KOL,neighbor,True,drift
2025-02-12 03:00:00,1847.8796417437713,1010.1,99.0,AWS-KOL-101,Howrah,KOL,neighbor,True,drift
2025-02-12 04:00:00,1887.9947448936332,1010.5,100.0,AWS-KOL-101,Howrah,KOL,neighbor,True,drift
2025-02-12 05:00:00,1927.9098480434948,1011.1,100.0,AWS-KOL-101,Howrah,KOL,neighbor,True,drift
2025-02-12 06:00:00,1970.0249511933562,1012.2,100.0,AWS-KOL-101,Howrah,KOL,neighbor,True,drift
2025-02-12 07:00:00,21.2,1013.0,98.0,AWS-KOL-101,Howrah,KOL,neighbor,False,
2025-02-12 08:00:00,21.9,1013.8,96.0,AWS-KOL-101,Howrah,KOL,neighbor,False,
2025-02-12 09:00:00,23.8,1014.5,83.0,AWS-KOL-101,Howrah,KOL,neighbor,False,
2025-02-12 10:00:00,26.6,1014.0,68.0,AWS-KOL-101,Howrah,KOL,neighbor,False,
2025-02-12 11:00:00,28.6,1012.9,56.0,AWS-KOL-101,Howrah,KOL,neighbor,False,
2025-02-12 12:00:00,30.1,1011.7,48.0,AWS-KOL-101,Howrah,KOL,neighbor,False,
2025-02-12 13:00:00,30.7,1010.4,45.0,AWS-KOL-101,Howrah,KOL,neighbor,False,
2025-02-12 14:00:00,30.9,1009.5,40.0,AWS-KOL-101,Howrah,KOL,neighbor,False,
2025-02-12 15:00:00,30.5,1009.2,38.0,AWS-KOL-101,Howrah,KOL,neighbor,False,
2025-02-12 16:00:00,29.0,1009.4,41.0,AWS-KOL-101,Howrah,KOL,neighbor,False,
2025-02-12 17:00:00,26.7,1009.8,49.0,AWS-KOL-101,Howrah,KOL,neighbor,False,
2025-02-12 18:00:00,25.2,1010.4,58.0,AWS-KOL-101,Howrah,KOL,neighbor,False,
2025-02-12 19:00:00,25.1,1011.0,57.0,AWS-KOL-101,Howrah,KOL,neighbor,False,
2025-02-12 20:00:00,25.4,1011.4,63.0,AWS-KOL-101,Howrah,KOL,neighbor,False,
2025-02-12 21:00:00,24.4,1011.8,73.0,AWS-KOL-101,Howrah,KOL,neighbor,False,
2025-02-12 22:00:00,23.0,1012.0,86.0,AWS-KOL-101,Howrah,KOL,neighbor,False,
2025-02-12 23:00:00,22.2,1011.8,96.0,AWS-KOL-101,Howrah,KOL,neighbor,False,
2025-02-13 00:00:00,21.9,1011.2,99.0,AWS-KOL-101,Howrah,KOL,neighbor,False,
2025-02-13 01:00:00,21.8,1010.4,100.0,AWS-KOL-101,Howrah,KOL,neighbor,False,
2025-02-13 02:00:00,21.7,1009.9,100.0,AWS-KOL-101,Howrah,KOL,neighbor,False,
2025-02-13 03:00:00,21.7,1009.9,100.0,AWS-KOL-101,Howrah,KOL,neighbor,False,
2025-02-13 04:00:00,21.7,1009.8,100.0,AWS-KOL-101,Howrah,KOL,neighbor,False,
2025-02-13 05:00:00,21.7,1009.9,100.0,AWS-KOL-101,Howrah,KOL,neighbor,False,
2025-02-13 06:00:00,22.2,1010.8,100.0,AWS-KOL-101,Howrah,KOL,neighbor,False,
2025-02-13 07:00:00,22.6,1011.6,99.0,AWS-KOL-101,Howrah,KOL,neighbor,False,
2025-02-13 08:00:00,648.1129374456534,854.9551798791414,45.7950923850109,AWS-KOL-101,Howrah,KOL,neighbor,True,unstructured_anomaly
2025-02-13 09:00:00,-710.47183663695,1100.0,100.0,AWS-KOL-101,Howrah,KOL,neighbor,True,unstructured_anomaly
2025-02-13 10:00:00,754.9073470132641,873.63414394831,100.0,AWS-KOL-101,Howrah,KOL,neighbor,True,unstructured_anomaly
2025-02-13 11:00:00,784.8253457658958,845.4171715762694,9.35133252351126,AWS-KOL-101,Howrah,KOL,neighbor,True,unstructured_anomaly
2025-02-13 12:00:00,-585.524419484829,1100.0,0.10954782551097964,AWS-KOL-101,Howrah,KOL,neighbor,True,unstructured_anomaly
2025-02-13 13:00:00,30.5,1009.8,41.0,AWS-KOL-101,Howrah,KOL,neighbor,False,
2025-02-13 14:00:00,30.4,1008.6,41.0,AWS-KOL-101,Howrah,KOL,neighbor,False,
2025-02-13 15:00:00,30.0,1008.2,42.0,AWS-KOL-101,Howrah,KOL,neighbor,False,
2025-02-13 16:00:00,28.8,1008.4,44.0,AWS-KOL-101,Howrah,KOL,neighbor,False,
2025-02-13 17:00:00,26.1,1009.0,56.0,AWS-KOL-101,Howrah,KOL,neighbor,False,
2025-02-13 18:00:00,24.9,1009.5,66.0,AWS-KOL-101,Howrah,KOL,neighbor,False,
2025-02-13 19:00:00,24.2,1010.4,69.0,AWS-KOL-101,Howrah,KOL,neighbor,False,
2025-02-13 20:00:00,23.2,1010.6,70.0,AWS-KOL-101,Howrah,KOL,neighbor,False,
2025-02-13 21:00:00,22.8,1011.3,72.0,AWS-KOL-101,Howrah,KOL,neighbor,False,
2025-02-13 22:00:00,22.2,1011.7,74.0,AWS-KOL-101,Howrah,KOL,neighbor,False,
2025-02-13 23:00:00,20.6,1011.4,83.0,AWS-KOL-101,Howrah,KOL,neighbor,False,
2025-02-14 00:00:00,19.9,1011.8,81.0,AWS-KOL-101,Howrah,KOL,neighbor,False,
2025-02-14 01:00:00,18.8,1011.3,77.0,AWS-KOL-101,Howrah,KOL,neighbor,False,
2025-02-14 02:00:00,18.2,1010.8,68.0,AWS-KOL-101,Howrah,KOL,neighbor,False,
2025-02-14 03:00:00,17.6,1010.8,59.0,AWS-KOL-101,Howrah,KOL,neighbor,False,
2025-02-14 04:00:00,16.8,1010.5,57.0,AWS-KOL-101,Howrah,KOL,neighbor,False,
2025-02-14 05:00:00,16.1,1011.1,57.0,AWS-KOL-101,Howrah,KOL,neighbor,False,
2025-02-14 06:00:00,16.7,1012.5,62.0,AWS-KOL-101,Howrah,KOL,neighbor,False,
2025-02-14 07:00:00,18.6,1013.4,57.0,AWS-KOL-101,Howrah,KOL,neighbor,False,
2025-02-14 08:00:00,21.7,1014.1,48.0,AWS-KOL-101,Howrah,KOL,neighbor,False,
2025-02-14 09:00:00,24.0,1014.8,39.0,AWS-KOL-101,Howrah,KOL,neighbor,False,
2025-02-14 10:00:00,25.4,1014.5,33.0,AWS-KOL-101,Howrah,KOL,neighbor,False,
2025-02-14 11:00:00,1202.800565781064,1013.5410902719317,78.52119165234214,AWS-KOL-101,Howrah,KOL,neighbor,True,multivariate_inconsistency
2025-02-14 12:00:00,1203.500565781064,1011.0557414428204,72.9125306317323,AWS-KOL-101,Howrah,KOL,neighbor,True,multivariate_inconsistency
2025-02-14 13:00:00,1203.800565781064,1009.0973922453805,72.91252866671238,AWS-KOL-101,Howrah,KOL,neighbor,True,multivariate_inconsistency
2025-02-14 14:00:00,27.7,1009.3,26.0,AWS-KOL-101,Howrah,KOL,neighbor,False,
2025-02-14 15:00:00,27.6,1008.6,28.0,AWS-KOL-101,Howrah,KOL,neighbor,False,
2025-02-14 16:00:00,26.4,1008.8,31.0,AWS-KOL-101,Howrah,KOL,neighbor,False,
2025-02-14 17:00:00,23.1,1009.3,49.0,AWS-KOL-101,Howrah,KOL,neighbor,False,
2025-02-14 18:00:00,21.7,1010.3,56.0,AWS-KOL-101,Howrah,KOL,neighbor,False,
2025-02-14 19:00:00,20.9,1010.6,59.0,AWS-KOL-101,Howrah,KOL,neighbor,False,
2025-02-14 20:00:00,20.2,1011.5,63.0,AWS-KOL-101,Howrah,KOL,neighbor,False,
2025-02-14 21:00:00,20.3,1012.0,62.0,AWS-KOL-101,Howrah,KOL,neighbor,False,
2025-02-14 22:00:00,19.4,1012.0,65.0,AWS-KOL-101,Howrah,KOL,neighbor,False,
2025-02-14 23:00:00,18.9,1011.7,69.0,AWS-KOL-101,Howrah,KOL,neighbor,False,
2025-02-15 00:00:00,17.8,1011.3,75.0,AWS-KOL-101,Howrah,KOL,neighbor,False,
2025-02-15 01:00:00,16.8,1011.0,77.0,AWS-KOL-101,Howrah,KOL,neighbor,False,
2025-02-15 02:00:00,15.2,1010.7,81.0,AWS-KOL-101,Howrah,KOL,neighbor,False,
2025-02-15 03:00:00,14.7,1010.4,,AWS-KOL-101,Howrah,KOL,neighbor,True,dropout
2025-02-15 04:00:00,14.3,1010.7,82.0,AWS-KOL-101,Howrah,KOL,neighbor,False,
2025-02-15 05:00:00,14.2,1011.4,82.0,AWS-KOL-101,Howrah,KOL,neighbor,False,
2025-02-15 06:00:00,15.6,1012.6,83.0,AWS-KOL-101,Howrah,KOL,neighbor,False,
2025-02-15 07:00:00,18.3,1013.3,71.0,AWS-KOL-101,Howrah,KOL,neighbor,False,
2025-02-15 08:00:00,22.2,1013.8,58.0,AWS-KOL-101,Howrah,KOL,neighbor,False,
2025-02-15 09:00:00,24.9,1014.1,48.0,AWS-KOL-101,Howrah,KOL,neighbor,False,
2025-02-15 10:00:00,26.8,1013.4,38.0,AWS-KOL-101,Howrah,KOL,neighbor,False,
2025-02-15 11:00:00,28.3,1012.0,31.0,AWS-KOL-101,Howrah,KOL,neighbor,False,
2025-02-15 12:00:00,29.1,1010.8,25.0,AWS-KOL-101,Howrah,KOL,neighbor,False,
2025-02-15 13:00:00,29.2,1009.6,24.0,AWS-KOL-101,Howrah,KOL,neighbor,False,
2025-02-15 14:00:00,28.9,1009.1,25.0,AWS-KOL-101,Howrah,KOL,neighbor,False,
2025-02-15 15:00:00,28.3,1008.7,27.0,AWS-KOL-101,Howrah,KOL,neighbor,False,
2025-02-15 16:00:00,27.2,1008.9,31.0,AWS-KOL-101,Howrah,KOL,neighbor,False,
2025-02-15 17:00:00,24.7,1009.4,45.0,AWS-KOL-101,Howrah,KOL,neighbor,False,
2025-02-15 18:00:00,23.9,1009.9,45.0,AWS-KOL-101,Howrah,KOL,neighbor,False,
2025-02-15 19:00:00,22.8,1010.5,52.0,AWS-KOL-101,Howrah,KOL,neighbor,False,
2025-02-15 20:00:00,21.7,1010.9,57.0,AWS-KOL-101,Howrah,KOL,neighbor,False,
2025-02-15 21:00:00,21.0,1011.1,61.0,AWS-KOL-101,Howrah,KOL,neighbor,False,
2025-02-15 22:00:00,20.6,1011.1,63.0,AWS-KOL-101,Howrah,KOL,neighbor,False,
2025-02-15 23:00:00,20.1,1011.2,69.0,AWS-KOL-101,Howrah,KOL,neighbor,False,
2025-02-16 00:00:00,18.7,1010.9,82.0,AWS-KOL-101,Howrah,KOL,neighbor,False,
2025-02-16 01:00:00,17.5,1010.5,94.0,AWS-KOL-101,Howrah,KOL,neighbor,False,
2025-02-16 02:00:00,16.9,1010.2,96.0,AWS-KOL-101,Howrah,KOL,neighbor,False,
2025-02-16 03:00:00,16.7,1009.9,96.0,AWS-KOL-101,Howrah,KOL,neighbor,False,
2025-02-16 04:00:00,16.5,1010.0,97.0,AWS-KOL-101,Howrah,KOL,neighbor,False,
2025-02-16 05:00:00,16.3,1010.7,97.0,AWS-KOL-101,Howrah,KOL,neighbor,False,
2025-02-16 06:00:00,16.6,1011.8,100.0,AWS-KOL-101,Howrah,KOL,neighbor,False,
2025-02-16 07:00:00,18.1,1012.7,96.0,AWS-KOL-101,Howrah,KOL,neighbor,False,
2025-02-16 08:00:00,22.0,1013.3,81.0,AWS-KOL-101,Howrah,KOL,neighbor,False,
2025-02-16 09:00:00,25.1,1013.6,67.0,AWS-KOL-101,Howrah,KOL,neighbor,False,
2025-02-16 10:00:00,27.6,1013.3,54.0,AWS-KOL-101,Howrah,KOL,neighbor,False,
2025-02-16 11:00:00,29.3,1012.3,45.0,AWS-KOL-101,Howrah,KOL,neighbor,False,
2025-02-16 12:00:00,30.4,1011.0,39.0,AWS-KOL-101,Howrah,KOL,neighbor,False,
2025-02-16 13:00:00,30.9,1010.0,36.0,AWS-KOL-101,Howrah,KOL,neighbor,False,
2025-02-16 14:00:00,31.0,1009.3,35.0,AWS-KOL-101,Howrah,KOL,neighbor,False,
2025-02-16 15:00:00,30.6,1009.1,36.0,AWS-KOL-101,Howrah,KOL,neighbor,False,
2025-02-16 16:00:00,29.4,1009.2,42.0,AWS-KOL-101,Howrah,KOL,neighbor,False,
2025-02-16 17:00:00,26.7,1009.6,56.0,AWS-KOL-101,Howrah,KOL,neighbor,False,
2025-02-16 18:00:00,26.1,1010.4,54.0,AWS-KOL-101,Howrah,KOL,neighbor,False,
2025-02-16 19:00:00,24.6,1011.0,60.0,AWS-KOL-101,Howrah,KOL,neighbor,False,
2025-02-16 20:00:00,23.6,1012.0,68.0,AWS-KOL-101,Howrah,KOL,neighbor,False,
2025-02-16 21:00:00,22.4,1012.6,80.0,AWS-KOL-101,Howrah,KOL,neighbor,False,
2025-02-16 22:00:00,21.7,1013.0,90.0,AWS-KOL-101,Howrah,KOL,neighbor,False,
2025-02-16 23:00:00,21.2,1012.9,-0.0077855351794429845,AWS-KOL-101,Howrah,KOL,neighbor,True,sensor_fail_low
2025-02-17 00:00:00,20.9,1012.7,-0.017175781589892684,AWS-KOL-101,Howrah,KOL,neighbor,True,sensor_fail_low
2025-02-17 01:00:00,20.9,1012.2,-0.03834956360086436,AWS-KOL-101,Howrah,KOL,neighbor,True,sensor_fail_low
2025-02-17 02:00:00,20.6,1011.8,-0.09913252900575041,AWS-KOL-101,Howrah,KOL,neighbor,True,sensor_fail_low
2025-02-17 03:00:00,20.8,1011.6,98.0,AWS-KOL-101,Howrah,KOL,neighbor,False,
2025-02-17 04:00:00,20.8,1011.6,99.0,AWS-KOL-101,Howrah,KOL,neighbor,False,
2025-02-17 05:00:00,20.0,1012.3,99.0,AWS-KOL-101,Howrah,KOL,neighbor,False,
2025-02-17 06:00:00,22.3,1013.2,98.0,AWS-KOL-101,Howrah,KOL,neighbor,False,
2025-02-17 07:00:00,23.4,1014.3,93.0,AWS-KOL-101,Howrah,KOL,neighbor,False,
2025-02-17 08:00:00,-3.929134834118841,1014.9,82.0,AWS-KOL-101,Howrah,KOL,neighbor,True,spike
2025-02-17 09:00:00,18.126220504837526,1015.1,68.0,AWS-KOL-101,Howrah,KOL,neighbor,True,spike
2025-02-17 10:00:00,25.963764101227646,1014.6,59.0,AWS-KOL-101,Howrah,KOL,neighbor,True,spike
2025-02-17 11:00:00,29.11346379116071,1013.8,53.0,AWS-KOL-101,Howrah,KOL,neighbor,True,spike
2025-02-17 12:00:00,30.6,1012.5,50.0,AWS-KOL-101,Howrah,KOL,neighbor,False,
2025-02-17 13:00:00,31.1,1011.7,48.0,AWS-KOL-101,Howrah,KOL,neighbor,False,
2025-02-17 14:00:00,31.2,1010.6,48.0,AWS-KOL-101,Howrah,KOL,neighbor,False,
2025-02-17 15:00:00,30.8,1010.3,49.0,AWS-KOL-101,Howrah,KOL,neighbor,False,
2025-02-17 16:00:00,30.0,1010.3,51.0,AWS-KOL-101,Howrah,KOL,neighbor,False,
2025-02-17 17:00:00,28.1,1010.8,59.0,AWS-KOL-101,Howrah,KOL,neighbor,False,
2025-02-17 18:00:00,26.4,1011.6,65.0,AWS-KOL-101,Howrah,KOL,neighbor,False,
2025-02-17 19:00:00,25.0,1012.6,78.0,AWS-KOL-101,Howrah,KOL,neighbor,True,drift
2025-02-17 20:00:00,24.4,1013.1,78.07655174691908,AWS-KOL-101,Howrah,KOL,neighbor,True,drift
2025-02-17 21:00:00,23.5,1013.5,75.74334468833004,AWS-KOL-101,Howrah,KOL,neighbor,True,drift
2025-02-17 22:00:00,22.8,1013.4,69.1464007010878,AWS-KOL-101,Howrah,KOL,neighbor,True,drift
2025-02-17 23:00:00,22.3,1013.1,59.70230190266408,AWS-KOL-101,Howrah,KOL,neighbor,True,drift
2025-02-18 00:00:00,21.9,1012.7,47.65374690527378,AWS-KOL-101,Howrah,KOL,neighbor,True,drift
2025-02-18 01:00:00,21.5,1012.5,34.165409846558,AWS-KOL-101,Howrah,KOL,neighbor,True,drift
2025-02-18 02:00:00,21.3,1012.1,19.358710095019475,AWS-KOL-101,Howrah,KOL,neighbor,True,drift
2025-02-18 03:00:00,21.2,1011.6,1.328061239724633,AWS-KOL-101,Howrah,KOL,neighbor,True,drift
2025-02-18 04:00:00,20.5,1011.6,0.0,AWS-KOL-101,Howrah,KOL,neighbor,True,drift
2025-02-18 05:00:00,20.2,1011.9,0.0,AWS-KOL-101,Howrah,KOL,neighbor,True,drift
2025-02-18 06:00:00,20.9,1012.9,0.0,AWS-KOL-101,Howrah,KOL,neighbor,True,drift
2025-02-18 07:00:00,22.2,1013.7,0.0,AWS-KOL-101,Howrah,KOL,neighbor,True,drift
2025-02-18 08:00:00,24.5,1014.4,0.0,AWS-KOL-101,Howrah,KOL,neighbor,True,drift
2025-02-18 09:00:00,26.3,1014.8,0.0,AWS-KOL-101,Howrah,KOL,neighbor,True,drift
2025-02-18 10:00:00,27.9,1014.6,0.0,AWS-KOL-101,Howrah,KOL,neighbor,True,drift
2025-02-18 11:00:00,29.2,1013.7,0.0,AWS-KOL-101,Howrah,KOL,neighbor,True,drift
2025-02-18 12:00:00,30.1,1012.4,0.0,AWS-KOL-101,Howrah,KOL,neighbor,True,drift
2025-02-18 13:00:00,30.7,1011.3,0.0,AWS-KOL-101,Howrah,KOL,neighbor,True,drift
2025-02-18 14:00:00,30.7,1010.3,0.0,AWS-KOL-101,Howrah,KOL,neighbor,True,drift
2025-02-18 15:00:00,29.6,1010.2,0.0,AWS-KOL-101,Howrah,KOL,neighbor,True,drift
2025-02-18 16:00:00,28.6,1010.5,0.0,AWS-KOL-101,Howrah,KOL,neighbor,True,drift
2025-02-18 17:00:00,27.3,1011.0,0.0,AWS-KOL-101,Howrah,KOL,neighbor,True,drift
2025-02-18 18:00:00,22.0,1012.8,87.0,AWS-KOL-101,Howrah,KOL,neighbor,False,
2025-02-18 19:00:00,22.2,1012.4,85.0,AWS-KOL-101,Howrah,KOL,neighbor,False,
2025-02-18 20:00:00,21.8,1012.8,88.0,AWS-KOL-101,Howrah,KOL,neighbor,False,
2025-02-18 21:00:00,21.6,1012.9,90.0,AWS-KOL-101,Howrah,KOL,neighbor,False,
2025-02-18 22:00:00,21.0,1013.1,93.0,AWS-KOL-101,Howrah,KOL,neighbor,False,
2025-02-18 23:00:00,20.6,1012.9,95.0,AWS-KOL-101,Howrah,KOL,neighbor,False,
2025-02-19 00:00:00,20.6,1012.3,95.0,AWS-KOL-101,Howrah,KOL,neighbor,False,
2025-02-19 01:00:00,20.2,1011.7,97.0,AWS-KOL-101,Howrah,KOL,neighbor,False,
2025-02-19 02:00:00,20.0,1011.4,97.0,AWS-KOL-101,Howrah,KOL,neighbor,False,
2025-02-19 03:00:00,19.7,1011.4,98.0,AWS-KOL-101,Howrah,KOL,neighbor,False,
2025-02-19 04:00:00,19.2,1011.6,99.0,AWS-KOL-101,Howrah,KOL,neighbor,False,
2025-02-19 05:00:00,19.0,1012.0,98.0,AWS-KOL-101,Howrah,KOL,neighbor,False,
2025-02-19 06:00:00,20.4,1012.9,96.0,AWS-KOL-101,Howrah,KOL,neighbor,False,
2025-02-19 07:00:00,19.6,1014.2,98.0,AWS-KOL-101,Howrah,KOL,neighbor,False,
2025-02-19 08:00:00,21.5,1014.4,89.0,AWS-KOL-101,Howrah,KOL,neighbor,False,
2025-02-19 09:00:00,22.9,1014.8,82.0,AWS-KOL-101,Howrah,KOL,neighbor,False,
2025-02-19 10:00:00,26.1,1014.3,70.0,AWS-KOL-101,Howrah,KOL,neighbor,False,
2025-02-19 11:00:00,26.9,1013.3,68.0,AWS-KOL-101,Howrah,KOL,neighbor,False,
2025-02-19 12:00:00,28.5,1012.0,60.0,AWS-KOL-101,Howrah,KOL,neighbor,False,
2025-02-19 13:00:00,29.2,1010.5,55.0,AWS-KOL-101,Howrah,KOL,neighbor,False,
2025-02-19 14:00:00,29.3,1009.7,53.0,AWS-KOL-101,Howrah,KOL,neighbor,False,
2025-02-19 15:00:00,29.0,1009.1,53.0,AWS-KOL-101,Howrah,KOL,neighbor,False,
2025-02-19 16:00:00,28.3,1009.3,55.0,AWS-KOL-101,Howrah,KOL,neighbor,False,
2025-02-19 17:00:00,24.0,1010.6,78.0,AWS-KOL-101,Howrah,KOL,neighbor,False,
2025-02-19 18:00:00,22.8,1010.9,82.0,AWS-KOL-101,Howrah,KOL,neighbor,False,
2025-02-19 19:00:00,22.0,1012.3,87.0,AWS-KOL-101,Howrah,KOL,neighbor,False,
2025-02-19 20:00:00,21.8,1012.5,87.0,AWS-KOL-101,Howrah,KOL,neighbor,False,
2025-02-19 21:00:00,21.3,1012.9,92.0,AWS-KOL-101,Howrah,KOL,neighbor,False,
2025-02-19 22:00:00,20.7,1013.2,96.0,AWS-KOL-101,Howrah,KOL,neighbor,False,
2025-02-19 23:00:00,20.8,1013.3,95.0,AWS-KOL-101,Howrah,KOL,neighbor,False,
2025-02-20 00:00:00,20.7,1012.9,93.0,AWS-KOL-101,Howrah,KOL,neighbor,False,
2025-02-20 01:00:00,20.5,1012.4,94.0,AWS-KOL-101,Howrah,KOL,neighbor,False,
2025-02-20 02:00:00,20.2,1011.6,96.0,AWS-KOL-101,Howrah,KOL,neighbor,False,
2025-02-20 03:00:00,20.0,1011.7,96.0,AWS-KOL-101,Howrah,KOL,neighbor,False,
2025-02-20 04:00:00,19.9,1011.9,97.0,AWS-KOL-101,Howrah,KOL,neighbor,False,
2025-02-20 05:00:00,20.1,1012.5,97.0,AWS-KOL-101,Howrah,KOL,neighbor,False,
2025-02-20 06:00:00,21.5,1013.3,96.0,AWS-KOL-101,Howrah,KOL,neighbor,False,
2025-02-20 07:00:00,23.3,1014.2,88.0,AWS-KOL-101,Howrah,KOL,neighbor,False,
2025-02-20 08:00:00,25.0,1014.6,80.0,AWS-KOL-101,Howrah,KOL,neighbor,False,
2025-02-20 09:00:00,23.0,1016.2,85.0,AWS-KOL-101,Howrah,KOL,neighbor,False,
2025-02-20 10:00:00,20.1,1016.2,97.0,AWS-KOL-101,Howrah,KOL,neighbor,False,
2025-02-20 11:00:00,23.0,1015.3,87.0,AWS-KOL-101,Howrah,KOL,neighbor,False,
2025-02-20 12:00:00,26.2,1014.2,72.0,AWS-KOL-101,Howrah,KOL,neighbor,False,
2025-02-20 13:00:00,27.0,1012.9,69.0,AWS-KOL-101,Howrah,KOL,neighbor,False,
2025-02-20 14:00:00,27.5,1011.9,68.0,AWS-KOL-101,Howrah,KOL,neighbor,False,
2025-02-20 15:00:00,27.1,1011.5,70.0,AWS-KOL-101,Howrah,KOL,neighbor,False,
2025-02-20 16:00:00,70.410791400383,1011.2,71.0,AWS-KOL-101,Howrah,KOL,neighbor,True,spike
2025-02-20 17:00:00,25.2,1011.5,80.0,AWS-KOL-101,Howrah,KOL,neighbor,False,
2025-02-20 18:00:00,20.9,1012.8,92.0,AWS-KOL-101,Howrah,KOL,neighbor,False,
2025-02-20 19:00:00,20.6,1014.1,94.0,AWS-KOL-101,Howrah,KOL,neighbor,False,
2025-02-20 20:00:00,20.6,1015.4,93.0,AWS-KOL-101,Howrah,KOL,neighbor,False,
2025-02-20 21:00:00,1320.8484537249967,1015.7642863024137,100.0,AWS-KOL-101,Howrah,KOL,neighbor,True,multivariate_inconsistency
2025-02-20 22:00:00,1320.8484537249967,1016.2195823013582,100.0,AWS-KOL-101,Howrah,KOL,neighbor,True,multivariate_inconsistency
2025-02-20 23:00:00,1319.9484537249966,1015.4673473467299,100.0,AWS-KOL-101,Howrah,KOL,neighbor,True,multivariate_inconsistency
2025-02-21 00:00:00,1319.3484537249967,1013.2940625409523,100.0,AWS-KOL-101,Howrah,KOL,neighbor,True,multivariate_inconsistency
2025-02-21 01:00:00,1319.0484537249965,1011.8314413429952,100.0,AWS-KOL-101,Howrah,KOL,neighbor,True,multivariate_inconsistency
2025-02-21 02:00:00,18.3,1012.9,98.0,AWS-KOL-101,Howrah,KOL,neighbor,False,
2025-02-21 03:00:00,18.1,1012.8,99.0,AWS-KOL-101,Howrah,KOL,neighbor,False,
2025-02-21 04:00:00,17.9,1013.0,99.0,AWS-KOL-101,Howrah,KOL,neighbor,False,
2025-02-21 05:00:00,17.8,1013.7,99.0,AWS-KOL-101,Howrah,KOL,neighbor,False,
2025-02-21 06:00:00,18.8,1014.8,98.0,AWS-KOL-101,Howrah,KOL,neighbor,False,
2025-02-21 07:00:00,20.7,1015.7,91.0,AWS-KOL-101,Howrah,KOL,neighbor,False,
2025-02-21 08:00:00,23.1,1016.6,82.0,AWS-KOL-101,Howrah,KOL,neighbor,False,
2025-02-21 09:00:00,25.1,1016.7,74.0,AWS-KOL-101,Howrah,KOL,neighbor,False,
2025-02-21 10:00:00,-676.7898356846385,1100.0,16.383492648771025,AWS-KOL-101,Howrah,KOL,neighbor,True,unstructured_anomaly
2025-02-21 11:00:00,760.9065174835416,877.9151676901987,15.357015991532549,AWS-KOL-101,Howrah,KOL,neighbor,True,unstructured_anomaly
2025-02-21 12:00:00,691.7479103186903,877.7118322318519,0.9282348526683748,AWS-KOL-101,Howrah,KOL,neighbor,True,unstructured_anomaly
2025-02-21 13:00:00,-715.549975735012,1100.0,100.0,AWS-KOL-101,Howrah,KOL,neighbor,True,unstructured_anomaly
2025-02-21 14:00:00,752.0378372301528,847.7239712471493,100.0,AWS-KOL-101,Howrah,KOL,neighbor,True,unstructured_anomaly
2025-02-21 15:00:00,29.1,1011.3,56.0,AWS-KOL-101,Howrah,KOL,neighbor,False,
2025-02-21 16:00:00,28.3,1011.2,59.0,AWS-KOL-101,Howrah,KOL,neighbor,False,
2025-02-21 17:00:00,26.2,1011.7,73.0,AWS-KOL-101,Howrah,KOL,neighbor,False,
2025-02-21 18:00:00,25.1,1012.1,75.0,AWS-KOL-101,Howrah,KOL,neighbor,False,
2025-02-21 19:00:00,24.0,1012.9,80.0,AWS-KOL-101,Howrah,KOL,neighbor,False,
2025-02-21 20:00:00,23.0,1013.4,86.0,AWS-KOL-101,Howrah,KOL,neighbor,False,
2025-02-21 21:00:00,22.5,1013.8,89.0,AWS-KOL-101,Howrah,KOL,neighbor,False,
2025-02-21 22:00:00,21.7,1013.8,95.0,AWS-KOL-101,Howrah,KOL,neighbor,False,
2025-02-21 23:00:00,21.4,1013.6,95.0,AWS-KOL-101,Howrah,KOL,neighbor,False,
2025-02-22 00:00:00,21.1,1013.5,98.0,AWS-KOL-101,Howrah,KOL,neighbor,False,
2025-02-22 01:00:00,20.7,1013.0,98.0,AWS-KOL-101,Howrah,KOL,neighbor,False,
2025-02-22 02:00:00,19.9,1012.8,98.0,AWS-KOL-101,Howrah,KOL,neighbor,False,
2025-02-22 03:00:00,19.5,1012.9,98.0,AWS-KOL-101,Howrah,KOL,neighbor,False,
2025-02-22 04:00:00,19.1,1013.3,99.0,AWS-KOL-101,Howrah,KOL,neighbor,False,
2025-02-22 05:00:00,18.9,1013.7,100.0,AWS-KOL-101,Howrah,KOL,neighbor,False,
2025-02-22 06:00:00,20.1,1014.1,100.0,AWS-KOL-101,Howrah,KOL,neighbor,False,
2025-02-22 07:00:00,21.7,1014.9,98.0,AWS-KOL-101,Howrah,KOL,neighbor,False,
2025-02-22 08:00:00,24.3,1015.8,87.0,AWS-KOL-101,Howrah,KOL,neighbor,False,
2025-02-22 09:00:00,26.7,1016.3,74.0,AWS-KOL-101,Howrah,KOL,neighbor,False,
2025-02-22 10:00:00,28.1,1016.2,66.0,AWS-KOL-101,Howrah,KOL,neighbor,False,
2025-02-22 11:00:00,28.5,1015.2,64.0,AWS-KOL-101,Howrah,KOL,neighbor,False,
2025-02-22 12:00:00,29.6,1013.9,61.0,AWS-KOL-101,Howrah,KOL,neighbor,False,
2025-02-22 13:00:00,28.2,1012.7,65.0,AWS-KOL-101,Howrah,KOL,neighbor,False,
2025-02-22 14:00:00,23.8,1013.2,81.0,AWS-KOL-101,Howrah,KOL,neighbor,False,
2025-02-22 15:00:00,25.0,1012.0,78.0,AWS-KOL-101,Howrah,KOL,neighbor,False,
2025-02-22 16:00:00,23.6,1012.7,80.0,AWS-KOL-101,Howrah,KOL,neighbor,False,
2025-02-22 17:00:00,22.6,1013.4,80.0,AWS-KOL-101,Howrah,KOL,neighbor,False,
2025-02-22 18:00:00,-745.5387608453997,1100.0,100.0,AWS-KOL-101,Howrah,KOL,neighbor,True,unstructured_anomaly
2025-02-22 19:00:00,707.9994604316769,859.9719011893001,100.0,AWS-KOL-101,Howrah,KOL,neighbor,True,unstructured_anomaly
2025-02-22 20:00:00,770.5168066669416,846.5886268853671,31.44561971657859,AWS-KOL-101,Howrah,KOL,neighbor,True,unstructured_anomaly
2025-02-22 21:00:00,793.9340152087121,848.2416811257935,37.38156167903262,AWS-KOL-101,Howrah,KOL,neighbor,True,unstructured_anomaly
2025-02-22 22:00:00,-682.3296363064063,1100.0,100.0,AWS-KOL-101,Howrah,KOL,neighbor,True,unstructured_anomaly
2025-02-22 23:00:00,670.6303973672483,885.4822960421446,46.76819355770655,AWS-KOL-101,Howrah,KOL,neighbor,True,unstructured_anomaly
2025-02-23 00:00:00,19.1,1014.4,95.0,AWS-KOL-101,Howrah,KOL,neighbor,False,
2025-02-23 01:00:00,19.1,1013.9,94.0,AWS-KOL-101,Howrah,KOL,neighbor,False,
2025-02-23 02:00:00,18.6,1013.5,96.0,AWS-KOL-101,Howrah,KOL,neighbor,False,
2025-02-23 03:00:00,18.2,1013.5,98.0,AWS-KOL-101,Howrah,KOL,neighbor,False,
2025-02-23 04:00:00,17.7,1014.0,98.0,AWS-KOL-101,Howrah,KOL,neighbor,False,
2025-02-23 05:00:00,17.8,1014.7,98.0,AWS-KOL-101,Howrah,KOL,neighbor,False,
2025-02-23 06:00:00,19.7,1015.9,95.0,AWS-KOL-101,Howrah,KOL,neighbor,False,
2025-02-23 07:00:00,19.7,1016.7,93.0,AWS-KOL-101,Howrah,KOL,neighbor,False,
2025-02-23 08:00:00,21.8,1017.2,82.0,AWS-KOL-101,Howrah,KOL,neighbor,False,
2025-02-23 09:00:00,24.1,1017.5,73.0,AWS-KOL-101,Howrah,KOL,neighbor,False,
2025-02-23 10:00:00,25.9,1017.3,69.0,AWS-KOL-101,Howrah,KOL,neighbor,False,
2025-02-23 11:00:00,26.4,1016.2,67.0,AWS-KOL-101,Howrah,KOL,neighbor,False,
2025-02-23 12:00:00,27.3,1014.8,64.0,AWS-KOL-101,Howrah,KOL,neighbor,True,frozen_value
2025-02-23 13:00:00,27.247356605042462,1013.9,63.0,AWS-KOL-101,Howrah,KOL,neighbor,True,frozen_value
2025-02-23 14:00:00,27.23183880841309,1013.0,62.0,AWS-KOL-101,Howrah,KOL,neighbor,True,frozen_value
2025-02-23 15:00:00,27.19947265371993,1012.6,63.0,AWS-KOL-101,Howrah,KOL,neighbor,True,frozen_value
2025-02-23 16:00:00,27.19150350956088,1012.6,65.0,AWS-KOL-101,Howrah,KOL,neighbor,True,frozen_value
2025-02-23 17:00:00,27.225341669493247,1013.3,77.0,AWS-KOL-101,Howrah,KOL,neighbor,True,frozen_value
2025-02-23 18:00:00,27.201262205544108,1014.0,96.0,AWS-KOL-101,Howrah,KOL,neighbor,True,frozen_value
2025-02-23 19:00:00,27.265172863544738,1015.1,94.0,AWS-KOL-101,Howrah,KOL,neighbor,True,frozen_value
2025-02-23 20:00:00,20.6,1016.0,95.0,AWS-KOL-101,Howrah,KOL,neighbor,False,
2025-02-23 21:00:00,20.3,1016.2,93.0,AWS-KOL-101,Howrah,KOL,neighbor,False,
2025-02-23 22:00:00,20.7,1016.3,92.0,AWS-KOL-101,Howrah,KOL,neighbor,False,
2025-02-23 23:00:00,20.4,1015.7,92.0,AWS-KOL-101,Howrah,KOL,neighbor,False,
2025-02-24 00:00:00,19.5,1015.4,92.0,AWS-KOL-101,Howrah,KOL,neighbor,False,
2025-02-24 01:00:00,19.1,1015.0,91.0,AWS-KOL-101,Howrah,KOL,neighbor,False,
2025-02-24 02:00:00,19.0,1014.8,91.0,AWS-KOL-101,Howrah,KOL,neighbor,False,
2025-02-24 03:00:00,18.3,1014.8,94.0,AWS-KOL-101,Howrah,KOL,neighbor,False,
2025-02-24 04:00:00,17.5,1015.3,97.0,AWS-KOL-101,Howrah,KOL,neighbor,False,
2025-02-24 05:00:00,17.1,1016.2,97.0,AWS-KOL-101,Howrah,KOL,neighbor,False,
2025-02-24 06:00:00,19.2,1017.3,98.0,AWS-KOL-101,Howrah,KOL,neighbor,False,
2025-02-24 07:00:00,20.9,1018.2,92.0,AWS-KOL-101,Howrah,KOL,neighbor,False,
2025-02-24 08:00:00,23.2,1019.0,82.0,AWS-KOL-101,Howrah,KOL,neighbor,False,
2025-02-24 09:00:00,25.7,1019.1,72.0,AWS-KOL-101,Howrah,KOL,neighbor,False,
2025-02-24 10:00:00,27.6,1018.6,62.0,AWS-KOL-101,Howrah,KOL,neighbor,False,
2025-02-24 11:00:00,28.6,1017.6,52.0,AWS-KOL-101,Howrah,KOL,neighbor,False,
2025-02-24 12:00:00,28.6,1016.4,50.0,AWS-KOL-101,Howrah,KOL,neighbor,False,
2025-02-24 13:00:00,29.0,1015.2,48.0,AWS-KOL-101,Howrah,KOL,neighbor,False,
2025-02-24 14:00:00,29.0,1013.9,48.0,AWS-KOL-101,Howrah,KOL,neighbor,False,
2025-02-24 15:00:00,28.6,1013.3,50.0,AWS-KOL-101,Howrah,KOL,neighbor,False,
2025-02-24 16:00:00,27.9,1013.2,53.0,AWS-KOL-101,Howrah,KOL,neighbor,False,
2025-02-24 17:00:00,25.9,1013.5,66.0,AWS-KOL-101,Howrah,KOL,neighbor,False,
2025-02-24 18:00:00,24.3,1014.0,69.0,AWS-KOL-101,Howrah,KOL,neighbor,False,
2025-02-24 19:00:00,23.8,1015.0,68.0,AWS-KOL-101,Howrah,KOL,neighbor,False,
2025-02-24 20:00:00,23.2,1015.9,71.0,AWS-KOL-101,Howrah,KOL,neighbor,False,
2025-02-24 21:00:00,22.1,1016.4,80.0,AWS-KOL-101,Howrah,KOL,neighbor,False,
2025-02-24 22:00:00,21.9,1016.4,80.0,AWS-KOL-101,Howrah,KOL,neighbor,False,
2025-02-24 23:00:00,21.7,1016.1,76.0,AWS-KOL-101,Howrah,KOL,neighbor,False,
2025-02-25 00:00:00,21.4,1015.7,77.0,AWS-KOL-101,Howrah,KOL,neighbor,False,
2025-02-25 01:00:00,20.5,1015.4,83.0,AWS-KOL-101,Howrah,KOL,neighbor,False,
2025-02-25 02:00:00,19.6,1015.7,88.0,AWS-KOL-101,Howrah,KOL,neighbor,False,
2025-02-25 03:00:00,19.0,1015.6,90.0,AWS-KOL-101,Howrah,KOL,neighbor,False,
2025-02-25 04:00:00,18.4,1015.6,91.0,AWS-KOL-101,Howrah,KOL,neighbor,False,
2025-02-25 05:00:00,18.2,1016.1,91.0,AWS-KOL-101,Howrah,KOL,neighbor,False,
2025-02-25 06:00:00,20.1,1017.4,86.0,AWS-KOL-101,Howrah,KOL,neighbor,False,
2025-02-25 07:00:00,22.3,1018.3,79.0,AWS-KOL-101,Howrah,KOL,neighbor,False,
2025-02-25 08:00:00,24.5,1018.9,69.0,AWS-KOL-101,Howrah,KOL,neighbor,False,
2025-02-25 09:00:00,26.6,1019.4,60.0,AWS-KOL-101,Howrah,KOL,neighbor,False,
2025-02-25 10:00:00,28.0,1019.1,54.0,AWS-KOL-101,Howrah,KOL,neighbor,False,
2025-02-25 11:00:00,29.0,1018.2,47.0,AWS-KOL-101,Howrah,KOL,neighbor,False,
2025-02-25 12:00:00,29.2,1017.0,45.0,AWS-KOL-101,Howrah,KOL,neighbor,False,
2025-02-25 13:00:00,29.4,1015.7,44.0,AWS-KOL-101,Howrah,KOL,neighbor,False,
2025-02-25 14:00:00,29.2,1015.2,45.0,AWS-KOL-101,Howrah,KOL,neighbor,False,
2025-02-25 15:00:00,28.6,1015.0,49.0,AWS-KOL-101,Howrah,KOL,neighbor,False,
2025-02-25 16:00:00,27.8,1015.1,54.0,AWS-KOL-101,Howrah,KOL,neighbor,False,
2025-02-25 17:00:00,25.5,1015.5,70.0,AWS-KOL-101,Howrah,KOL,neighbor,False,
2025-02-25 18:00:00,24.7,1016.4,73.0,AWS-KOL-101,Howrah,KOL,neighbor,False,
2025-02-25 19:00:00,24.1,1017.5,75.0,AWS-KOL-101,Howrah,KOL,neighbor,False,
2025-02-25 20:00:00,23.1,1018.2,78.0,AWS-KOL-101,Howrah,KOL,neighbor,False,
2025-02-25 21:00:00,22.2,1018.2,81.0,AWS-KOL-101,Howrah,KOL,neighbor,False,
2025-02-25 22:00:00,21.2,1018.1,85.0,AWS-KOL-101,Howrah,KOL,neighbor,False,
2025-02-25 23:00:00,20.9,1017.9,86.0,AWS-KOL-101,Howrah,KOL,neighbor,False,
2025-02-26 00:00:00,20.7,1017.4,86.0,AWS-KOL-101,Howrah,KOL,neighbor,False,
2025-02-26 01:00:00,20.3,1016.9,87.0,AWS-KOL-101,Howrah,KOL,neighbor,False,
2025-02-26 02:00:00,19.1,1016.8,92.0,AWS-KOL-101,Howrah,KOL,neighbor,False,
2025-02-26 03:00:00,18.9,1016.8,92.0,AWS-KOL-101,Howrah,KOL,neighbor,False,
2025-02-26 04:00:00,18.0,1016.9,94.0,AWS-KOL-101,Howrah,KOL,neighbor,False,
2025-02-26 05:00:00,17.6,1017.4,94.0,AWS-KOL-101,Howrah,KOL,neighbor,False,
2025-02-26 06:00:00,19.5,1018.2,93.0,AWS-KOL-101,Howrah,KOL,neighbor,False,
2025-02-26 07:00:00,21.7,1019.1,82.0,AWS-KOL-101,Howrah,KOL,neighbor,False,
2025-02-26 08:00:00,23.8,1019.8,73.0,AWS-KOL-101,Howrah,KOL,neighbor,False,
2025-02-26 09:00:00,26.0,1020.1,63.0,AWS-KOL-101,Howrah,KOL,neighbor,False,
2025-02-26 10:00:00,27.8,1019.9,54.0,AWS-KOL-101,Howrah,KOL,neighbor,False,
2025-02-26 11:00:00,28.8,1018.5,49.0,AWS-KOL-101,Howrah,KOL,neighbor,False,
2025-02-26 12:00:00,29.4,1017.3,47.0,AWS-KOL-101,Howrah,KOL,neighbor,False,
2025-02-26 13:00:00,29.5,1015.8,47.0,AWS-KOL-101,Howrah,KOL,neighbor,False,
2025-02-26 14:00:00,29.5,1014.5,47.0,AWS-KOL-101,Howrah,KOL,neighbor,False,
2025-02-26 15:00:00,,1014.2,49.0,AWS-KOL-101,Howrah,KOL,neighbor,True,dropout
2025-02-26 16:00:00,27.6,1014.4,53.0,AWS-KOL-101,Howrah,KOL,neighbor,False,
2025-02-26 17:00:00,25.5,1014.4,65.0,AWS-KOL-101,Howrah,KOL,neighbor,False,
2025-02-26 18:00:00,24.6,1015.0,65.0,AWS-KOL-101,Howrah,KOL,neighbor,False,
2025-02-26 19:00:00,23.8,1015.6,69.0,AWS-KOL-101,Howrah,KOL,neighbor,False,
2025-02-26 20:00:00,22.9,1016.3,71.0,AWS-KOL-101,Howrah,KOL,neighbor,False,
2025-02-26 21:00:00,22.2,1016.6,76.0,AWS-KOL-101,Howrah,KOL,neighbor,False,
2025-02-26 22:00:00,21.5,1016.5,82.0,AWS-KOL-101,Howrah,KOL,neighbor,False,
2025-02-26 23:00:00,21.2,1016.2,84.0,AWS-KOL-101,Howrah,KOL,neighbor,False,
2025-02-27 00:00:00,20.8,1015.4,85.0,AWS-KOL-101,Howrah,KOL,neighbor,False,
2025-02-27 01:00:00,20.7,1014.9,84.0,AWS-KOL-101,Howrah,KOL,neighbor,False,
2025-02-27 02:00:00,20.1,1014.5,88.0,AWS-KOL-101,Howrah,KOL,neighbor,False,
2025-02-27 03:00:00,19.5,1014.3,92.0,AWS-KOL-101,Howrah,KOL,neighbor,False,
2025-02-27 04:00:00,18.6,1014.7,95.0,AWS-KOL-101,Howrah,KOL,neighbor,False,
2025-02-27 05:00:00,17.9,1015.4,94.0,AWS-KOL-101,Howrah,KOL,neighbor,False,
2025-02-27 06:00:00,19.2,1016.3,92.0,AWS-KOL-101,Howrah,KOL,neighbor,False,
2025-02-27 07:00:00,21.3,1017.0,84.0,AWS-KOL-101,Howrah,KOL,neighbor,False,
2025-02-27 08:00:00,24.1,1017.4,70.0,AWS-KOL-101,Howrah,KOL,neighbor,False,
2025-02-27 09:00:00,26.5,1017.5,58.0,AWS-KOL-101,Howrah,KOL,neighbor,False,
2025-02-27 10:00:00,28.1,1016.8,51.0,AWS-KOL-101,Howrah,KOL,neighbor,False,
2025-02-27 11:00:00,29.1,1015.6,49.0,AWS-KOL-101,Howrah,KOL,neighbor,False,
2025-02-27 12:00:00,29.7,1033.4129931275356,47.0,AWS-KOL-101,Howrah,KOL,neighbor,True,spike
2025-02-27 13:00:00,30.1,1017.3007629857138,46.0,AWS-KOL-101,Howrah,KOL,neighbor,True,spike
2025-02-27 14:00:00,29.8,1012.5677480725213,47.0,AWS-KOL-101,Howrah,KOL,neighbor,True,spike
2025-02-27 15:00:00,29.4,1011.21776050784,49.0,AWS-KOL-101,Howrah,KOL,neighbor,True,spike
2025-02-27 16:00:00,28.6,1011.3,53.0,AWS-KOL-101,Howrah,KOL,neighbor,False,
2025-02-27 17:00:00,26.4,1011.6,69.0,AWS-KOL-101,Howrah,KOL,neighbor,False,
2025-02-27 18:00:00,25.4,1012.3,73.0,AWS-KOL-101,Howrah,KOL,neighbor,False,
2025-02-27 19:00:00,24.7,1013.0,74.0,AWS-KOL-101,Howrah,KOL,neighbor,False,
2025-02-27 20:00:00,23.9,1013.9,78.0,AWS-KOL-101,Howrah,KOL,neighbor,False,
2025-02-27 21:00:00,23.1,1014.6,82.0,AWS-KOL-101,Howrah,KOL,neighbor,False,
2025-02-27 22:00:00,22.0,1014.7,89.0,AWS-KOL-101,Howrah,KOL,neighbor,False,
2025-02-27 23:00:00,21.5,1014.0,93.0,AWS-KOL-101,Howrah,KOL,neighbor,False,
2025-02-28 00:00:00,20.9,1013.7,95.0,AWS-KOL-101,Howrah,KOL,neighbor,False,
2025-02-28 01:00:00,20.8,1013.2,95.0,AWS-KOL-101,Howrah,KOL,neighbor,False,
2025-02-28 02:00:00,20.4,1012.6,96.0,AWS-KOL-101,Howrah,KOL,neighbor,False,
2025-02-28 03:00:00,20.1,1012.3,96.0,AWS-KOL-101,Howrah,KOL,neighbor,False,
2025-02-28 04:00:00,20.1,1012.9,97.0,AWS-KOL-101,Howrah,KOL,neighbor,False,
2025-02-28 05:00:00,19.6,1013.5,98.0,AWS-KOL-101,Howrah,KOL,neighbor,False,
2025-02-28 06:00:00,1769.7506206553173,1014.2450887738617,100.0,AWS-KOL-101,Howrah,KOL,neighbor,True,multivariate_inconsistency
2025-02-28 07:00:00,1771.8506206553175,1015.6550667630103,100.0,AWS-KOL-101,Howrah,KOL,neighbor,True,multivariate_inconsistency
2025-02-28 08:00:00,1774.2506206553173,1013.4306204851999,100.0,AWS-KOL-101,Howrah,KOL,neighbor,True,multivariate_inconsistency
2025-02-28 09:00:00,1776.3506206553175,1016.4659445596401,100.0,AWS-KOL-101,Howrah,KOL,neighbor,True,multivariate_inconsistency
2025-02-28 10:00:00,1778.3506206553175,1014.4276028318352,100.0,AWS-KOL-101,Howrah,KOL,neighbor,True,multivariate_inconsistency
2025-02-28 11:00:00,30.4,1014.7,46.0,AWS-KOL-101,Howrah,KOL,neighbor,False,
2025-02-28 12:00:00,30.9,1013.5,42.0,AWS-KOL-101,Howrah,KOL,neighbor,False,
2025-02-28 13:00:00,31.0,1012.1,40.0,AWS-KOL-101,Howrah,KOL,neighbor,False,
2025-02-28 14:00:00,30.9,1010.9,39.0,AWS-KOL-101,Howrah,KOL,neighbor,False,
2025-02-28 15:00:00,30.5,1010.3,39.0,AWS-KOL-101,Howrah,KOL,neighbor,False,
2025-02-28 16:00:00,29.7,1010.4,-0.0269829497373763,AWS-KOL-101,Howrah,KOL,neighbor,True,sensor_fail_low
2025-02-28 17:00:00,27.3,1010.7,0.0242765877822742,AWS-KOL-101,Howrah,KOL,neighbor,True,sensor_fail_low
2025-02-28 18:00:00,25.7,1011.5,0.0034830562737556423,AWS-KOL-101,Howrah,KOL,neighbor,True,sensor_fail_low
2025-02-28 19:00:00,24.6,1012.3,-0.0040702556786650895,AWS-KOL-101,Howrah,KOL,neighbor,True,sensor_fail_low
2025-02-28 20:00:00,24.2,1013.2,68.0,AWS-KOL-101,Howrah,KOL,neighbor,False,
2025-02-28 21:00:00,22.8,1013.4,82.0,AWS-KOL-101,Howrah,KOL,neighbor,False,
2025-02-28 22:00:00,22.1,1013.4,90.0,AWS-KOL-101,Howrah,KOL,neighbor,False,
2025-02-28 23:00:00,22.0,1012.6,94.0,AWS-KOL-101,Howrah,KOL,neighbor,False,
2025-03-01 00:00:00,21.7,,96.0,AWS-KOL-101,Howrah,KOL,neighbor,True,dropout
2025-03-01 01:00:00,21.6,1011.3,97.0,AWS-KOL-101,Howrah,KOL,neighbor,False,
2025-03-01 02:00:00,21.5,1010.9,97.0,AWS-KOL-101,Howrah,KOL,neighbor,False,
2025-03-01 03:00:00,21.3,1010.6,97.0,AWS-KOL-101,Howrah,KOL,neighbor,False,
2025-03-01 04:00:00,20.7,1010.6,98.0,AWS-KOL-101,Howrah,KOL,neighbor,False,
2025-03-01 05:00:00,20.7,1011.1,98.0,AWS-KOL-101,Howrah,KOL,neighbor,False,
2025-03-01 06:00:00,22.3,1011.9,98.0,AWS-KOL-101,Howrah,KOL,neighbor,False,
2025-03-01 07:00:00,24.1,1012.7,92.0,AWS-KOL-101,Howrah,KOL,neighbor,False,
2025-03-01 08:00:00,26.5,1013.3,80.0,AWS-KOL-101,Howrah,KOL,neighbor,False,
2025-03-01 09:00:00,28.8,1013.3,66.0,AWS-KOL-101,Howrah,KOL,neighbor,False,
2025-03-01 10:00:00,30.6,1012.9,55.0,AWS-KOL-101,Howrah,KOL,neighbor,False,
2025-03-01 11:00:00,31.9,1011.5,50.0,AWS-KOL-101,Howrah,KOL,neighbor,False,
2025-03-01 12:00:00,32.8,1010.0,46.0,AWS-KOL-101,Howrah,KOL,neighbor,False,
2025-03-01 13:00:00,33.3,1008.7,43.0,AWS-KOL-101,Howrah,KOL,neighbor,False,
2025-03-01 14:00:00,33.2,1007.5,44.0,AWS-KOL-101,Howrah,KOL,neighbor,False,
2025-03-01 15:00:00,32.6,1007.0,45.0,AWS-KOL-101,Howrah,KOL,neighbor,False,
2025-03-01 16:00:00,31.6,1007.2,49.0,AWS-KOL-101,Howrah,KOL,neighbor,False,
2025-03-01 17:00:00,29.7,1007.5,60.0,AWS-KOL-101,Howrah,KOL,neighbor,False,
2025-03-01 18:00:00,27.4,1008.2,69.0,AWS-KOL-101,Howrah,KOL,neighbor,False,
2025-03-01 19:00:00,26.1,1009.2,74.0,AWS-KOL-101,Howrah,KOL,neighbor,False,
2025-03-01 20:00:00,25.4,1009.8,79.0,AWS-KOL-101,Howrah,KOL,neighbor,False,
2025-03-01 21:00:00,24.9,1010.0,81.0,AWS-KOL-101,Howrah,KOL,neighbor,False,
2025-03-01 22:00:00,24.5,1009.9,80.0,AWS-KOL-101,Howrah,KOL,neighbor,False,
2025-03-01 23:00:00,24.1,1009.0,79.0,AWS-KOL-101,Howrah,KOL,neighbor,False,
2025-03-02 00:00:00,22.7,1008.8,85.0,AWS-KOL-101,Howrah,KOL,neighbor,True,frozen_value
2025-03-02 01:00:00,22.637231866594185,1008.1,84.0,AWS-KOL-101,Howrah,KOL,neighbor,True,frozen_value
2025-03-02 02:00:00,22.551409023746906,1007.4,80.0,AWS-KOL-101,Howrah,KOL,neighbor,True,frozen_value
2025-03-02 03:00:00,22.50038566232201,1006.8,77.0,AWS-KOL-101,Howrah,KOL,neighbor,True,frozen_value
2025-03-02 04:00:00,22.52677700695313,1007.1,76.0,AWS-KOL-101,Howrah,KOL,neighbor,True,frozen_value
2025-03-02 05:00:00,22.57872967624983,1007.7,77.0,AWS-KOL-101,Howrah,KOL,neighbor,True,frozen_value
2025-03-02 06:00:00,22.539752621087047,1008.5,78.0,AWS-KOL-101,Howrah,KOL,neighbor,True,frozen_value
2025-03-02 07:00:00,22.61663384497906,1009.3,72.0,AWS-KOL-101,Howrah,KOL,neighbor,True,frozen_value
2025-03-02 08:00:00,22.63480125293124,1010.1,63.0,AWS-KOL-101,Howrah,KOL,neighbor,True,frozen_value
2025-03-02 09:00:00,28.5,1010.4,57.0,AWS-KOL-101,Howrah,KOL,neighbor,False,
2025-03-02 10:00:00,30.1,1010.2,55.0,AWS-KOL-101,Howrah,KOL,neighbor,False,
2025-03-02 11:00:00,31.6,1009.3,49.0,AWS-KOL-101,Howrah,KOL,neighbor,False,
2025-03-02 12:00:00,32.5,1008.1,46.0,AWS-KOL-101,Howrah,KOL,neighbor,False,
2025-03-02 13:00:00,33.0,1006.8,44.0,AWS-KOL-101,Howrah,KOL,neighbor,False,
2025-03-02 14:00:00,33.2,1005.8,42.0,AWS-KOL-101,Howrah,KOL,neighbor,False,
2025-03-02 15:00:00,32.4,1005.7,45.0,AWS-KOL-101,Howrah,KOL,neighbor,False,
2025-03-02 16:00:00,31.6,1005.7,48.0,AWS-KOL-101,Howrah,KOL,neighbor,False,
2025-03-02 17:00:00,29.6,1005.7,60.0,AWS-KOL-101,Howrah,KOL,neighbor,False,
2025-03-02 18:00:00,28.1,1006.3,70.0,AWS-KOL-101,Howrah,KOL,neighbor,False,
2025-03-02 19:00:00,27.3,1007.1,73.0,AWS-KOL-101,Howrah,KOL,neighbor,False,
2025-03-02 20:00:00,25.8,1008.0,81.0,AWS-KOL-101,Howrah,KOL,neighbor,False,
2025-03-02 21:00:00,25.1,1008.7,84.0,AWS-KOL-101,Howrah,KOL,neighbor,False,
2025-03-02 22:00:00,23.9,1009.3,94.0,AWS-KOL-101,Howrah,KOL,neighbor,False,
2025-03-02 23:00:00,24.1,1008.9,94.0,AWS-KOL-101,Howrah,KOL,neighbor,False,
2025-03-03 00:00:00,23.4,1008.7,95.0,AWS-KOL-101,Howrah,KOL,neighbor,False,
2025-03-03 01:00:00,23.4,1008.3,91.0,AWS-KOL-101,Howrah,KOL,neighbor,False,
2025-03-03 02:00:00,23.2,1007.7,91.0,AWS-KOL-101,Howrah,KOL,neighbor,False,
2025-03-03 03:00:00,22.8,,93.0,AWS-KOL-101,Howrah,KOL,neighbor,True,dropout
2025-03-03 04:00:00,22.5,1007.9,92.0,AWS-KOL-101,Howrah,KOL,neighbor,False,
2025-03-03 05:00:00,21.7,1008.9,93.0,AWS-KOL-101,Howrah,KOL,neighbor,False,
2025-03-03 06:00:00,23.3,1010.0,93.0,AWS-KOL-101,Howrah,KOL,neighbor,False,
2025-03-03 07:00:00,25.4,1011.2,81.0,AWS-KOL-101,Howrah,KOL,neighbor,False,
2025-03-03 08:00:00,27.7,1011.9,60.0,AWS-KOL-101,Howrah,KOL,neighbor,False,
2025-03-03 09:00:00,30.0,1012.0,41.0,AWS-KOL-101,Howrah,KOL,neighbor,False,
2025-03-03 10:00:00,31.2,1011.9,35.0,AWS-KOL-101,Howrah,KOL,neighbor,False,
2025-03-03 11:00:00,32.0,1010.9,35.0,AWS-KOL-101,Howrah,KOL,neighbor,False,
2025-03-03 12:00:00,32.1,1009.6,36.0,AWS-KOL-101,Howrah,KOL,neighbor,False,
2025-03-03 13:00:00,32.3,1008.4,36.0,AWS-KOL-101,Howrah,KOL,neighbor,False,
2025-03-03 14:00:00,32.0,1007.4,37.0,AWS-KOL-101,Howrah,KOL,neighbor,False,
2025-03-03 15:00:00,31.5,1006.5,39.0,AWS-KOL-101,Howrah,KOL,neighbor,False,
2025-03-03 16:00:00,30.6,1006.9,42.0,AWS-KOL-101,Howrah,KOL,neighbor,False,
2025-03-03 17:00:00,28.4,1007.6,58.0,AWS-KOL-101,Howrah,KOL,neighbor,False,
2025-03-03 18:00:00,26.7,1008.0,61.0,AWS-KOL-101,Howrah,KOL,neighbor,False,
2025-03-03 19:00:00,26.1,1008.7,65.0,AWS-KOL-101,Howrah,KOL,neighbor,False,
2025-03-03 20:00:00,26.3,1009.0,61.0,AWS-KOL-101,Howrah,KOL,neighbor,False,
2025-03-03 21:00:00,26.2,1009.2,59.0,AWS-KOL-101,Howrah,KOL,neighbor,False,
2025-03-03 22:00:00,25.0,1009.5,75.0,AWS-KOL-101,Howrah,KOL,neighbor,False,
2025-03-03 23:00:00,23.8,1009.3,94.0,AWS-KOL-101,Howrah,KOL,neighbor,False,
2025-03-04 00:00:00,23.3,1009.2,97.0,AWS-KOL-101,Howrah,KOL,neighbor,False,
2025-03-04 01:00:00,22.4,1009.0,99.0,AWS-KOL-101,Howrah,KOL,neighbor,False,
2025-03-04 02:00:00,21.7,1008.6,97.0,AWS-KOL-101,Howrah,KOL,neighbor,False,
2025-03-04 03:00:00,21.5,1008.6,90.0,AWS-KOL-101,Howrah,KOL,neighbor,False,
2025-03-04 04:00:00,21.7,1008.8,86.0,AWS-KOL-101,Howrah,KOL,neighbor,False,
2025-03-04 05:00:00,21.3,1009.4,85.0,AWS-KOL-101,Howrah,KOL,neighbor,False,
2025-03-04 06:00:00,21.7,1010.8,75.0,AWS-KOL-101,Howrah,KOL,neighbor,False,
2025-03-04 07:00:00,23.7,1011.7,66.0,AWS-KOL-101,Howrah,KOL,neighbor,False,
2025-03-04 08:00:00,26.7,1012.2,52.0,AWS-KOL-101,Howrah,KOL,neighbor,False,
2025-03-04 09:00:00,29.0,1012.4,35.0,AWS-KOL-101,Howrah,KOL,neighbor,False,
2025-03-04 10:00:00,30.0,1012.5,32.0,AWS-KOL-101,Howrah,KOL,neighbor,False,
2025-03-04 11:00:00,30.6,1011.5,31.0,AWS-KOL-101,Howrah,KOL,neighbor,False,
2025-03-04 12:00:00,31.2,1010.1,29.0,AWS-KOL-101,Howrah,KOL,neighbor,False,
2025-03-04 13:00:00,31.4,1009.1,27.0,AWS-KOL-101,Howrah,KOL,neighbor,False,
2025-03-04 14:00:00,31.1,1008.3,29.0,AWS-KOL-101,Howrah,KOL,neighbor,False,
2025-03-04 15:00:00,30.7,1007.5,31.0,AWS-KOL-101,Howrah,KOL,neighbor,False,
2025-03-04 16:00:00,30.0,1007.6,33.0,AWS-KOL-101,Howrah,KOL,neighbor,False,
2025-03-04 17:00:00,27.8,1007.7,43.0,AWS-KOL-101,Howrah,KOL,neighbor,False,
2025-03-04 18:00:00,26.4,1007.9,46.0,AWS-KOL-101,Howrah,KOL,neighbor,False,
2025-03-04 19:00:00,25.8,1008.7,51.0,AWS-KOL-101,Howrah,KOL,neighbor,False,
2025-03-04 20:00:00,25.5,1009.1,53.0,AWS-KOL-101,Howrah,KOL,neighbor,False,
2025-03-04 21:00:00,24.5,1009.4,56.0,AWS-KOL-101,Howrah,KOL,neighbor,True,drift
2025-03-04 22:00:00,22.896336714774588,1009.2,62.0,AWS-KOL-101,Howrah,KOL,neighbor,True,drift
2025-03-04 23:00:00,21.186082942748552,1009.0,67.0,AWS-KOL-101,Howrah,KOL,neighbor,True,drift
2025-03-05 00:00:00,18.3909774676963,1008.7,74.0,AWS-KOL-101,Howrah,KOL,neighbor,True,drift
2025-03-05 01:00:00,14.965418142301763,1008.6,75.0,AWS-KOL-101,Howrah,KOL,neighbor,True,drift
2025-03-05 02:00:00,11.644231072914918,1008.5,72.0,AWS-KOL-101,Howrah,KOL,neighbor,True,drift
2025-03-05 03:00:00,8.452665219163501,1008.2,72.0,AWS-KOL-101,Howrah,KOL,neighbor,True,drift
2025-03-05 04:00:00,4.410323847223738,1008.5,74.0,AWS-KOL-101,Howrah,KOL,neighbor,True,drift
2025-03-05 05:00:00,-0.36688899981614753,1008.9,76.0,AWS-KOL-101,Howrah,KOL,neighbor,True,drift
2025-03-05 06:00:00,-4.165667266125837,1010.1,78.0,AWS-KOL-101,Howrah,KOL,neighbor,True,drift
2025-03-05 07:00:00,-6.674621840786024,1010.8,66.0,AWS-KOL-101,Howrah,KOL,neighbor,True,drift
2025-03-05 08:00:00,-8.983831455457782,1011.2,53.0,AWS-KOL-101,Howrah,KOL,neighbor,True,drift
2025-03-05 09:00:00,-11.984531754422665,1011.1,40.0,AWS-KOL-101,Howrah,KOL,neighbor,True,drift
2025-03-05 10:00:00,-16.968891622807107,1011.0,35.0,AWS-KOL-101,Howrah,KOL,neighbor,True,drift
2025-03-05 11:00:00,-22.82984722665922,1010.1,34.0,AWS-KOL-101,Howrah,KOL,neighbor,True,drift
2025-03-05 12:00:00,-29.360975685376822,1008.9,33.0,AWS-KOL-101,Howrah,KOL,neighbor,True,drift
2025-03-05 13:00:00,-36.556396823652086,1007.7,33.0,AWS-KOL-101,Howrah,KOL,neighbor,True,drift
2025-03-05 14:00:00,-44.210695348950004,1006.4,34.0,AWS-KOL-101,Howrah,KOL,neighbor,True,drift
2025-03-05 15:00:00,-52.61885822584182,1006.0,35.0,AWS-KOL-101,Howrah,KOL,neighbor,True,drift
2025-03-05 16:00:00,-61.87622358005662,1006.0,37.0,AWS-KOL-101,Howrah,KOL,neighbor,True,drift
2025-03-05 17:00:00,-72.5784385008098,1006.2,49.0,AWS-KOL-101,Howrah,KOL,neighbor,True,drift
2025-03-05 18:00:00,-82.52142381489227,1007.0,54.0,AWS-KOL-101,Howrah,KOL,neighbor,True,drift
2025-03-05 19:00:00,-92.50134439683478,1007.9,55.0,AWS-KOL-101,Howrah,KOL,neighbor,True,drift
2025-03-05 20:00:00,-102.9145839281862,1008.6,56.0,AWS-KOL-101,Howrah,KOL,neighbor,True,drift
2025-03-05 21:00:00,-114.25772327120502,1009.2,70.0,AWS-KOL-101,Howrah,KOL,neighbor,True,drift
2025-03-05 22:00:00,-126.52752180772606,1009.7,90.0,AWS-KOL-101,Howrah,KOL,neighbor,True,drift
2025-03-05 23:00:00,-138.02090123232324,1009.8,88.0,AWS-KOL-101,Howrah,KOL,neighbor,True,drift
2025-03-06 00:00:00,-149.7349313934885,1009.3,91.0,AWS-KOL-101,Howrah,KOL,neighbor,True,drift
2025-03-06 01:00:00,-161.56681785659237,1008.9,89.0,AWS-KOL-101,Howrah,KOL,neighbor,True,drift
2025-03-06 02:00:00,-173.61389092432432,1009.0,82.0,AWS-KOL-101,Howrah,KOL,neighbor,True,drift
2025-03-06 03:00:00,-186.17359589872976,1009.2,67.0,AWS-KOL-101,Howrah,KOL,neighbor,True,drift
2025-03-06 04:00:00,-198.64348440716566,1009.8,53.0,AWS-KOL-101,Howrah,KOL,neighbor,True,drift
2025-03-06 05:00:00,-211.62120664491036,1010.7,46.0,AWS-KOL-101,Howrah,KOL,neighbor,True,drift
2025-03-06 06:00:00,-224.90450441157344,1012.1,54.0,AWS-KOL-101,Howrah,KOL,neighbor,True,drift
2025-03-06 07:00:00,-236.1912048381842,1013.1,49.0,AWS-KOL-101,Howrah,KOL,neighbor,True,drift
2025-03-06 08:00:00,-246.97921471791238,1013.6,42.0,AWS-KOL-101,Howrah,KOL,neighbor,True,drift
2025-03-06 09:00:00,-258.866515366545,1013.8,35.0,AWS-KOL-101,Howrah,KOL,neighbor,True,drift
2025-03-06 10:00:00,-271.6511579497112,1013.4,31.0,AWS-KOL-101,Howrah,KOL,neighbor,True,drift
2025-03-06 11:00:00,-285.13125922285906,1012.6,30.0,AWS-KOL-101,Howrah,KOL,neighbor,True,drift
2025-03-06 12:00:00,-299.20499763750604,1011.6,29.0,AWS-KOL-101,Howrah,KOL,neighbor,True,drift
2025-03-06 13:00:00,-313.7706097735911,1010.7,28.0,AWS-KOL-101,Howrah,KOL,neighbor,True,drift
2025-03-06 14:00:00,28.1,1009.9,28.0,AWS-KOL-101,Howrah,KOL,neighbor,False,
2025-03-06 15:00:00,27.7,1009.5,28.0,AWS-KOL-101,Howrah,KOL,neighbor,False,
2025-03-06 16:00:00,26.8,992.4842896999818,29.0,AWS-KOL-101,Howrah,KOL,neighbor,True,spike
2025-03-06 17:00:00,24.4,1001.9513917283979,46.0,AWS-KOL-101,Howrah,KOL,neighbor,True,spike
2025-03-06 18:00:00,22.8,1006.7797778220875,44.0,AWS-KOL-101,Howrah,KOL,neighbor,True,spike
2025-03-06 19:00:00,22.3,1011.0,45.0,AWS-KOL-101,Howrah,KOL,neighbor,False,
2025-03-06 20:00:00,21.9,1011.5,47.0,AWS-KOL-101,Howrah,KOL,neighbor,False,
2025-03-06 21:00:00,21.2,1011.3,50.0,AWS-KOL-101,Howrah,KOL,neighbor,False,
2025-03-06 22:00:00,21.1,1010.9,53.0,AWS-KOL-101,Howrah,KOL,neighbor,False,
2025-03-06 23:00:00,20.4,1010.5,56.0,AWS-KOL-101,Howrah,KOL,neighbor,False,
2025-03-07 00:00:00,19.3,1010.2,59.0,AWS-KOL-101,Howrah,KOL,neighbor,False,
2025-03-07 01:00:00,18.4,1009.4,62.0,AWS-KOL-101,Howrah,KOL,neighbor,False,
2025-03-07 02:00:00,17.2,1008.9,67.0,AWS-KOL-101,Howrah,KOL,neighbor,False,
2025-03-07 03:00:00,16.8,1008.7,69.0,AWS-KOL-101,Howrah,KOL,neighbor,False,
2025-03-07 04:00:00,16.2,1009.1,72.0,AWS-KOL-101,Howrah,KOL,neighbor,False,
2025-03-07 05:00:00,14.8,1009.6,79.0,AWS-KOL-101,Howrah,KOL,neighbor,False,
2025-03-07 06:00:00,16.0,1010.6,78.0,AWS-KOL-101,Howrah,KOL,neighbor,False,
2025-03-07 07:00:00,18.7,1011.4,67.0,AWS-KOL-101,Howrah,KOL,neighbor,False,
2025-03-07 08:00:00,22.2,1012.0,53.0,AWS-KOL-101,Howrah,KOL,neighbor,False,
2025-03-07 09:00:00,25.2,1012.0,42.0,AWS-KOL-101,Howrah,KOL,neighbor,False,
2025-03-07 10:00:00,27.4,1011.8,35.0,AWS-KOL-101,Howrah,KOL,neighbor,False,
2025-03-07 11:00:00,28.6,1010.7,32.0,AWS-KOL-101,Howrah,KOL,neighbor,False,
2025-03-07 12:00:00,29.3,1009.4,30.0,AWS-KOL-101,Howrah,KOL,neighbor,False,
2025-03-07 13:00:00,29.6,1008.1,30.0,AWS-KOL-101,Howrah,KOL,neighbor,False,
2025-03-07 14:00:00,29.5,1007.1,32.0,AWS-KOL-101,Howrah,KOL,neighbor,False,
2025-03-07 15:00:00,29.0,1006.8,34.0,AWS-KOL-101,Howrah,KOL,neighbor,False,
2025-03-07 16:00:00,28.3,1006.9,36.0,AWS-KOL-101,Howrah,KOL,neighbor,False,
2025-03-07 17:00:00,26.5,1007.3,49.0,AWS-KOL-101,Howrah,KOL,neighbor,False,
2025-03-07 18:00:00,25.0,1007.5,51.0,AWS-KOL-101,Howrah,KOL,neighbor,False,
2025-03-07 19:00:00,24.7,1008.3,50.0,AWS-KOL-101,Howrah,KOL,neighbor,False,
2025-03-07 20:00:00,23.4,1009.1,57.0,AWS-KOL-101,Howrah,KOL,neighbor,False,
2025-03-07 21:00:00,22.1,1009.1,65.0,AWS-KOL-101,Howrah,KOL,neighbor,False,
2025-03-07 22:00:00,21.2,1009.0,73.0,AWS-KOL-101,Howrah,KOL,neighbor,False,
2025-03-07 23:00:00,20.4,1008.8,79.0,AWS-KOL-101,Howrah,KOL,neighbor,False,
2025-03-08 00:00:00,19.7,1008.7,86.0,AWS-KOL-101,Howrah,KOL,neighbor,False,
2025-03-08 01:00:00,19.2,1008.4,91.0,AWS-KOL-101,Howrah,KOL,neighbor,False,
2025-03-08 02:00:00,19.0,1008.1,93.0,AWS-KOL-101,Howrah,KOL,neighbor,False,
2025-03-08 03:00:00,18.2,1007.7,95.0,AWS-KOL-101,Howrah,KOL,neighbor,False,
2025-03-08 04:00:00,17.8,1007.8,95.0,AWS-KOL-101,Howrah,KOL,neighbor,False,
2025-03-08 05:00:00,17.6,1008.3,95.0,AWS-KOL-101,Howrah,KOL,neighbor,False,
2025-03-08 06:00:00,19.7,1008.8,93.0,AWS-KOL-101,Howrah,KOL,neighbor,False,
2025-03-08 07:00:00,22.3,1009.5,81.0,AWS-KOL-101,Howrah,KOL,neighbor,False,
2025-03-08 08:00:00,25.1,1010.4,73.0,AWS-KOL-101,Howrah,KOL,neighbor,False,
2025-03-08 09:00:00,27.1,1010.3,67.0,AWS-KOL-101,Howrah,KOL,neighbor,False,
2025-03-08 10:00:00,28.8,1009.7,58.0,AWS-KOL-101,Howrah,KOL,neighbor,False,
2025-03-08 11:00:00,30.2,1009.2,49.0,AWS-KOL-101,Howrah,KOL,neighbor,False,
2025-03-08 12:00:00,30.8,1008.5,43.0,AWS-KOL-101,Howrah,KOL,neighbor,False,
2025-03-08 13:00:00,31.5,1006.9,35.0,AWS-KOL-101,Howrah,KOL,neighbor,False,
2025-03-08 14:00:00,31.4,1006.3,34.0,AWS-KOL-101,Howrah,KOL,neighbor,False,
2025-03-08 15:00:00,31.0,1006.1,32.0,AWS-KOL-101,Howrah,KOL,neighbor,False,
2025-03-08 16:00:00,29.9,1006.4,36.0,AWS-KOL-101,Howrah,KOL,neighbor,False,
2025-03-08 17:00:00,27.3,1007.0,52.0,AWS-KOL-101,Howrah,KOL,neighbor,False,
2025-03-08 18:00:00,26.2,1007.8,66.0,AWS-KOL-101,Howrah,KOL,neighbor,False,
2025-03-08 19:00:00,25.3,1008.8,69.0,AWS-KOL-101,Howrah,KOL,neighbor,False,
2025-03-08 20:00:00,24.3,1009.4,77.0,AWS-KOL-101,Howrah,KOL,neighbor,False,
2025-03-08 21:00:00,23.6,1009.9,84.0,AWS-KOL-101,Howrah,KOL,neighbor,False,
2025-03-08 22:00:00,22.9,1009.9,88.0,AWS-KOL-101,Howrah,KOL,neighbor,False,
2025-03-08 23:00:00,22.4,1009.9,90.0,AWS-KOL-101,Howrah,KOL,neighbor,False,
2025-03-09 00:00:00,21.7,1010.3,94.0,AWS-KOL-101,Howrah,KOL,neighbor,False,
2025-03-09 01:00:00,21.2,1010.1,96.0,AWS-KOL-101,Howrah,KOL,neighbor,False,
2025-03-09 02:00:00,21.2,1010.0,97.0,AWS-KOL-101,Howrah,KOL,neighbor,False,
2025-03-09 03:00:00,21.1,1010.1,98.0,AWS-KOL-101,Howrah,KOL,neighbor,False,
2025-03-09 04:00:00,22.1,1010.4,94.0,AWS-KOL-101,Howrah,KOL,neighbor,False,
2025-03-09 05:00:00,22.1,1011.1,95.0,AWS-KOL-101,Howrah,KOL,neighbor,False,
2025-03-09 06:00:00,23.2,1011.9,94.0,AWS-KOL-101,Howrah,KOL,neighbor,False,
2025-03-09 07:00:00,24.5,1013.1,87.0,AWS-KOL-101,Howrah,KOL,neighbor,False,
2025-03-09 08:00:00,26.2,1014.1,75.0,AWS-KOL-101,Howrah,KOL,neighbor,False,
2025-03-09 09:00:00,28.1,1014.2,66.0,AWS-KOL-101,Howrah,KOL,neighbor,False,
2025-03-09 10:00:00,29.8,1014.2,55.0,AWS-KOL-101,Howrah,KOL,neighbor,False,
2025-03-09 11:00:00,31.2,1013.2,45.0,AWS-KOL-101,Howrah,KOL,neighbor,False,
2025-03-09 12:00:00,32.1,1012.1,40.0,AWS-KOL-101,Howrah,KOL,neighbor,False,
2025-03-09 13:00:00,32.3,1010.9,37.0,AWS-KOL-101,Howrah,KOL,neighbor,False,
2025-03-09 14:00:00,32.0,1010.4,37.0,AWS-KOL-101,Howrah,KOL,neighbor,False,
2025-03-09 15:00:00,31.6,1010.2,38.0,AWS-KOL-101,Howrah,KOL,neighbor,False,
2025-03-09 16:00:00,31.0,1010.4,40.0,AWS-KOL-101,Howrah,KOL,neighbor,False,
2025-03-09 17:00:00,29.0,1010.9,50.0,AWS-KOL-101,Howrah,KOL,neighbor,False,
2025-03-09 18:00:00,27.4,1011.4,53.0,AWS-KOL-101,Howrah,KOL,neighbor,False,
2025-03-09 19:00:00,26.1,1013.0,67.0,AWS-KOL-101,Howrah,KOL,neighbor,False,
2025-03-09 20:00:00,24.6,1013.9,79.0,AWS-KOL-101,Howrah,KOL,neighbor,True,drift
2025-03-09 21:00:00,39.25006643203816,1014.3,79.0,AWS-KOL-101,Howrah,KOL,neighbor,True,drift
2025-03-09 22:00:00,53.40013286407632,1014.4,82.0,AWS-KOL-101,Howrah,KOL,neighbor,True,drift
2025-03-09 23:00:00,67.35019929611448,1014.3,89.0,AWS-KOL-101,Howrah,KOL,neighbor,True,drift
2025-03-10 00:00:00,81.30026572815264,1014.4,95.0,AWS-KOL-101,Howrah,KOL,neighbor,True,drift
2025-03-10 01:00:00,95.2503321601908,1014.1,98.0,AWS-KOL-101,Howrah,KOL,neighbor,True,drift
2025-03-10 02:00:00,109.40039859222898,1013.7,100.0,AWS-KOL-101,Howrah,KOL,neighbor,True,drift
2025-03-10 03:00:00,124.05046502426713,1013.7,100.0,AWS-KOL-101,Howrah,KOL,neighbor,True,drift
2025-03-10 04:00:00,138.9005314563053,1014.1,100.0,AWS-KOL-101,Howrah,KOL,neighbor,True,drift
2025-03-10 05:00:00,153.95059788834342,1014.6,100.0,AWS-KOL-101,Howrah,KOL,neighbor,True,drift
2025-03-10 06:00:00,169.60066432038158,1015.7,99.0,AWS-KOL-101,Howrah,KOL,neighbor,True,drift
2025-03-10 07:00:00,184.85073075241976,1016.4,97.0,AWS-KOL-101,Howrah,KOL,neighbor,True,drift
2025-03-10 08:00:00,201.60079718445795,1017.1,82.0,AWS-KOL-101,Howrah,KOL,neighbor,True,drift
2025-03-10 09:00:00,219.1508636164961,1017.0,69.0,AWS-KOL-101,Howrah,KOL,neighbor,True,drift
2025-03-10 10:00:00,236.50093004853426,1016.6,54.0,AWS-KOL-101,Howrah,KOL,neighbor,True,drift
2025-03-10 11:00:00,253.2509964805724,1015.4,43.0,AWS-KOL-101,Howrah,KOL,neighbor,True,drift
2025-03-10 12:00:00,269.1010629126106,1014.2,37.0,AWS-KOL-101,Howrah,KOL,neighbor,True,drift
2025-03-10 13:00:00,283.95112934464873,1013.0,35.0,AWS-KOL-101,Howrah,KOL,neighbor,True,drift
2025-03-10 14:00:00,298.6011957766869,1012.0,35.0,AWS-KOL-101,Howrah,KOL,neighbor,True,drift
2025-03-10 15:00:00,312.55126220872506,1011.4,37.0,AWS-KOL-101,Howrah,KOL,neighbor,True,drift
2025-03-10 16:00:00,326.20132864076317,1011.4,40.0,AWS-KOL-101,Howrah,KOL,neighbor,True,drift
2025-03-10 17:00:00,339.2513950728014,1011.7,50.0,AWS-KOL-101,Howrah,KOL,neighbor,True,drift
2025-03-10 18:00:00,352.20146150483953,1012.3,50.0,AWS-KOL-101,Howrah,KOL,neighbor,True,drift
2025-03-10 19:00:00,365.85152793687774,1013.0,51.0,AWS-KOL-101,Howrah,KOL,neighbor,True,drift
2025-03-10 20:00:00,379.2015943689159,1014.0,55.0,AWS-KOL-101,Howrah,KOL,neighbor,True,drift
2025-03-10 21:00:00,393.35166080095405,1013.8,58.0,AWS-KOL-101,Howrah,KOL,neighbor,True,drift
2025-03-10 22:00:00,407.7017272329922,1013.6,61.0,AWS-KOL-101,Howrah,KOL,neighbor,True,drift
2025-03-10 23:00:00,421.4517936650303,1013.2,68.0,AWS-KOL-101,Howrah,KOL,neighbor,True,drift
2025-03-11 00:00:00,435.5018600970685,1012.8,73.0,AWS-KOL-101,Howrah,KOL,neighbor,True,drift
2025-03-11 01:00:00,449.6519265291066,1012.4,76.0,AWS-KOL-101,Howrah,KOL,neighbor,True,drift
2025-03-11 02:00:00,463.7019929611448,1012.1,81.0,AWS-KOL-101,Howrah,KOL,neighbor,True,drift
2025-03-11 03:00:00,478.05205939318296,1046.747862635321,85.0,AWS-KOL-101,Howrah,KOL,neighbor,True,drift
2025-03-11 04:00:00,492.60212582522115,1012.0,87.0,AWS-KOL-101,Howrah,KOL,neighbor,True,drift
2025-03-11 05:00:00,507.2521922572593,1012.6,89.0,AWS-KOL-101,Howrah,KOL,neighbor,True,drift
2025-03-11 06:00:00,523.6022586892974,1013.7,86.0,AWS-KOL-101,Howrah,KOL,neighbor,True,drift
2025-03-11 07:00:00,540.5523251213356,1014.6,77.0,AWS-KOL-101,Howrah,KOL,neighbor,True,drift
2025-03-11 08:00:00,557.8023915533737,1015.2,64.0,AWS-KOL-101,Howrah,KOL,neighbor,True,drift
2025-03-11 09:00:00,574.8524579854119,1015.3,49.0,AWS-KOL-101,Howrah,KOL,neighbor,True,drift
2025-03-11 10:00:00,591.5025244174501,1014.6,40.0,AWS-KOL-101,Howrah,KOL,neighbor,True,drift
2025-03-11 11:00:00,607.5525908494882,1013.5,35.0,AWS-KOL-101,Howrah,KOL,neighbor,True,drift
2025-03-11 12:00:00,622.9026572815263,1011.9,34.0,AWS-KOL-101,Howrah,KOL,neighbor,True,drift
2025-03-11 13:00:00,637.9527237135646,1010.3,34.0,AWS-KOL-101,Howrah,KOL,neighbor,True,drift
2025-03-11 14:00:00,652.4027901456028,1009.3,37.0,AWS-KOL-101,Howrah,KOL,neighbor,True,drift
2025-03-11 15:00:00,666.6528565776409,1008.9,39.0,AWS-KOL-101,Howrah,KOL,neighbor,True,drift
2025-03-11 16:00:00,680.6029230096791,1008.8,41.0,AWS-KOL-101,Howrah,KOL,neighbor,True,drift
2025-03-11 17:00:00,693.9529894417174,1009.0,46.0,AWS-KOL-101,Howrah,KOL,neighbor,True,drift
2025-03-11 18:00:00,707.1030558737555,1009.9,37.0,AWS-KOL-101,Howrah,KOL,neighbor,True,drift
2025-03-11 19:00:00,720.5531223057935,1010.3,41.0,AWS-KOL-101,Howrah,KOL,neighbor,True,drift
2025-03-11 20:00:00,26.1,1011.0,47.0,AWS-KOL-101,Howrah,KOL,neighbor,False,
2025-03-11 21:00:00,25.0,1011.2,50.0,AWS-KOL-101,Howrah,KOL,neighbor,False,
2025-03-11 22:00:00,24.4,1011.0,58.0,AWS-KOL-101,Howrah,KOL,neighbor,False,
2025-03-11 23:00:00,23.6,1010.4,67.0,AWS-KOL-101,Howrah,KOL,neighbor,False,
2025-03-12 00:00:00,22.8,1009.9,74.0,AWS-KOL-101,Howrah,KOL,neighbor,False,
2025-03-12 01:00:00,22.0,1009.3,79.0,AWS-KOL-101,Howrah,KOL,neighbor,False,
2025-03-12 02:00:00,21.6,1008.8,81.0,AWS-KOL-101,Howrah,KOL,neighbor,False,
2025-03-12 03:00:00,20.9,1008.4,86.0,AWS-KOL-101,Howrah,KOL,neighbor,False,
2025-03-12 04:00:00,20.2,1008.5,91.0,AWS-KOL-101,Howrah,KOL,neighbor,False,
2025-03-12 05:00:00,19.9,1008.9,94.0,AWS-KOL-101,Howrah,KOL,neighbor,False,
2025-03-12 06:00:00,21.2,1010.2,90.0,AWS-KOL-101,Howrah,KOL,neighbor,False,
2025-03-12 07:00:00,23.6,1010.8,78.0,AWS-KOL-101,Howrah,KOL,neighbor,False,
2025-03-12 08:00:00,26.6,1011.0,62.0,AWS-KOL-101,Howrah,KOL,neighbor,False,
2025-03-12 09:00:00,29.5,1011.1,51.0,AWS-KOL-101,Howrah,KOL,neighbor,False,
2025-03-12 10:00:00,32.0,1010.4,41.0,AWS-KOL-101,Howrah,KOL,neighbor,False,
2025-03-12 11:00:00,33.6,1009.2,31.0,AWS-KOL-101,Howrah,KOL,neighbor,False,
2025-03-12 12:00:00,1254.499905374985,1006.5317149481617,77.0645609414804,AWS-KOL-101,Howrah,KOL,neighbor,True,multivariate_inconsistency
2025-03-12 13:00:00,1254.599905374985,1005.0685008978536,77.06456008495462,AWS-KOL-101,Howrah,KOL,neighbor,True,multivariate_inconsistency
2025-03-12 14:00:00,1254.599905374985,1006.5421043934773,74.4071614613355,AWS-KOL-101,Howrah,KOL,neighbor,True,multivariate_inconsistency
2025-03-12 15:00:00,33.7,1004.9,30.0,AWS-KOL-101,Howrah,KOL,neighbor,False,
2025-03-12 16:00:00,32.4,1005.3,36.0,AWS-KOL-101,Howrah,KOL,neighbor,False,
2025-03-12 17:00:00,30.9,1005.0,43.0,AWS-KOL-101,Howrah,KOL,neighbor,False,
2025-03-12 18:00:00,28.8,1005.7,57.0,AWS-KOL-101,Howrah,KOL,neighbor,False,
2025-03-12 19:00:00,27.3,1006.4,63.0,AWS-KOL-101,Howrah,KOL,neighbor,False,
2025-03-12 20:00:00,26.2,1007.2,76.0,AWS-KOL-101,Howrah,KOL,neighbor,False,
2025-03-12 21:00:00,25.6,1007.3,83.0,AWS-KOL-101,Howrah,KOL,neighbor,False,
2025-03-12 22:00:00,25.4,1007.1,84.0,AWS-KOL-101,Howrah,KOL,neighbor,False,
2025-03-12 23:00:00,25.1,1006.8,86.0,AWS-KOL-101,Howrah,KOL,neighbor,False,
2025-03-13 00:00:00,25.1,1006.3,84.0,AWS-KOL-101,Howrah,KOL,neighbor,False,
2025-03-13 01:00:00,24.9,1005.7,81.0,AWS-KOL-101,Howrah,KOL,neighbor,False,
2025-03-13 02:00:00,24.5,1005.4,76.0,AWS-KOL-101,Howrah,KOL,neighbor,False,
2025-03-13 03:00:00,23.7,1005.7,75.0,AWS-KOL-101,Howrah,KOL,neighbor,False,
2025-03-13 04:00:00,22.7,1006.0,76.0,AWS-KOL-101,Howrah,KOL,neighbor,False,
2025-03-13 05:00:00,22.3,1006.5,75.0,AWS-KOL-101,Howrah,KOL,neighbor,False,
2025-03-13 06:00:00,23.7,1007.1,78.0,AWS-KOL-101,Howrah,KOL,neighbor,False,
2025-03-13 07:00:00,25.6,1008.1,71.0,AWS-KOL-101,Howrah,KOL,neighbor,False,
2025-03-13 08:00:00,27.9,1008.8,65.0,AWS-KOL-101,Howrah,KOL,neighbor,False,
2025-03-13 09:00:00,30.2,1009.1,57.0,AWS-KOL-101,Howrah,KOL,neighbor,False,
2025-03-13 10:00:00,32.2,1008.5,48.0,AWS-KOL-101,Howrah,KOL,neighbor,False,
2025-03-13 11:00:00,33.6,1007.7,43.0,AWS-KOL-101,Howrah,KOL,neighbor,False,
2025-03-13 12:00:00,34.5,1006.3,40.0,AWS-KOL-101,Howrah,KOL,neighbor,False,
2025-03-13 13:00:00,35.1,1004.9,37.0,AWS-KOL-101,Howrah,KOL,neighbor,False,
2025-03-13 14:00:00,35.4,1003.9,34.0,AWS-KOL-101,Howrah,KOL,neighbor,False,
2025-03-13 15:00:00,34.9,1003.6,34.0,AWS-KOL-101,Howrah,KOL,neighbor,False,
2025-03-13 16:00:00,33.9,1003.6,37.0,AWS-KOL-101,Howrah,KOL,neighbor,False,
2025-03-13 17:00:00,32.4,1003.8,43.0,AWS-KOL-101,Howrah,KOL,neighbor,False,
2025-03-13 18:00:00,30.2,1004.6,,AWS-KOL-101,Howrah,KOL,neighbor,True,dropout
2025-03-13 19:00:00,28.9,1005.1,73.0,AWS-KOL-101,Howrah,KOL,neighbor,False,
2025-03-13 20:00:00,27.8,1005.8,81.0,AWS-KOL-101,Howrah,KOL,neighbor,False,
2025-03-13 21:00:00,26.7,1006.3,85.0,AWS-KOL-101,Howrah,KOL,neighbor,False,
2025-03-13 22:00:00,26.0,1006.7,90.0,AWS-KOL-101,Howrah,KOL,neighbor,False,
2025-03-13 23:00:00,25.5,1006.8,91.0,AWS-KOL-101,Howrah,KOL,neighbor,True,frozen_value
2025-03-14 00:00:00,25.2,1006.8781273121028,93.0,AWS-KOL-101,Howrah,KOL,neighbor,True,frozen_value
2025-03-14 01:00:00,24.8,1006.8403975360269,95.0,AWS-KOL-101,Howrah,KOL,neighbor,True,frozen_value
2025-03-14 02:00:00,24.3,1006.8431595147873,96.0,AWS-KOL-101,Howrah,KOL,neighbor,True,frozen_value
2025-03-14 03:00:00,23.9,1006.864387390826,97.0,AWS-KOL-101,Howrah,KOL,neighbor,True,frozen_value
2025-03-14 04:00:00,23.7,1006.8265288834225,97.0,AWS-KOL-101,Howrah,KOL,neighbor,True,frozen_value
2025-03-14 05:00:00,23.4,1006.8452048964273,96.0,AWS-KOL-101,Howrah,KOL,neighbor,True,frozen_value
2025-03-14 06:00:00,25.2,1006.8603339014597,94.0,AWS-KOL-101,Howrah,KOL,neighbor,True,frozen_value
2025-03-14 07:00:00,26.9,1009.2,83.0,AWS-KOL-101,Howrah,KOL,neighbor,False,
2025-03-14 08:00:00,28.8,1009.9,72.0,AWS-KOL-101,Howrah,KOL,neighbor,False,
2025-03-14 09:00:00,30.7,1010.0,65.0,AWS-KOL-101,Howrah,KOL,neighbor,False,
2025-03-14 10:00:00,32.3,1009.9,59.0,AWS-KOL-101,Howrah,KOL,neighbor,False,
2025-03-14 11:00:00,33.7,1009.2,53.0,AWS-KOL-101,Howrah,KOL,neighbor,False,
2025-03-14 12:00:00,35.0,1008.0,46.0,AWS-KOL-101,Howrah,KOL,neighbor,False,
2025-03-14 13:00:00,35.6,1006.7,40.0,AWS-KOL-101,Howrah,KOL,neighbor,False,
2025-03-14 14:00:00,35.8,1005.8,38.0,AWS-KOL-101,Howrah,KOL,neighbor,False,
2025-03-14 15:00:00,35.2,1005.5,41.0,AWS-KOL-101,Howrah,KOL,neighbor,False,
2025-03-14 16:00:00,34.3,1005.7,44.0,AWS-KOL-101,Howrah,KOL,neighbor,False,
2025-03-14 17:00:00,32.4,1006.1,53.0,AWS-KOL-101,Howrah,KOL,neighbor,False,
2025-03-14 18:00:00,30.6,1006.6,69.0,AWS-KOL-101,Howrah,KOL,neighbor,False,
2025-03-14 19:00:00,29.1,1007.2,80.0,AWS-KOL-101,Howrah,KOL,neighbor,False,
2025-03-14 20:00:00,27.9,1007.9,85.0,AWS-KOL-101,Howrah,KOL,neighbor,False,
2025-03-14 21:00:00,27.3,1008.4,87.0,AWS-KOL-101,Howrah,KOL,neighbor,False,
2025-03-14 22:00:00,26.6,1008.5,90.0,AWS-KOL-101,Howrah,KOL,neighbor,False,
2025-03-14 23:00:00,25.9,1008.3,93.0,AWS-KOL-101,Howrah,KOL,neighbor,False,
2025-03-15 00:00:00,25.4,1008.0,94.0,AWS-KOL-101,Howrah,KOL,neighbor,False,
2025-03-15 01:00:00,25.3,1007.6,94.0,AWS-KOL-101,Howrah,KOL,neighbor,False,
2025-03-15 02:00:00,25.2,1007.2,95.0,AWS-KOL-101,Howrah,KOL,neighbor,False,
2025-03-15 03:00:00,24.8,1007.1,96.0,AWS-KOL-101,Howrah,KOL,neighbor,False,
2025-03-15 04:00:00,24.7,1007.6,97.0,AWS-KOL-101,Howrah,KOL,neighbor,False,
2025-03-15 05:00:00,24.5,1008.3,97.0,AWS-KOL-101,Howrah,KOL,neighbor,False,
2025-03-15 06:00:00,25.9,1009.1,97.0,AWS-KOL-101,Howrah,KOL,neighbor,False,
2025-03-15 07:00:00,27.6,1010.5,86.0,AWS-KOL-101,Howrah,KOL,neighbor,False,
2025-03-15 08:00:00,29.3,1011.2,75.0,AWS-KOL-101,Howrah,KOL,neighbor,False,
2025-03-15 09:00:00,31.2,1011.3,68.0,AWS-KOL-101,Howrah,KOL,neighbor,False,
2025-03-15 10:00:00,33.2,1010.9,60.0,AWS-KOL-101,Howrah,KOL,neighbor,False,
2025-03-15 11:00:00,34.8,1010.3,55.0,AWS-KOL-101,Howrah,KOL,neighbor,False,
2025-03-15 12:00:00,36.0,1009.0,50.0,AWS-KOL-101,Howrah,KOL,neighbor,False,
2025-03-15 13:00:00,36.8,1007.9,47.0,AWS-KOL-101,Howrah,KOL,neighbor,False,
2025-03-15 14:00:00,36.4,1007.1,49.0,AWS-KOL-101,Howrah,KOL,neighbor,False,
2025-03-15 15:00:00,76.12180688019279,1006.8,51.0,AWS-KOL-101,Howrah,KOL,neighbor,True,spike
2025-03-15 16:00:00,34.0,1007.0,54.0,AWS-KOL-101,Howrah,KOL,neighbor,False,
2025-03-15 17:00:00,32.3,1007.5,61.0,AWS-KOL-101,Howrah,KOL,neighbor,False,
2025-03-15 18:00:00,30.4,1008.3,69.0,AWS-KOL-101,Howrah,KOL,neighbor,False,
2025-03-15 19:00:00,30.2,1008.9,67.0,AWS-KOL-101,Howrah,KOL,neighbor,False,
2025-03-15 20:00:00,29.2,1009.9,79.0,AWS-KOL-101,Howrah,KOL,neighbor,False,
2025-03-15 21:00:00,28.1,1010.2,86.0,AWS-KOL-101,Howrah,KOL,neighbor,False,
2025-03-15 22:00:00,26.8,1010.2,91.0,AWS-KOL-101,Howrah,KOL,neighbor,False,
2025-03-15 23:00:00,25.8,1010.4,97.0,AWS-KOL-101,Howrah,KOL,neighbor,False,
2025-03-16 00:00:00,25.7,1010.0,96.0,AWS-KOL-101,Howrah,KOL,neighbor,False,
2025-03-16 01:00:00,25.4,1009.2,97.0,AWS-KOL-101,Howrah,KOL,neighbor,False,
2025-03-16 02:00:00,25.2,1008.5,98.0,AWS-KOL-101,Howrah,KOL,neighbor,False,
2025-03-16 03:00:00,25.0,1008.4,98.0,AWS-KOL-101,Howrah,KOL,neighbor,False,
2025-03-16 04:00:00,24.7,1008.6,98.0,AWS-KOL-101,Howrah,KOL,neighbor,False,
2025-03-16 05:00:00,23.9,1009.2,99.0,AWS-KOL-101,Howrah,KOL,neighbor,False,
2025-03-16 06:00:00,25.9,1009.7,96.0,AWS-KOL-101,Howrah,KOL,neighbor,False,
2025-03-16 07:00:00,27.3,1010.3,88.0,AWS-KOL-101,Howrah,KOL,neighbor,False,
2025-03-16 08:00:00,29.8,1010.7,75.0,AWS-KOL-101,Howrah,KOL,neighbor,False,
2025-03-16 09:00:00,32.5,1010.5,62.0,AWS-KOL-101,Howrah,KOL,neighbor,False,
2025-03-16 10:00:00,34.9,1010.4,50.0,AWS-KOL-101,Howrah,KOL,neighbor,False,
2025-03-16 11:00:00,36.6,1009.2,40.0,AWS-KOL-101,Howrah,KOL,neighbor,False,
2025-03-16 12:00:00,37.7,1007.9,33.0,AWS-KOL-101,Howrah,KOL,neighbor,False,
2025-03-16 13:00:00,38.1,1006.5,32.0,AWS-KOL-101,Howrah,KOL,neighbor,False,
2025-03-16 14:00:00,37.8,1005.3,33.0,AWS-KOL-101,Howrah,KOL,neighbor,False,
2025-03-16 15:00:00,36.7,1005.2,38.0,AWS-KOL-101,Howrah,KOL,neighbor,False,
2025-03-16 16:00:00,,1005.9,44.0,AWS-KOL-101,Howrah,KOL,neighbor,True,dropout
2025-03-16 17:00:00,32.2,1006.3,51.0,AWS-KOL-101,Howrah,KOL,neighbor,False,
2025-03-16 18:00:00,31.1,-0.0720931031705984,66.0,AWS-KOL-101,Howrah,KOL,neighbor,True,sensor_fail_low
2025-03-16 19:00:00,29.6,0.003714395639898001,74.0,AWS-KOL-101,Howrah,KOL,neighbor,True,sensor_fail_low
2025-03-16 20:00:00,28.8,0.02604172344647475,79.0,AWS-KOL-101,Howrah,KOL,neighbor,True,sensor_fail_low
2025-03-16 21:00:00,24.2,0.14975228470622046,89.0,AWS-KOL-101,Howrah,KOL,neighbor,True,sensor_fail_low
2025-03-16 22:00:00,24.5,1009.3,91.0,AWS-KOL-101,Howrah,KOL,neighbor,False,
2025-03-16 23:00:00,24.5,1008.7,91.0,AWS-KOL-101,Howrah,KOL,neighbor,False,
2025-03-17 00:00:00,25.0,1007.5,89.0,AWS-KOL-101,Howrah,KOL,neighbor,False,
2025-03-17 01:00:00,24.7,1007.3,93.0,AWS-KOL-101,Howrah,KOL,neighbor,False,
2025-03-17 02:00:00,24.3,1006.8,95.0,AWS-KOL-101,Howrah,KOL,neighbor,False,
2025-03-17 03:00:00,24.2,1006.5,96.0,AWS-KOL-101,Howrah,KOL,neighbor,False,
2025-03-17 04:00:00,24.0,1006.8,96.0,AWS-KOL-101,Howrah,KOL,neighbor,False,
2025-03-17 05:00:00,23.9,1007.4,98.0,AWS-KOL-101,Howrah,KOL,neighbor,False,
2025-03-17 06:00:00,25.4,1008.5,97.0,AWS-KOL-101,Howrah,KOL,neighbor,False,
2025-03-17 07:00:00,27.3,1009.4,87.0,AWS-KOL-101,Howrah,KOL,neighbor,False,
2025-03-17 08:00:00,29.2,1010.0,77.0,AWS-KOL-101,Howrah,KOL,neighbor,False,
2025-03-17 09:00:00,32.0,1010.2,61.0,AWS-KOL-101,Howrah,KOL,neighbor,False,
2025-03-17 10:00:00,34.0,1010.1,49.0,AWS-KOL-101,Howrah,KOL,neighbor,False,
2025-03-17 11:00:00,35.7,1009.2,40.0,AWS-KOL-101,Howrah,KOL,neighbor,False,
2025-03-17 12:00:00,36.4,1008.0,36.0,AWS-KOL-101,Howrah,KOL,neighbor,False,
2025-03-17 13:00:00,1847.148170834005,1008.6897093785076,100.0,AWS-KOL-101,Howrah,KOL,neighbor,True,multivariate_inconsistency
2025-03-17 14:00:00,1846.348170834005,1006.7065042605002,100.0,AWS-KOL-101,Howrah,KOL,neighbor,True,multivariate_inconsistency
2025-03-17 15:00:00,1837.648170834005,1007.5831492669716,100.0,AWS-KOL-101,Howrah,KOL,neighbor,True,multivariate_inconsistency
2025-03-17 16:00:00,28.1,1007.1,66.0,AWS-KOL-101,Howrah,KOL,neighbor,False,
2025-03-17 17:00:00,27.9,1007.1,67.0,AWS-KOL-101,Howrah,KOL,neighbor,False,
2025-03-17 18:00:00,28.7,1007.8,66.0,AWS-KOL-101,Howrah,KOL,neighbor,False,
2025-03-17 19:00:00,27.6,1008.5,74.0,AWS-KOL-101,Howrah,KOL,neighbor,False,
2025-03-17 20:00:00,26.7,1009.0,80.0,AWS-KOL-101,Howrah,KOL,neighbor,False,
2025-03-17 21:00:00,25.9,1009.1,84.0,AWS-KOL-101,Howrah,KOL,neighbor,False,
2025-03-17 22:00:00,25.1,1009.3,88.0,AWS-KOL-101,Howrah,KOL,neighbor,False,
2025-03-17 23:00:00,24.8,1009.1,91.0,AWS-KOL-101,Howrah,KOL,neighbor,False,
2025-03-18 00:00:00,24.5,1008.7,95.0,AWS-KOL-101,Howrah,KOL,neighbor,False,
2025-03-18 01:00:00,24.1,1008.1,99.0,AWS-KOL-101,Howrah,KOL,neighbor,False,
2025-03-18 02:00:00,24.2,1007.5,99.0,AWS-KOL-101,Howrah,KOL,neighbor,False,
2025-03-18 03:00:00,23.8,1007.1,99.0,AWS-KOL-101,Howrah,KOL,neighbor,False,
2025-03-18 04:00:00,-40.0374472842737,1007.7,100.0,AWS-KOL-101,Howrah,KOL,neighbor,True,sensor_fail_low
2025-03-18 05:00:00,-40.16422133011328,1008.6,99.0,AWS-KOL-101,Howrah,KOL,neighbor,True,sensor_fail_low
2025-03-18 06:00:00,-40.003325546874,1009.4,89.0,AWS-KOL-101,Howrah,KOL,neighbor,True,sensor_fail_low
2025-03-18 07:00:00,-39.9645148854092,1010.5,75.0,AWS-KOL-101,Howrah,KOL,neighbor,True,sensor_fail_low
2025-03-18 08:00:00,29.3,1011.3,55.0,AWS-KOL-101,Howrah,KOL,neighbor,False,
2025-03-18 09:00:00,30.9,1011.3,43.0,AWS-KOL-101,Howrah,KOL,neighbor,False,
2025-03-18 10:00:00,32.4,1011.0,33.0,AWS-KOL-101,Howrah,KOL,neighbor,False,
2025-03-18 11:00:00,33.4,1010.0,29.0,AWS-KOL-101,Howrah,KOL,neighbor,False,
2025-03-18 12:00:00,34.0,1009.3,29.0,AWS-KOL-101,Howrah,KOL,neighbor,False,
2025-03-18 13:00:00,34.2,1008.4,30.0,AWS-KOL-101,Howrah,KOL,neighbor,False,
2025-03-18 14:00:00,34.1,1007.5,30.0,AWS-KOL-101,Howrah,KOL,neighbor,False,
2025-03-18 15:00:00,33.8,1007.2,31.0,AWS-KOL-101,Howrah,KOL,neighbor,False,
2025-03-18 16:00:00,33.1,1007.3,33.0,AWS-KOL-101,Howrah,KOL,neighbor,False,
2025-03-18 17:00:00,31.0,1007.8,41.0,AWS-KOL-101,Howrah,KOL,neighbor,False,
2025-03-18 18:00:00,28.9,1008.9,52.0,AWS-KOL-101,Howrah,KOL,neighbor,False,
2025-03-18 19:00:00,27.7,1009.5,56.0,AWS-KOL-101,Howrah,KOL,neighbor,False,
2025-03-18 20:00:00,28.3,1010.0,54.0,AWS-KOL-101,Howrah,KOL,neighbor,False,
2025-03-18 21:00:00,28.0,1010.4,53.0,AWS-KOL-101,Howrah,KOL,neighbor,False,
2025-03-18 22:00:00,27.4,1010.7,55.0,AWS-KOL-101,Howrah,KOL,neighbor,False,
2025-03-18 23:00:00,26.3,1011.0,60.0,AWS-KOL-101,Howrah,KOL,neighbor,False,
2025-03-19 00:00:00,24.6,1011.0,71.0,AWS-KOL-101,Howrah,KOL,neighbor,False,
2025-03-19 01:00:00,23.6,1010.7,77.0,AWS-KOL-101,Howrah,KOL,neighbor,False,
2025-03-19 02:00:00,22.9,1010.6,81.0,AWS-KOL-101,Howrah,KOL,neighbor,False,
2025-03-19 03:00:00,22.4,1010.4,86.0,AWS-KOL-101,Howrah,KOL,neighbor,False,
2025-03-19 04:00:00,22.0,1010.6,87.0,AWS-KOL-101,Howrah,KOL,neighbor,False,
2025-03-19 05:00:00,21.9,1011.4,85.0,AWS-KOL-101,Howrah,KOL,neighbor,False,
2025-03-19 06:00:00,23.0,1012.7,84.0,AWS-KOL-101,Howrah,KOL,neighbor,False,
2025-03-19 07:00:00,25.9,1013.5,72.0,AWS-KOL-101,Howrah,KOL,neighbor,False,
2025-03-19 08:00:00,28.8,1014.2,63.0,AWS-KOL-101,Howrah,KOL,neighbor,False,
2025-03-19 09:00:00,30.9,1014.3,55.0,AWS-KOL-101,Howrah,KOL,neighbor,False,
2025-03-19 10:00:00,32.8,1014.1,48.0,AWS-KOL-101,Howrah,KOL,neighbor,False,
2025-03-19 11:00:00,34.1,1013.3,44.0,AWS-KOL-101,Howrah,KOL,neighbor,False,
2025-03-19 12:00:00,34.9,1012.3,41.0,AWS-KOL-101,Howrah,KOL,neighbor,False,
2025-03-19 13:00:00,35.1,1011.2,42.0,AWS-KOL-101,Howrah,KOL,neighbor,False,
2025-03-19 14:00:00,35.0,1010.4,42.0,AWS-KOL-101,Howrah,KOL,neighbor,False,
2025-03-19 15:00:00,34.5,1010.0,46.0,AWS-KOL-101,Howrah,KOL,neighbor,False,
2025-03-19 16:00:00,33.7,1010.0,49.0,AWS-KOL-101,Howrah,KOL,neighbor,False,
2025-03-19 17:00:00,32.1,1010.3,55.0,AWS-KOL-101,Howrah,KOL,neighbor,False,
2025-03-19 18:00:00,29.4,1011.2,71.0,AWS-KOL-101,Howrah,KOL,neighbor,False,
2025-03-19 19:00:00,28.1,1012.4,75.0,AWS-KOL-101,Howrah,KOL,neighbor,False,
2025-03-19 20:00:00,27.2,1013.2,81.0,AWS-KOL-101,Howrah,KOL,neighbor,False,
2025-03-19 21:00:00,26.6,1013.7,87.0,AWS-KOL-101,Howrah,KOL,neighbor,False,
2025-03-19 22:00:00,26.1,1013.6,92.0,AWS-KOL-101,Howrah,KOL,neighbor,False,
2025-03-19 23:00:00,25.7,1013.4,96.0,AWS-KOL-101,Howrah,KOL,neighbor,False,
2025-03-20 00:00:00,25.5,1013.1,96.0,AWS-KOL-101,Howrah,KOL,neighbor,False,
2025-03-20 01:00:00,25.4,1012.7,97.0,AWS-KOL-101,Howrah,KOL,neighbor,False,
2025-03-20 02:00:00,,1012.4,97.0,AWS-KOL-101,Howrah,KOL,neighbor,True,dropout
2025-03-20 03:00:00,25.1,1012.4,97.0,AWS-KOL-101,Howrah,KOL,neighbor,False,
2025-03-20 04:00:00,25.0,1012.8,98.0,AWS-KOL-101,Howrah,KOL,neighbor,False,
2025-03-20 05:00:00,25.0,1013.2,98.0,AWS-KOL-101,Howrah,KOL,neighbor,False,
2025-03-20 06:00:00,26.1,1014.2,95.0,AWS-KOL-101,Howrah,KOL,neighbor,False,
2025-03-20 07:00:00,27.6,1015.0,84.0,AWS-KOL-101,Howrah,KOL,neighbor,False,
2025-03-20 08:00:00,29.4,1015.4,74.0,AWS-KOL-101,Howrah,KOL,neighbor,False,
2025-03-20 09:00:00,31.0,1015.6,65.0,AWS-KOL-101,Howrah,KOL,neighbor,False,
2025-03-20 10:00:00,32.2,1015.2,59.0,AWS-KOL-101,Howrah,KOL,neighbor,False,
2025-03-20 11:00:00,33.8,1014.4,51.0,AWS-KOL-101,Howrah,KOL,neighbor,False,
2025-03-20 12:00:00,30.3,1014.3,64.0,AWS-KOL-101,Howrah,KOL,neighbor,False,
2025-03-20 13:00:00,31.1,1012.7,59.0,AWS-KOL-101,Howrah,KOL,neighbor,False,
2025-03-20 14:00:00,32.3,1011.4,52.0,AWS-KOL-101,Howrah,KOL,neighbor,False,
2025-03-20 15:00:00,32.5,1010.6,50.0,AWS-KOL-101,Howrah,KOL,neighbor,False,
2025-03-20 16:00:00,31.9,1010.9,51.0,AWS-KOL-101,Howrah,KOL,neighbor,False,
2025-03-20 17:00:00,30.1,1011.6,56.0,AWS-KOL-101,Howrah,KOL,neighbor,False,
2025-03-20 18:00:00,28.9,1012.4,55.0,AWS-KOL-101,Howrah,KOL,neighbor,False,
2025-03-20 19:00:00,27.5,1013.1,62.0,AWS-KOL-101,Howrah,KOL,neighbor,False,
2025-03-20 20:00:00,27.4,1014.1,65.0,AWS-KOL-101,Howrah,KOL,neighbor,False,
2025-03-20 21:00:00,26.2,1014.6,72.0,AWS-KOL-101,Howrah,KOL,neighbor,False,
2025-03-20 22:00:00,26.8,1014.5,72.0,AWS-KOL-101,Howrah,KOL,neighbor,False,
2025-03-20 23:00:00,26.8,1014.1,75.0,AWS-KOL-101,Howrah,KOL,neighbor,False,
2025-03-21 00:00:00,1596.1991502136807,1012.3040318768328,100.0,AWS-KOL-101,Howrah,KOL,neighbor,True,multivariate_inconsistency
2025-03-21 01:00:00,1595.5991502136808,1012.8800388328249,100.0,AWS-KOL-101,Howrah,KOL,neighbor,True,multivariate_inconsistency
2025-03-21 02:00:00,1594.5991502136808,1013.1551419412043,100.0,AWS-KOL-101,Howrah,KOL,neighbor,True,multivariate_inconsistency
2025-03-21 03:00:00,1594.2991502136808,1012.1068756639343,100.0,AWS-KOL-101,Howrah,KOL,neighbor,True,multivariate_inconsistency
2025-03-21 04:00:00,1593.5991502136808,1013.3583662868349,100.0,AWS-KOL-101,Howrah,KOL,neighbor,True,multivariate_inconsistency
2025-03-21 05:00:00,23.0,1014.2,85.0,AWS-KOL-101,Howrah,KOL,neighbor,False,
2025-03-21 06:00:00,23.6,,76.0,AWS-KOL-101,Howrah,KOL,neighbor,True,dropout
2025-03-21 07:00:00,-40.052075585626206,1016.1,67.0,AWS-KOL-101,Howrah,KOL,neighbor,True,sensor_fail_low
2025-03-21 08:00:00,-39.957368821392635,1016.5,59.0,AWS-KOL-101,Howrah,KOL,neighbor,True,sensor_fail_low
2025-03-21 09:00:00,-39.95874315074974,1016.6,51.0,AWS-KOL-101,Howrah,KOL,neighbor,True,sensor_fail_low
2025-03-21 10:00:00,-40.00205575948766,1016.4,45.0,AWS-KOL-101,Howrah,KOL,neighbor,True,sensor_fail_low
2025-03-21 11:00:00,32.1,1015.3,42.0,AWS-KOL-101,Howrah,KOL,neighbor,False,
2025-03-21 12:00:00,32.8,1014.2,39.0,AWS-KOL-101,Howrah,KOL,neighbor,False,
2025-03-21 13:00:00,33.2,1012.6,38.0,AWS-KOL-101,Howrah,KOL,neighbor,False,
2025-03-21 14:00:00,33.3,1011.2,37.0,AWS-KOL-101,Howrah,KOL,neighbor,False,
2025-03-21 15:00:00,31.0,1011.3,43.0,AWS-KOL-101,Howrah,KOL,neighbor,False,
2025-03-21 16:00:00,28.0,1012.9,55.0,AWS-KOL-101,Howrah,KOL,neighbor,False,
2025-03-21 17:00:00,26.3,1012.3,69.0,AWS-KOL-101,Howrah,KOL,neighbor,False,
2025-03-21 18:00:00,24.5,1014.7,66.0,AWS-KOL-101,Howrah,KOL,neighbor,False,
2025-03-21 19:00:00,23.1,1015.3,73.0,AWS-KOL-101,Howrah,KOL,neighbor,False,
2025-03-21 20:00:00,22.0,1016.1,84.0,AWS-KOL-101,Howrah,KOL,neighbor,False,
2025-03-21 21:00:00,21.8,1015.8,84.0,AWS-KOL-101,Howrah,KOL,neighbor,False,
2025-03-21 22:00:00,21.7,1015.2,84.0,AWS-KOL-101,Howrah,KOL,neighbor,False,
2025-03-21 23:00:00,21.5,1014.2,87.0,AWS-KOL-101,Howrah,KOL,neighbor,False,
2025-03-22 00:00:00,22.0,1013.4,85.0,AWS-KOL-101,Howrah,KOL,neighbor,False,
2025-03-22 01:00:00,21.7,1012.8,90.0,AWS-KOL-101,Howrah,KOL,neighbor,False,
2025-03-22 02:00:00,21.0,1013.4,94.0,AWS-KOL-101,Howrah,KOL,neighbor,False,
2025-03-22 03:00:00,21.0,1012.4,96.0,AWS-KOL-101,Howrah,KOL,neighbor,False,
2025-03-22 04:00:00,20.9,1013.0,98.0,AWS-KOL-101,Howrah,KOL,neighbor,False,
2025-03-22 05:00:00,20.6,1014.2,95.0,AWS-KOL-101,Howrah,KOL,neighbor,False,
2025-03-22 06:00:00,20.7,1015.1,89.0,AWS-KOL-101,Howrah,KOL,neighbor,False,
2025-03-22 07:00:00,21.0,1016.5,88.0,AWS-KOL-101,Howrah,KOL,neighbor,False,
2025-03-22 08:00:00,21.5,1016.6,87.0,AWS-KOL-101,Howrah,KOL,neighbor,False,
2025-03-22 09:00:00,22.8,1017.1,84.0,AWS-KOL-101,Howrah,KOL,neighbor,False,
2025-03-22 10:00:00,22.3,1017.6,86.0,AWS-KOL-101,Howrah,KOL,neighbor,False,
2025-03-22 11:00:00,22.4,1015.8,89.0,AWS-KOL-101,Howrah,KOL,neighbor,False,
2025-03-22 12:00:00,25.3,1014.0,74.0,AWS-KOL-101,Howrah,KOL,neighbor,False,
2025-03-22 13:00:00,26.1,1013.7,71.0,AWS-KOL-101,Howrah,KOL,neighbor,False,
2025-03-22 14:00:00,25.6,1013.1,72.0,AWS-KOL-101,Howrah,KOL,neighbor,False,
2025-03-22 15:00:00,25.7,1012.8,72.0,AWS-KOL-101,Howrah,KOL,neighbor,False,
2025-03-22 16:00:00,25.3,1012.1,74.0,AWS-KOL-101,Howrah,KOL,neighbor,False,
2025-03-22 17:00:00,24.3,1011.8,79.0,AWS-KOL-101,Howrah,KOL,neighbor,False,
2025-03-22 18:00:00,23.8,982.8241342560593,74.0,AWS-KOL-101,Howrah,KOL,neighbor,True,spike
2025-03-22 19:00:00,22.5,1014.5,82.0,AWS-KOL-101,Howrah,KOL,neighbor,False,
2025-03-22 20:00:00,21.9,1014.8,86.0,AWS-KOL-101,Howrah,KOL,neighbor,False,
2025-03-22 21:00:00,21.4,1014.8,88.0,AWS-KOL-101,Howrah,KOL,neighbor,False,
2025-03-22 22:00:00,20.4,1014.1,93.0,AWS-KOL-101,Howrah,KOL,neighbor,False,
2025-03-22 23:00:00,20.4,1014.3,93.0,AWS-KOL-101,Howrah,KOL,neighbor,False,
2025-03-23 00:00:00,20.0,1014.2,94.0,AWS-KOL-101,Howrah,KOL,neighbor,False,
2025-03-23 01:00:00,20.3,1013.6,94.0,AWS-KOL-101,Howrah,KOL,neighbor,False,
2025-03-23 02:00:00,19.9,1013.3,96.0,AWS-KOL-101,Howrah,KOL,neighbor,False,
2025-03-23 03:00:00,19.6,1013.4,98.0,AWS-KOL-101,Howrah,KOL,neighbor,False,
2025-03-23 04:00:00,20.0,1013.4,98.0,AWS-KOL-101,Howrah,KOL,neighbor,False,
2025-03-23 05:00:00,19.6,1013.8,98.0,AWS-KOL-101,Howrah,KOL,neighbor,False,
2025-03-23 06:00:00,21.8,1015.0,90.0,AWS-KOL-101,Howrah,KOL,neighbor,False,
2025-03-23 07:00:00,23.3,1016.4,81.0,AWS-KOL-101,Howrah,KOL,neighbor,False,
2025-03-23 08:00:00,25.3,1016.8,72.0,AWS-KOL-101,Howrah,KOL,neighbor,False,
2025-03-23 09:00:00,26.8,1016.7,66.0,AWS-KOL-101,Howrah,KOL,neighbor,False,
2025-03-23 10:00:00,28.4,1016.2,58.0,AWS-KOL-101,Howrah,KOL,neighbor,False,
2025-03-23 11:00:00,26.2,1015.8,68.0,AWS-KOL-101,Howrah,KOL,neighbor,False,
2025-03-23 12:00:00,27.6,1014.3,62.0,AWS-KOL-101,Howrah,KOL,neighbor,False,
2025-03-23 13:00:00,29.0,1012.5,58.0,AWS-KOL-101,Howrah,KOL,neighbor,False,
2025-03-23 14:00:00,29.3,1011.4,56.0,AWS-KOL-101,Howrah,KOL,neighbor,False,
2025-03-23 15:00:00,29.0,1011.3,55.0,AWS-KOL-101,Howrah,KOL,neighbor,False,
2025-03-23 16:00:00,27.2,1011.7,60.0,AWS-KOL-101,Howrah,KOL,neighbor,False,
2025-03-23 17:00:00,26.2,1012.2,68.0,AWS-KOL-101,Howrah,KOL,neighbor,False,
2025-03-23 18:00:00,24.1,1013.2,73.0,AWS-KOL-101,Howrah,KOL,neighbor,False,
2025-03-23 19:00:00,23.1,1014.0,77.0,AWS-KOL-101,Howrah,KOL,neighbor,True,frozen_value
2025-03-23 20:00:00,23.054768256610014,1014.6,77.0,AWS-KOL-101,Howrah,KOL,neighbor,True,frozen_value
2025-03-23 21:00:00,23.07693524324758,1014.8,83.0,AWS-KOL-101,Howrah,KOL,neighbor,True,frozen_value
2025-03-23 22:00:00,23.092672009437685,1014.7,86.0,AWS-KOL-101,Howrah,KOL,neighbor,True,frozen_value
2025-03-23 23:00:00,23.130591738401925,1014.4,90.0,AWS-KOL-101,Howrah,KOL,neighbor,True,frozen_value
2025-03-24 00:00:00,23.10837118350804,1014.0,93.0,AWS-KOL-101,Howrah,KOL,neighbor,True,frozen_value
2025-03-24 01:00:00,23.16343715477321,1013.2,95.0,AWS-KOL-101,Howrah,KOL,neighbor,True,frozen_value
2025-03-24 02:00:00,23.128748694969254,1012.9,95.0,AWS-KOL-101,Howrah,KOL,neighbor,True,frozen_value
2025-03-24 03:00:00,23.13760187642028,1012.8,95.0,AWS-KOL-101,Howrah,KOL,neighbor,True,frozen_value
2025-03-24 04:00:00,18.9,1013.0,96.0,AWS-KOL-101,Howrah,KOL,neighbor,False,
2025-03-24 05:00:00,18.5,1013.7,98.0,AWS-KOL-101,Howrah,KOL,neighbor,False,
2025-03-24 06:00:00,21.2,1014.6,93.0,AWS-KOL-101,Howrah,KOL,neighbor,False,
2025-03-24 07:00:00,23.8,1015.6,83.0,AWS-KOL-101,Howrah,KOL,neighbor,False,
2025-03-24 08:00:00,26.4,1016.1,72.0,AWS-KOL-101,Howrah,KOL,neighbor,False,
2025-03-24 09:00:00,28.3,1015.9,63.0,AWS-KOL-101,Howrah,KOL,neighbor,False,
2025-03-24 10:00:00,29.9,1015.3,52.0,AWS-KOL-101,Howrah,KOL,neighbor,False,
2025-03-24 11:00:00,30.9,1014.2,45.0,AWS-KOL-101,Howrah,KOL,neighbor,False,
2025-03-24 12:00:00,31.6,1012.8,39.0,AWS-KOL-101,Howrah,KOL,neighbor,False,
2025-03-24 13:00:00,31.7,1011.3,36.0,AWS-KOL-101,Howrah,KOL,neighbor,False,
2025-03-24 14:00:00,31.5,1010.3,36.0,AWS-KOL-101,Howrah,KOL,neighbor,False,
2025-03-24 15:00:00,31.1,1009.8,38.0,AWS-KOL-101,Howrah,KOL,neighbor,False,
2025-03-24 16:00:00,30.3,1010.1,39.0,AWS-KOL-101,Howrah,KOL,neighbor,False,
2025-03-24 17:00:00,28.4,1010.3,49.0,AWS-KOL-101,Howrah,KOL,neighbor,False,
2025-03-24 18:00:00,26.6,1010.8,52.0,AWS-KOL-101,Howrah,KOL,neighbor,False,
2025-03-24 19:00:00,25.2,1011.7,59.0,AWS-KOL-101,Howrah,KOL,neighbor,False,
2025-03-24 20:00:00,24.6,1012.4,63.0,AWS-KOL-101,Howrah,KOL,neighbor,False,
2025-03-24 21:00:00,24.6,1012.8,65.0,AWS-KOL-101,Howrah,KOL,neighbor,False,
2025-03-24 22:00:00,24.3,1012.4,68.0,AWS-KOL-101,Howrah,KOL,neighbor,False,
2025-03-24 23:00:00,23.6,1011.5,72.0,AWS-KOL-101,Howrah,KOL,neighbor,False,
2025-03-25 00:00:00,23.1,1010.8,75.0,AWS-KOL-101,Howrah,KOL,neighbor,False,
2025-03-25 01:00:00,22.5,1010.1,80.0,AWS-KOL-101,Howrah,KOL,neighbor,True,frozen_value
2025-03-25 02:00:00,20.6,1010.1100831472442,89.0,AWS-KOL-101,Howrah,KOL,neighbor,True,frozen_value
2025-03-25 03:00:00,19.4,1010.1136473262184,92.0,AWS-KOL-101,Howrah,KOL,neighbor,True,frozen_value
2025-03-25 04:00:00,19.0,1010.1097200529416,91.0,AWS-KOL-101,Howrah,KOL,neighbor,True,frozen_value
2025-03-25 05:00:00,18.9,1010.1175397297567,90.0,AWS-KOL-101,Howrah,KOL,neighbor,True,frozen_value
2025-03-25 06:00:00,21.8,1010.068225153014,93.0,AWS-KOL-101,Howrah,KOL,neighbor,True,frozen_value
2025-03-25 07:00:00,24.3,1010.0398106594643,88.0,AWS-KOL-101,Howrah,KOL,neighbor,True,frozen_value
2025-03-25 08:00:00,26.9,1010.0951125589678,79.0,AWS-KOL-101,Howrah,KOL,neighbor,True,frozen_value
2025-03-25 09:00:00,29.3,1011.2,62.0,AWS-KOL-101,Howrah,KOL,neighbor,False,
2025-03-25 10:00:00,31.0,1010.7,49.0,AWS-KOL-101,Howrah,KOL,neighbor,False,
2025-03-25 11:00:00,31.9,1009.7,43.0,AWS-KOL-101,Howrah,KOL,neighbor,False,
2025-03-25 12:00:00,32.4,1008.3,40.0,AWS-KOL-101,Howrah,KOL,neighbor,False,
2025-03-25 13:00:00,32.5,1007.1,39.0,AWS-KOL-101,Howrah,KOL,neighbor,False,
2025-03-25 14:00:00,32.3,1006.1,40.0,AWS-KOL-101,Howrah,KOL,neighbor,False,
2025-03-25 15:00:00,31.9,1005.7,41.0,AWS-KOL-101,Howrah,KOL,neighbor,False,
2025-03-25 16:00:00,31.3,1005.5,43.0,AWS-KOL-101,Howrah,KOL,neighbor,False,
2025-03-25 17:00:00,29.3,1005.8,53.0,AWS-KOL-101,Howrah,KOL,neighbor,False,
2025-03-25 18:00:00,27.7,1006.2,59.0,AWS-KOL-101,Howrah,KOL,neighbor,False,
2025-03-25 19:00:00,27.1,1006.9,61.0,AWS-KOL-101,Howrah,KOL,neighbor,False,
2025-03-25 20:00:00,26.7,1007.9,61.0,AWS-KOL-101,Howrah,KOL,neighbor,False,
2025-03-25 21:00:00,26.1,1008.1,62.0,AWS-KOL-101,Howrah,KOL,neighbor,False,
2025-03-25 22:00:00,24.8,1008.1,70.0,AWS-KOL-101,Howrah,KOL,neighbor,False,
2025-03-25 23:00:00,23.5,1007.3,78.0,AWS-KOL-101,Howrah,KOL,neighbor,False,
2025-03-26 00:00:00,22.7,1006.9,84.0,AWS-KOL-101,Howrah,KOL,neighbor,False,
2025-03-26 01:00:00,22.3,1006.5,87.0,AWS-KOL-101,Howrah,KOL,neighbor,False,
2025-03-26 02:00:00,704.8069501826617,863.6235107506197,47.325618816668786,AWS-KOL-101,Howrah,KOL,neighbor,True,unstructured_anomaly
2025-03-26 03:00:00,634.3080439890844,878.5261057445009,40.331609679922515,AWS-KOL-101,Howrah,KOL,neighbor,True,unstructured_anomaly
2025-03-26 04:00:00,-671.1126812689798,1100.0,100.0,AWS-KOL-101,Howrah,KOL,neighbor,True,unstructured_anomaly
2025-03-26 05:00:00,-627.5795321580555,1100.0,46.718590576519055,AWS-KOL-101,Howrah,KOL,neighbor,True,unstructured_anomaly
2025-03-26 06:00:00,-699.8356910684174,1100.0,100.0,AWS-KOL-101,Howrah,KOL,neighbor,True,unstructured_anomaly
2025-03-26 07:00:00,746.3453187774929,873.83184616014,100.0,AWS-KOL-101,Howrah,KOL,neighbor,True,unstructured_anomaly
2025-03-26 08:00:00,635.8514958611219,844.6776349567185,100.0,AWS-KOL-101,Howrah,KOL,neighbor,True,unstructured_anomaly
2025-03-26 09:00:00,31.6,1008.6,50.0,AWS-KOL-101,Howrah,KOL,neighbor,False,
2025-03-26 10:00:00,33.1,1008.3,42.0,AWS-KOL-101,Howrah,KOL,neighbor,False,
2025-03-26 11:00:00,4.191179264449641,1007.2,38.0,AWS-KOL-101,Howrah,KOL,neighbor,True,spike
2025-03-26 12:00:00,19.584065008755708,1006.0,36.0,AWS-KOL-101,Howrah,KOL,neighbor,True,spike
2025-03-26 13:00:00,27.361143632010013,1004.8,33.0,AWS-KOL-101,Howrah,KOL,neighbor,True,spike
2025-03-26 14:00:00,30.915063839160005,1004.2,34.0,AWS-KOL-101,Howrah,KOL,neighbor,True,spike
2025-03-26 15:00:00,33.9,1003.8,36.0,AWS-KOL-101,Howrah,KOL,neighbor,False,
2025-03-26 16:00:00,33.1,1003.8,38.0,AWS-KOL-101,Howrah,KOL,neighbor,False,
2025-03-26 17:00:00,31.6,1003.8,54.0,AWS-KOL-101,Howrah,KOL,neighbor,False,
2025-03-26 18:00:00,29.2,1004.5,60.0,AWS-KOL-101,Howrah,KOL,neighbor,False,
2025-03-26 19:00:00,27.7,1005.2,74.0,AWS-KOL-101,Howrah,KOL,neighbor,False,
2025-03-26 20:00:00,27.0,1006.0,79.0,AWS-KOL-101,Howrah,KOL,neighbor,False,
2025-03-26 21:00:00,26.1,1006.2,86.0,AWS-KOL-101,Howrah,KOL,neighbor,False,
2025-03-26 22:00:00,25.6,1006.1,89.0,AWS-KOL-101,Howrah,KOL,neighbor,False,
2025-03-26 23:00:00,25.1,1005.6,92.0,AWS-KOL-101,Howrah,KOL,neighbor,False,
2025-03-27 00:00:00,24.9,0.02329269362816028,91.0,AWS-KOL-101,Howrah,KOL,neighbor,True,sensor_fail_low
2025-03-27 01:00:00,24.6,0.1105941168831107,93.0,AWS-KOL-101,Howrah,KOL,neighbor,True,sensor_fail_low
2025-03-27 02:00:00,24.2,0.0886075209144832,94.0,AWS-KOL-101,Howrah,KOL,neighbor,True,sensor_fail_low
2025-03-27 03:00:00,23.7,0.08358011653027557,96.0,AWS-KOL-101,Howrah,KOL,neighbor,True,sensor_fail_low
2025-03-27 04:00:00,23.2,1004.7,96.0,AWS-KOL-101,Howrah,KOL,neighbor,False,
2025-03-27 05:00:00,23.0,1005.2,96.0,AWS-KOL-101,Howrah,KOL,neighbor,False,
2025-03-27 06:00:00,24.2,1005.8,94.0,AWS-KOL-101,Howrah,KOL,neighbor,False,
2025-03-27 07:00:00,26.3,1006.6,82.0,AWS-KOL-101,Howrah,KOL,neighbor,False,
2025-03-27 08:00:00,28.9,1006.9,70.0,AWS-KOL-101,Howrah,KOL,neighbor,False,
2025-03-27 09:00:00,31.5,1007.0,59.0,AWS-KOL-101,Howrah,KOL,neighbor,False,
2025-03-27 10:00:00,33.6,1006.6,47.0,AWS-KOL-101,Howrah,KOL,neighbor,False,
2025-03-27 11:00:00,35.3,1005.6,36.0,AWS-KOL-101,Howrah,KOL,neighbor,False,
2025-03-27 12:00:00,36.1,1004.4,30.0,AWS-KOL-101,Howrah,KOL,neighbor,False,
2025-03-27 13:00:00,36.2,1003.3,27.0,AWS-KOL-101,Howrah,KOL,neighbor,False,
2025-03-27 14:00:00,35.8,1002.6,27.0,AWS-KOL-101,Howrah,KOL,neighbor,False,
2025-03-27 15:00:00,35.1,1002.3,31.0,AWS-KOL-101,Howrah,KOL,neighbor,False,
2025-03-27 16:00:00,34.6,1001.9,31.0,AWS-KOL-101,Howrah,KOL,neighbor,False,
2025-03-27 17:00:00,32.9,1001.9,42.0,AWS-KOL-101,Howrah,KOL,neighbor,False,
2025-03-27 18:00:00,31.1,1001.9,41.0,AWS-KOL-101,Howrah,KOL,neighbor,False,
2025-03-27 19:00:00,29.8,1002.5,44.0,AWS-KOL-101,Howrah,KOL,neighbor,False,
2025-03-27 20:00:00,27.7,1003.7,60.0,AWS-KOL-101,Howrah,KOL,neighbor,False,
2025-03-27 21:00:00,26.6,1004.1,68.0,AWS-KOL-101,Howrah,KOL,neighbor,False,
2025-03-27 22:00:00,26.3,1004.2,68.0,AWS-KOL-101,Howrah,KOL,neighbor,False,
2025-03-27 23:00:00,25.5,1004.1,73.0,AWS-KOL-101,Howrah,KOL,neighbor,False,
2025-03-28 00:00:00,25.0,1003.6,76.0,AWS-KOL-101,Howrah,KOL,neighbor,False,
2025-03-28 01:00:00,24.6,1003.1,76.0,AWS-KOL-101,Howrah,KOL,neighbor,False,
2025-03-28 02:00:00,24.6,1002.5,72.0,AWS-KOL-101,Howrah,KOL,neighbor,False,
2025-03-28 03:00:00,24.4,1002.6,73.0,AWS-KOL-101,Howrah,KOL,neighbor,False,
2025-03-28 04:00:00,23.9,1003.2,76.0,AWS-KOL-101,Howrah,KOL,neighbor,False,
2025-03-28 05:00:00,23.5,1003.7,78.0,AWS-KOL-101,Howrah,KOL,neighbor,False,
2025-03-28 06:00:00,25.4,1004.4,76.0,AWS-KOL-101,Howrah,KOL,neighbor,False,
2025-03-28 07:00:00,27.4,1005.5,70.0,AWS-KOL-101,Howrah,KOL,neighbor,False,
2025-03-28 08:00:00,1461.5747420273547,1006.1449896182372,100.0,AWS-KOL-101,Howrah,KOL,neighbor,True,multivariate_inconsistency
2025-03-28 09:00:00,1463.8747420273546,1007.8890800306465,100.0,AWS-KOL-101,Howrah,KOL,neighbor,True,multivariate_inconsistency
2025-03-28 10:00:00,1466.0747420273547,1004.5863709909355,100.0,AWS-KOL-101,Howrah,KOL,neighbor,True,multivariate_inconsistency
2025-03-28 11:00:00,36.0,1005.3,36.0,AWS-KOL-101,Howrah,KOL,neighbor,False,
2025-03-28 12:00:00,36.9,1004.3,30.0,AWS-KOL-101,Howrah,KOL,neighbor,False,
2025-03-28 13:00:00,37.4,1002.9,27.0,AWS-KOL-101,Howrah,KOL,neighbor,False,
2025-03-28 14:00:00,37.2,1002.0,27.0,AWS-KOL-101,Howrah,KOL,neighbor,False,
2025-03-28 15:00:00,667.9336057545609,843.6605981054649,0.0,AWS-KOL-101,Howrah,KOL,neighbor,True,unstructured_anomaly
2025-03-28 16:00:00,728.6040889192747,827.5592455595013,83.17885931878905,AWS-KOL-101,Howrah,KOL,neighbor,True,unstructured_anomaly
2025-03-28 17:00:00,678.9131525947533,846.4045161955197,97.1187727696208,AWS-KOL-101,Howrah,KOL,neighbor,True,unstructured_anomaly
2025-03-28 18:00:00,-611.2399347182003,1100.0,0.06874380657593804,AWS-KOL-101,Howrah,KOL,neighbor,True,unstructured_anomaly
2025-03-28 19:00:00,30.1,1002.7,51.0,AWS-KOL-101,Howrah,KOL,neighbor,False,
2025-03-28 20:00:00,28.5,1003.7,69.0,AWS-KOL-101,Howrah,KOL,neighbor,False,
2025-03-28 21:00:00,27.6,1004.4,78.0,AWS-KOL-101,Howrah,KOL,neighbor,False,
2025-03-28 22:00:00,26.8,1004.8,83.0,AWS-KOL-101,Howrah,KOL,neighbor,False,
2025-03-28 23:00:00,26.1,1004.6,87.0,AWS-KOL-101,Howrah,KOL,neighbor,False,
2025-03-29 00:00:00,25.4,1004.3,90.0,AWS-KOL-101,Howrah,KOL,neighbor,False,
2025-03-29 01:00:00,24.9,1003.8,90.0,AWS-KOL-101,Howrah,KOL,neighbor,False,
2025-03-29 02:00:00,24.6,1003.3,89.0,AWS-KOL-101,Howrah,KOL,neighbor,False,
2025-03-29 03:00:00,24.4,1003.2,89.0,AWS-KOL-101,Howrah,KOL,neighbor,False,
2025-03-29 04:00:00,23.8,1003.5,90.0,AWS-KOL-101,Howrah,KOL,neighbor,False,
2025-03-29 05:00:00,23.3,1004.4,91.0,AWS-KOL-101,Howrah,KOL,neighbor,False,
2025-03-29 06:00:00,-2.98858109053101,1005.6,87.0,AWS-KOL-101,Howrah,KOL,neighbor,True,spike
2025-03-29 07:00:00,16.65585775548569,1007.0,75.0,AWS-KOL-101,Howrah,KOL,neighbor,True,spike
2025-03-29 08:00:00,25.87386704199064,1007.7,65.0,AWS-KOL-101,Howrah,KOL,neighbor,True,spike
2025-03-29 09:00:00,33.5,1008.2,47.0,AWS-KOL-101,Howrah,KOL,neighbor,False,
2025-03-29 10:00:00,35.3,1008.2,29.0,AWS-KOL-101,Howrah,KOL,neighbor,False,
2025-03-29 11:00:00,36.0,1007.4,26.0,AWS-KOL-101,Howrah,KOL,neighbor,False,
2025-03-29 12:00:00,36.3,1006.2,25.0,AWS-KOL-101,Howrah,KOL,neighbor,False,
2025-03-29 13:00:00,36.3,1005.2,26.0,AWS-KOL-101,Howrah,KOL,neighbor,False,
2025-03-29 14:00:00,36.1,1004.2,27.0,AWS-KOL-101,Howrah,KOL,neighbor,False,
2025-03-29 15:00:00,35.5,1003.8,28.0,AWS-KOL-101,Howrah,KOL,neighbor,False,
2025-03-29 16:00:00,34.2,1003.8,31.0,AWS-KOL-101,Howrah,KOL,neighbor,False,
2025-03-29 17:00:00,32.0,1004.0,41.0,AWS-KOL-101,Howrah,KOL,neighbor,False,
2025-03-29 18:00:00,29.2,1004.3,62.0,AWS-KOL-101,Howrah,KOL,neighbor,False,
2025-03-29 19:00:00,28.7,1005.1,65.0,AWS-KOL-101,Howrah,KOL,neighbor,False,
2025-03-29 20:00:00,28.6,1006.1,62.0,AWS-KOL-101,Howrah,KOL,neighbor,False,
2025-03-29 21:00:00,27.3,1006.6,81.0,AWS-KOL-101,Howrah,KOL,neighbor,False,
2025-03-29 22:00:00,26.1,1007.0,96.0,AWS-KOL-101,Howrah,KOL,neighbor,False,
2025-03-29 23:00:00,26.0,1007.0,98.0,AWS-KOL-101,Howrah,KOL,neighbor,False,
2025-03-30 00:00:00,25.7,1006.7,99.0,AWS-KOL-101,Howrah,KOL,neighbor,False,
2025-03-30 01:00:00,25.5,1006.5,100.0,AWS-KOL-101,Howrah,KOL,neighbor,False,
2025-03-30 02:00:00,25.7,1006.2,99.0,AWS-KOL-101,Howrah,KOL,neighbor,False,
2025-03-30 03:00:00,25.6,1006.4,97.0,AWS-KOL-101,Howrah,KOL,neighbor,False,
2025-03-30 04:00:00,24.5,1007.0,100.0,AWS-KOL-101,Howrah,KOL,neighbor,False,
2025-03-30 05:00:00,25.0,1008.1,99.0,AWS-KOL-101,Howrah,KOL,neighbor,False,
2025-03-30 06:00:00,26.8,1009.3,96.0,AWS-KOL-101,Howrah,KOL,neighbor,False,
2025-03-30 07:00:00,28.3,1010.2,85.0,AWS-KOL-101,Howrah,KOL,neighbor,False,
2025-03-30 08:00:00,30.6,1010.7,71.0,AWS-KOL-101,Howrah,KOL,neighbor,False,
2025-03-30 09:00:00,32.2,1010.9,64.0,AWS-KOL-101,Howrah,KOL,neighbor,False,
2025-03-30 10:00:00,33.9,1010.6,56.0,AWS-KOL-101,Howrah,KOL,neighbor,False,
2025-03-30 11:00:00,35.3,1009.6,48.0,AWS-KOL-101,Howrah,KOL,neighbor,False,
2025-03-30 12:00:00,36.0,1008.4,45.0,AWS-KOL-101,Howrah,KOL,neighbor,False,
2025-03-30 13:00:00,35.9,1007.4,45.0,AWS-KOL-101,Howrah,KOL,neighbor,False,
2025-03-30 14:00:00,35.6,1006.5,47.0,AWS-KOL-101,Howrah,KOL,neighbor,False,
2025-03-30 15:00:00,35.5,1005.9,48.0,AWS-KOL-101,Howrah,KOL,neighbor,False,
2025-03-30 16:00:00,34.6,1005.8,50.0,AWS-KOL-101,Howrah,KOL,neighbor,False,
2025-03-30 17:00:00,32.9,1006.0,55.0,AWS-KOL-101,Howrah,KOL,neighbor,False,
2025-03-30 18:00:00,30.3,1006.7,69.0,AWS-KOL-101,Howrah,KOL,neighbor,False,
2025-03-30 19:00:00,29.1,1007.7,74.0,AWS-KOL-101,Howrah,KOL,neighbor,False,
2025-03-30 20:00:00,28.0,1009.0,81.0,AWS-KOL-101,Howrah,KOL,neighbor,False,
2025-03-30 21:00:00,27.3,1009.4,85.0,AWS-KOL-101,Howrah,KOL,neighbor,False,
2025-03-30 22:00:00,26.6,1009.3,90.0,AWS-KOL-101,Howrah,KOL,neighbor,False,
2025-03-30 23:00:00,26.2,1009.1,93.0,AWS-KOL-101,Howrah,KOL,neighbor,False,
2025-03-31 00:00:00,25.8,1008.8,95.0,AWS-KOL-101,Howrah,KOL,neighbor,False,
2025-03-31 01:00:00,25.6,1008.1,96.0,AWS-KOL-101,Howrah,KOL,neighbor,False,
2025-03-31 02:00:00,25.6,1007.9,96.0,AWS-KOL-101,Howrah,KOL,neighbor,False,
2025-03-31 03:00:00,25.5,1007.7,97.0,AWS-KOL-101,Howrah,KOL,neighbor,False,
2025-03-31 04:00:00,25.4,1007.9,98.0,AWS-KOL-101,Howrah,KOL,neighbor,False,
2025-03-31 05:00:00,25.3,1008.6,98.0,AWS-KOL-101,Howrah,KOL,neighbor,False,
2025-03-31 06:00:00,26.9,1009.5,90.0,AWS-KOL-101,Howrah,KOL,neighbor,False,
2025-03-31 07:00:00,28.7,1010.4,79.0,AWS-KOL-101,Howrah,KOL,neighbor,False,
2025-03-31 08:00:00,30.5,1010.7,68.0,AWS-KOL-101,Howrah,KOL,neighbor,False,
2025-03-31 09:00:00,32.1,1010.7,61.0,AWS-KOL-101,Howrah,KOL,neighbor,False,
2025-03-31 10:00:00,33.5,1010.3,55.0,AWS-KOL-101,Howrah,KOL,neighbor,False,
2025-03-31 11:00:00,34.7,1009.6,50.0,AWS-KOL-101,Howrah,KOL,neighbor,False,
2025-03-31 12:00:00,35.4,1008.4,47.0,AWS-KOL-101,Howrah,KOL,neighbor,False,
2025-03-31 13:00:00,36.0,1007.3,43.0,AWS-KOL-101,Howrah,KOL,neighbor,False,
2025-03-31 14:00:00,35.6,1006.2,43.0,AWS-KOL-101,Howrah,KOL,neighbor,False,
2025-03-31 15:00:00,35.5,1005.7,42.0,AWS-KOL-101,Howrah,KOL,neighbor,False,
2025-03-31 16:00:00,34.2,1005.5,48.0,AWS-KOL-101,Howrah,KOL,neighbor,False,
2025-03-31 17:00:00,31.3,1005.7,61.0,AWS-KOL-101,Howrah,KOL,neighbor,False,
2025-03-31 18:00:00,29.8,1006.3,69.0,AWS-KOL-101,Howrah,KOL,neighbor,False,
2025-03-31 19:00:00,28.5,1007.2,76.0,AWS-KOL-101,Howrah,KOL,neighbor,False,
2025-03-31 20:00:00,27.7,1007.9,83.0,AWS-KOL-101,Howrah,KOL,neighbor,False,
2025-03-31 21:00:00,27.1,1008.1,86.0,AWS-KOL-101,Howrah,KOL,neighbor,False,
2025-03-31 22:00:00,26.7,1008.2,89.0,AWS-KOL-101,Howrah,KOL,neighbor,False,
2025-03-31 23:00:00,26.5,1007.8,90.0,AWS-KOL-101,Howrah,KOL,neighbor,False,
